ts,scenario,conn_ok,conn_fail,tx_bps,rx_bps,p50_ms,p95_ms,p99_ms,rss_mb,fd_count,alive_tasks,worker_park,busy_s
1790421308,s7-ss-tcp,0,0,0,0,-,-,-,0.0,-,0,0,0.000
1790421308,s8-tuic,0,0,0,0,-,-,-,0.0,-,0,0,0.000
1790421308,s9-anytls,0,0,0,0,-,-,-,0.0,-,0,0,0.000
1790421308,s10-vless-xhttp,0,0,0,0,-,-,-,0.0,-,0,0,0.000
1790421308,s11-http-proxy,0,0,0,0,-,-,-,0.0,-,0,0,0.000
1790421308,s12-vmess-h3,0,0,0,0,-,-,-,0.0,-,0,0,0.000
1790421308,__proc__,0,0,0,0,-,-,-,22.6,143,172,84,0.005
1790421338,s7-ss-tcp,1584,0,3326,3326,0.8,1.7,3.6,0.0,-,0,0,0.000
1790421338,s8-tuic,1584,0,3326,3326,0.6,1.4,2.8,0.0,-,0,0,0.000
1790421338,s9-anytls,1380,0,2898,2898,41.1,42.7,43.3,0.0,-,0,0,0.000
1790421338,s10-vless-xhttp,1473,0,3093,3093,1.2,32.4,33.5,0.0,-,0,0,0.000
1790421338,s11-http-proxy,1568,0,3293,3293,1.5,5.6,11.3,0.0,-,0,0,0.000
1790421338,s12-vmess-h3,1559,1,3274,3274,2.3,5.5,32.5,0.0,-,0,0,0.000
1790421338,__proc__,0,0,0,0,-,-,-,1193.5,4853,25343,69029,3.819
1790421368,s7-ss-tcp,3168,0,3326,3326,0.7,1.6,2.8,0.0,-,0,0,0.000
1790421368,s8-tuic,3168,0,3326,3326,0.6,1.3,2.4,0.0,-,0,0,0.000
1790421368,s9-anytls,2769,0,2917,2917,41.1,42.7,43.3,0.0,-,0,0,0.000
1790421368,s10-vless-xhttp,2924,0,3047,3047,1.2,32.4,33.1,0.0,-,0,0,0.000
1790421368,s11-http-proxy,3141,0,3303,3303,1.4,4.9,9.0,0.0,-,0,0,0.000
1790421368,s12-vmess-h3,3117,1,3272,3272,2.5,4.7,32.4,0.0,-,0,0,0.000
1790421368,__proc__,0,0,0,0,-,-,-,3345.4,7754,29675,146491,7.893
1790421398,s7-ss-tcp,4744,0,3310,3310,0.7,1.3,1.9,0.0,-,0,0,0.000
1790421398,s8-tuic,4749,0,3320,3320,0.6,1.2,1.9,0.0,-,0,0,0.000
1790421398,s9-anytls,4158,1,2917,2917,41.0,42.7,43.0,0.0,-,0,0,0.000
1790421398,s10-vless-xhttp,4404,0,3108,3108,1.0,32.3,32.8,0.0,-,0,0,0.000
1790421398,s11-http-proxy,4715,0,3305,3305,1.4,2.8,4.2,0.0,-,0,0,0.000
1790421398,s12-vmess-h3,4676,2,3274,3274,2.5,3.7,4.9,0.0,-,0,0,0.000
1790421398,__proc__,0,0,0,0,-,-,-,5150.8,10705,34111,227014,12.004
1790421428,s7-ss-tcp,6328,0,3326,3326,0.7,1.4,2.0,0.0,-,0,0,0.000
1790421428,s8-tuic,6333,0,3326,3326,0.6,1.2,1.9,0.0,-,0,0,0.000
1790421428,s9-anytls,5557,1,2938,2938,40.8,42.6,43.0,0.0,-,0,0,0.000
1790421428,s10-vless-xhttp,5863,0,3064,3064,0.9,32.4,32.8,0.0,-,0,0,0.000
1790421428,s11-http-proxy,6291,0,3310,3310,1.4,2.3,3.3,0.0,-,0,0,0.000
1790421428,s12-vmess-h3,6241,2,3286,3286,2.6,3.6,4.3,0.0,-,0,0,0.000
1790421428,__proc__,0,0,0,0,-,-,-,5531.1,13662,38606,301346,16.020
1790421458,s7-ss-tcp,7909,0,3320,3320,0.7,1.5,2.6,0.0,-,0,0,0.000
1790421458,s8-tuic,7915,0,3322,3322,0.7,1.3,2.4,0.0,-,0,0,0.000
1790421458,s9-anytls,6959,1,2944,2944,1.4,42.6,43.0,0.0,-,0,0,0.000
1790421458,s10-vless-xhttp,7339,0,3100,3100,0.9,32.4,32.9,0.0,-,0,0,0.000
1790421458,s11-http-proxy,7859,0,3293,3293,1.4,3.4,5.6,0.0,-,0,0,0.000
1790421458,s12-vmess-h3,7794,3,3261,3261,2.5,4.5,5.9,0.0,-,0,0,0.000
1790421458,__proc__,0,0,0,0,-,-,-,5705.3,16602,42920,372146,20.037
1790421488,s7-ss-tcp,9489,0,3318,3318,0.7,1.5,3.9,0.0,-,0,0,0.000
1790421488,s8-tuic,9493,0,3314,3314,0.7,1.2,3.0,0.0,-,0,0,0.000
1790421488,s9-anytls,8370,1,2963,2963,1.3,42.6,43.3,0.0,-,0,0,0.000
1790421488,s10-vless-xhttp,8800,0,3068,3068,0.9,32.5,33.2,0.0,-,0,0,0.000
1790421488,s11-http-proxy,9421,0,3280,3280,1.5,5.4,6.7,0.0,-,0,0,0.000
1790421488,s12-vmess-h3,9345,3,3257,3257,2.8,5.8,6.9,0.0,-,0,0,0.000
1790421488,__proc__,0,0,0,0,-,-,-,5818.7,19510,47226,439956,24.021
1790421518,s7-ss-tcp,11072,0,3324,3324,0.7,1.4,3.9,0.0,-,0,0,0.000
1790421518,s8-tuic,11077,0,3326,3326,0.7,1.3,3.0,0.0,-,0,0,0.000
1790421518,s9-anytls,9778,1,2957,2957,1.2,42.6,43.3,0.0,-,0,0,0.000
1790421518,s10-vless-xhttp,10271,0,3089,3089,0.9,32.5,33.3,0.0,-,0,0,0.000
1790421518,s11-http-proxy,10992,0,3299,3299,1.5,5.5,6.8,0.0,-,0,0,0.000
1790421518,s12-vmess-h3,10910,3,3286,3286,2.8,5.8,6.9,0.0,-,0,0,0.000
1790421518,__proc__,0,0,0,0,-,-,-,5976.5,22478,51808,514774,28.039
1790421548,s7-ss-tcp,12652,0,3318,3318,0.7,1.5,4.3,0.0,-,0,0,0.000
1790421548,s8-tuic,12659,0,3322,3322,0.7,1.4,4.0,0.0,-,0,0,0.000
1790421548,s9-anytls,11162,2,2906,2906,1.3,42.6,43.5,0.0,-,0,0,0.000
1790421548,s10-vless-xhttp,11732,0,3068,3068,0.9,32.5,33.4,0.0,-,0,0,0.000
1790421548,s11-http-proxy,12546,0,3263,3263,2.5,6.5,8.0,0.0,-,0,0,0.000
1790421548,s12-vmess-h3,12459,4,3253,3253,2.8,6.2,8.0,0.0,-,0,0,0.000
1790421548,__proc__,0,0,0,0,-,-,-,6105.4,25359,55954,580221,32.038
1790421578,s7-ss-tcp,14233,0,3320,3320,0.7,1.8,4.1,0.0,-,0,0,0.000
1790421578,s8-tuic,14240,0,3320,3320,0.7,1.7,4.0,0.0,-,0,0,0.000
1790421578,s9-anytls,12569,2,2955,2955,1.3,42.7,43.6,0.0,-,0,0,0.000
1790421578,s10-vless-xhttp,13219,0,3123,3123,0.9,32.5,33.1,0.0,-,0,0,0.000
1790421578,s11-http-proxy,14099,0,3261,3261,2.8,6.3,7.9,0.0,-,0,0,0.000
1790421578,s12-vmess-h3,14004,4,3244,3244,3.3,6.0,7.9,0.0,-,0,0,0.000
1790421578,__proc__,0,0,0,0,-,-,-,6275.9,28348,60474,645056,36.068
1790421608,s7-ss-tcp,15809,0,3310,3310,0.7,2.7,4.6,0.0,-,0,0,0.000
1790421608,s8-tuic,15819,0,3316,3316,0.7,2.4,4.5,0.0,-,0,0,0.000
1790421608,s9-anytls,13957,2,2915,2915,2.0,42.7,43.7,0.0,-,0,0,0.000
1790421608,s10-vless-xhttp,14682,0,3072,3072,1.1,32.5,33.4,0.0,-,0,0,0.000
1790421608,s11-http-proxy,15656,0,3270,3270,3.8,6.6,8.4,0.0,-,0,0,0.000
1790421608,s12-vmess-h3,15557,4,3261,3261,3.7,6.4,8.6,0.0,-,0,0,0.000
1790421608,__proc__,0,0,0,0,-,-,-,6386.1,31282,64876,712569,40.930
1790421638,s7-ss-tcp,17387,0,3314,3314,0.8,2.6,4.5,0.0,-,0,0,0.000
1790421638,s8-tuic,17397,0,3314,3314,0.7,2.2,4.2,0.0,-,0,0,0.000
1790421638,s9-anytls,15355,2,2936,2936,2.0,42.7,43.6,0.0,-,0,0,0.000
1790421638,s10-vless-xhttp,16162,0,3108,3108,1.5,32.5,33.3,0.0,-,0,0,0.000
1790421638,s11-http-proxy,17218,0,3280,3280,2.9,6.1,7.7,0.0,-,0,0,0.000
1790421638,s12-vmess-h3,17115,4,3272,3272,3.5,5.7,7.9,0.0,-,0,0,0.000
1790421638,__proc__,0,0,0,0,-,-,-,6487.2,31318,65064,791902,45.783
1790421668,s7-ss-tcp,18967,0,3318,3318,0.8,2.4,4.4,0.0,-,0,0,0.000
1790421668,s8-tuic,18979,0,3322,3322,0.8,2.0,4.0,0.0,-,0,0,0.000
1790421668,s9-anytls,16757,2,2944,2944,2.0,42.7,43.6,0.0,-,0,0,0.000
1790421668,s10-vless-xhttp,17627,0,3076,3076,1.5,32.4,33.3,0.0,-,0,0,0.000
1790421668,s11-http-proxy,18782,0,3284,3284,2.2,6.2,7.9,0.0,-,0,0,0.000
1790421668,s12-vmess-h3,18666,4,3257,3257,3.3,6.0,8.0,0.0,-,0,0,0.000
1790421668,__proc__,0,0,0,0,-,-,-,6591.6,31347,64976,865276,50.199
1790421698,s7-ss-tcp,20550,0,3324,3324,0.7,1.7,3.6,0.0,-,0,0,0.000
1790421698,s8-tuic,20561,0,3322,3322,0.7,1.5,3.3,0.0,-,0,0,0.000
1790421698,s9-anytls,18153,3,2932,2932,1.8,42.7,43.6,0.0,-,0,0,0.000
1790421698,s10-vless-xhttp,19097,0,3087,3087,1.1,32.4,33.2,0.0,-,0,0,0.000
1790421698,s11-http-proxy,20348,0,3289,3289,1.7,5.4,6.7,0.0,-,0,0,0.000
1790421698,s12-vmess-h3,20220,4,3263,3263,2.9,5.3,7.1,0.0,-,0,0,0.000
1790421698,__proc__,0,0,0,0,-,-,-,6596.2,31310,64968,941131,54.511
1790421728,s7-ss-tcp,22131,0,3320,3320,0.7,1.7,3.4,0.0,-,0,0,0.000
1790421728,s8-tuic,22142,0,3320,3320,0.7,1.5,3.3,0.0,-,0,0,0.000
1790421728,s9-anytls,19546,3,2925,2925,1.6,42.7,43.5,0.0,-,0,0,0.000
1790421728,s10-vless-xhttp,20566,0,3085,3085,1.1,32.4,33.2,0.0,-,0,0,0.000
1790421728,s11-http-proxy,21914,0,3289,3289,1.7,5.0,6.1,0.0,-,0,0,0.000
1790421728,s12-vmess-h3,21780,4,3276,3276,3.1,5.2,6.4,0.0,-,0,0,0.000
1790421728,__proc__,0,0,0,0,-,-,-,6685.1,31316,65020,1013717,58.834
1790421758,s7-ss-tcp,23711,0,3318,3318,0.7,1.6,3.4,0.0,-,0,0,0.000
1790421758,s8-tuic,23725,0,3324,3324,0.7,1.4,3.2,0.0,-,0,0,0.000
1790421758,s9-anytls,20949,3,2946,2946,1.7,42.6,43.4,0.0,-,0,0,0.000
1790421758,s10-vless-xhttp,22036,0,3087,3087,1.1,32.4,33.1,0.0,-,0,0,0.000
1790421758,s11-http-proxy,23488,0,3305,3305,1.6,4.9,6.0,0.0,-,0,0,0.000
1790421758,s12-vmess-h3,23338,4,3272,3272,2.9,5.1,6.4,0.0,-,0,0,0.000
1790421758,__proc__,0,0,0,0,-,-,-,6634.7,31295,65004,1091270,63.179
1790421788,s7-ss-tcp,25291,0,3318,3318,0.7,2.0,3.9,0.0,-,0,0,0.000
1790421788,s8-tuic,25303,0,3314,3314,0.7,1.9,3.5,0.0,-,0,0,0.000
1790421788,s9-anytls,22339,4,2919,2919,1.8,42.7,43.5,0.0,-,0,0,0.000
1790421788,s10-vless-xhttp,23514,0,3104,3104,1.1,32.4,33.2,0.0,-,0,0,0.000
1790421788,s11-http-proxy,25036,0,3251,3251,2.0,6.3,7.5,0.0,-,0,0,0.000
1790421788,s12-vmess-h3,24889,4,3257,3257,3.0,5.9,7.3,0.0,-,0,0,0.000
1790421788,__proc__,0,0,0,0,-,-,-,6673.2,31357,64944,1155416,67.517
1790421818,s7-ss-tcp,26868,0,3312,3312,0.8,2.1,4.0,0.0,-,0,0,0.000
1790421818,s8-tuic,26884,0,3320,3320,0.7,2.0,3.8,0.0,-,0,0,0.000
1790421818,s9-anytls,23736,5,2934,2934,1.6,42.7,43.6,0.0,-,0,0,0.000
1790421818,s10-vless-xhttp,24976,0,3070,3070,1.1,32.5,33.3,0.0,-,0,0,0.000
1790421818,s11-http-proxy,26596,0,3276,3276,2.9,6.5,7.7,0.0,-,0,0,0.000
1790421818,s12-vmess-h3,26436,5,3249,3249,3.2,6.3,7.6,0.0,-,0,0,0.000
1790421818,__proc__,0,0,0,0,-,-,-,6698.9,31318,64901,1223984,71.865
1790421848,s7-ss-tcp,28452,0,3326,3326,0.8,2.1,3.6,0.0,-,0,0,0.000
1790421848,s8-tuic,28465,0,3320,3320,0.7,2.0,3.5,0.0,-,0,0,0.000
1790421848,s9-anytls,25130,5,2927,2927,1.8,42.7,43.6,0.0,-,0,0,0.000
1790421848,s10-vless-xhttp,26438,0,3070,3070,1.1,32.6,33.3,0.0,-,0,0,0.000
1790421848,s11-http-proxy,28155,0,3274,3274,3.2,6.3,7.6,0.0,-,0,0,0.000
1790421848,s12-vmess-h3,27989,6,3261,3261,3.3,6.0,7.5,0.0,-,0,0,0.000
1790421848,__proc__,0,0,0,0,-,-,-,6709.0,31333,64979,1295437,76.121
1790421878,s7-ss-tcp,30028,0,3310,3310,0.7,1.9,3.4,0.0,-,0,0,0.000
1790421878,s8-tuic,30047,0,3322,3322,0.6,1.7,3.6,0.0,-,0,0,0.000
1790421878,s9-anytls,26508,7,2894,2894,40.8,42.7,43.6,0.0,-,0,0,0.000
1790421878,s10-vless-xhttp,27901,0,3072,3072,1.1,32.6,33.3,0.0,-,0,0,0.000
1790421878,s11-http-proxy,29713,0,3272,3272,2.7,5.7,7.2,0.0,-,0,0,0.000
1790421878,s12-vmess-h3,29545,6,3268,3268,3.3,5.4,7.0,0.0,-,0,0,0.000
1790421878,__proc__,0,0,0,0,-,-,-,6735.9,31304,64983,1363679,80.308
1790421908,s7-ss-tcp,31612,0,3326,3326,0.8,2.0,3.5,0.0,-,0,0,0.000
1790421908,s8-tuic,31626,0,3316,3316,0.7,1.8,3.6,0.0,-,0,0,0.000
1790421908,s9-anytls,27905,7,2934,2934,2.3,42.7,43.7,0.0,-,0,0,0.000
1790421908,s10-vless-xhttp,29364,0,3072,3072,1.1,32.6,33.4,0.0,-,0,0,0.000
1790421908,s11-http-proxy,31275,0,3280,3280,3.2,5.9,6.8,0.0,-,0,0,0.000
1790421908,s12-vmess-h3,31095,7,3255,3255,3.2,5.4,6.7,0.0,-,0,0,0.000
1790421908,__proc__,0,0,0,0,-,-,-,6708.7,31280,64871,1437736,84.915
1790421938,s7-ss-tcp,33188,0,3310,3310,0.8,2.4,4.1,0.0,-,0,0,0.000
1790421938,s8-tuic,33205,0,3316,3316,0.7,2.0,4.1,0.0,-,0,0,0.000
1790421938,s9-anytls,29298,7,2925,2925,2.5,42.7,43.7,0.0,-,0,0,0.000
1790421938,s10-vless-xhttp,30827,0,3072,3072,1.6,32.6,33.4,0.0,-,0,0,0.000
1790421938,s11-http-proxy,32833,0,3272,3272,2.7,6.2,8.1,0.0,-,0,0,0.000
1790421938,s12-vmess-h3,32650,7,3266,3266,3.1,5.9,8.5,0.0,-,0,0,0.000
1790421938,__proc__,0,0,0,0,-,-,-,6742.2,31268,64905,1513658,90.054
1790421968,s7-ss-tcp,34767,0,3316,3316,0.9,2.2,3.8,0.0,-,0,0,0.000
1790421968,s8-tuic,34786,0,3320,3320,0.8,1.8,3.8,0.0,-,0,0,0.000
1790421968,s9-anytls,30686,8,2915,2915,2.3,42.7,43.6,0.0,-,0,0,0.000
1790421968,s10-vless-xhttp,32302,0,3098,3098,1.6,32.5,33.3,0.0,-,0,0,0.000
1790421968,s11-http-proxy,34398,0,3286,3286,2.3,6.1,8.1,0.0,-,0,0,0.000
1790421968,s12-vmess-h3,34203,7,3261,3261,3.0,6.2,8.5,0.0,-,0,0,0.000
1790421968,__proc__,0,0,0,0,-,-,-,6800.8,31251,64857,1588283,94.490
1790421998,s7-ss-tcp,36348,0,3320,3320,0.7,1.8,3.3,0.0,-,0,0,0.000
1790421998,s8-tuic,36368,0,3322,3322,0.7,1.6,3.0,0.0,-,0,0,0.000
1790421998,s9-anytls,32091,8,2950,2950,2.0,42.7,43.6,0.0,-,0,0,0.000
1790421998,s10-vless-xhttp,33767,0,3076,3076,1.2,32.5,33.2,0.0,-,0,0,0.000
1790421998,s11-http-proxy,35961,0,3282,3282,1.9,5.0,6.1,0.0,-,0,0,0.000
1790421998,s12-vmess-h3,35754,8,3257,3257,3.1,5.2,6.4,0.0,-,0,0,0.000
1790421998,__proc__,0,0,0,0,-,-,-,6759.9,31266,64853,1660155,98.761
1790422028,s7-ss-tcp,37929,0,3320,3320,0.7,1.7,3.7,0.0,-,0,0,0.000
1790422028,s8-tuic,37948,0,3318,3318,0.7,1.6,3.3,0.0,-,0,0,0.000
1790422028,s9-anytls,33509,8,2978,2978,1.5,42.7,43.6,0.0,-,0,0,0.000
1790422028,s10-vless-xhttp,35227,0,3066,3066,1.1,32.5,33.2,0.0,-,0,0,0.000
1790422028,s11-http-proxy,37519,0,3272,3272,2.3,6.0,8.0,0.0,-,0,0,0.000
1790422028,s12-vmess-h3,37305,9,3257,3257,3.2,5.8,8.1,0.0,-,0,0,0.000
1790422028,__proc__,0,0,0,0,-,-,-,6740.0,31254,64795,1732327,103.029
1790422058,s7-ss-tcp,39509,0,3318,3318,0.7,2.0,3.9,0.0,-,0,0,0.000
1790422058,s8-tuic,39530,0,3322,3322,0.7,1.8,3.6,0.0,-,0,0,0.000
1790422058,s9-anytls,34912,8,2946,2946,1.3,42.7,43.7,0.0,-,0,0,0.000
1790422058,s10-vless-xhttp,36693,0,3079,3079,1.0,32.5,33.3,0.0,-,0,0,0.000
1790422058,s11-http-proxy,39080,0,3278,3278,2.8,6.0,8.0,0.0,-,0,0,0.000
1790422058,s12-vmess-h3,38858,9,3261,3261,3.5,5.7,8.1,0.0,-,0,0,0.000
1790422058,__proc__,0,0,0,0,-,-,-,6780.4,31232,64829,1798701,107.263
1790422088,s7-ss-tcp,41091,0,3322,3322,0.7,2.0,4.1,0.0,-,0,0,0.000
1790422088,s8-tuic,41111,0,3320,3320,0.7,1.8,3.9,0.0,-,0,0,0.000
1790422088,s9-anytls,36307,8,2930,2930,1.4,42.7,43.6,0.0,-,0,0,0.000
1790422088,s10-vless-xhttp,38155,0,3070,3070,1.0,32.5,33.3,0.0,-,0,0,0.000
1790422088,s11-http-proxy,40648,0,3293,3293,2.2,6.2,8.1,0.0,-,0,0,0.000
1790422088,s12-vmess-h3,40409,10,3257,3257,3.4,6.4,8.3,0.0,-,0,0,0.000
1790422088,__proc__,0,0,0,0,-,-,-,6796.9,31195,64758,1870851,111.447
1790422118,s7-ss-tcp,42670,0,3316,3316,0.7,1.7,3.7,0.0,-,0,0,0.000
1790422118,s8-tuic,42693,0,3322,3322,0.6,1.5,3.5,0.0,-,0,0,0.000
1790422118,s9-anytls,37703,8,2932,2932,1.5,42.7,43.6,0.0,-,0,0,0.000
1790422118,s10-vless-xhttp,39625,0,3087,3087,1.0,32.5,33.2,0.0,-,0,0,0.000
1790422118,s11-http-proxy,42211,0,3282,3282,1.8,5.1,6.3,0.0,-,0,0,0.000
1790422118,s12-vmess-h3,41964,11,3266,3266,3.0,5.6,7.1,0.0,-,0,0,0.000
1790422118,__proc__,0,0,0,0,-,-,-,6768.6,31206,64864,1945957,115.668
1790422148,s7-ss-tcp,44250,0,3318,3318,0.7,1.8,3.7,0.0,-,0,0,0.000
1790422148,s8-tuic,44273,0,3318,3318,0.6,1.6,3.5,0.0,-,0,0,0.000
1790422148,s9-anytls,39113,8,2961,2961,1.5,42.7,43.5,0.0,-,0,0,0.000
1790422148,s10-vless-xhttp,41101,0,3100,3100,1.0,32.5,33.1,0.0,-,0,0,0.000
1790422148,s11-http-proxy,43770,0,3274,3274,1.8,5.5,6.8,0.0,-,0,0,0.000
1790422148,s12-vmess-h3,43516,11,3259,3259,3.0,5.8,7.1,0.0,-,0,0,0.000
1790422148,__proc__,0,0,0,0,-,-,-,6771.5,31220,64811,2016640,119.918
1790422178,s7-ss-tcp,45830,0,3318,3318,0.7,1.6,3.7,0.0,-,0,0,0.000
1790422178,s8-tuic,45855,0,3322,3322,0.6,1.5,3.4,0.0,-,0,0,0.000
1790422178,s9-anytls,40521,8,2957,2957,1.4,42.7,43.4,0.0,-,0,0,0.000
1790422178,s10-vless-xhttp,42559,0,3062,3062,1.0,32.5,33.1,0.0,-,0,0,0.000
1790422178,s11-http-proxy,45332,0,3280,3280,1.9,5.7,6.9,0.0,-,0,0,0.000
1790422178,s12-vmess-h3,45068,13,3259,3259,2.9,5.5,6.6,0.0,-,0,0,0.000
1790422178,__proc__,0,0,0,0,-,-,-,6784.3,31254,64832,2092834,124.210
1790422208,s7-ss-tcp,47411,0,3320,3320,0.7,1.8,3.9,0.0,-,0,0,0.000
1790422208,s8-tuic,47435,0,3318,3318,0.7,1.7,3.4,0.0,-,0,0,0.000
1790422208,s9-anytls,41919,8,2936,2936,1.5,42.7,43.5,0.0,-,0,0,0.000
1790422208,s10-vless-xhttp,44020,0,3068,3068,1.1,32.5,33.2,0.0,-,0,0,0.000
1790422208,s11-http-proxy,46897,0,3286,3286,1.9,5.9,7.3,0.0,-,0,0,0.000
1790422208,s12-vmess-h3,46624,13,3268,3268,3.0,5.7,7.1,0.0,-,0,0,0.000
1790422208,__proc__,0,0,0,0,-,-,-,6745.8,31239,64868,2165414,128.632
1790422238,s7-ss-tcp,48989,0,3314,3314,0.9,1.8,3.7,0.0,-,0,0,0.000
1790422238,s8-tuic,49015,0,3318,3318,0.8,1.7,3.0,0.0,-,0,0,0.000
1790422238,s9-anytls,43321,8,2944,2944,1.9,42.6,43.3,0.0,-,0,0,0.000
1790422238,s10-vless-xhttp,45495,0,3098,3098,1.6,32.4,33.1,0.0,-,0,0,0.000
1790422238,s11-http-proxy,48466,0,3295,3295,2.1,5.6,7.2,0.0,-,0,0,0.000
1790422238,s12-vmess-h3,48179,15,3266,3266,2.8,5.3,6.9,0.0,-,0,0,0.000
1790422238,__proc__,0,0,0,0,-,-,-,6776.8,31256,64861,2253267,133.903
1790422268,s7-ss-tcp,50569,0,3318,3318,0.9,1.8,3.0,0.0,-,0,0,0.000
1790422268,s8-tuic,50594,0,3316,3316,0.8,1.7,2.9,0.0,-,0,0,0.000
1790422268,s9-anytls,44720,8,2938,2938,2.0,42.7,43.4,0.0,-,0,0,0.000
1790422268,s10-vless-xhttp,46962,0,3081,3081,1.6,32.4,33.0,0.0,-,0,0,0.000
1790422268,s11-http-proxy,50028,0,3280,3280,2.1,5.4,6.9,0.0,-,0,0,0.000
1790422268,s12-vmess-h3,49736,15,3270,3270,2.8,5.0,6.6,0.0,-,0,0,0.000
1790422268,__proc__,0,0,0,0,-,-,-,6755.3,31241,64856,2324042,138.408
1790422298,s7-ss-tcp,52151,0,3322,3322,0.8,1.8,3.0,0.0,-,0,0,0.000
1790422298,s8-tuic,52177,0,3324,3324,0.8,1.7,2.9,0.0,-,0,0,0.000
1790422298,s9-anytls,46123,8,2946,2946,1.9,42.7,43.3,0.0,-,0,0,0.000
1790422298,s10-vless-xhttp,48418,0,3058,3058,1.5,32.4,33.0,0.0,-,0,0,0.000
1790422298,s11-http-proxy,51589,0,3278,3278,2.1,5.6,7.2,0.0,-,0,0,0.000
1790422298,s12-vmess-h3,51288,16,3259,3259,2.9,5.4,6.9,0.0,-,0,0,0.000
1790422298,__proc__,0,0,0,0,-,-,-,6760.7,31207,64780,2395405,142.750
1790422328,s7-ss-tcp,53730,0,3316,3316,0.8,1.9,4.0,0.0,-,0,0,0.000
1790422328,s8-tuic,53755,0,3314,3314,0.8,1.9,3.7,0.0,-,0,0,0.000
1790422328,s9-anytls,47535,8,2965,2965,1.6,42.7,43.6,0.0,-,0,0,0.000
1790422328,s10-vless-xhttp,49871,0,3051,3051,1.2,32.5,33.2,0.0,-,0,0,0.000
1790422328,s11-http-proxy,53145,0,3268,3268,3.1,6.3,7.6,0.0,-,0,0,0.000
1790422328,s12-vmess-h3,52840,16,3259,3259,3.2,6.0,7.3,0.0,-,0,0,0.000
1790422328,__proc__,0,0,0,0,-,-,-,6757.5,31218,64767,2463273,147.040
1790422358,s7-ss-tcp,55310,0,3318,3318,0.7,2.0,4.1,0.0,-,0,0,0.000
1790422358,s8-tuic,55334,0,3316,3316,0.8,2.0,4.0,0.0,-,0,0,0.000
1790422358,s9-anytls,48920,8,2908,2908,1.5,42.7,43.7,0.0,-,0,0,0.000
1790422358,s10-vless-xhttp,51342,0,3089,3089,1.1,32.6,33.4,0.0,-,0,0,0.000
1790422358,s11-http-proxy,54695,0,3255,3255,3.5,6.4,7.5,0.0,-,0,0,0.000
1790422358,s12-vmess-h3,54390,16,3255,3255,3.1,5.9,7.3,0.0,-,0,0,0.000
1790422358,__proc__,0,0,0,0,-,-,-,6765.1,31196,64752,2529493,151.443
1790422388,s7-ss-tcp,56890,0,3318,3318,0.8,2.1,4.3,0.0,-,0,0,0.000
1790422388,s8-tuic,56916,0,3322,3322,0.7,2.3,4.2,0.0,-,0,0,0.000
1790422388,s9-anytls,50322,8,2944,2944,1.6,42.7,44.1,0.0,-,0,0,0.000
1790422388,s10-vless-xhttp,52813,0,3089,3089,1.1,32.6,33.4,0.0,-,0,0,0.000
1790422388,s11-http-proxy,56258,0,3282,3282,3.3,6.4,7.5,0.0,-,0,0,0.000
1790422388,s12-vmess-h3,55940,17,3255,3255,3.4,6.1,7.2,0.0,-,0,0,0.000
1790422388,__proc__,0,0,0,0,-,-,-,6806.2,31244,64753,2600035,155.811
1790422418,s7-ss-tcp,58472,0,3322,3322,0.8,2.1,4.0,0.0,-,0,0,0.000
1790422418,s8-tuic,58496,0,3318,3318,0.8,2.1,3.7,0.0,-,0,0,0.000
1790422418,s9-anytls,51722,8,2940,2940,1.7,42.7,44.0,0.0,-,0,0,0.000
1790422418,s10-vless-xhttp,54276,0,3072,3072,1.1,32.6,33.3,0.0,-,0,0,0.000
1790422418,s11-http-proxy,57813,0,3266,3266,3.1,6.1,7.0,0.0,-,0,0,0.000
1790422418,s12-vmess-h3,57488,18,3251,3251,3.4,5.8,6.9,0.0,-,0,0,0.000
1790422418,__proc__,0,0,0,0,-,-,-,6766.0,31206,64719,2666696,160.351
1790422448,s7-ss-tcp,60048,0,3310,3310,0.8,2.3,4.5,0.0,-,0,0,0.000
1790422448,s8-tuic,60074,0,3314,3314,0.8,2.2,4.1,0.0,-,0,0,0.000
1790422448,s9-anytls,53112,9,2919,2919,1.7,42.7,44.0,0.0,-,0,0,0.000
1790422448,s10-vless-xhttp,55728,0,3049,3049,1.2,32.7,33.6,0.0,-,0,0,0.000
1790422448,s11-http-proxy,59369,0,3268,3268,3.0,6.4,7.5,0.0,-,0,0,0.000
1790422448,s12-vmess-h3,59035,19,3249,3249,3.4,6.4,7.6,0.0,-,0,0,0.000
1790422448,__proc__,0,0,0,0,-,-,-,6800.7,31130,64604,2730558,164.706
1790422478,s7-ss-tcp,61628,0,3318,3318,0.8,1.9,4.1,0.0,-,0,0,0.000
1790422478,s8-tuic,61656,0,3322,3322,0.7,1.7,3.8,0.0,-,0,0,0.000
1790422478,s9-anytls,54524,9,2965,2965,1.5,42.7,43.7,0.0,-,0,0,0.000
1790422478,s10-vless-xhttp,57198,0,3087,3087,1.1,32.6,33.4,0.0,-,0,0,0.000
1790422478,s11-http-proxy,60945,0,3310,3310,1.8,6.3,7.5,0.0,-,0,0,0.000
1790422478,s12-vmess-h3,60595,20,3276,3276,2.9,6.3,7.6,0.0,-,0,0,0.000
1790422478,__proc__,0,0,0,0,-,-,-,6797.3,31234,64914,2811592,168.958
1790422508,s7-ss-tcp,63208,0,3318,3318,0.8,1.8,3.3,0.0,-,0,0,0.000
1790422508,s8-tuic,63237,0,3320,3320,0.7,1.5,3.0,0.0,-,0,0,0.000
1790422508,s9-anytls,55925,9,2942,2942,1.5,42.7,43.4,0.0,-,0,0,0.000
1790422508,s10-vless-xhttp,58668,0,3087,3087,1.1,32.5,33.2,0.0,-,0,0,0.000
1790422508,s11-http-proxy,62508,0,3282,3282,1.6,5.2,6.6,0.0,-,0,0,0.000
1790422508,s12-vmess-h3,62143,21,3251,3251,2.9,5.6,6.8,0.0,-,0,0,0.000
1790422508,__proc__,0,0,0,0,-,-,-,6825.3,31197,64764,2880714,173.386
1790422538,s7-ss-tcp,64785,0,3312,3312,0.8,2.2,3.8,0.0,-,0,0,0.000
1790422538,s8-tuic,64813,0,3310,3310,0.8,2.0,3.6,0.0,-,0,0,0.000
1790422538,s9-anytls,57316,9,2921,2921,1.9,42.7,43.5,0.0,-,0,0,0.000
1790422538,s10-vless-xhttp,60138,0,3087,3087,1.5,32.5,33.1,0.0,-,0,0,0.000
1790422538,s11-http-proxy,64072,0,3284,3284,1.8,5.3,6.7,0.0,-,0,0,0.000
1790422538,s12-vmess-h3,63696,21,3261,3261,3.1,5.7,6.8,0.0,-,0,0,0.000
1790422538,__proc__,0,0,0,0,-,-,-,6798.8,31200,64778,2961144,178.798
1790422568,s7-ss-tcp,66365,0,3318,3318,0.9,2.0,3.3,0.0,-,0,0,0.000
1790422568,s8-tuic,66395,0,3322,3322,0.9,1.9,3.0,0.0,-,0,0,0.000
1790422568,s9-anytls,58717,9,2942,2942,2.0,42.7,43.4,0.0,-,0,0,0.000
1790422568,s10-vless-xhttp,61613,0,3098,3098,1.6,32.5,33.0,0.0,-,0,0,0.000
1790422568,s11-http-proxy,65642,0,3297,3297,1.8,4.7,6.1,0.0,-,0,0,0.000
1790422568,s12-vmess-h3,65259,21,3282,3282,2.9,4.6,5.7,0.0,-,0,0,0.000
1790422568,__proc__,0,0,0,0,-,-,-,6816.0,31228,64936,3049701,183.683
1790422598,s7-ss-tcp,67944,0,3316,3316,0.8,1.8,3.3,0.0,-,0,0,0.000
1790422598,s8-tuic,67974,0,3316,3316,0.8,1.8,3.1,0.0,-,0,0,0.000
1790422598,s9-anytls,60104,9,2913,2913,2.7,42.6,43.3,0.0,-,0,0,0.000
1790422598,s10-vless-xhttp,63092,0,3106,3106,1.5,32.5,33.0,0.0,-,0,0,0.000
1790422598,s11-http-proxy,67201,0,3274,3274,1.8,5.7,7.6,0.0,-,0,0,0.000
1790422598,s12-vmess-h3,66812,21,3261,3261,2.8,5.5,6.8,0.0,-,0,0,0.000
1790422598,__proc__,0,0,0,0,-,-,-,6764.9,31254,64819,3126738,188.448
1790422628,s7-ss-tcp,69525,0,3320,3320,0.8,1.7,3.2,0.0,-,0,0,0.000
1790422628,s8-tuic,69555,0,3320,3320,0.7,1.7,3.0,0.0,-,0,0,0.000
1790422628,s9-anytls,61497,9,2925,2925,2.3,42.6,43.1,0.0,-,0,0,0.000
1790422628,s10-vless-xhttp,64563,0,3089,3089,1.2,32.5,33.0,0.0,-,0,0,0.000
1790422628,s11-http-proxy,68774,0,3303,3303,1.6,5.6,7.5,0.0,-,0,0,0.000
1790422628,s12-vmess-h3,68369,22,3270,3270,2.8,5.5,6.7,0.0,-,0,0,0.000
1790422628,__proc__,0,0,0,0,-,-,-,6774.2,31300,64956,3206056,193.066
1790422658,s7-ss-tcp,71105,0,3318,3318,0.8,2.1,4.0,0.0,-,0,0,0.000
1790422658,s8-tuic,71136,0,3320,3320,0.7,1.9,4.2,0.0,-,0,0,0.000
1790422658,s9-anytls,62903,9,2953,2953,2.3,42.7,43.5,0.0,-,0,0,0.000
1790422658,s10-vless-xhttp,66022,0,3064,3064,1.2,32.6,33.3,0.0,-,0,0,0.000
1790422658,s11-http-proxy,70327,0,3261,3261,2.1,6.5,8.1,0.0,-,0,0,0.000
1790422658,s12-vmess-h3,69918,22,3253,3253,3.3,6.1,7.3,0.0,-,0,0,0.000
1790422658,__proc__,0,0,0,0,-,-,-,6757.2,31280,64830,3275827,197.454
1790422688,s7-ss-tcp,72685,0,3318,3318,0.8,2.1,4.0,0.0,-,0,0,0.000
1790422688,s8-tuic,72716,0,3318,3318,0.7,1.9,4.0,0.0,-,0,0,0.000
1790422688,s9-anytls,64297,9,2927,2927,1.6,42.7,43.6,0.0,-,0,0,0.000
1790422688,s10-vless-xhttp,67494,0,3091,3091,1.1,32.6,33.4,0.0,-,0,0,0.000
1790422688,s11-http-proxy,71876,0,3253,3253,3.2,6.4,7.8,0.0,-,0,0,0.000
1790422688,s12-vmess-h3,71468,22,3255,3255,3.5,6.0,7.1,0.0,-,0,0,0.000
1790422688,__proc__,0,0,0,0,-,-,-,6763.2,31253,64820,3340947,201.692
1790422718,s7-ss-tcp,74265,0,3318,3318,0.7,1.9,3.9,0.0,-,0,0,0.000
1790422718,s8-tuic,74297,0,3320,3320,0.7,1.8,4.1,0.0,-,0,0,0.000
1790422718,s9-anytls,65696,9,2938,2938,1.4,42.7,43.5,0.0,-,0,0,0.000
1790422718,s10-vless-xhttp,68956,0,3070,3070,1.0,32.6,33.4,0.0,-,0,0,0.000
1790422718,s11-http-proxy,73437,0,3278,3278,3.3,6.4,8.0,0.0,-,0,0,0.000
1790422718,s12-vmess-h3,73022,23,3263,3263,3.3,6.0,7.5,0.0,-,0,0,0.000
1790422718,__proc__,0,0,0,0,-,-,-,6814.2,31287,64884,3414465,205.979
1790422748,s7-ss-tcp,75846,0,3320,3320,0.7,1.9,4.1,0.0,-,0,0,0.000
1790422748,s8-tuic,75879,0,3322,3322,0.6,1.7,3.9,0.0,-,0,0,0.000
1790422748,s9-anytls,67100,9,2948,2948,1.5,42.7,43.6,0.0,-,0,0,0.000
1790422748,s10-vless-xhttp,70433,0,3102,3102,1.0,32.6,33.4,0.0,-,0,0,0.000
1790422748,s11-http-proxy,75001,0,3284,3284,2.9,6.3,8.0,0.0,-,0,0,0.000
1790422748,s12-vmess-h3,74577,23,3266,3266,3.2,6.1,7.9,0.0,-,0,0,0.000
1790422748,__proc__,0,0,0,0,-,-,-,6823.1,31316,64949,3487922,210.411
1790422778,s7-ss-tcp,77425,0,3316,3316,0.7,1.7,3.6,0.0,-,0,0,0.000
1790422778,s8-tuic,77460,0,3320,3320,0.7,1.6,3.7,0.0,-,0,0,0.000
1790422778,s9-anytls,68499,9,2938,2938,1.5,42.7,43.6,0.0,-,0,0,0.000
1790422778,s10-vless-xhttp,71906,0,3093,3093,1.1,32.5,33.5,0.0,-,0,0,0.000
1790422778,s11-http-proxy,76561,0,3276,3276,1.7,5.8,7.8,0.0,-,0,0,0.000
1790422778,s12-vmess-h3,76131,23,3263,3263,3.1,5.7,7.4,0.0,-,0,0,0.000
1790422778,__proc__,0,0,0,0,-,-,-,6874.8,31358,65033,3561499,214.819
1790422808,s7-ss-tcp,79006,0,3320,3320,0.8,1.9,3.9,0.0,-,0,0,0.000
1790422808,s8-tuic,79041,0,3320,3320,0.7,1.7,3.8,0.0,-,0,0,0.000
1790422808,s9-anytls,69892,9,2925,2925,1.7,42.7,43.7,0.0,-,0,0,0.000
1790422808,s10-vless-xhttp,73377,0,3089,3089,1.1,32.5,33.4,0.0,-,0,0,0.000
1790422808,s11-http-proxy,78123,0,3280,3280,2.3,6.3,8.3,0.0,-,0,0,0.000
1790422808,s12-vmess-h3,77680,24,3253,3253,3.1,6.3,8.3,0.0,-,0,0,0.000
1790422808,__proc__,0,0,0,0,-,-,-,6805.9,31346,64998,3634239,219.317
1790422838,s7-ss-tcp,80584,0,3314,3314,0.8,1.9,3.6,0.0,-,0,0,0.000
1790422838,s8-tuic,80618,0,3312,3312,0.8,1.8,3.7,0.0,-,0,0,0.000
1790422838,s9-anytls,71291,9,2938,2938,2.0,42.7,43.4,0.0,-,0,0,0.000
1790422838,s10-vless-xhttp,74855,0,3104,3104,1.4,32.4,33.1,0.0,-,0,0,0.000
1790422838,s11-http-proxy,79693,0,3297,3297,2.0,6.1,8.2,0.0,-,0,0,0.000
1790422838,s12-vmess-h3,79239,24,3274,3274,3.0,5.9,8.2,0.0,-,0,0,0.000
1790422838,__proc__,0,0,0,0,-,-,-,6851.2,31346,65068,3719229,224.598
1790422868,s7-ss-tcp,82163,0,3316,3316,0.9,1.8,2.8,0.0,-,0,0,0.000
1790422868,s8-tuic,82198,0,3318,3318,0.9,1.7,2.5,0.0,-,0,0,0.000
1790422868,s9-anytls,72678,9,2913,2913,2.5,42.7,43.4,0.0,-,0,0,0.000
1790422868,s10-vless-xhttp,76315,0,3066,3066,1.6,32.5,33.1,0.0,-,0,0,0.000
1790422868,s11-http-proxy,81263,0,3297,3297,1.8,4.4,5.7,0.0,-,0,0,0.000
1790422868,s12-vmess-h3,80799,24,3276,3276,2.9,4.4,5.6,0.0,-,0,0,0.000
1790422868,__proc__,0,0,0,0,-,-,-,6815.3,31334,65052,3800004,229.513
1790422898,s7-ss-tcp,83742,0,3316,3316,0.9,1.8,3.3,0.0,-,0,0,0.000
1790422898,s8-tuic,83778,0,3318,3318,0.9,1.8,3.5,0.0,-,0,0,0.000
1790422898,s9-anytls,74070,9,2923,2923,2.8,42.7,43.2,0.0,-,0,0,0.000
1790422898,s10-vless-xhttp,77772,0,3060,3060,1.6,32.4,33.2,0.0,-,0,0,0.000
1790422898,s11-http-proxy,82819,0,3268,3268,1.9,5.9,8.6,0.0,-,0,0,0.000
1790422898,s12-vmess-h3,82353,24,3263,3263,2.8,5.7,8.4,0.0,-,0,0,0.000
1790422898,__proc__,0,0,0,0,-,-,-,6807.4,31298,64972,3874734,234.038
1790422928,s7-ss-tcp,85322,0,3318,3318,0.9,2.1,4.2,0.0,-,0,0,0.000
1790422928,s8-tuic,85358,0,3318,3318,0.9,2.1,4.6,0.0,-,0,0,0.000
1790422928,s9-anytls,75463,9,2925,2925,40.9,42.7,43.6,0.0,-,0,0,0.000
1790422928,s10-vless-xhttp,79243,0,3089,3089,1.4,32.5,33.3,0.0,-,0,0,0.000
1790422928,s11-http-proxy,84386,0,3291,3291,1.8,6.3,8.6,0.0,-,0,0,0.000
1790422928,s12-vmess-h3,83902,24,3253,3253,2.9,6.6,8.3,0.0,-,0,0,0.000
1790422928,__proc__,0,0,0,0,-,-,-,6817.0,31272,64872,3944436,238.713
1790422958,s7-ss-tcp,86895,0,3303,3303,0.9,2.8,5.2,0.0,-,0,0,0.000
1790422958,s8-tuic,86933,0,3308,3308,0.9,2.7,5.4,0.0,-,0,0,0.000
1790422958,s9-anytls,76848,9,2908,2908,40.9,42.7,43.9,0.0,-,0,0,0.000
1790422958,s10-vless-xhttp,80708,0,3076,3076,1.3,32.6,33.5,0.0,-,0,0,0.000
1790422958,s11-http-proxy,85939,0,3261,3261,3.0,7.1,9.1,0.0,-,0,0,0.000
1790422958,s12-vmess-h3,85455,24,3261,3261,3.5,6.9,8.6,0.0,-,0,0,0.000
1790422958,__proc__,0,0,0,0,-,-,-,6828.8,31313,64934,4004934,243.465
1790422988,s7-ss-tcp,88466,0,3299,3299,1.2,4.5,6.7,0.0,-,0,0,0.000
1790422988,s8-tuic,88502,0,3295,3295,1.1,4.3,6.7,0.0,-,0,0,0.000
1790422988,s9-anytls,78238,9,2919,2919,40.9,43.1,44.7,0.0,-,0,0,0.000
1790422988,s10-vless-xhttp,82214,0,3163,3163,1.5,32.9,33.9,0.0,-,0,0,0.000
1790422988,s11-http-proxy,87453,0,3179,3179,4.8,9.2,11.0,0.0,-,0,0,0.000
1790422988,s12-vmess-h3,86979,24,3200,3200,4.5,8.4,10.0,0.0,-,0,0,0.000
1790422988,__proc__,0,0,0,0,-,-,-,6833.1,31318,64669,4063511,249.791
1790423018,s7-ss-tcp,90038,0,3301,3301,1.3,5.0,7.1,0.0,-,0,0,0.000
1790423018,s8-tuic,90076,0,3305,3305,1.2,4.8,6.8,0.0,-,0,0,0.000
1790423018,s9-anytls,79641,10,2946,2946,3.2,43.5,45.5,0.0,-,0,0,0.000
1790423018,s10-vless-xhttp,83725,0,3173,3173,1.6,33.1,34.2,0.0,-,0,0,0.000
1790423018,s11-http-proxy,88987,0,3221,3221,5.8,10.0,12.0,0.0,-,0,0,0.000
1790423018,s12-vmess-h3,88511,24,3217,3217,5.3,8.9,11.0,0.0,-,0,0,0.000
1790423018,__proc__,0,0,0,0,-,-,-,6818.8,31449,64898,4126228,256.483
1790423048,s7-ss-tcp,91610,0,3301,3301,1.3,5.2,7.5,0.0,-,0,0,0.000
1790423048,s8-tuic,91647,0,3299,3299,1.3,5.0,7.0,0.0,-,0,0,0.000
1790423048,s9-anytls,81034,10,2925,2925,3.1,43.7,45.8,0.0,-,0,0,0.000
1790423048,s10-vless-xhttp,85228,0,3156,3156,1.7,33.2,34.7,0.0,-,0,0,0.000
1790423048,s11-http-proxy,90508,0,3194,3194,6.3,10.0,12.4,0.0,-,0,0,0.000
1790423048,s12-vmess-h3,90036,24,3202,3202,6.0,8.9,11.1,0.0,-,0,0,0.000
1790423048,__proc__,0,0,0,0,-,-,-,6818.8,31526,64974,4186724,263.027
1790423078,s7-ss-tcp,93179,0,3295,3295,1.3,5.2,7.1,0.0,-,0,0,0.000
1790423078,s8-tuic,93219,0,3301,3301,1.3,4.8,7.2,0.0,-,0,0,0.000
1790423078,s9-anytls,82435,10,2942,2942,2.7,43.8,45.8,0.0,-,0,0,0.000
1790423078,s10-vless-xhttp,86735,0,3165,3165,1.8,33.3,34.6,0.0,-,0,0,0.000
1790423078,s11-http-proxy,92037,0,3211,3211,6.0,10.2,13.1,0.0,-,0,0,0.000
1790423078,s12-vmess-h3,91566,24,3213,3213,5.9,9.3,12.3,0.0,-,0,0,0.000
1790423078,__proc__,0,0,0,0,-,-,-,6730.3,31566,65060,4249081,269.786
1790423108,s7-ss-tcp,94747,0,3293,3293,1.4,5.2,7.4,0.0,-,0,0,0.000
1790423108,s8-tuic,94789,0,3297,3297,1.3,4.9,7.5,0.0,-,0,0,0.000
1790423108,s9-anytls,83836,10,2942,2942,2.9,43.8,45.9,0.0,-,0,0,0.000
1790423108,s10-vless-xhttp,88242,0,3165,3165,1.8,33.3,34.8,0.0,-,0,0,0.000
1790423108,s11-http-proxy,93568,0,3215,3215,6.1,10.3,13.0,0.0,-,0,0,0.000
1790423108,s12-vmess-h3,93094,24,3209,3209,6.0,9.5,12.3,0.0,-,0,0,0.000
1790423108,__proc__,0,0,0,0,-,-,-,6693.2,31646,65190,4309082,276.436
1790423138,s7-ss-tcp,96312,0,3286,3286,1.5,5.5,7.5,0.0,-,0,0,0.000
1790423138,s8-tuic,96350,0,3278,3278,1.5,5.4,7.6,0.0,-,0,0,0.000
1790423138,s9-anytls,85212,10,2890,2890,4.2,43.8,46.0,0.0,-,0,0,0.000
1790423138,s10-vless-xhttp,89739,0,3144,3144,2.0,33.3,34.7,0.0,-,0,0,0.000
1790423138,s11-http-proxy,95097,0,3211,3211,5.7,10.6,14.1,0.0,-,0,0,0.000
1790423138,s12-vmess-h3,94618,24,3200,3200,6.0,9.7,12.0,0.0,-,0,0,0.000
1790423138,__proc__,0,0,0,0,-,-,-,6698.2,31659,65177,4375729,285.297
1790423168,s7-ss-tcp,97879,0,3291,3291,1.8,5.4,7.5,0.0,-,0,0,0.000
1790423168,s8-tuic,97918,0,3293,3293,1.7,5.3,7.1,0.0,-,0,0,0.000
1790423168,s9-anytls,86584,10,2881,2881,41.4,43.6,45.6,0.0,-,0,0,0.000
1790423168,s10-vless-xhttp,91235,0,3142,3142,2.6,33.2,34.5,0.0,-,0,0,0.000
1790423168,s11-http-proxy,96652,0,3266,3266,4.7,10.2,13.5,0.0,-,0,0,0.000
1790423168,s12-vmess-h3,96155,25,3228,3228,5.6,9.0,11.6,0.0,-,0,0,0.000
1790423168,__proc__,0,0,0,0,-,-,-,6744.9,31735,65380,4454758,293.792
1790423198,s7-ss-tcp,99453,0,3305,3305,1.6,4.9,7.0,0.0,-,0,0,0.000
1790423198,s8-tuic,99494,0,3310,3310,1.6,5.0,6.8,0.0,-,0,0,0.000
1790423198,s9-anytls,87996,10,2965,2965,41.2,43.4,45.0,0.0,-,0,0,0.000
1790423198,s10-vless-xhttp,92745,0,3171,3171,2.5,33.1,33.9,0.0,-,0,0,0.000
1790423198,s11-http-proxy,98205,0,3261,3261,3.5,9.0,12.5,0.0,-,0,0,0.000
1790423198,s12-vmess-h3,97700,25,3244,3244,4.7,8.4,10.4,0.0,-,0,0,0.000
1790423198,__proc__,0,0,0,0,-,-,-,6767.3,31860,65637,4532959,300.260
1790423228,s7-ss-tcp,101027,0,3305,3305,1.2,3.9,5.8,0.0,-,0,0,0.000
1790423228,s8-tuic,101064,0,3297,3297,1.3,3.8,5.6,0.0,-,0,0,0.000
1790423228,s9-anytls,89373,10,2892,2892,41.1,43.4,44.8,0.0,-,0,0,0.000
1790423228,s10-vless-xhttp,94252,0,3165,3165,1.9,33.0,33.9,0.0,-,0,0,0.000
1790423228,s11-http-proxy,99746,0,3236,3236,3.0,8.7,11.3,0.0,-,0,0,0.000
1790423228,s12-vmess-h3,99236,25,3226,3226,4.3,7.8,9.7,0.0,-,0,0,0.000
1790423228,__proc__,0,0,0,0,-,-,-,6766.4,31931,65656,4600534,306.947
1790423258,s7-ss-tcp,102596,0,3295,3295,1.3,5.1,7.2,0.0,-,0,0,0.000
1790423258,s8-tuic,102634,0,3297,3297,1.3,4.9,7.0,0.0,-,0,0,0.000
1790423258,s9-anytls,90753,10,2898,2898,4.4,43.7,46.0,0.0,-,0,0,0.000
1790423258,s10-vless-xhttp,95757,0,3160,3160,1.8,33.2,34.4,0.0,-,0,0,0.000
1790423258,s11-http-proxy,101263,0,3186,3186,5.6,10.6,13.0,0.0,-,0,0,0.000
1790423258,s12-vmess-h3,100758,25,3196,3196,5.7,9.3,11.4,0.0,-,0,0,0.000
1790423258,__proc__,0,0,0,0,-,-,-,6775.1,31986,65599,4656858,314.069
1790423288,s7-ss-tcp,104165,0,3295,3295,1.3,5.6,7.6,0.0,-,0,0,0.000
1790423288,s8-tuic,104204,0,3297,3297,1.4,5.3,7.4,0.0,-,0,0,0.000
1790423288,s9-anytls,92147,10,2927,2927,41.4,43.8,46.5,0.0,-,0,0,0.000
1790423288,s10-vless-xhttp,97261,0,3158,3158,1.8,33.3,34.6,0.0,-,0,0,0.000
1790423288,s11-http-proxy,102782,0,3190,3190,6.4,11.0,13.6,0.0,-,0,0,0.000
1790423288,s12-vmess-h3,102283,25,3202,3202,6.2,9.7,12.1,0.0,-,0,0,0.000
1790423288,__proc__,0,0,0,0,-,-,-,6738.3,31964,65612,4715547,320.494
1790423318,s7-ss-tcp,105741,0,3310,3310,1.2,5.1,7.1,0.0,-,0,0,0.000
1790423318,s8-tuic,105782,0,3314,3314,1.2,4.6,6.9,0.0,-,0,0,0.000
1790423318,s9-anytls,93547,10,2940,2940,3.6,43.7,46.4,0.0,-,0,0,0.000
1790423318,s10-vless-xhttp,98764,0,3156,3156,1.7,33.2,34.6,0.0,-,0,0,0.000
1790423318,s11-http-proxy,104343,0,3278,3278,5.5,10.3,13.0,0.0,-,0,0,0.000
1790423318,s12-vmess-h3,103833,25,3255,3255,5.4,9.2,11.9,0.0,-,0,0,0.000
1790423318,__proc__,0,0,0,0,-,-,-,6729.6,31978,65906,4786895,326.365
1790423348,s7-ss-tcp,107312,0,3299,3299,1.2,4.7,7.3,0.0,-,0,0,0.000
1790423348,s8-tuic,107353,0,3299,3299,1.2,4.3,7.1,0.0,-,0,0,0.000
1790423348,s9-anytls,94935,10,2915,2915,3.1,43.5,45.7,0.0,-,0,0,0.000
1790423348,s10-vless-xhttp,100263,0,3148,3148,1.6,33.2,34.8,0.0,-,0,0,0.000
1790423348,s11-http-proxy,105866,0,3198,3198,5.5,10.5,13.6,0.0,-,0,0,0.000
1790423348,s12-vmess-h3,105361,25,3209,3209,4.9,9.2,12.7,0.0,-,0,0,0.000
1790423348,__proc__,0,0,0,0,-,-,-,6725.4,31954,65601,4848347,333.094
1790423378,s7-ss-tcp,108882,0,3297,3297,1.2,4.8,7.8,0.0,-,0,0,0.000
1790423378,s8-tuic,108924,0,3299,3299,1.2,4.4,6.8,0.0,-,0,0,0.000
1790423378,s9-anytls,96329,10,2927,2927,3.2,43.6,45.7,0.0,-,0,0,0.000
1790423378,s10-vless-xhttp,101774,0,3173,3173,1.7,33.2,34.8,0.0,-,0,0,0.000
1790423378,s11-http-proxy,107391,0,3202,3202,5.6,10.6,13.7,0.0,-,0,0,0.000
1790423378,s12-vmess-h3,106888,25,3207,3207,5.2,9.4,12.9,0.0,-,0,0,0.000
1790423378,__proc__,0,0,0,0,-,-,-,6746.0,31947,65611,4909779,339.615
1790423408,s7-ss-tcp,110458,0,3310,3310,1.3,4.8,7.8,0.0,-,0,0,0.000
1790423408,s8-tuic,110498,0,3305,3305,1.2,4.6,6.8,0.0,-,0,0,0.000
1790423408,s9-anytls,97726,10,2934,2934,3.3,43.6,45.7,0.0,-,0,0,0.000
1790423408,s10-vless-xhttp,103278,0,3158,3158,1.7,33.1,34.6,0.0,-,0,0,0.000
1790423408,s11-http-proxy,108935,0,3242,3242,5.8,10.4,13.6,0.0,-,0,0,0.000
1790423408,s12-vmess-h3,108428,26,3234,3234,5.2,9.4,12.8,0.0,-,0,0,0.000
1790423408,__proc__,0,0,0,0,-,-,-,6735.6,31958,65745,4975553,345.475
1790423438,s7-ss-tcp,112026,0,3293,3293,1.3,4.3,6.2,0.0,-,0,0,0.000
1790423438,s8-tuic,112070,0,3301,3301,1.3,4.0,6.1,0.0,-,0,0,0.000
1790423438,s9-anytls,99106,10,2898,2898,4.2,43.3,45.1,0.0,-,0,0,0.000
1790423438,s10-vless-xhttp,104770,0,3133,3133,1.9,33.0,34.3,0.0,-,0,0,0.000
1790423438,s11-http-proxy,110488,0,3261,3261,4.4,8.9,11.1,0.0,-,0,0,0.000
1790423438,s12-vmess-h3,109967,27,3232,3232,4.7,7.9,10.3,0.0,-,0,0,0.000
1790423438,__proc__,0,0,0,0,-,-,-,6798.7,31983,65788,5048758,352.840
1790423468,s7-ss-tcp,113591,0,3286,3286,1.6,4.5,6.2,0.0,-,0,0,0.000
1790423468,s8-tuic,113635,0,3286,3286,1.5,4.3,6.0,0.0,-,0,0,0.000
1790423468,s9-anytls,100484,10,2894,2894,41.3,43.1,44.5,0.0,-,0,0,0.000
1790423468,s10-vless-xhttp,106266,0,3142,3142,2.4,32.9,33.7,0.0,-,0,0,0.000
1790423468,s11-http-proxy,112041,0,3261,3261,3.7,8.0,10.1,0.0,-,0,0,0.000
1790423468,s12-vmess-h3,111506,27,3232,3232,4.6,7.6,9.5,0.0,-,0,0,0.000
1790423468,__proc__,0,0,0,0,-,-,-,6823.3,31957,65786,5128705,361.351
1790423498,s7-ss-tcp,115164,0,3303,3303,1.7,4.5,6.5,0.0,-,0,0,0.000
1790423498,s8-tuic,115209,0,3305,3305,1.5,4.3,6.4,0.0,-,0,0,0.000
1790423498,s9-anytls,101879,10,2930,2930,41.3,43.1,44.5,0.0,-,0,0,0.000
1790423498,s10-vless-xhttp,107762,0,3142,3142,2.6,32.9,33.8,0.0,-,0,0,0.000
1790423498,s11-http-proxy,113592,0,3257,3257,3.3,8.3,10.6,0.0,-,0,0,0.000
1790423498,s12-vmess-h3,113047,27,3236,3236,4.5,8.2,10.4,0.0,-,0,0,0.000
1790423498,__proc__,0,0,0,0,-,-,-,6802.6,31938,65726,5203635,367.728
1790423528,s7-ss-tcp,116735,0,3299,3299,1.4,4.3,6.6,0.0,-,0,0,0.000
1790423528,s8-tuic,116784,0,3308,3308,1.3,4.1,6.3,0.0,-,0,0,0.000
1790423528,s9-anytls,103270,11,2921,2921,4.6,43.2,44.6,0.0,-,0,0,0.000
1790423528,s10-vless-xhttp,109271,0,3169,3169,2.1,32.9,33.8,0.0,-,0,0,0.000
1790423528,s11-http-proxy,115140,0,3251,3251,3.2,8.9,12.0,0.0,-,0,0,0.000
1790423528,s12-vmess-h3,114587,28,3234,3234,4.3,8.4,10.6,0.0,-,0,0,0.000
1790423528,__proc__,0,0,0,0,-,-,-,6878.6,31935,65706,5275399,374.828
1790423558,s7-ss-tcp,118307,0,3301,3301,1.3,4.4,7.0,0.0,-,0,0,0.000
1790423558,s8-tuic,118353,0,3295,3295,1.2,4.1,6.6,0.0,-,0,0,0.000
1790423558,s9-anytls,104659,11,2917,2917,3.9,43.4,44.8,0.0,-,0,0,0.000
1790423558,s10-vless-xhttp,110780,0,3169,3169,1.8,33.0,34.1,0.0,-,0,0,0.000
1790423558,s11-http-proxy,116680,0,3234,3234,3.7,9.8,12.7,0.0,-,0,0,0.000
1790423558,s12-vmess-h3,116118,28,3215,3215,4.8,9.1,11.1,0.0,-,0,0,0.000
1790423558,__proc__,0,0,0,0,-,-,-,6876.0,31939,65639,5343678,381.769
1790423588,s7-ss-tcp,119878,0,3299,3299,1.3,4.5,6.7,0.0,-,0,0,0.000
1790423588,s8-tuic,119926,0,3303,3303,1.3,4.3,6.1,0.0,-,0,0,0.000
1790423588,s9-anytls,106056,11,2934,2934,3.8,43.5,45.2,0.0,-,0,0,0.000
1790423588,s10-vless-xhttp,112277,0,3144,3144,1.8,33.2,34.4,0.0,-,0,0,0.000
1790423588,s11-http-proxy,118208,0,3209,3209,4.8,9.6,11.6,0.0,-,0,0,0.000
1790423588,s12-vmess-h3,117649,29,3215,3215,4.9,8.8,11.0,0.0,-,0,0,0.000
1790423588,__proc__,0,0,0,0,-,-,-,6884.8,31931,65598,5401493,387.625
1790423618,s7-ss-tcp,121454,0,3310,3310,1.2,4.6,6.7,0.0,-,0,0,0.000
1790423618,s8-tuic,121502,0,3310,3310,1.2,4.3,6.2,0.0,-,0,0,0.000
1790423618,s9-anytls,107439,11,2904,2904,5.3,43.6,45.3,0.0,-,0,0,0.000
1790423618,s10-vless-xhttp,113772,0,3140,3140,1.7,33.2,34.4,0.0,-,0,0,0.000
1790423618,s11-http-proxy,119759,0,3257,3257,5.4,9.6,11.9,0.0,-,0,0,0.000
1790423618,s12-vmess-h3,119194,29,3244,3244,5.0,8.8,11.0,0.0,-,0,0,0.000
1790423618,__proc__,0,0,0,0,-,-,-,6934.7,31947,65760,5469049,394.086
1790423648,s7-ss-tcp,123023,0,3295,3295,1.2,4.8,7.2,0.0,-,0,0,0.000
1790423648,s8-tuic,123073,0,3299,3299,1.2,4.5,7.3,0.0,-,0,0,0.000
1790423648,s9-anytls,108825,13,2911,2911,4.1,43.6,45.7,0.0,-,0,0,0.000
1790423648,s10-vless-xhttp,115275,0,3156,3156,1.7,33.2,34.6,0.0,-,0,0,0.000
1790423648,s11-http-proxy,121286,0,3207,3207,5.4,9.7,12.5,0.0,-,0,0,0.000
1790423648,s12-vmess-h3,120719,29,3202,3202,5.2,9.1,11.3,0.0,-,0,0,0.000
1790423648,__proc__,0,0,0,0,-,-,-,6808.1,31913,65568,5529147,400.496
1790423678,s7-ss-tcp,124601,0,3314,3314,1.1,4.5,7.1,0.0,-,0,0,0.000
1790423678,s8-tuic,124650,0,3312,3312,1.1,4.2,7.0,0.0,-,0,0,0.000
1790423678,s9-anytls,110218,13,2925,2925,5.0,43.5,45.6,0.0,-,0,0,0.000
1790423678,s10-vless-xhttp,116772,0,3144,3144,1.6,33.1,34.4,0.0,-,0,0,0.000
1790423678,s11-http-proxy,122830,0,3242,3242,4.8,9.3,12.2,0.0,-,0,0,0.000
1790423678,s12-vmess-h3,122264,29,3244,3244,5.0,8.8,11.3,0.0,-,0,0,0.000
1790423678,__proc__,0,0,0,0,-,-,-,6762.2,31898,65821,5597372,405.556
1790423708,s7-ss-tcp,126181,0,3318,3318,0.9,3.6,6.6,0.0,-,0,0,0.000
1790423708,s8-tuic,126230,0,3318,3318,0.8,3.3,6.0,0.0,-,0,0,0.000
1790423708,s9-anytls,111618,13,2940,2940,2.6,43.2,45.5,0.0,-,0,0,0.000
1790423708,s10-vless-xhttp,118236,0,3074,3074,1.4,32.8,34.1,0.0,-,0,0,0.000
1790423708,s11-http-proxy,124380,0,3255,3255,4.6,8.8,11.8,0.0,-,0,0,0.000
1790423708,s12-vmess-h3,123809,30,3244,3244,4.4,8.5,10.7,0.0,-,0,0,0.000
1790423708,__proc__,0,0,0,0,-,-,-,6799.5,31802,65679,5665573,409.959
1790423738,s7-ss-tcp,127760,0,3316,3316,0.7,2.1,4.6,0.0,-,0,0,0.000
1790423738,s8-tuic,127810,0,3318,3318,0.7,2.0,4.4,0.0,-,0,0,0.000
1790423738,s9-anytls,113006,13,2915,2915,2.3,42.7,43.7,0.0,-,0,0,0.000
1790423738,s10-vless-xhttp,119704,0,3083,3083,1.2,32.5,33.2,0.0,-,0,0,0.000
1790423738,s11-http-proxy,125936,0,3268,3268,3.3,6.8,8.1,0.0,-,0,0,0.000
1790423738,s12-vmess-h3,125356,32,3249,3249,3.3,6.6,7.7,0.0,-,0,0,0.000
1790423738,__proc__,0,0,0,0,-,-,-,6769.6,31778,65550,5741273,414.578
1790423768,s7-ss-tcp,129338,0,3314,3314,0.8,2.2,4.2,0.0,-,0,0,0.000
1790423768,s8-tuic,129389,0,3316,3316,0.8,1.9,3.7,0.0,-,0,0,0.000
1790423768,s9-anytls,114409,13,2946,2946,2.1,42.7,43.6,0.0,-,0,0,0.000
1790423768,s10-vless-xhttp,121173,0,3085,3085,1.5,32.5,33.2,0.0,-,0,0,0.000
1790423768,s11-http-proxy,127501,0,3286,3286,2.7,6.1,7.5,0.0,-,0,0,0.000
1790423768,s12-vmess-h3,126913,32,3270,3270,3.1,5.8,7.2,0.0,-,0,0,0.000
1790423768,__proc__,0,0,0,0,-,-,-,6816.9,31730,65614,5821120,419.930
1790423798,s7-ss-tcp,130916,0,3314,3314,0.9,2.2,4.1,0.0,-,0,0,0.000
1790423798,s8-tuic,130969,0,3318,3318,0.8,2.1,3.8,0.0,-,0,0,0.000
1790423798,s9-anytls,115806,13,2934,2934,2.2,42.7,43.6,0.0,-,0,0,0.000
1790423798,s10-vless-xhttp,122633,0,3066,3066,1.6,32.5,33.2,0.0,-,0,0,0.000
1790423798,s11-http-proxy,129063,0,3280,3280,2.1,5.9,7.3,0.0,-,0,0,0.000
1790423798,s12-vmess-h3,128463,33,3255,3255,3.2,5.9,7.4,0.0,-,0,0,0.000
1790423798,__proc__,0,0,0,0,-,-,-,6844.3,31643,65366,5895875,424.633
1790423828,s7-ss-tcp,132497,0,3320,3320,0.8,2.1,4.2,0.0,-,0,0,0.000
1790423828,s8-tuic,132549,0,3318,3318,0.7,1.9,3.7,0.0,-,0,0,0.000
1790423828,s9-anytls,117198,14,2923,2923,2.0,42.7,43.7,0.0,-,0,0,0.000
1790423828,s10-vless-xhttp,124089,0,3058,3058,1.6,32.5,33.3,0.0,-,0,0,0.000
1790423828,s11-http-proxy,130623,0,3276,3276,2.3,6.2,7.7,0.0,-,0,0,0.000
1790423828,s12-vmess-h3,130017,33,3263,3263,3.2,6.1,7.6,0.0,-,0,0,0.000
1790423828,__proc__,0,0,0,0,-,-,-,6813.1,31550,65370,5966218,429.012
1790423858,s7-ss-tcp,134077,0,3318,3318,0.8,1.8,3.9,0.0,-,0,0,0.000
1790423858,s8-tuic,134132,0,3324,3324,0.7,1.6,3.2,0.0,-,0,0,0.000
1790423858,s9-anytls,118604,14,2953,2953,1.8,42.7,43.6,0.0,-,0,0,0.000
1790423858,s10-vless-xhttp,125565,0,3100,3100,1.2,32.5,33.2,0.0,-,0,0,0.000
1790423858,s11-http-proxy,132190,0,3291,3291,1.8,5.8,7.6,0.0,-,0,0,0.000
1790423858,s12-vmess-h3,131571,34,3263,3263,3.0,6.0,7.6,0.0,-,0,0,0.000
1790423858,__proc__,0,0,0,0,-,-,-,6829.3,31498,65288,6044973,433.599
1790423888,s7-ss-tcp,135658,0,3320,3320,0.7,1.7,3.4,0.0,-,0,0,0.000
1790423888,s8-tuic,135713,0,3320,3320,0.7,1.5,3.1,0.0,-,0,0,0.000
1790423888,s9-anytls,120011,14,2955,2955,1.6,42.7,43.6,0.0,-,0,0,0.000
1790423888,s10-vless-xhttp,127032,0,3081,3081,1.1,32.4,33.2,0.0,-,0,0,0.000
1790423888,s11-http-proxy,133755,0,3286,3286,1.6,5.7,7.1,0.0,-,0,0,0.000
1790423888,s12-vmess-h3,133117,36,3247,3247,2.9,6.2,7.4,0.0,-,0,0,0.000
1790423888,__proc__,0,0,0,0,-,-,-,6850.7,31429,65069,6121128,438.012
1790423918,s7-ss-tcp,137236,0,3314,3314,0.8,1.9,4.2,0.0,-,0,0,0.000
1790423918,s8-tuic,137294,0,3320,3320,0.7,1.7,3.7,0.0,-,0,0,0.000
1790423918,s9-anytls,121414,14,2946,2946,1.5,42.7,43.6,0.0,-,0,0,0.000
1790423918,s10-vless-xhttp,128502,0,3087,3087,1.1,32.5,33.3,0.0,-,0,0,0.000
1790423918,s11-http-proxy,135309,0,3263,3263,2.3,6.2,7.5,0.0,-,0,0,0.000
1790423918,s12-vmess-h3,134666,36,3253,3253,3.2,6.4,7.6,0.0,-,0,0,0.000
1790423918,__proc__,0,0,0,0,-,-,-,6839.5,31363,64951,6185901,442.381
1790423948,s7-ss-tcp,138814,0,3314,3314,0.8,2.3,4.8,0.0,-,0,0,0.000
1790423948,s8-tuic,138870,0,3310,3310,0.7,2.0,4.3,0.0,-,0,0,0.000
1790423948,s9-anytls,122803,14,2917,2917,1.6,42.7,43.7,0.0,-,0,0,0.000
1790423948,s10-vless-xhttp,129982,0,3108,3108,1.1,32.6,33.4,0.0,-,0,0,0.000
1790423948,s11-http-proxy,136862,0,3261,3261,3.4,6.8,8.2,0.0,-,0,0,0.000
1790423948,s12-vmess-h3,136215,36,3253,3253,3.4,6.8,8.2,0.0,-,0,0,0.000
1790423948,__proc__,0,0,0,0,-,-,-,6842.9,31333,64961,6250712,447.042
1790423978,s7-ss-tcp,140393,0,3316,3316,0.9,2.7,4.9,0.0,-,0,0,0.000
1790423978,s8-tuic,140449,0,3316,3316,0.9,2.4,4.6,0.0,-,0,0,0.000
1790423978,s9-anytls,124192,15,2917,2917,2.5,42.7,43.6,0.0,-,0,0,0.000
1790423978,s10-vless-xhttp,131457,0,3098,3098,1.3,32.7,33.6,0.0,-,0,0,0.000
1790423978,s11-http-proxy,138417,0,3266,3266,3.6,6.9,8.4,0.0,-,0,0,0.000
1790423978,s12-vmess-h3,137766,36,3257,3257,3.6,6.9,8.4,0.0,-,0,0,0.000
1790423978,__proc__,0,0,0,0,-,-,-,6893.8,31293,64868,6315896,451.980
1790424008,s7-ss-tcp,141970,0,3312,3312,0.9,2.6,4.9,0.0,-,0,0,0.000
1790424008,s8-tuic,142027,0,3314,3314,0.9,2.5,4.6,0.0,-,0,0,0.000
1790424008,s9-anytls,125582,15,2919,2919,40.9,42.8,43.7,0.0,-,0,0,0.000
1790424008,s10-vless-xhttp,132928,0,3089,3089,1.3,32.7,33.7,0.0,-,0,0,0.000
1790424008,s11-http-proxy,139963,0,3247,3247,3.7,7.2,8.9,0.0,-,0,0,0.000
1790424008,s12-vmess-h3,139312,36,3247,3247,3.4,6.9,9.0,0.0,-,0,0,0.000
1790424008,__proc__,0,0,0,0,-,-,-,6787.6,31304,64910,6381570,456.789
1790424038,s7-ss-tcp,143547,0,3312,3312,0.9,2.8,5.5,0.0,-,0,0,0.000
1790424038,s8-tuic,143606,0,3316,3316,0.8,2.7,5.2,0.0,-,0,0,0.000
1790424038,s9-anytls,126972,15,2919,2919,40.9,42.7,43.7,0.0,-,0,0,0.000
1790424038,s10-vless-xhttp,134389,0,3068,3068,1.4,32.7,33.8,0.0,-,0,0,0.000
1790424038,s11-http-proxy,141512,0,3253,3253,4.3,7.5,9.0,0.0,-,0,0,0.000
1790424038,s12-vmess-h3,140862,36,3255,3255,3.8,7.1,9.0,0.0,-,0,0,0.000
1790424038,__proc__,0,0,0,0,-,-,-,6806.0,31275,64836,6448778,461.407
1790424068,s7-ss-tcp,145126,0,3316,3316,0.9,2.5,5.0,0.0,-,0,0,0.000
1790424068,s8-tuic,145186,0,3318,3318,0.8,2.3,4.8,0.0,-,0,0,0.000
1790424068,s9-anytls,128360,15,2915,2915,40.9,42.7,43.6,0.0,-,0,0,0.000
1790424068,s10-vless-xhttp,135858,0,3085,3085,1.5,32.6,33.6,0.0,-,0,0,0.000
1790424068,s11-http-proxy,143073,0,3278,3278,3.4,6.9,8.3,0.0,-,0,0,0.000
1790424068,s12-vmess-h3,142409,38,3249,3249,3.3,6.4,7.9,0.0,-,0,0,0.000
1790424068,__proc__,0,0,0,0,-,-,-,6808.3,31286,64827,6523171,466.486
1790424098,s7-ss-tcp,146707,0,3320,3320,0.9,2.3,4.0,0.0,-,0,0,0.000
1790424098,s8-tuic,146765,0,3316,3316,0.8,2.1,4.2,0.0,-,0,0,0.000
1790424098,s9-anytls,129758,15,2936,2936,2.8,42.7,43.6,0.0,-,0,0,0.000
1790424098,s10-vless-xhttp,137325,0,3081,3081,1.6,32.4,33.2,0.0,-,0,0,0.000
1790424098,s11-http-proxy,144628,0,3266,3266,3.3,6.5,7.6,0.0,-,0,0,0.000
1790424098,s12-vmess-h3,143961,39,3259,3259,3.3,5.9,7.0,0.0,-,0,0,0.000
1790424098,__proc__,0,0,0,0,-,-,-,6824.1,31326,64977,6596194,471.240
1790424128,s7-ss-tcp,148286,0,3316,3316,0.8,2.2,3.8,0.0,-,0,0,0.000
1790424128,s8-tuic,148346,0,3320,3320,0.8,2.0,3.8,0.0,-,0,0,0.000
1790424128,s9-anytls,131143,15,2908,2908,40.9,42.7,43.5,0.0,-,0,0,0.000
1790424128,s10-vless-xhttp,138796,0,3089,3089,1.5,32.5,33.1,0.0,-,0,0,0.000
1790424128,s11-http-proxy,146179,0,3257,3257,3.4,6.2,7.4,0.0,-,0,0,0.000
1790424128,s12-vmess-h3,145509,40,3251,3251,3.4,5.6,6.6,0.0,-,0,0,0.000
1790424128,__proc__,0,0,0,0,-,-,-,6822.6,31311,64955,6665384,475.629
1790424158,s7-ss-tcp,149864,0,3314,3314,0.8,2.3,4.1,0.0,-,0,0,0.000
1790424158,s8-tuic,149924,0,3314,3314,0.7,2.0,3.8,0.0,-,0,0,0.000
1790424158,s9-anytls,132539,15,2932,2932,2.8,42.7,43.6,0.0,-,0,0,0.000
1790424158,s10-vless-xhttp,140244,0,3041,3041,1.3,32.5,33.3,0.0,-,0,0,0.000
1790424158,s11-http-proxy,147740,0,3278,3278,3.6,6.5,7.9,0.0,-,0,0,0.000
1790424158,s12-vmess-h3,147065,40,3268,3268,3.4,5.9,7.1,0.0,-,0,0,0.000
1790424158,__proc__,0,0,0,0,-,-,-,6789.4,31280,64863,6728666,479.863
1790424188,s7-ss-tcp,151441,0,3312,3312,0.9,2.2,4.4,0.0,-,0,0,0.000
1790424188,s8-tuic,151507,0,3324,3324,0.7,1.9,3.7,0.0,-,0,0,0.000
1790424188,s9-anytls,133939,15,2940,2940,2.0,42.7,43.5,0.0,-,0,0,0.000
1790424188,s10-vless-xhttp,141697,0,3051,3051,1.2,32.5,33.3,0.0,-,0,0,0.000
1790424188,s11-http-proxy,149298,0,3272,3272,3.1,6.3,7.9,0.0,-,0,0,0.000
1790424188,s12-vmess-h3,148616,41,3257,3257,3.2,6.0,7.2,0.0,-,0,0,0.000
1790424188,__proc__,0,0,0,0,-,-,-,6764.4,31222,64871,6796921,484.110
1790424218,s7-ss-tcp,153019,0,3314,3314,0.9,2.2,5.5,0.0,-,0,0,0.000
1790424218,s8-tuic,153084,0,3312,3312,0.7,1.7,5.0,0.0,-,0,0,0.000
1790424218,s9-anytls,135327,15,2915,2915,1.8,42.7,43.5,0.0,-,0,0,0.000
1790424218,s10-vless-xhttp,143165,0,3083,3083,1.1,32.5,33.4,0.0,-,0,0,0.000
1790424218,s11-http-proxy,150853,0,3266,3266,3.2,7.0,8.7,0.0,-,0,0,0.000
1790424218,s12-vmess-h3,150166,42,3255,3255,2.9,6.9,8.2,0.0,-,0,0,0.000
1790424218,__proc__,0,0,0,0,-,-,-,6753.7,31260,64811,6866016,488.335
1790424248,s7-ss-tcp,154598,0,3316,3316,0.8,2.1,5.4,0.0,-,0,0,0.000
1790424248,s8-tuic,154668,0,3326,3326,0.7,1.7,4.7,0.0,-,0,0,0.000
1790424248,s9-anytls,136713,15,2911,2911,40.9,42.7,43.5,0.0,-,0,0,0.000
1790424248,s10-vless-xhttp,144619,0,3053,3053,1.1,32.5,33.3,0.0,-,0,0,0.000
1790424248,s11-http-proxy,152416,0,3282,3282,2.2,6.7,8.4,0.0,-,0,0,0.000
1790424248,s12-vmess-h3,151724,42,3272,3272,2.8,6.6,8.2,0.0,-,0,0,0.000
1790424248,__proc__,0,0,0,0,-,-,-,6784.8,31178,64817,6935101,492.598
1790424278,s7-ss-tcp,156179,0,3320,3320,0.9,1.9,4.2,0.0,-,0,0,0.000
1790424278,s8-tuic,156246,0,3314,3314,0.7,1.6,3.6,0.0,-,0,0,0.000
1790424278,s9-anytls,138109,15,2932,2932,40.9,42.6,43.4,0.0,-,0,0,0.000
1790424278,s10-vless-xhttp,146081,0,3070,3070,1.0,32.5,33.2,0.0,-,0,0,0.000
1790424278,s11-http-proxy,153979,0,3282,3282,1.8,6.0,7.4,0.0,-,0,0,0.000
1790424278,s12-vmess-h3,153281,42,3270,3270,2.7,5.5,7.9,0.0,-,0,0,0.000
1790424278,__proc__,0,0,0,0,-,-,-,6811.0,31168,64776,7002141,496.721
1790424308,s7-ss-tcp,157758,0,3316,3316,1.0,2.1,4.4,0.0,-,0,0,0.000
1790424308,s8-tuic,157829,0,3324,3324,0.7,1.8,3.5,0.0,-,0,0,0.000
1790424308,s9-anytls,139507,15,2936,2936,2.1,42.7,43.5,0.0,-,0,0,0.000
1790424308,s10-vless-xhttp,147537,0,3058,3058,1.1,32.6,33.3,0.0,-,0,0,0.000
1790424308,s11-http-proxy,155544,0,3286,3286,1.7,5.5,6.7,0.0,-,0,0,0.000
1790424308,s12-vmess-h3,154833,42,3259,3259,2.8,5.3,6.4,0.0,-,0,0,0.000
1790424308,__proc__,0,0,0,0,-,-,-,6794.5,31107,64571,7069915,501.056
1790424338,s7-ss-tcp,159335,0,3312,3312,1.0,2.7,4.8,0.0,-,0,0,0.000
1790424338,s8-tuic,159406,0,3312,3312,0.8,2.4,4.3,0.0,-,0,0,0.000
1790424338,s9-anytls,140901,15,2927,2927,1.8,42.7,43.7,0.0,-,0,0,0.000
1790424338,s10-vless-xhttp,149009,0,3091,3091,1.1,32.7,33.5,0.0,-,0,0,0.000
1790424338,s11-http-proxy,157094,0,3255,3255,2.8,6.1,7.2,0.0,-,0,0,0.000
1790424338,s12-vmess-h3,156375,43,3238,3238,3.5,5.9,6.9,0.0,-,0,0,0.000
1790424338,__proc__,0,0,0,0,-,-,-,6807.1,31141,64556,7131203,505.728
1790424368,s7-ss-tcp,160908,0,3303,3303,1.0,3.1,4.8,0.0,-,0,0,0.000
1790424368,s8-tuic,160983,0,3312,3312,0.8,2.7,4.5,0.0,-,0,0,0.000
1790424368,s9-anytls,142296,15,2930,2930,2.2,42.7,44.0,0.0,-,0,0,0.000
1790424368,s10-vless-xhttp,150457,0,3041,3041,1.5,32.8,33.6,0.0,-,0,0,0.000
1790424368,s11-http-proxy,158651,0,3270,3270,3.0,6.8,8.1,0.0,-,0,0,0.000
1790424368,s12-vmess-h3,157924,44,3253,3253,3.8,6.4,7.8,0.0,-,0,0,0.000
1790424368,__proc__,0,0,0,0,-,-,-,6826.0,31102,64586,7204950,511.056
1790424398,s7-ss-tcp,162487,0,3316,3316,0.9,2.7,4.3,0.0,-,0,0,0.000
1790424398,s8-tuic,162562,0,3316,3316,0.8,2.4,4.1,0.0,-,0,0,0.000
1790424398,s9-anytls,143688,15,2923,2923,2.7,42.7,43.8,0.0,-,0,0,0.000
1790424398,s10-vless-xhttp,151913,0,3058,3058,1.7,32.7,33.5,0.0,-,0,0,0.000
1790424398,s11-http-proxy,160217,0,3289,3289,2.3,6.3,8.3,0.0,-,0,0,0.000
1790424398,s12-vmess-h3,159480,44,3268,3268,3.4,6.2,7.7,0.0,-,0,0,0.000
1790424398,__proc__,0,0,0,0,-,-,-,6845.4,31067,64620,7286375,516.086
1790424428,s7-ss-tcp,164067,0,3318,3318,0.8,2.0,3.8,0.0,-,0,0,0.000
1790424428,s8-tuic,164143,0,3320,3320,0.8,1.9,3.3,0.0,-,0,0,0.000
1790424428,s9-anytls,145098,15,2961,2961,2.1,42.7,43.5,0.0,-,0,0,0.000
1790424428,s10-vless-xhttp,153371,0,3062,3062,1.7,32.6,33.2,0.0,-,0,0,0.000
1790424428,s11-http-proxy,161779,0,3280,3280,1.9,5.7,7.2,0.0,-,0,0,0.000
1790424428,s12-vmess-h3,161036,44,3268,3268,3.1,5.3,6.6,0.0,-,0,0,0.000
1790424428,__proc__,0,0,0,0,-,-,-,6796.5,31055,64603,7361742,520.543
1790424458,s7-ss-tcp,165647,0,3318,3318,0.7,2.1,4.1,0.0,-,0,0,0.000
1790424458,s8-tuic,165723,0,3318,3318,0.7,1.8,3.7,0.0,-,0,0,0.000
1790424458,s9-anytls,146502,15,2948,2948,1.9,42.7,43.4,0.0,-,0,0,0.000
1790424458,s10-vless-xhttp,154825,0,3053,3053,1.4,32.5,33.2,0.0,-,0,0,0.000
1790424458,s11-http-proxy,163341,0,3280,3280,1.9,6.0,7.7,0.0,-,0,0,0.000
1790424458,s12-vmess-h3,162583,45,3249,3249,3.2,6.0,7.2,0.0,-,0,0,0.000
1790424458,__proc__,0,0,0,0,-,-,-,6817.8,31074,64549,7433272,524.851
1790424488,s7-ss-tcp,167227,0,3318,3318,0.7,2.1,4.5,0.0,-,0,0,0.000
1790424488,s8-tuic,167305,0,3322,3322,0.7,1.9,4.6,0.0,-,0,0,0.000
1790424488,s9-anytls,147901,15,2938,2938,1.5,42.7,43.5,0.0,-,0,0,0.000
1790424488,s10-vless-xhttp,156291,0,3079,3079,1.2,32.5,33.3,0.0,-,0,0,0.000
1790424488,s11-http-proxy,164894,0,3261,3261,2.8,6.5,7.8,0.0,-,0,0,0.000
1790424488,s12-vmess-h3,164135,45,3259,3259,3.4,6.4,7.7,0.0,-,0,0,0.000
1790424488,__proc__,0,0,0,0,-,-,-,6809.0,31098,64593,7504306,529.255
1790424518,s7-ss-tcp,168805,0,3314,3314,0.8,2.3,4.3,0.0,-,0,0,0.000
1790424518,s8-tuic,168884,0,3316,3316,0.7,2.0,4.3,0.0,-,0,0,0.000
1790424518,s9-anytls,149307,15,2953,2953,1.5,42.7,43.6,0.0,-,0,0,0.000
1790424518,s10-vless-xhttp,157756,0,3076,3076,1.1,32.5,33.3,0.0,-,0,0,0.000
1790424518,s11-http-proxy,166455,0,3278,3278,2.8,6.4,7.6,0.0,-,0,0,0.000
1790424518,s12-vmess-h3,165686,46,3257,3257,3.3,6.3,7.6,0.0,-,0,0,0.000
1790424518,__proc__,0,0,0,0,-,-,-,6855.2,31089,64584,7574493,533.586
1790424548,s7-ss-tcp,170385,0,3318,3318,0.8,2.5,4.4,0.0,-,0,0,0.000
1790424548,s8-tuic,170465,0,3320,3320,0.7,2.2,4.4,0.0,-,0,0,0.000
1790424548,s9-anytls,150700,15,2925,2925,1.8,42.7,43.6,0.0,-,0,0,0.000
1790424548,s10-vless-xhttp,159243,0,3123,3123,1.2,32.5,33.4,0.0,-,0,0,0.000
1790424548,s11-http-proxy,168016,0,3278,3278,2.9,6.5,7.7,0.0,-,0,0,0.000
1790424548,s12-vmess-h3,167243,46,3270,3270,3.3,6.3,7.5,0.0,-,0,0,0.000
1790424548,__proc__,0,0,0,0,-,-,-,6849.5,31208,64814,7648740,538.330
1790424578,s7-ss-tcp,171963,0,3314,3314,0.8,2.6,4.4,0.0,-,0,0,0.000
1790424578,s8-tuic,172043,0,3314,3314,0.7,2.4,4.1,0.0,-,0,0,0.000
1790424578,s9-anytls,152090,15,2919,2919,1.9,42.7,43.6,0.0,-,0,0,0.000
1790424578,s10-vless-xhttp,160713,0,3087,3087,1.2,32.7,33.6,0.0,-,0,0,0.000
1790424578,s11-http-proxy,169568,0,3259,3259,2.8,6.4,7.4,0.0,-,0,0,0.000
1790424578,s12-vmess-h3,168787,46,3242,3242,3.6,6.2,7.1,0.0,-,0,0,0.000
1790424578,__proc__,0,0,0,0,-,-,-,6820.8,31197,64674,7716206,543.158
1790424608,s7-ss-tcp,173539,0,3310,3310,0.9,3.0,5.3,0.0,-,0,0,0.000
1790424608,s8-tuic,173620,0,3312,3312,0.8,2.7,5.0,0.0,-,0,0,0.000
1790424608,s9-anytls,153485,15,2930,2930,2.7,42.8,44.4,0.0,-,0,0,0.000
1790424608,s10-vless-xhttp,162179,0,3079,3079,1.3,32.8,34.0,0.0,-,0,0,0.000
1790424608,s11-http-proxy,171103,0,3224,3224,4.3,7.7,9.6,0.0,-,0,0,0.000
1790424608,s12-vmess-h3,170325,46,3230,3230,4.2,7.3,8.8,0.0,-,0,0,0.000
1790424608,__proc__,0,0,0,0,-,-,-,6808.7,31201,64598,7778498,548.053
1790424638,s7-ss-tcp,175118,0,3316,3316,0.8,2.8,5.5,0.0,-,0,0,0.000
1790424638,s8-tuic,175201,0,3320,3320,0.8,2.6,5.2,0.0,-,0,0,0.000
1790424638,s9-anytls,154885,15,2940,2940,2.1,42.8,44.6,0.0,-,0,0,0.000
1790424638,s10-vless-xhttp,163648,0,3085,3085,1.3,32.8,34.0,0.0,-,0,0,0.000
1790424638,s11-http-proxy,172654,0,3257,3257,4.4,8.0,9.8,0.0,-,0,0,0.000
1790424638,s12-vmess-h3,171870,47,3244,3244,4.1,7.6,9.6,0.0,-,0,0,0.000
1790424638,__proc__,0,0,0,0,-,-,-,6785.4,31182,64653,7845779,552.555
1790424668,s7-ss-tcp,176699,0,3320,3320,0.8,2.5,5.1,0.0,-,0,0,0.000
1790424668,s8-tuic,176780,0,3316,3316,0.8,2.2,4.8,0.0,-,0,0,0.000
1790424668,s9-anytls,156269,15,2906,2906,2.5,42.7,44.5,0.0,-,0,0,0.000
1790424668,s10-vless-xhttp,165115,0,3081,3081,1.4,32.6,33.7,0.0,-,0,0,0.000
1790424668,s11-http-proxy,174221,0,3291,3291,3.6,7.9,9.7,0.0,-,0,0,0.000
1790424668,s12-vmess-h3,173424,49,3263,3263,3.3,7.4,9.6,0.0,-,0,0,0.000
1790424668,__proc__,0,0,0,0,-,-,-,6745.2,31232,64851,7927333,557.574
1790424698,s7-ss-tcp,178275,0,3310,3310,0.8,1.9,3.7,0.0,-,0,0,0.000
1790424698,s8-tuic,178359,0,3316,3316,0.8,1.8,3.3,0.0,-,0,0,0.000
1790424698,s9-anytls,157668,15,2938,2938,2.2,42.7,43.6,0.0,-,0,0,0.000
1790424698,s10-vless-xhttp,166577,0,3070,3070,1.6,32.5,33.1,0.0,-,0,0,0.000
1790424698,s11-http-proxy,175788,0,3291,3291,2.1,6.0,7.9,0.0,-,0,0,0.000
1790424698,s12-vmess-h3,174982,49,3272,3272,2.8,5.8,7.8,0.0,-,0,0,0.000
1790424698,__proc__,0,0,0,0,-,-,-,6776.4,31255,64947,8012702,562.748
1790424728,s7-ss-tcp,179857,0,3322,3322,0.9,1.8,3.1,0.0,-,0,0,0.000
1790424728,s8-tuic,179938,0,3316,3316,0.8,1.8,3.0,0.0,-,0,0,0.000
1790424728,s9-anytls,159082,15,2969,2969,2.1,42.7,43.1,0.0,-,0,0,0.000
1790424728,s10-vless-xhttp,168042,0,3076,3076,1.6,32.4,32.9,0.0,-,0,0,0.000
1790424728,s11-http-proxy,177357,0,3295,3295,1.8,4.9,6.6,0.0,-,0,0,0.000
1790424728,s12-vmess-h3,176540,49,3272,3272,2.7,4.8,6.4,0.0,-,0,0,0.000
1790424728,__proc__,0,0,0,0,-,-,-,6770.9,31252,64903,8098671,567.445
1790424758,s7-ss-tcp,181437,0,3318,3318,0.8,1.7,2.5,0.0,-,0,0,0.000
1790424758,s8-tuic,181521,0,3324,3324,0.7,1.6,2.3,0.0,-,0,0,0.000
1790424758,s9-anytls,160487,15,2950,2950,1.9,42.7,43.0,0.0,-,0,0,0.000
1790424758,s10-vless-xhttp,169512,0,3087,3087,1.5,32.3,33.0,0.0,-,0,0,0.000
1790424758,s11-http-proxy,178926,0,3295,3295,1.6,4.3,5.7,0.0,-,0,0,0.000
1790424758,s12-vmess-h3,178101,49,3278,3278,2.5,4.4,5.9,0.0,-,0,0,0.000
1790424758,__proc__,0,0,0,0,-,-,-,6862.4,31290,65010,8183059,571.970
1790424788,s7-ss-tcp,183018,0,3320,3320,0.8,1.7,3.6,0.0,-,0,0,0.000
1790424788,s8-tuic,183102,0,3320,3320,0.7,1.6,3.6,0.0,-,0,0,0.000
1790424788,s9-anytls,161890,15,2946,2946,1.6,42.7,43.4,0.0,-,0,0,0.000
1790424788,s10-vless-xhttp,170978,0,3079,3079,1.2,32.4,33.2,0.0,-,0,0,0.000
1790424788,s11-http-proxy,180489,0,3282,3282,1.6,5.3,6.5,0.0,-,0,0,0.000
1790424788,s12-vmess-h3,179654,49,3261,3261,2.7,5.5,6.7,0.0,-,0,0,0.000
1790424788,__proc__,0,0,0,0,-,-,-,6785.0,31290,64881,8258669,576.480
1790424818,s7-ss-tcp,184598,0,3318,3318,0.7,2.0,4.2,0.0,-,0,0,0.000
1790424818,s8-tuic,184681,0,3316,3316,0.7,1.8,4.2,0.0,-,0,0,0.000
1790424818,s9-anytls,163288,15,2936,2936,1.6,42.7,43.7,0.0,-,0,0,0.000
1790424818,s10-vless-xhttp,172440,0,3070,3070,1.2,32.5,33.4,0.0,-,0,0,0.000
1790424818,s11-http-proxy,182042,0,3261,3261,2.5,6.2,7.5,0.0,-,0,0,0.000
1790424818,s12-vmess-h3,181206,49,3259,3259,3.2,6.2,7.3,0.0,-,0,0,0.000
1790424818,__proc__,0,0,0,0,-,-,-,6815.7,31278,64898,8326102,580.851
1790424848,s7-ss-tcp,186178,0,3318,3318,0.7,2.0,4.5,0.0,-,0,0,0.000
1790424848,s8-tuic,186263,0,3322,3322,0.7,1.9,4.4,0.0,-,0,0,0.000
1790424848,s9-anytls,164691,15,2946,2946,1.6,42.7,43.7,0.0,-,0,0,0.000
1790424848,s10-vless-xhttp,173918,0,3104,3104,1.2,32.5,33.4,0.0,-,0,0,0.000
1790424848,s11-http-proxy,183604,0,3280,3280,2.9,6.4,7.7,0.0,-,0,0,0.000
1790424848,s12-vmess-h3,182758,50,3259,3259,3.3,6.5,7.7,0.0,-,0,0,0.000
1790424848,__proc__,0,0,0,0,-,-,-,6785.3,31278,64907,8400335,585.332
1790424878,s7-ss-tcp,187758,0,3318,3318,0.8,2.0,4.5,0.0,-,0,0,0.000
1790424878,s8-tuic,187842,0,3316,3316,0.7,1.9,4.3,0.0,-,0,0,0.000
1790424878,s9-anytls,166083,15,2923,2923,1.7,42.7,43.7,0.0,-,0,0,0.000
1790424878,s10-vless-xhttp,175384,0,3079,3079,1.1,32.6,33.4,0.0,-,0,0,0.000
1790424878,s11-http-proxy,185156,0,3259,3259,3.3,6.4,7.7,0.0,-,0,0,0.000
1790424878,s12-vmess-h3,184307,50,3253,3253,3.3,6.4,7.8,0.0,-,0,0,0.000
1790424878,__proc__,0,0,0,0,-,-,-,6779.6,31280,64867,8464841,589.809
1790424908,s7-ss-tcp,189328,0,3297,3297,0.9,3.1,6.3,0.0,-,0,0,0.000
1790424908,s8-tuic,189415,0,3303,3303,0.8,2.7,5.9,0.0,-,0,0,0.000
1790424908,s9-anytls,167466,15,2904,2904,2.3,42.7,44.2,0.0,-,0,0,0.000
1790424908,s10-vless-xhttp,176840,0,3058,3058,1.2,32.6,33.7,0.0,-,0,0,0.000
1790424908,s11-http-proxy,186694,0,3230,3230,4.2,7.5,9.2,0.0,-,0,0,0.000
1790424908,s12-vmess-h3,185845,51,3230,3230,3.8,7.1,8.5,0.0,-,0,0,0.000
1790424908,__proc__,0,0,0,0,-,-,-,6799.6,31203,64623,8523210,594.323
1790424938,s7-ss-tcp,190909,0,3320,3320,1.0,2.9,6.0,0.0,-,0,0,0.000
1790424938,s8-tuic,190995,0,3318,3318,1.0,2.5,5.1,0.0,-,0,0,0.000
1790424938,s9-anytls,168858,15,2923,2923,41.0,42.7,44.0,0.0,-,0,0,0.000
1790424938,s10-vless-xhttp,178295,0,3056,3056,1.3,32.6,33.4,0.0,-,0,0,0.000
1790424938,s11-http-proxy,188263,0,3295,3295,3.5,7.3,9.0,0.0,-,0,0,0.000
1790424938,s12-vmess-h3,187403,52,3272,3272,3.2,6.8,8.5,0.0,-,0,0,0.000
1790424938,__proc__,0,0,0,0,-,-,-,6805.7,31225,64857,8590514,598.814
1790424968,s7-ss-tcp,192484,0,3308,3308,1.1,2.9,5.9,0.0,-,0,0,0.000
1790424968,s8-tuic,192571,0,3310,3310,1.1,2.6,5.8,0.0,-,0,0,0.000
1790424968,s9-anytls,170255,15,2934,2934,40.9,42.7,43.8,0.0,-,0,0,0.000
1790424968,s10-vless-xhttp,179738,0,3030,3030,1.4,32.7,33.5,0.0,-,0,0,0.000
1790424968,s11-http-proxy,189820,0,3270,3270,3.1,7.5,9.1,0.0,-,0,0,0.000
1790424968,s12-vmess-h3,188953,53,3255,3255,3.1,7.0,8.7,0.0,-,0,0,0.000
1790424968,__proc__,0,0,0,0,-,-,-,6828.8,31182,64729,8658440,603.521
1790424998,s7-ss-tcp,194060,0,3310,3310,1.2,2.7,3.8,0.0,-,0,0,0.000
1790424998,s8-tuic,194150,0,3316,3316,1.0,2.3,3.7,0.0,-,0,0,0.000
1790424998,s9-anytls,171649,15,2927,2927,2.2,42.7,43.5,0.0,-,0,0,0.000
1790424998,s10-vless-xhttp,181199,0,3068,3068,1.7,32.6,33.2,0.0,-,0,0,0.000
1790424998,s11-http-proxy,191380,0,3276,3276,2.0,6.1,7.8,0.0,-,0,0,0.000
1790424998,s12-vmess-h3,190501,55,3251,3251,3.0,5.6,7.1,0.0,-,0,0,0.000
1790424998,__proc__,0,0,0,0,-,-,-,6843.9,31158,64700,8739122,608.793
1790425028,s7-ss-tcp,195641,0,3320,3320,1.0,2.4,3.5,0.0,-,0,0,0.000
1790425028,s8-tuic,195731,0,3320,3320,0.9,2.2,3.4,0.0,-,0,0,0.000
1790425028,s9-anytls,173054,15,2950,2950,2.2,42.7,43.5,0.0,-,0,0,0.000
1790425028,s10-vless-xhttp,182663,0,3074,3074,1.7,32.5,33.2,0.0,-,0,0,0.000
1790425028,s11-http-proxy,192946,0,3289,3289,2.1,5.6,7.3,0.0,-,0,0,0.000
1790425028,s12-vmess-h3,192055,56,3263,3263,3.0,5.3,7.0,0.0,-,0,0,0.000
1790425028,__proc__,0,0,0,0,-,-,-,6846.3,31151,64687,8818752,613.627
1790425058,s7-ss-tcp,197222,0,3320,3320,0.9,2.0,3.3,0.0,-,0,0,0.000
1790425058,s8-tuic,197311,0,3318,3318,0.8,1.8,3.0,0.0,-,0,0,0.000
1790425058,s9-anytls,174451,15,2934,2934,2.0,42.7,43.4,0.0,-,0,0,0.000
1790425058,s10-vless-xhttp,184136,0,3093,3093,1.5,32.4,33.1,0.0,-,0,0,0.000
1790425058,s11-http-proxy,194508,0,3280,3280,2.0,5.4,6.7,0.0,-,0,0,0.000
1790425058,s12-vmess-h3,193607,56,3259,3259,3.0,5.2,6.3,0.0,-,0,0,0.000
1790425058,__proc__,0,0,0,0,-,-,-,6857.5,31150,64674,8891644,618.165
1790425088,s7-ss-tcp,198799,0,3312,3312,0.8,2.0,3.7,0.0,-,0,0,0.000
1790425088,s8-tuic,198891,0,3318,3318,0.7,1.8,3.2,0.0,-,0,0,0.000
1790425088,s9-anytls,175847,16,2932,2932,1.8,42.7,43.5,0.0,-,0,0,0.000
1790425088,s10-vless-xhttp,185597,0,3068,3068,1.3,32.5,33.2,0.0,-,0,0,0.000
1790425088,s11-http-proxy,196070,0,3280,3280,2.0,5.5,6.7,0.0,-,0,0,0.000
1790425088,s12-vmess-h3,195161,57,3263,3263,3.1,5.4,6.4,0.0,-,0,0,0.000
1790425088,__proc__,0,0,0,0,-,-,-,6798.4,31169,64716,8962687,622.624
1790425118,s7-ss-tcp,200383,0,3326,3326,0.8,1.7,3.3,0.0,-,0,0,0.000
1790425118,s8-tuic,200472,0,3320,3320,0.7,1.6,2.9,0.0,-,0,0,0.000
1790425118,s9-anytls,177240,16,2925,2925,1.8,42.6,43.4,0.0,-,0,0,0.000
1790425118,s10-vless-xhttp,187061,0,3074,3074,1.2,32.5,33.1,0.0,-,0,0,0.000
1790425118,s11-http-proxy,197646,0,3310,3310,1.8,5.1,6.4,0.0,-,0,0,0.000
1790425118,s12-vmess-h3,196714,60,3261,3261,2.7,5.1,6.2,0.0,-,0,0,0.000
1790425118,__proc__,0,0,0,0,-,-,-,6860.6,31148,64700,9047741,626.959
1790425148,s7-ss-tcp,201962,0,3316,3316,0.7,1.4,2.4,0.0,-,0,0,0.000
1790425148,s8-tuic,202055,0,3324,3324,0.7,1.3,2.2,0.0,-,0,0,0.000
1790425148,s9-anytls,178643,16,2946,2946,1.7,42.6,43.4,0.0,-,0,0,0.000
1790425148,s10-vless-xhttp,188523,0,3070,3070,1.2,32.4,33.0,0.0,-,0,0,0.000
1790425148,s11-http-proxy,199214,0,3293,3293,1.6,4.1,5.6,0.0,-,0,0,0.000
1790425148,s12-vmess-h3,198273,61,3274,3274,2.3,4.1,5.5,0.0,-,0,0,0.000
1790425148,__proc__,0,0,0,0,-,-,-,6821.6,31116,64693,9126965,631.174
1790425178,s7-ss-tcp,203544,0,3322,3322,0.7,1.4,2.4,0.0,-,0,0,0.000
1790425178,s8-tuic,203636,0,3320,3320,0.7,1.4,2.4,0.0,-,0,0,0.000
1790425178,s9-anytls,180047,16,2948,2948,1.4,42.6,43.0,0.0,-,0,0,0.000
1790425178,s10-vless-xhttp,189968,0,3034,3034,1.1,32.4,32.9,0.0,-,0,0,0.000
1790425178,s11-http-proxy,200783,0,3295,3295,1.6,4.4,5.8,0.0,-,0,0,0.000
1790425178,s12-vmess-h3,199831,62,3272,3272,2.3,4.8,5.9,0.0,-,0,0,0.000
1790425178,__proc__,0,0,0,0,-,-,-,6833.0,31062,64587,9204087,635.378
1790425208,s7-ss-tcp,205123,0,3316,3316,0.7,1.7,4.2,0.0,-,0,0,0.000
1790425208,s8-tuic,205217,0,3320,3320,0.7,1.5,3.8,0.0,-,0,0,0.000
1790425208,s9-anytls,181446,16,2938,2938,1.3,42.7,43.6,0.0,-,0,0,0.000
1790425208,s10-vless-xhttp,191421,0,3051,3051,1.1,32.5,33.3,0.0,-,0,0,0.000
1790425208,s11-http-proxy,202347,0,3284,3284,1.6,5.4,6.9,0.0,-,0,0,0.000
1790425208,s12-vmess-h3,201378,63,3249,3249,2.7,6.0,7.6,0.0,-,0,0,0.000
1790425208,__proc__,0,0,0,0,-,-,-,6854.9,31077,64533,9273488,639.531
1790425238,s7-ss-tcp,206704,0,3320,3320,0.7,2.0,4.7,0.0,-,0,0,0.000
1790425238,s8-tuic,206800,0,3324,3324,0.7,1.7,4.2,0.0,-,0,0,0.000
1790425238,s9-anytls,182855,16,2959,2959,1.3,42.7,43.6,0.0,-,0,0,0.000
1790425238,s10-vless-xhttp,192898,0,3102,3102,1.0,32.5,33.4,0.0,-,0,0,0.000
1790425238,s11-http-proxy,203902,0,3266,3266,1.9,6.1,7.9,0.0,-,0,0,0.000
1790425238,s12-vmess-h3,202929,63,3257,3257,3.3,6.6,8.0,0.0,-,0,0,0.000
1790425238,__proc__,0,0,0,0,-,-,-,6832.0,31125,64636,9342967,643.724
1790425268,s7-ss-tcp,208284,0,3318,3318,0.7,1.9,4.5,0.0,-,0,0,0.000
1790425268,s8-tuic,208379,0,3316,3316,0.7,1.7,4.2,0.0,-,0,0,0.000
1790425268,s9-anytls,184262,16,2955,2955,1.4,42.7,43.6,0.0,-,0,0,0.000
1790425268,s10-vless-xhttp,194354,0,3058,3058,1.1,32.5,33.4,0.0,-,0,0,0.000
1790425268,s11-http-proxy,205467,0,3286,3286,2.0,6.2,7.9,0.0,-,0,0,0.000
1790425268,s12-vmess-h3,204481,63,3259,3259,3.4,6.7,8.0,0.0,-,0,0,0.000
1790425268,__proc__,0,0,0,0,-,-,-,6840.6,31112,64681,9418234,648.099
1790425298,s7-ss-tcp,209860,0,3310,3310,0.8,2.2,4.0,0.0,-,0,0,0.000
1790425298,s8-tuic,209958,0,3316,3316,0.7,2.0,3.6,0.0,-,0,0,0.000
1790425298,s9-anytls,185653,16,2921,2921,1.8,42.7,43.6,0.0,-,0,0,0.000
1790425298,s10-vless-xhttp,195810,0,3058,3058,1.3,32.5,33.3,0.0,-,0,0,0.000
1790425298,s11-http-proxy,207012,0,3244,3244,2.9,6.4,8.1,0.0,-,0,0,0.000
1790425298,s12-vmess-h3,206030,63,3253,3253,3.4,5.9,7.3,0.0,-,0,0,0.000
1790425298,__proc__,0,0,0,0,-,-,-,6852.7,31144,64636,9486753,653.094
1790425328,s7-ss-tcp,211442,0,3322,3322,0.9,2.5,4.2,0.0,-,0,0,0.000
1790425328,s8-tuic,211538,0,3318,3318,0.7,2.3,3.9,0.0,-,0,0,0.000
1790425328,s9-anytls,187054,16,2942,2942,1.9,42.7,43.5,0.0,-,0,0,0.000
1790425328,s10-vless-xhttp,197269,0,3064,3064,1.6,32.5,33.2,0.0,-,0,0,0.000
1790425328,s11-http-proxy,208574,0,3280,3280,3.4,6.5,8.2,0.0,-,0,0,0.000
1790425328,s12-vmess-h3,207586,63,3268,3268,3.6,6.0,7.3,0.0,-,0,0,0.000
1790425328,__proc__,0,0,0,0,-,-,-,6850.4,31139,64707,9562132,657.936
1790425358,s7-ss-tcp,213020,0,3314,3314,0.8,2.1,3.6,0.0,-,0,0,0.000
1790425358,s8-tuic,213120,0,3322,3322,0.7,2.1,3.7,0.0,-,0,0,0.000
1790425358,s9-anytls,188440,17,2911,2911,2.1,42.7,43.6,0.0,-,0,0,0.000
1790425358,s10-vless-xhttp,198731,0,3070,3070,1.6,32.5,33.2,0.0,-,0,0,0.000
1790425358,s11-http-proxy,210136,0,3280,3280,3.1,6.2,7.4,0.0,-,0,0,0.000
1790425358,s12-vmess-h3,209136,64,3255,3255,3.4,5.8,6.9,0.0,-,0,0,0.000
1790425358,__proc__,0,0,0,0,-,-,-,6865.1,31089,64585,9635778,662.318
1790425388,s7-ss-tcp,214602,0,3322,3322,0.8,1.8,2.9,0.0,-,0,0,0.000
1790425388,s8-tuic,214701,0,3320,3320,0.7,1.6,3.3,0.0,-,0,0,0.000
1790425388,s9-anytls,189832,17,2923,2923,2.2,42.7,43.5,0.0,-,0,0,0.000
1790425388,s10-vless-xhttp,200202,0,3089,3089,1.3,32.4,33.1,0.0,-,0,0,0.000
1790425388,s11-http-proxy,211708,0,3301,3301,1.8,5.6,6.8,0.0,-,0,0,0.000
1790425388,s12-vmess-h3,210696,64,3276,3276,3.0,5.4,6.4,0.0,-,0,0,0.000
1790425388,__proc__,0,0,0,0,-,-,-,6886.7,31126,64733,9719473,666.907
1790425418,s7-ss-tcp,216182,0,3318,3318,0.8,1.8,3.2,0.0,-,0,0,0.000
1790425418,s8-tuic,216281,0,3318,3318,0.7,1.5,3.4,0.0,-,0,0,0.000
1790425418,s9-anytls,191228,17,2932,2932,2.5,42.7,43.5,0.0,-,0,0,0.000
1790425418,s10-vless-xhttp,201664,0,3070,3070,1.2,32.4,33.0,0.0,-,0,0,0.000
1790425418,s11-http-proxy,213269,0,3278,3278,1.7,5.8,6.9,0.0,-,0,0,0.000
1790425418,s12-vmess-h3,212249,65,3261,3261,2.8,5.7,6.5,0.0,-,0,0,0.000
1790425418,__proc__,0,0,0,0,-,-,-,6872.1,31138,64648,9793208,671.327
1790425448,s7-ss-tcp,217762,0,3318,3318,0.8,1.9,3.8,0.0,-,0,0,0.000
1790425448,s8-tuic,217862,0,3320,3320,0.7,1.6,3.5,0.0,-,0,0,0.000
1790425448,s9-anytls,192623,17,2930,2930,2.2,42.7,43.5,0.0,-,0,0,0.000
1790425448,s10-vless-xhttp,203121,0,3060,3060,1.2,32.5,33.2,0.0,-,0,0,0.000
1790425448,s11-http-proxy,214837,0,3293,3293,1.7,5.8,7.0,0.0,-,0,0,0.000
1790425448,s12-vmess-h3,213794,67,3244,3244,3.2,5.7,6.4,0.0,-,0,0,0.000
1790425448,__proc__,0,0,0,0,-,-,-,6878.3,31099,64567,9865733,675.677
1790425478,s7-ss-tcp,219343,0,3320,3320,0.8,1.9,3.9,0.0,-,0,0,0.000
1790425478,s8-tuic,219443,0,3320,3320,0.7,1.5,3.6,0.0,-,0,0,0.000
1790425478,s9-anytls,194021,17,2936,2936,1.8,42.7,43.6,0.0,-,0,0,0.000
1790425478,s10-vless-xhttp,204597,0,3100,3100,1.1,32.5,33.3,0.0,-,0,0,0.000
1790425478,s11-http-proxy,216400,0,3282,3282,1.7,6.0,7.1,0.0,-,0,0,0.000
1790425478,s12-vmess-h3,215351,67,3270,3270,3.2,5.7,6.5,0.0,-,0,0,0.000
1790425478,__proc__,0,0,0,0,-,-,-,6888.4,31192,64830,9939124,680.049
1790425508,s7-ss-tcp,220922,0,3316,3316,0.8,2.0,4.0,0.0,-,0,0,0.000
1790425508,s8-tuic,221024,0,3320,3320,0.7,1.8,3.9,0.0,-,0,0,0.000
1790425508,s9-anytls,195410,17,2917,2917,2.1,42.7,43.6,0.0,-,0,0,0.000
1790425508,s10-vless-xhttp,206048,0,3047,3047,1.1,32.6,33.5,0.0,-,0,0,0.000
1790425508,s11-http-proxy,217952,0,3259,3259,2.5,6.0,7.3,0.0,-,0,0,0.000
1790425508,s12-vmess-h3,216897,68,3247,3247,3.5,6.0,7.2,0.0,-,0,0,0.000
1790425508,__proc__,0,0,0,0,-,-,-,6892.6,31182,64668,10008230,684.406
1790425538,s7-ss-tcp,222503,0,3320,3320,0.7,1.8,4.0,0.0,-,0,0,0.000
1790425538,s8-tuic,222605,0,3320,3320,0.7,1.7,3.7,0.0,-,0,0,0.000
1790425538,s9-anytls,196800,18,2919,2919,1.9,42.7,43.6,0.0,-,0,0,0.000
1790425538,s10-vless-xhttp,207508,0,3066,3066,1.1,32.6,33.5,0.0,-,0,0,0.000
1790425538,s11-http-proxy,219513,0,3278,3278,2.7,5.8,7.3,0.0,-,0,0,0.000
1790425538,s12-vmess-h3,218451,69,3263,3263,3.2,5.8,7.2,0.0,-,0,0,0.000
1790425538,__proc__,0,0,0,0,-,-,-,6853.2,31106,64647,10077936,688.584
1790425568,s7-ss-tcp,224081,0,3314,3314,0.7,2.1,4.5,0.0,-,0,0,0.000
1790425568,s8-tuic,224185,0,3318,3318,0.7,2.0,4.1,0.0,-,0,0,0.000
1790425568,s9-anytls,198194,18,2927,2927,2.8,42.7,43.6,0.0,-,0,0,0.000
1790425568,s10-vless-xhttp,208966,0,3062,3062,1.1,32.7,33.8,0.0,-,0,0,0.000
1790425568,s11-http-proxy,221066,0,3261,3261,3.3,6.6,8.2,0.0,-,0,0,0.000
1790425568,s12-vmess-h3,219997,69,3247,3247,3.5,6.4,7.8,0.0,-,0,0,0.000
1790425568,__proc__,0,0,0,0,-,-,-,6818.9,31130,64616,10142457,692.968
1790425598,s7-ss-tcp,225659,0,3314,3314,0.8,1.9,3.9,0.0,-,0,0,0.000
1790425598,s8-tuic,225765,0,3318,3318,0.7,1.8,3.6,0.0,-,0,0,0.000
1790425598,s9-anytls,199597,18,2946,2946,2.0,42.6,43.5,0.0,-,0,0,0.000
1790425598,s10-vless-xhttp,210425,0,3064,3064,1.4,32.6,33.4,0.0,-,0,0,0.000
1790425598,s11-http-proxy,222634,0,3293,3293,2.0,6.2,7.8,0.0,-,0,0,0.000
1790425598,s12-vmess-h3,221559,69,3280,3280,3.1,5.8,7.3,0.0,-,0,0,0.000
1790425598,__proc__,0,0,0,0,-,-,-,6817.6,31153,64787,10225697,697.821
1790425628,s7-ss-tcp,227240,0,3320,3320,0.9,1.9,3.8,0.0,-,0,0,0.000
1790425628,s8-tuic,227343,0,3314,3314,0.8,1.9,3.5,0.0,-,0,0,0.000
1790425628,s9-anytls,200988,18,2921,2921,2.1,42.6,43.1,0.0,-,0,0,0.000
1790425628,s10-vless-xhttp,211882,0,3060,3060,1.6,32.5,33.2,0.0,-,0,0,0.000
1790425628,s11-http-proxy,224205,0,3299,3299,2.0,6.0,7.6,0.0,-,0,0,0.000
1790425628,s12-vmess-h3,223110,72,3257,3257,2.8,5.8,7.2,0.0,-,0,0,0.000
1790425628,__proc__,0,0,0,0,-,-,-,6824.4,31123,64648,10310605,702.715
1790425658,s7-ss-tcp,228818,0,3314,3314,0.8,1.8,3.3,0.0,-,0,0,0.000
1790425658,s8-tuic,228924,0,3320,3320,0.8,1.8,3.1,0.0,-,0,0,0.000
1790425658,s9-anytls,202388,18,2940,2940,2.1,42.6,43.0,0.0,-,0,0,0.000
1790425658,s10-vless-xhttp,213357,0,3098,3098,1.6,32.4,33.0,0.0,-,0,0,0.000
1790425658,s11-http-proxy,225761,0,3268,3268,1.8,5.8,8.5,0.0,-,0,0,0.000
1790425658,s12-vmess-h3,224660,72,3255,3255,2.8,5.8,8.1,0.0,-,0,0,0.000
1790425658,__proc__,0,0,0,0,-,-,-,6844.3,31174,64709,10384587,707.244
1790425688,s7-ss-tcp,230399,0,3320,3320,0.8,1.8,3.7,0.0,-,0,0,0.000
1790425688,s8-tuic,230502,0,3314,3314,0.7,1.7,3.5,0.0,-,0,0,0.000
1790425688,s9-anytls,203774,18,2911,2911,2.5,42.7,43.6,0.0,-,0,0,0.000
1790425688,s10-vless-xhttp,214809,0,3049,3049,1.4,32.5,33.1,0.0,-,0,0,0.000
1790425688,s11-http-proxy,227330,0,3295,3295,1.8,6.0,8.6,0.0,-,0,0,0.000
1790425688,s12-vmess-h3,226216,72,3268,3268,3.0,6.0,8.2,0.0,-,0,0,0.000
1790425688,__proc__,0,0,0,0,-,-,-,6870.0,31155,64706,10457044,711.700
1790425718,s7-ss-tcp,231978,0,3316,3316,0.8,1.8,3.7,0.0,-,0,0,0.000
1790425718,s8-tuic,232086,0,3326,3326,0.7,1.8,3.5,0.0,-,0,0,0.000
1790425718,s9-anytls,205176,18,2944,2944,2.0,42.7,43.6,0.0,-,0,0,0.000
1790425718,s10-vless-xhttp,216258,0,3043,3043,1.2,32.5,33.2,0.0,-,0,0,0.000
1790425718,s11-http-proxy,228888,0,3272,3272,1.9,5.5,6.6,0.0,-,0,0,0.000
1790425718,s12-vmess-h3,227770,72,3263,3263,3.2,5.4,6.5,0.0,-,0,0,0.000
1790425718,__proc__,0,0,0,0,-,-,-,6843.2,31085,64615,10528913,716.062
1790425748,s7-ss-tcp,233560,0,3322,3322,0.8,2.0,3.9,0.0,-,0,0,0.000
1790425748,s8-tuic,233664,0,3314,3314,0.7,1.9,3.6,0.0,-,0,0,0.000
1790425748,s9-anytls,206567,18,2921,2921,4.8,42.7,43.7,0.0,-,0,0,0.000
1790425748,s10-vless-xhttp,217705,0,3039,3039,1.3,32.5,33.2,0.0,-,0,0,0.000
1790425748,s11-http-proxy,230449,0,3278,3278,2.6,5.7,6.7,0.0,-,0,0,0.000
1790425748,s12-vmess-h3,229323,73,3261,3261,3.2,5.4,6.6,0.0,-,0,0,0.000
1790425748,__proc__,0,0,0,0,-,-,-,6837.5,31091,64586,10597783,720.284
1790425778,s7-ss-tcp,235142,0,3322,3322,0.7,1.6,3.4,0.0,-,0,0,0.000
1790425778,s8-tuic,235248,0,3326,3326,0.7,1.6,3.4,0.0,-,0,0,0.000
1790425778,s9-anytls,207971,18,2948,2948,1.6,42.7,43.6,0.0,-,0,0,0.000
1790425778,s10-vless-xhttp,219163,0,3062,3062,1.2,32.5,33.2,0.0,-,0,0,0.000
1790425778,s11-http-proxy,232015,0,3289,3289,2.0,5.5,6.7,0.0,-,0,0,0.000
1790425778,s12-vmess-h3,230883,73,3276,3276,2.7,5.3,6.6,0.0,-,0,0,0.000
1790425778,__proc__,0,0,0,0,-,-,-,6811.6,31051,64619,10673721,724.408
1790425808,s7-ss-tcp,236720,0,3314,3314,0.7,1.6,3.4,0.0,-,0,0,0.000
1790425808,s8-tuic,236829,0,3320,3320,0.7,1.5,3.2,0.0,-,0,0,0.000
1790425808,s9-anytls,209380,18,2959,2959,1.4,42.7,43.6,0.0,-,0,0,0.000
1790425808,s10-vless-xhttp,220628,0,3076,3076,1.1,32.5,33.2,0.0,-,0,0,0.000
1790425808,s11-http-proxy,233583,0,3293,3293,1.6,5.0,6.1,0.0,-,0,0,0.000
1790425808,s12-vmess-h3,232433,74,3255,3255,2.9,5.3,6.4,0.0,-,0,0,0.000
1790425808,__proc__,0,0,0,0,-,-,-,6808.8,31059,64503,10747332,728.705
1790425838,s7-ss-tcp,238302,0,3322,3322,0.7,1.6,3.6,0.0,-,0,0,0.000
1790425838,s8-tuic,238408,0,3316,3316,0.7,1.4,3.1,0.0,-,0,0,0.000
1790425838,s9-anytls,210780,19,2940,2940,1.4,42.7,43.6,0.0,-,0,0,0.000
1790425838,s10-vless-xhttp,222090,0,3070,3070,1.1,32.4,33.2,0.0,-,0,0,0.000
1790425838,s11-http-proxy,235143,0,3276,3276,1.6,5.2,6.3,0.0,-,0,0,0.000
1790425838,s12-vmess-h3,233985,75,3259,3259,3.1,5.3,6.2,0.0,-,0,0,0.000
1790425838,__proc__,0,0,0,0,-,-,-,6805.2,31052,64548,10818285,732.993
1790425868,s7-ss-tcp,239882,0,3318,3318,0.7,1.8,3.6,0.0,-,0,0,0.000
1790425868,s8-tuic,239992,0,3326,3326,0.7,1.7,3.3,0.0,-,0,0,0.000
1790425868,s9-anytls,212182,19,2944,2944,1.4,42.7,43.6,0.0,-,0,0,0.000
1790425868,s10-vless-xhttp,223549,0,3064,3064,1.1,32.5,33.2,0.0,-,0,0,0.000
1790425868,s11-http-proxy,236705,0,3280,3280,2.2,5.5,6.5,0.0,-,0,0,0.000
1790425868,s12-vmess-h3,235539,75,3263,3263,3.4,5.4,6.2,0.0,-,0,0,0.000
1790425868,__proc__,0,0,0,0,-,-,-,6805.0,31054,64597,10888121,737.237
1790425898,s7-ss-tcp,241463,0,3320,3320,0.7,1.8,3.5,0.0,-,0,0,0.000
1790425898,s8-tuic,241569,0,3312,3312,0.7,1.8,3.3,0.0,-,0,0,0.000
1790425898,s9-anytls,213588,19,2953,2953,1.7,42.6,43.5,0.0,-,0,0,0.000
1790425898,s10-vless-xhttp,225013,0,3074,3074,1.2,32.5,33.1,0.0,-,0,0,0.000
1790425898,s11-http-proxy,238266,0,3278,3278,2.6,5.7,6.8,0.0,-,0,0,0.000
1790425898,s12-vmess-h3,237092,76,3261,3261,3.1,5.4,6.6,0.0,-,0,0,0.000
1790425898,__proc__,0,0,0,0,-,-,-,6810.0,31093,64596,10964106,741.876
1790425928,s7-ss-tcp,243040,0,3312,3312,0.8,1.8,3.1,0.0,-,0,0,0.000
1790425928,s8-tuic,243149,0,3318,3318,0.8,1.7,3.1,0.0,-,0,0,0.000
1790425928,s9-anytls,214989,19,2942,2942,1.9,42.6,43.2,0.0,-,0,0,0.000
1790425928,s10-vless-xhttp,226464,0,3047,3047,1.6,32.4,33.0,0.0,-,0,0,0.000
1790425928,s11-http-proxy,239835,0,3295,3295,2.1,5.2,6.5,0.0,-,0,0,0.000
1790425928,s12-vmess-h3,238653,76,3278,3278,2.9,5.0,6.4,0.0,-,0,0,0.000
1790425928,__proc__,0,0,0,0,-,-,-,6801.3,31090,64701,11048807,746.863
1790425958,s7-ss-tcp,244624,0,3326,3326,0.8,1.7,3.0,0.0,-,0,0,0.000
1790425958,s8-tuic,244730,0,3320,3320,0.8,1.7,2.7,0.0,-,0,0,0.000
1790425958,s9-anytls,216400,19,2963,2963,1.9,42.6,43.2,0.0,-,0,0,0.000
1790425958,s10-vless-xhttp,227933,0,3085,3085,1.6,32.4,33.0,0.0,-,0,0,0.000
1790425958,s11-http-proxy,241404,0,3295,3295,1.8,4.6,6.1,0.0,-,0,0,0.000
1790425958,s12-vmess-h3,240211,76,3272,3272,2.8,4.8,6.2,0.0,-,0,0,0.000
1790425958,__proc__,0,0,0,0,-,-,-,6837.7,31067,64617,11129615,751.384
1790425988,s7-ss-tcp,246204,0,3318,3318,0.8,1.6,2.7,0.0,-,0,0,0.000
1790425988,s8-tuic,246312,0,3322,3322,0.7,1.6,2.6,0.0,-,0,0,0.000
1790425988,s9-anytls,217811,19,2963,2963,1.8,42.6,43.2,0.0,-,0,0,0.000
1790425988,s10-vless-xhttp,229395,0,3070,3070,1.5,32.4,33.1,0.0,-,0,0,0.000
1790425988,s11-http-proxy,242975,0,3299,3299,1.6,4.5,5.6,0.0,-,0,0,0.000
1790425988,s12-vmess-h3,241762,78,3257,3257,2.9,4.9,6.1,0.0,-,0,0,0.000
1790425988,__proc__,0,0,0,0,-,-,-,6850.8,31084,64591,11209946,755.940
1790426018,s7-ss-tcp,247782,0,3314,3314,0.8,1.8,3.8,0.0,-,0,0,0.000
1790426018,s8-tuic,247891,0,3316,3316,0.7,1.7,3.6,0.0,-,0,0,0.000
1790426018,s9-anytls,219210,19,2938,2938,1.7,42.7,43.5,0.0,-,0,0,0.000
1790426018,s10-vless-xhttp,230869,0,3095,3095,1.3,32.5,33.3,0.0,-,0,0,0.000
1790426018,s11-http-proxy,244532,0,3270,3270,1.8,5.8,7.2,0.0,-,0,0,0.000
1790426018,s12-vmess-h3,243309,79,3249,3249,3.1,6.0,7.4,0.0,-,0,0,0.000
1790426018,__proc__,0,0,0,0,-,-,-,6793.0,31121,64575,11283279,760.630
1790426048,s7-ss-tcp,249361,0,3316,3316,0.8,2.3,4.5,0.0,-,0,0,0.000
1790426048,s8-tuic,249472,0,3320,3320,0.7,2.1,4.2,0.0,-,0,0,0.000
1790426048,s9-anytls,220608,19,2936,2936,1.8,42.7,43.7,0.0,-,0,0,0.000
1790426048,s10-vless-xhttp,232331,0,3070,3070,1.3,32.6,33.5,0.0,-,0,0,0.000
1790426048,s11-http-proxy,246080,0,3251,3251,2.7,6.7,8.1,0.0,-,0,0,0.000
1790426048,s12-vmess-h3,244861,79,3259,3259,3.4,6.6,7.8,0.0,-,0,0,0.000
1790426048,__proc__,0,0,0,0,-,-,-,6801.6,31169,64710,11352795,765.314
1790426078,s7-ss-tcp,250942,0,3320,3320,0.8,2.5,4.7,0.0,-,0,0,0.000
1790426078,s8-tuic,251051,0,3316,3316,0.8,2.3,4.4,0.0,-,0,0,0.000
1790426078,s9-anytls,221993,19,2908,2908,2.3,42.7,43.7,0.0,-,0,0,0.000
1790426078,s10-vless-xhttp,233778,0,3039,3039,1.3,32.6,33.6,0.0,-,0,0,0.000
1790426078,s11-http-proxy,247630,0,3255,3255,3.5,7.2,8.7,0.0,-,0,0,0.000
1790426078,s12-vmess-h3,246408,79,3249,3249,3.4,6.9,8.4,0.0,-,0,0,0.000
1790426078,__proc__,0,0,0,0,-,-,-,6774.4,31137,64665,11416931,769.629
1790426108,s7-ss-tcp,252522,0,3318,3318,0.8,2.1,4.1,0.0,-,0,0,0.000
1790426108,s8-tuic,252632,0,3320,3320,0.7,1.9,4.3,0.0,-,0,0,0.000
1790426108,s9-anytls,223385,19,2923,2923,40.8,42.7,43.6,0.0,-,0,0,0.000
1790426108,s10-vless-xhttp,235229,0,3047,3047,1.2,32.6,33.5,0.0,-,0,0,0.000
1790426108,s11-http-proxy,249191,0,3278,3278,3.2,7.1,8.5,0.0,-,0,0,0.000
1790426108,s12-vmess-h3,247965,79,3270,3270,3.1,6.8,8.4,0.0,-,0,0,0.000
1790426108,__proc__,0,0,0,0,-,-,-,6795.6,31139,64711,11488472,773.773
1790426138,s7-ss-tcp,254102,0,3318,3318,0.7,1.8,3.9,0.0,-,0,0,0.000
1790426138,s8-tuic,254212,0,3318,3318,0.7,1.8,4.0,0.0,-,0,0,0.000
1790426138,s9-anytls,224774,20,2917,2917,40.9,42.7,43.6,0.0,-,0,0,0.000
1790426138,s10-vless-xhttp,236662,0,3009,3009,1.2,32.6,33.4,0.0,-,0,0,0.000
1790426138,s11-http-proxy,250755,0,3284,3284,2.7,6.7,8.2,0.0,-,0,0,0.000
1790426138,s12-vmess-h3,249521,79,3268,3268,3.1,6.4,8.2,0.0,-,0,0,0.000
1790426138,__proc__,0,0,0,0,-,-,-,6797.8,31082,64659,11556336,777.867
1790426168,s7-ss-tcp,255682,0,3318,3318,0.7,1.7,4.3,0.0,-,0,0,0.000
1790426168,s8-tuic,255794,0,3322,3322,0.7,1.7,3.8,0.0,-,0,0,0.000
1790426168,s9-anytls,226176,20,2944,2944,1.5,42.7,43.7,0.0,-,0,0,0.000
1790426168,s10-vless-xhttp,238135,0,3093,3093,1.1,32.5,33.4,0.0,-,0,0,0.000
1790426168,s11-http-proxy,252318,0,3282,3282,1.7,6.1,7.4,0.0,-,0,0,0.000
1790426168,s12-vmess-h3,251066,79,3244,3244,3.3,6.3,7.6,0.0,-,0,0,0.000
1790426168,__proc__,0,0,0,0,-,-,-,6827.7,31068,64545,11624795,782.045
1790426198,s7-ss-tcp,257262,0,3318,3318,0.7,2.2,4.4,0.0,-,0,0,0.000
1790426198,s8-tuic,257373,0,3316,3316,0.7,2.0,4.0,0.0,-,0,0,0.000
1790426198,s9-anytls,227568,20,2923,2923,2.4,42.7,43.8,0.0,-,0,0,0.000
1790426198,s10-vless-xhttp,239605,0,3087,3087,1.2,32.6,33.3,0.0,-,0,0,0.000
1790426198,s11-http-proxy,253876,0,3272,3272,1.8,6.2,8.2,0.0,-,0,0,0.000
1790426198,s12-vmess-h3,252615,81,3253,3253,3.3,6.5,8.0,0.0,-,0,0,0.000
1790426198,__proc__,0,0,0,0,-,-,-,6811.7,31089,64556,11701271,786.996
1790426228,s7-ss-tcp,258837,0,3308,3308,0.9,2.5,4.3,0.0,-,0,0,0.000
1790426228,s8-tuic,258951,0,3314,3314,0.8,2.4,3.8,0.0,-,0,0,0.000
1790426228,s9-anytls,228946,20,2894,2894,40.9,42.7,43.6,0.0,-,0,0,0.000
1790426228,s10-vless-xhttp,241055,0,3045,3045,1.6,32.5,33.3,0.0,-,0,0,0.000
1790426228,s11-http-proxy,255444,0,3293,3293,1.9,6.1,8.2,0.0,-,0,0,0.000
1790426228,s12-vmess-h3,254168,82,3261,3261,3.3,6.4,8.0,0.0,-,0,0,0.000
1790426228,__proc__,0,0,0,0,-,-,-,6835.6,31084,64597,11782710,792.630
1790426258,s7-ss-tcp,260416,0,3316,3316,1.1,2.6,3.6,0.0,-,0,0,0.000
1790426258,s8-tuic,260528,0,3312,3312,1.0,2.6,3.5,0.0,-,0,0,0.000
1790426258,s9-anytls,230325,20,2896,2896,41.1,42.7,43.3,0.0,-,0,0,0.000
1790426258,s10-vless-xhttp,242520,0,3076,3076,1.9,32.6,33.2,0.0,-,0,0,0.000
1790426258,s11-http-proxy,257014,0,3297,3297,2.0,5.6,8.2,0.0,-,0,0,0.000
1790426258,s12-vmess-h3,255721,84,3261,3261,3.0,5.4,7.7,0.0,-,0,0,0.000
1790426258,__proc__,0,0,0,0,-,-,-,6806.6,31099,64641,11869861,798.212
1790426288,s7-ss-tcp,261996,0,3318,3318,0.9,2.3,3.2,0.0,-,0,0,0.000
1790426288,s8-tuic,262110,0,3322,3322,0.9,2.4,3.3,0.0,-,0,0,0.000
1790426288,s9-anytls,231731,20,2953,2953,41.0,42.7,43.3,0.0,-,0,0,0.000
1790426288,s10-vless-xhttp,243988,0,3083,3083,1.8,32.5,33.1,0.0,-,0,0,0.000
1790426288,s11-http-proxy,258581,0,3291,3291,1.7,4.6,6.2,0.0,-,0,0,0.000
1790426288,s12-vmess-h3,257274,85,3261,3261,2.7,4.9,6.2,0.0,-,0,0,0.000
1790426288,__proc__,0,0,0,0,-,-,-,6793.6,31129,64683,11954604,802.749
1790426318,s7-ss-tcp,263577,0,3320,3320,0.8,1.8,3.0,0.0,-,0,0,0.000
1790426318,s8-tuic,263689,0,3316,3316,0.7,1.9,3.1,0.0,-,0,0,0.000
1790426318,s9-anytls,233128,20,2934,2934,2.7,42.7,43.4,0.0,-,0,0,0.000
1790426318,s10-vless-xhttp,245450,0,3070,3070,1.4,32.5,33.1,0.0,-,0,0,0.000
1790426318,s11-http-proxy,260142,0,3278,3278,1.8,5.5,6.5,0.0,-,0,0,0.000
1790426318,s12-vmess-h3,258833,85,3274,3274,2.6,5.2,6.1,0.0,-,0,0,0.000
1790426318,__proc__,0,0,0,0,-,-,-,6774.9,31060,64668,12027779,807.097
1790426348,s7-ss-tcp,265156,0,3316,3316,0.7,1.8,3.7,0.0,-,0,0,0.000
1790426348,s8-tuic,265272,0,3324,3324,0.7,1.7,3.5,0.0,-,0,0,0.000
1790426348,s9-anytls,234523,20,2930,2930,1.8,42.7,43.6,0.0,-,0,0,0.000
1790426348,s10-vless-xhttp,246913,0,3072,3072,1.2,32.5,33.2,0.0,-,0,0,0.000
1790426348,s11-http-proxy,261698,0,3268,3268,2.8,6.1,7.1,0.0,-,0,0,0.000
1790426348,s12-vmess-h3,260383,86,3255,3255,3.0,5.6,6.7,0.0,-,0,0,0.000
1790426348,__proc__,0,0,0,0,-,-,-,6823.4,31078,64542,12098926,811.399
1790426378,s7-ss-tcp,266737,0,3320,3320,0.8,2.0,3.7,0.0,-,0,0,0.000
1790426378,s8-tuic,266851,0,3316,3316,0.7,1.7,3.6,0.0,-,0,0,0.000
1790426378,s9-anytls,235905,21,2902,2902,40.8,42.7,43.6,0.0,-,0,0,0.000
1790426378,s10-vless-xhttp,248378,0,3076,3076,1.2,32.5,33.3,0.0,-,0,0,0.000
1790426378,s11-http-proxy,263255,0,3270,3270,2.7,6.0,7.1,0.0,-,0,0,0.000
1790426378,s12-vmess-h3,261936,86,3261,3261,3.0,5.6,7.0,0.0,-,0,0,0.000
1790426378,__proc__,0,0,0,0,-,-,-,6763.2,31128,64646,12172595,815.883
1790426408,s7-ss-tcp,268318,0,3320,3320,0.8,1.9,3.6,0.0,-,0,0,0.000
1790426408,s8-tuic,268433,0,3322,3322,0.7,1.6,3.3,0.0,-,0,0,0.000
1790426408,s9-anytls,237310,21,2950,2950,2.0,42.7,43.4,0.0,-,0,0,0.000
1790426408,s10-vless-xhttp,249846,0,3083,3083,1.1,32.5,33.3,0.0,-,0,0,0.000
1790426408,s11-http-proxy,264823,0,3293,3293,2.2,5.8,7.1,0.0,-,0,0,0.000
1790426408,s12-vmess-h3,263497,86,3278,3278,2.8,5.4,6.9,0.0,-,0,0,0.000
1790426408,__proc__,0,0,0,0,-,-,-,6773.3,31159,64793,12252352,820.325
1790426438,s7-ss-tcp,269899,0,3320,3320,0.8,1.8,3.1,0.0,-,0,0,0.000
1790426438,s8-tuic,270014,0,3320,3320,0.7,1.6,3.0,0.0,-,0,0,0.000
1790426438,s9-anytls,238709,21,2938,2938,2.0,42.7,43.4,0.0,-,0,0,0.000
1790426438,s10-vless-xhttp,251306,0,3066,3066,1.2,32.5,33.2,0.0,-,0,0,0.000
1790426438,s11-http-proxy,266391,0,3293,3293,1.7,5.3,6.6,0.0,-,0,0,0.000
1790426438,s12-vmess-h3,265054,86,3270,3270,2.9,5.1,6.7,0.0,-,0,0,0.000
1790426438,__proc__,0,0,0,0,-,-,-,6769.6,31231,64848,12327639,824.738
1790426468,s7-ss-tcp,271478,0,3316,3316,0.7,1.6,3.3,0.0,-,0,0,0.000
1790426468,s8-tuic,271596,0,3322,3322,0.7,1.6,3.7,0.0,-,0,0,0.000
1790426468,s9-anytls,240099,21,2919,2919,1.8,42.7,43.4,0.0,-,0,0,0.000
1790426468,s10-vless-xhttp,252750,0,3032,3032,1.2,32.5,33.1,0.0,-,0,0,0.000
1790426468,s11-http-proxy,267952,0,3278,3278,1.7,5.5,7.2,0.0,-,0,0,0.000
1790426468,s12-vmess-h3,266608,87,3263,3263,2.9,5.3,7.1,0.0,-,0,0,0.000
1790426468,__proc__,0,0,0,0,-,-,-,6798.0,31147,64680,12397003,828.964
1790426498,s7-ss-tcp,273060,0,3322,3322,0.7,1.9,3.6,0.0,-,0,0,0.000
1790426498,s8-tuic,273175,0,3316,3316,0.7,1.8,3.8,0.0,-,0,0,0.000
1790426498,s9-anytls,241497,22,2936,2936,1.8,42.7,43.6,0.0,-,0,0,0.000
1790426498,s10-vless-xhttp,254214,0,3074,3074,1.1,32.5,33.2,0.0,-,0,0,0.000
1790426498,s11-http-proxy,269513,0,3278,3278,2.2,5.7,7.4,0.0,-,0,0,0.000
1790426498,s12-vmess-h3,268157,88,3253,3253,3.2,5.4,7.1,0.0,-,0,0,0.000
1790426498,__proc__,0,0,0,0,-,-,-,6793.0,31136,64672,12467321,833.227
1790426528,s7-ss-tcp,274637,0,3312,3312,0.8,1.9,3.5,0.0,-,0,0,0.000
1790426528,s8-tuic,274757,0,3322,3322,0.7,1.8,3.6,0.0,-,0,0,0.000
1790426528,s9-anytls,242898,22,2942,2942,2.0,42.7,43.6,0.0,-,0,0,0.000
1790426528,s10-vless-xhttp,255666,0,3049,3049,1.5,32.5,33.3,0.0,-,0,0,0.000
1790426528,s11-http-proxy,271074,0,3278,3278,2.2,5.5,6.9,0.0,-,0,0,0.000
1790426528,s12-vmess-h3,269713,88,3268,3268,3.1,5.1,6.3,0.0,-,0,0,0.000
1790426528,__proc__,0,0,0,0,-,-,-,6802.4,31136,64721,12543571,838.054
1790426558,s7-ss-tcp,276220,0,3324,3324,0.8,1.8,3.3,0.0,-,0,0,0.000
1790426558,s8-tuic,276336,0,3316,3316,0.7,1.7,3.4,0.0,-,0,0,0.000
1790426558,s9-anytls,244290,22,2923,2923,2.0,42.7,43.4,0.0,-,0,0,0.000
1790426558,s10-vless-xhttp,257127,0,3068,3068,1.5,32.4,33.2,0.0,-,0,0,0.000
1790426558,s11-http-proxy,272643,0,3295,3295,2.1,5.6,7.5,0.0,-,0,0,0.000
1790426558,s12-vmess-h3,271274,89,3278,3278,2.8,5.1,6.2,0.0,-,0,0,0.000
1790426558,__proc__,0,0,0,0,-,-,-,6819.5,31129,64758,12628680,842.748
1790426588,s7-ss-tcp,277800,0,3318,3318,0.8,1.6,2.5,0.0,-,0,0,0.000
1790426588,s8-tuic,277918,0,3322,3322,0.7,1.5,2.6,0.0,-,0,0,0.000
1790426588,s9-anytls,245683,22,2925,2925,2.0,42.6,42.9,0.0,-,0,0,0.000
1790426588,s10-vless-xhttp,258589,0,3070,3070,1.5,32.3,33.0,0.0,-,0,0,0.000
1790426588,s11-http-proxy,274218,0,3308,3308,1.6,4.9,6.7,0.0,-,0,0,0.000
1790426588,s12-vmess-h3,272840,89,3289,3289,2.3,4.4,5.7,0.0,-,0,0,0.000
1790426588,__proc__,0,0,0,0,-,-,-,6831.7,31108,64792,12719692,847.221
1790426618,s7-ss-tcp,279380,0,3318,3318,0.8,1.5,2.2,0.0,-,0,0,0.000
1790426618,s8-tuic,279501,0,3324,3324,0.7,1.5,2.1,0.0,-,0,0,0.000
1790426618,s9-anytls,247070,22,2913,2913,40.9,42.7,43.0,0.0,-,0,0,0.000
1790426618,s10-vless-xhttp,260054,0,3076,3076,1.4,32.3,32.9,0.0,-,0,0,0.000
1790426618,s11-http-proxy,275787,0,3295,3295,1.5,2.9,4.4,0.0,-,0,0,0.000
1790426618,s12-vmess-h3,274401,89,3278,3278,2.3,3.5,4.5,0.0,-,0,0,0.000
1790426618,__proc__,0,0,0,0,-,-,-,6860.5,31142,64765,12802377,852.010
1790426648,s7-ss-tcp,280958,0,3314,3314,0.8,1.8,3.1,0.0,-,0,0,0.000
1790426648,s8-tuic,281078,0,3312,3312,0.7,1.8,3.0,0.0,-,0,0,0.000
1790426648,s9-anytls,248440,22,2877,2877,41.1,42.7,43.4,0.0,-,0,0,0.000
1790426648,s10-vless-xhttp,261511,0,3060,3060,1.4,32.5,33.3,0.0,-,0,0,0.000
1790426648,s11-http-proxy,277339,0,3259,3259,1.8,5.8,7.3,0.0,-,0,0,0.000
1790426648,s12-vmess-h3,275949,89,3251,3251,2.6,5.5,7.2,0.0,-,0,0,0.000
1790426648,__proc__,0,0,0,0,-,-,-,6901.6,31074,64547,12871347,856.704
1790426678,s7-ss-tcp,282538,0,3318,3318,0.8,2.3,4.0,0.0,-,0,0,0.000
1790426678,s8-tuic,282658,0,3318,3318,0.8,2.2,3.8,0.0,-,0,0,0.000
1790426678,s9-anytls,249827,22,2913,2913,41.1,42.8,43.7,0.0,-,0,0,0.000
1790426678,s10-vless-xhttp,262959,0,3041,3041,1.4,32.7,33.5,0.0,-,0,0,0.000
1790426678,s11-http-proxy,278887,0,3251,3251,3.4,6.3,7.6,0.0,-,0,0,0.000
1790426678,s12-vmess-h3,277500,89,3257,3257,3.5,5.8,7.3,0.0,-,0,0,0.000
1790426678,__proc__,0,0,0,0,-,-,-,6880.6,31081,64564,12933103,861.250
1790426708,s7-ss-tcp,284114,0,3310,3310,0.9,2.8,5.4,0.0,-,0,0,0.000
1790426708,s8-tuic,284234,0,3310,3310,0.8,2.7,4.9,0.0,-,0,0,0.000
1790426708,s9-anytls,251200,22,2883,2883,41.2,42.8,44.2,0.0,-,0,0,0.000
1790426708,s10-vless-xhttp,264411,0,3049,3049,1.4,32.8,34.0,0.0,-,0,0,0.000
1790426708,s11-http-proxy,280444,0,3270,3270,4.0,7.0,8.6,0.0,-,0,0,0.000
1790426708,s12-vmess-h3,279045,89,3244,3244,4.0,6.9,8.2,0.0,-,0,0,0.000
1790426708,__proc__,0,0,0,0,-,-,-,6870.6,31068,64522,12994940,865.703
1790426738,s7-ss-tcp,285692,0,3314,3314,0.9,2.9,5.8,0.0,-,0,0,0.000
1790426738,s8-tuic,285813,0,3316,3316,0.9,2.8,5.3,0.0,-,0,0,0.000
1790426738,s9-anytls,252592,22,2923,2923,41.1,42.8,44.2,0.0,-,0,0,0.000
1790426738,s10-vless-xhttp,265864,0,3051,3051,1.4,32.7,33.7,0.0,-,0,0,0.000
1790426738,s11-http-proxy,281997,0,3261,3261,3.6,7.1,8.8,0.0,-,0,0,0.000
1790426738,s12-vmess-h3,280589,90,3242,3242,3.9,7.3,8.6,0.0,-,0,0,0.000
1790426738,__proc__,0,0,0,0,-,-,-,6869.7,31009,64448,13060869,870.161
1790426768,s7-ss-tcp,287268,0,3310,3310,0.9,2.5,5.0,0.0,-,0,0,0.000
1790426768,s8-tuic,287391,0,3314,3314,0.8,2.4,4.2,0.0,-,0,0,0.000
1790426768,s9-anytls,253983,22,2921,2921,41.0,42.7,43.9,0.0,-,0,0,0.000
1790426768,s10-vless-xhttp,267329,0,3076,3076,1.3,32.7,33.7,0.0,-,0,0,0.000
1790426768,s11-http-proxy,283560,0,3282,3282,3.3,7.1,8.9,0.0,-,0,0,0.000
1790426768,s12-vmess-h3,282147,90,3272,3272,3.4,7.0,8.6,0.0,-,0,0,0.000
1790426768,__proc__,0,0,0,0,-,-,-,6828.9,31090,64605,13130881,874.784
1790426798,s7-ss-tcp,288852,0,3326,3326,0.8,2.2,3.9,0.0,-,0,0,0.000
1790426798,s8-tuic,288974,0,3324,3324,0.8,2.1,3.6,0.0,-,0,0,0.000
1790426798,s9-anytls,255374,22,2921,2921,40.9,42.7,43.6,0.0,-,0,0,0.000
1790426798,s10-vless-xhttp,268800,0,3089,3089,1.2,32.6,33.2,0.0,-,0,0,0.000
1790426798,s11-http-proxy,285129,0,3295,3295,1.9,6.1,8.3,0.0,-,0,0,0.000
1790426798,s12-vmess-h3,283704,90,3270,3270,2.9,6.2,8.1,0.0,-,0,0,0.000
1790426798,__proc__,0,0,0,0,-,-,-,6819.9,31114,64740,13213900,879.247
1790426828,s7-ss-tcp,290428,0,3310,3310,0.8,2.0,3.5,0.0,-,0,0,0.000
1790426828,s8-tuic,290555,0,3320,3320,0.7,1.7,3.1,0.0,-,0,0,0.000
1790426828,s9-anytls,256769,22,2930,2930,40.8,42.7,43.6,0.0,-,0,0,0.000
1790426828,s10-vless-xhttp,270262,0,3070,3070,1.3,32.5,33.1,0.0,-,0,0,0.000
1790426828,s11-http-proxy,286687,0,3272,3272,1.9,5.9,7.6,0.0,-,0,0,0.000
1790426828,s12-vmess-h3,285258,91,3263,3263,2.7,5.7,7.4,0.0,-,0,0,0.000
1790426828,__proc__,0,0,0,0,-,-,-,6837.4,31113,64661,13290913,884.027
1790426858,s7-ss-tcp,292010,0,3322,3322,0.8,1.9,3.8,0.0,-,0,0,0.000
1790426858,s8-tuic,292133,0,3314,3314,0.7,1.7,3.4,0.0,-,0,0,0.000
1790426858,s9-anytls,258173,22,2948,2948,2.0,42.7,43.4,0.0,-,0,0,0.000
1790426858,s10-vless-xhttp,271718,0,3058,3058,1.5,32.4,33.0,0.0,-,0,0,0.000
1790426858,s11-http-proxy,288253,0,3289,3289,1.9,6.0,7.8,0.0,-,0,0,0.000
1790426858,s12-vmess-h3,286813,91,3266,3266,2.9,5.9,7.5,0.0,-,0,0,0.000
1790426858,__proc__,0,0,0,0,-,-,-,6855.2,31104,64632,13367470,888.703
1790426888,s7-ss-tcp,293588,0,3314,3314,0.8,1.7,3.1,0.0,-,0,0,0.000
1790426888,s8-tuic,293717,0,3326,3326,0.7,1.6,2.8,0.0,-,0,0,0.000
1790426888,s9-anytls,259578,22,2950,2950,1.9,42.6,43.3,0.0,-,0,0,0.000
1790426888,s10-vless-xhttp,273182,0,3074,3074,1.5,32.4,33.0,0.0,-,0,0,0.000
1790426888,s11-http-proxy,289828,0,3308,3308,1.7,4.8,6.8,0.0,-,0,0,0.000
1790426888,s12-vmess-h3,288376,91,3282,3282,2.7,4.8,6.5,0.0,-,0,0,0.000
1790426888,__proc__,0,0,0,0,-,-,-,6783.4,31101,64700,13451461,893.147
1790426918,s7-ss-tcp,295170,0,3322,3322,0.8,1.6,3.1,0.0,-,0,0,0.000
1790426918,s8-tuic,295297,0,3318,3318,0.7,1.5,2.7,0.0,-,0,0,0.000
1790426918,s9-anytls,260971,22,2925,2925,1.8,42.6,43.0,0.0,-,0,0,0.000
1790426918,s10-vless-xhttp,274646,0,3074,3074,1.3,32.4,33.1,0.0,-,0,0,0.000
1790426918,s11-http-proxy,291388,0,3276,3276,1.7,4.9,6.4,0.0,-,0,0,0.000
1790426918,s12-vmess-h3,289933,91,3270,3270,2.8,4.8,6.4,0.0,-,0,0,0.000
1790426918,__proc__,0,0,0,0,-,-,-,6826.2,31114,64701,13524755,897.537
1790426948,s7-ss-tcp,296750,0,3318,3318,0.8,1.7,3.2,0.0,-,0,0,0.000
1790426948,s8-tuic,296878,0,3320,3320,0.7,1.6,2.9,0.0,-,0,0,0.000
1790426948,s9-anytls,262368,22,2934,2934,1.8,42.6,43.4,0.0,-,0,0,0.000
1790426948,s10-vless-xhttp,276117,0,3089,3089,1.2,32.4,33.2,0.0,-,0,0,0.000
1790426948,s11-http-proxy,292950,0,3280,3280,1.9,5.4,6.7,0.0,-,0,0,0.000
1790426948,s12-vmess-h3,291480,94,3249,3249,2.8,5.0,6.2,0.0,-,0,0,0.000
1790426948,__proc__,0,0,0,0,-,-,-,6816.7,31131,64631,13600133,902.169
1790426978,s7-ss-tcp,298330,0,3318,3318,0.8,1.7,3.1,0.0,-,0,0,0.000
1790426978,s8-tuic,298459,0,3320,3320,0.7,1.6,2.8,0.0,-,0,0,0.000
1790426978,s9-anytls,263768,22,2940,2940,1.9,42.7,43.4,0.0,-,0,0,0.000
1790426978,s10-vless-xhttp,277575,0,3062,3062,1.2,32.5,33.2,0.0,-,0,0,0.000
1790426978,s11-http-proxy,294519,0,3295,3295,2.1,5.4,6.7,0.0,-,0,0,0.000
1790426978,s12-vmess-h3,293032,96,3259,3259,2.8,4.9,6.0,0.0,-,0,0,0.000
1790426978,__proc__,0,0,0,0,-,-,-,6823.9,31168,64710,13679226,906.649
1790427008,s7-ss-tcp,299911,0,3320,3320,0.8,1.8,3.1,0.0,-,0,0,0.000
1790427008,s8-tuic,300039,0,3318,3318,0.7,1.7,3.0,0.0,-,0,0,0.000
1790427008,s9-anytls,265146,22,2894,2894,40.8,42.7,43.5,0.0,-,0,0,0.000
1790427008,s10-vless-xhttp,279028,0,3051,3051,1.2,32.5,33.2,0.0,-,0,0,0.000
1790427008,s11-http-proxy,296076,0,3270,3270,2.5,5.5,6.6,0.0,-,0,0,0.000
1790427008,s12-vmess-h3,294582,99,3255,3255,2.8,5.0,6.1,0.0,-,0,0,0.000
1790427008,__proc__,0,0,0,0,-,-,-,6818.8,31191,64710,13749455,911.020
1790427038,s7-ss-tcp,301490,0,3316,3316,0.8,1.9,3.5,0.0,-,0,0,0.000
1790427038,s8-tuic,301621,0,3322,3322,0.7,1.7,3.2,0.0,-,0,0,0.000
1790427038,s9-anytls,266544,22,2936,2936,40.9,42.7,43.5,0.0,-,0,0,0.000
1790427038,s10-vless-xhttp,280492,0,3074,3074,1.2,32.5,33.1,0.0,-,0,0,0.000
1790427038,s11-http-proxy,297631,0,3266,3266,2.9,5.8,7.0,0.0,-,0,0,0.000
1790427038,s12-vmess-h3,296132,100,3255,3255,2.8,5.6,6.9,0.0,-,0,0,0.000
1790427038,__proc__,0,0,0,0,-,-,-,6811.6,31177,64693,13821960,915.358
1790427068,s7-ss-tcp,303072,0,3322,3322,0.8,2.1,4.0,0.0,-,0,0,0.000
1790427068,s8-tuic,303201,0,3318,3318,0.7,1.8,3.5,0.0,-,0,0,0.000
1790427068,s9-anytls,267925,22,2900,2900,41.0,42.7,43.6,0.0,-,0,0,0.000
1790427068,s10-vless-xhttp,281950,0,3062,3062,1.2,32.5,33.1,0.0,-,0,0,0.000
1790427068,s11-http-proxy,299191,0,3276,3276,3.0,6.2,7.6,0.0,-,0,0,0.000
1790427068,s12-vmess-h3,297680,101,3251,3251,3.1,6.2,8.0,0.0,-,0,0,0.000
1790427068,__proc__,0,0,0,0,-,-,-,6813.0,31173,64704,13892062,919.829
1790427098,s7-ss-tcp,304651,0,3316,3316,0.8,2.2,4.0,0.0,-,0,0,0.000
1790427098,s8-tuic,304783,0,3322,3322,0.7,1.9,4.1,0.0,-,0,0,0.000
1790427098,s9-anytls,269322,22,2934,2934,2.3,42.7,43.6,0.0,-,0,0,0.000
1790427098,s10-vless-xhttp,283400,0,3045,3045,1.2,32.5,33.3,0.0,-,0,0,0.000
1790427098,s11-http-proxy,300743,0,3259,3259,3.3,6.5,8.1,0.0,-,0,0,0.000
1790427098,s12-vmess-h3,299232,101,3259,3259,3.3,6.5,8.1,0.0,-,0,0,0.000
1790427098,__proc__,0,0,0,0,-,-,-,6848.0,31129,64668,13962222,924.118
1790427128,s7-ss-tcp,306229,0,3314,3314,0.8,2.4,4.1,0.0,-,0,0,0.000
1790427128,s8-tuic,306361,0,3314,3314,0.7,2.1,4.2,0.0,-,0,0,0.000
1790427128,s9-anytls,270720,23,2936,2936,2.2,42.7,43.6,0.0,-,0,0,0.000
1790427128,s10-vless-xhttp,284856,0,3058,3058,1.3,32.6,33.5,0.0,-,0,0,0.000
1790427128,s11-http-proxy,302311,0,3293,3293,3.0,6.2,7.9,0.0,-,0,0,0.000
1790427128,s12-vmess-h3,300780,103,3251,3251,3.5,6.1,8.1,0.0,-,0,0,0.000
1790427128,__proc__,0,0,0,0,-,-,-,6819.1,31103,64587,14032696,928.885
1790427158,s7-ss-tcp,307809,0,3318,3318,0.8,2.0,3.6,0.0,-,0,0,0.000
1790427158,s8-tuic,307941,0,3318,3318,0.8,1.9,3.7,0.0,-,0,0,0.000
1790427158,s9-anytls,272115,23,2930,2930,2.1,42.7,43.5,0.0,-,0,0,0.000
1790427158,s10-vless-xhttp,286311,0,3056,3056,1.6,32.6,33.4,0.0,-,0,0,0.000
1790427158,s11-http-proxy,303878,0,3291,3291,2.3,5.4,6.8,0.0,-,0,0,0.000
1790427158,s12-vmess-h3,302337,103,3270,3270,3.2,5.1,6.5,0.0,-,0,0,0.000
1790427158,__proc__,0,0,0,0,-,-,-,6820.3,31086,64689,14115174,933.766
1790427188,s7-ss-tcp,309388,0,3316,3316,0.9,2.0,3.7,0.0,-,0,0,0.000
1790427188,s8-tuic,309522,0,3320,3320,0.8,1.9,3.7,0.0,-,0,0,0.000
1790427188,s9-anytls,273511,23,2932,2932,2.1,42.7,43.6,0.0,-,0,0,0.000
1790427188,s10-vless-xhttp,287776,0,3076,3076,1.6,32.6,33.5,0.0,-,0,0,0.000
1790427188,s11-http-proxy,305440,0,3280,3280,2.1,5.4,6.7,0.0,-,0,0,0.000
1790427188,s12-vmess-h3,303888,104,3257,3257,3.2,5.4,6.5,0.0,-,0,0,0.000
1790427188,__proc__,0,0,0,0,-,-,-,6871.1,31117,64613,14188731,938.396
1790427218,s7-ss-tcp,310967,0,3316,3316,0.8,2.0,3.8,0.0,-,0,0,0.000
1790427218,s8-tuic,311101,0,3316,3316,0.7,1.8,3.6,0.0,-,0,0,0.000
1790427218,s9-anytls,274911,23,2940,2940,2.0,42.7,43.5,0.0,-,0,0,0.000
1790427218,s10-vless-xhttp,289230,0,3053,3053,1.5,32.5,33.3,0.0,-,0,0,0.000
1790427218,s11-http-proxy,306999,0,3274,3274,2.3,5.6,7.0,0.0,-,0,0,0.000
1790427218,s12-vmess-h3,305443,104,3266,3266,3.2,5.5,6.6,0.0,-,0,0,0.000
1790427218,__proc__,0,0,0,0,-,-,-,6869.4,31095,64647,14259412,942.814
1790427248,s7-ss-tcp,312544,0,3312,3312,0.8,2.4,3.9,0.0,-,0,0,0.000
1790427248,s8-tuic,312678,0,3312,3312,0.7,2.2,3.8,0.0,-,0,0,0.000
1790427248,s9-anytls,276290,23,2896,2896,2.3,42.7,43.6,0.0,-,0,0,0.000
1790427248,s10-vless-xhttp,290684,0,3053,3053,1.3,32.6,33.4,0.0,-,0,0,0.000
1790427248,s11-http-proxy,308551,0,3259,3259,3.4,5.9,7.3,0.0,-,0,0,0.000
1790427248,s12-vmess-h3,306990,105,3249,3249,3.4,5.6,6.7,0.0,-,0,0,0.000
1790427248,__proc__,0,0,0,0,-,-,-,6803.6,31038,64475,14322530,947.186
1790427278,s7-ss-tcp,314127,0,3324,3324,0.8,2.2,3.9,0.0,-,0,0,0.000
1790427278,s8-tuic,314261,0,3324,3324,0.8,2.1,3.8,0.0,-,0,0,0.000
1790427278,s9-anytls,277694,23,2948,2948,2.1,42.7,43.6,0.0,-,0,0,0.000
1790427278,s10-vless-xhttp,292139,0,3056,3056,1.3,32.5,33.2,0.0,-,0,0,0.000
1790427278,s11-http-proxy,310122,0,3299,3299,2.5,5.6,7.1,0.0,-,0,0,0.000
1790427278,s12-vmess-h3,308546,106,3268,3268,3.2,5.2,6.6,0.0,-,0,0,0.000
1790427278,__proc__,0,0,0,0,-,-,-,6848.4,31060,64548,14396343,951.573
1790427308,s7-ss-tcp,315706,0,3316,3316,0.8,2.2,4.1,0.0,-,0,0,0.000
1790427308,s8-tuic,315840,0,3316,3316,0.8,2.1,4.0,0.0,-,0,0,0.000
1790427308,s9-anytls,279094,23,2940,2940,2.1,42.7,43.7,0.0,-,0,0,0.000
1790427308,s10-vless-xhttp,293598,0,3064,3064,1.3,32.5,33.2,0.0,-,0,0,0.000
1790427308,s11-http-proxy,311683,0,3278,3278,1.9,5.6,7.3,0.0,-,0,0,0.000
1790427308,s12-vmess-h3,310097,106,3257,3257,3.2,5.9,7.4,0.0,-,0,0,0.000
1790427308,__proc__,0,0,0,0,-,-,-,6845.3,31049,64546,14466155,956.034
1790427338,s7-ss-tcp,317286,0,3318,3318,0.8,2.1,4.1,0.0,-,0,0,0.000
1790427338,s8-tuic,317421,0,3320,3320,0.7,1.9,3.9,0.0,-,0,0,0.000
1790427338,s9-anytls,280489,23,2930,2930,1.7,42.7,43.9,0.0,-,0,0,0.000
1790427338,s10-vless-xhttp,295063,0,3076,3076,1.2,32.5,33.3,0.0,-,0,0,0.000
1790427338,s11-http-proxy,313245,0,3280,3280,1.8,6.1,7.7,0.0,-,0,0,0.000
1790427338,s12-vmess-h3,311647,106,3255,3255,3.4,6.4,8.0,0.0,-,0,0,0.000
1790427338,__proc__,0,0,0,0,-,-,-,6865.6,31058,64572,14536694,960.404
1790427368,s7-ss-tcp,318867,0,3320,3320,0.8,2.1,4.1,0.0,-,0,0,0.000
1790427368,s8-tuic,319004,0,3324,3324,0.7,2.0,4.1,0.0,-,0,0,0.000
1790427368,s9-anytls,281887,23,2936,2936,1.8,42.7,44.0,0.0,-,0,0,0.000
1790427368,s10-vless-xhttp,296535,0,3091,3091,1.2,32.5,33.3,0.0,-,0,0,0.000
1790427368,s11-http-proxy,314807,0,3280,3280,1.8,6.4,8.0,0.0,-,0,0,0.000
1790427368,s12-vmess-h3,313204,106,3270,3270,3.5,6.6,8.2,0.0,-,0,0,0.000
1790427368,__proc__,0,0,0,0,-,-,-,6801.6,31107,64678,14609546,964.812
1790427398,s7-ss-tcp,320448,0,3320,3320,0.7,1.7,3.1,0.0,-,0,0,0.000
1790427398,s8-tuic,320584,0,3318,3318,0.7,1.5,3.3,0.0,-,0,0,0.000
1790427398,s9-anytls,283291,23,2948,2948,1.8,42.7,43.6,0.0,-,0,0,0.000
1790427398,s10-vless-xhttp,298007,0,3091,3091,1.1,32.5,33.2,0.0,-,0,0,0.000
1790427398,s11-http-proxy,316382,0,3308,3308,1.6,5.3,7.5,0.0,-,0,0,0.000
1790427398,s12-vmess-h3,314755,108,3257,3257,3.0,5.8,7.8,0.0,-,0,0,0.000
1790427398,__proc__,0,0,0,0,-,-,-,6804.3,31118,64662,14690415,969.239
1790427428,s7-ss-tcp,322027,0,3316,3316,0.8,1.7,3.4,0.0,-,0,0,0.000
1790427428,s8-tuic,322165,0,3320,3320,0.7,1.6,3.2,0.0,-,0,0,0.000
1790427428,s9-anytls,284674,23,2904,2904,2.0,42.7,43.4,0.0,-,0,0,0.000
1790427428,s10-vless-xhttp,299476,0,3085,3085,1.2,32.5,33.2,0.0,-,0,0,0.000
1790427428,s11-http-proxy,317935,0,3261,3261,1.7,5.7,7.5,0.0,-,0,0,0.000
1790427428,s12-vmess-h3,316305,108,3255,3255,3.0,5.7,7.3,0.0,-,0,0,0.000
1790427428,__proc__,0,0,0,0,-,-,-,6833.7,31137,64642,14758711,973.805
1790427458,s7-ss-tcp,323605,0,3314,3314,0.8,2.0,3.7,0.0,-,0,0,0.000
1790427458,s8-tuic,323744,0,3316,3316,0.7,1.9,3.3,0.0,-,0,0,0.000
1790427458,s9-anytls,286069,23,2930,2930,2.3,42.7,43.6,0.0,-,0,0,0.000
1790427458,s10-vless-xhttp,300932,0,3058,3058,1.4,32.5,33.3,0.0,-,0,0,0.000
1790427458,s11-http-proxy,319498,0,3282,3282,2.1,6.0,7.7,0.0,-,0,0,0.000
1790427458,s12-vmess-h3,317861,108,3268,3268,3.2,5.9,7.3,0.0,-,0,0,0.000
1790427458,__proc__,0,0,0,0,-,-,-,6779.5,31170,64776,14835676,978.691
1790427488,s7-ss-tcp,325185,0,3318,3318,0.8,1.9,3.1,0.0,-,0,0,0.000
1790427488,s8-tuic,325325,0,3320,3320,0.8,1.8,3.0,0.0,-,0,0,0.000
1790427488,s9-anytls,287466,23,2934,2934,40.8,42.7,43.6,0.0,-,0,0,0.000
1790427488,s10-vless-xhttp,302404,0,3091,3091,1.5,32.5,33.3,0.0,-,0,0,0.000
1790427488,s11-http-proxy,321070,0,3301,3301,2.0,5.3,6.7,0.0,-,0,0,0.000
1790427488,s12-vmess-h3,319422,108,3278,3278,3.0,5.0,6.3,0.0,-,0,0,0.000
1790427488,__proc__,0,0,0,0,-,-,-,6766.1,31177,64865,14919925,983.351
1790427518,s7-ss-tcp,326764,0,3316,3316,0.8,1.8,3.6,0.0,-,0,0,0.000
1790427518,s8-tuic,326905,0,3318,3318,0.7,1.7,3.2,0.0,-,0,0,0.000
1790427518,s9-anytls,288854,23,2915,2915,2.5,42.7,43.6,0.0,-,0,0,0.000
1790427518,s10-vless-xhttp,303868,0,3074,3074,1.5,32.5,33.2,0.0,-,0,0,0.000
1790427518,s11-http-proxy,322635,0,3286,3286,1.7,5.1,6.8,0.0,-,0,0,0.000
1790427518,s12-vmess-h3,320967,110,3244,3244,2.9,5.8,7.2,0.0,-,0,0,0.000
1790427518,__proc__,0,0,0,0,-,-,-,6788.0,31168,64657,14993205,987.758
1790427548,s7-ss-tcp,328344,0,3318,3318,0.8,1.7,3.9,0.0,-,0,0,0.000
1790427548,s8-tuic,328488,0,3324,3324,0.7,1.5,3.3,0.0,-,0,0,0.000
1790427548,s9-anytls,290257,23,2946,2946,2.0,42.7,43.6,0.0,-,0,0,0.000
1790427548,s10-vless-xhttp,305340,0,3091,3091,1.2,32.5,33.2,0.0,-,0,0,0.000
1790427548,s11-http-proxy,324196,0,3278,3278,1.8,5.7,7.3,0.0,-,0,0,0.000
1790427548,s12-vmess-h3,322523,110,3268,3268,2.8,6.2,7.4,0.0,-,0,0,0.000
1790427548,__proc__,0,0,0,0,-,-,-,6787.0,31234,64857,15068712,992.138
1790427578,s7-ss-tcp,329923,0,3316,3316,0.8,2.1,4.2,0.0,-,0,0,0.000
1790427578,s8-tuic,330067,0,3316,3316,0.7,1.9,4.1,0.0,-,0,0,0.000
1790427578,s9-anytls,291654,23,2934,2934,2.0,42.7,44.1,0.0,-,0,0,0.000
1790427578,s10-vless-xhttp,306801,0,3068,3068,1.2,32.5,33.4,0.0,-,0,0,0.000
1790427578,s11-http-proxy,325749,0,3261,3261,2.8,6.6,8.1,0.0,-,0,0,0.000
1790427578,s12-vmess-h3,324070,110,3249,3249,3.2,6.5,8.0,0.0,-,0,0,0.000
1790427578,__proc__,0,0,0,0,-,-,-,6842.4,31239,64739,15138567,996.834
1790427608,s7-ss-tcp,331499,0,3310,3310,0.8,2.6,5.0,0.0,-,0,0,0.000
1790427608,s8-tuic,331643,0,3310,3310,0.8,2.5,4.8,0.0,-,0,0,0.000
1790427608,s9-anytls,293037,23,2904,2904,2.4,42.8,44.3,0.0,-,0,0,0.000
1790427608,s10-vless-xhttp,308266,0,3076,3076,1.3,32.7,33.8,0.0,-,0,0,0.000
1790427608,s11-http-proxy,327296,0,3249,3249,3.1,7.3,9.2,0.0,-,0,0,0.000
1790427608,s12-vmess-h3,325608,112,3230,3230,3.6,7.1,8.9,0.0,-,0,0,0.000
1790427608,__proc__,0,0,0,0,-,-,-,6831.9,31215,64619,15208128,1002.160
1790427638,s7-ss-tcp,333079,0,3318,3318,0.9,2.7,5.0,0.0,-,0,0,0.000
1790427638,s8-tuic,333222,0,3316,3316,0.9,2.6,4.6,0.0,-,0,0,0.000
1790427638,s9-anytls,294407,23,2877,2877,41.2,43.0,44.4,0.0,-,0,0,0.000
1790427638,s10-vless-xhttp,309720,0,3053,3053,1.5,32.8,33.8,0.0,-,0,0,0.000
1790427638,s11-http-proxy,328859,0,3282,3282,3.1,7.4,9.2,0.0,-,0,0,0.000
1790427638,s12-vmess-h3,327157,113,3253,3253,3.5,7.1,9.2,0.0,-,0,0,0.000
1790427638,__proc__,0,0,0,0,-,-,-,6838.4,31229,64804,15280786,1007.354
1790427668,s7-ss-tcp,334655,0,3310,3310,0.9,2.5,4.7,0.0,-,0,0,0.000
1790427668,s8-tuic,334798,0,3310,3310,0.9,2.4,4.2,0.0,-,0,0,0.000
1790427668,s9-anytls,295775,23,2873,2873,41.3,43.1,44.6,0.0,-,0,0,0.000
1790427668,s10-vless-xhttp,311174,0,3053,3053,1.6,32.8,33.8,0.0,-,0,0,0.000
1790427668,s11-http-proxy,330409,0,3255,3255,2.9,7.3,9.8,0.0,-,0,0,0.000
1790427668,s12-vmess-h3,328702,113,3244,3244,3.3,6.9,11.3,0.0,-,0,0,0.000
1790427668,__proc__,0,0,0,0,-,-,-,6835.5,31206,64688,15350998,1012.682
1790427698,s7-ss-tcp,336232,0,3312,3312,1.0,2.6,4.6,0.0,-,0,0,0.000
1790427698,s8-tuic,336378,0,3318,3318,0.9,2.5,4.2,0.0,-,0,0,0.000
1790427698,s9-anytls,297129,23,2843,2843,41.5,43.1,44.4,0.0,-,0,0,0.000
1790427698,s10-vless-xhttp,312629,0,3056,3056,1.7,32.8,33.7,0.0,-,0,0,0.000
1790427698,s11-http-proxy,331963,0,3263,3263,3.4,7.5,9.8,0.0,-,0,0,0.000
1790427698,s12-vmess-h3,330252,113,3255,3255,3.4,7.1,12.1,0.0,-,0,0,0.000
1790427698,__proc__,0,0,0,0,-,-,-,6839.0,31158,64664,15424345,1018.381
1790427728,s7-ss-tcp,337805,0,3303,3303,1.1,3.0,5.0,0.0,-,0,0,0.000
1790427728,s8-tuic,337951,0,3303,3303,1.0,3.0,4.8,0.0,-,0,0,0.000
1790427728,s9-anytls,298480,23,2837,2837,41.6,43.2,44.5,0.0,-,0,0,0.000
1790427728,s10-vless-xhttp,314092,0,3072,3072,1.8,32.9,33.9,0.0,-,0,0,0.000
1790427728,s11-http-proxy,333515,0,3259,3259,3.4,7.7,10.0,0.0,-,0,0,0.000
1790427728,s12-vmess-h3,331796,113,3242,3242,3.6,7.3,12.1,0.0,-,0,0,0.000
1790427728,__proc__,0,0,0,0,-,-,-,6806.3,31136,64539,15495915,1024.538
1790427758,s7-ss-tcp,339377,0,3301,3301,1.2,3.4,5.0,0.0,-,0,0,0.000
1790427758,s8-tuic,339525,0,3305,3305,1.2,3.4,4.8,0.0,-,0,0,0.000
1790427758,s9-anytls,299839,23,2854,2854,41.6,43.3,44.4,0.0,-,0,0,0.000
1790427758,s10-vless-xhttp,315550,0,3062,3062,2.3,32.9,33.8,0.0,-,0,0,0.000
1790427758,s11-http-proxy,335072,0,3270,3270,3.1,7.3,9.5,0.0,-,0,0,0.000
1790427758,s12-vmess-h3,333344,113,3251,3251,3.7,6.7,9.8,0.0,-,0,0,0.000
1790427758,__proc__,0,0,0,0,-,-,-,6752.0,31134,64609,15574838,1031.704
1790427788,s7-ss-tcp,340953,0,3310,3310,1.3,3.4,5.0,0.0,-,0,0,0.000
1790427788,s8-tuic,341102,0,3312,3312,1.2,3.4,4.8,0.0,-,0,0,0.000
1790427788,s9-anytls,301203,23,2864,2864,41.6,43.2,44.4,0.0,-,0,0,0.000
1790427788,s10-vless-xhttp,317013,0,3072,3072,2.4,32.9,33.6,0.0,-,0,0,0.000
1790427788,s11-http-proxy,336635,0,3282,3282,2.6,6.7,9.2,0.0,-,0,0,0.000
1790427788,s12-vmess-h3,334893,113,3253,3253,3.7,6.7,9.4,0.0,-,0,0,0.000
1790427788,__proc__,0,0,0,0,-,-,-,6763.3,31119,64630,15654409,1038.044
1790427818,s7-ss-tcp,342529,0,3310,3310,1.2,3.1,4.5,0.0,-,0,0,0.000
1790427818,s8-tuic,342679,0,3312,3312,1.1,3.0,4.6,0.0,-,0,0,0.000
1790427818,s9-anytls,302570,23,2871,2871,41.5,43.0,44.1,0.0,-,0,0,0.000
1790427818,s10-vless-xhttp,318472,0,3064,3064,2.3,32.8,33.6,0.0,-,0,0,0.000
1790427818,s11-http-proxy,338192,0,3270,3270,2.4,6.1,8.6,0.0,-,0,0,0.000
1790427818,s12-vmess-h3,336434,115,3236,3236,3.6,6.4,9.0,0.0,-,0,0,0.000
1790427818,__proc__,0,0,0,0,-,-,-,6760.5,31124,64559,15731350,1043.774
1790427848,s7-ss-tcp,344109,0,3318,3318,1.0,2.6,4.0,0.0,-,0,0,0.000
1790427848,s8-tuic,344260,0,3320,3320,0.9,2.3,3.8,0.0,-,0,0,0.000
1790427848,s9-anytls,303943,23,2883,2883,41.4,42.9,43.9,0.0,-,0,0,0.000
1790427848,s10-vless-xhttp,319928,0,3058,3058,1.8,32.7,33.3,0.0,-,0,0,0.000
1790427848,s11-http-proxy,339755,0,3282,3282,2.4,6.2,7.8,0.0,-,0,0,0.000
1790427848,s12-vmess-h3,337986,115,3259,3259,3.4,6.0,9.2,0.0,-,0,0,0.000
1790427848,__proc__,0,0,0,0,-,-,-,6784.7,31078,64600,15808333,1049.164
1790427878,s7-ss-tcp,345685,0,3310,3310,1.0,2.3,3.9,0.0,-,0,0,0.000
1790427878,s8-tuic,345837,0,3312,3312,0.9,2.2,3.8,0.0,-,0,0,0.000
1790427878,s9-anytls,305305,23,2860,2860,41.4,42.9,43.8,0.0,-,0,0,0.000
1790427878,s10-vless-xhttp,321397,0,3085,3085,1.7,32.7,33.3,0.0,-,0,0,0.000
1790427878,s11-http-proxy,341313,0,3272,3272,2.2,6.3,8.0,0.0,-,0,0,0.000
1790427878,s12-vmess-h3,339535,115,3253,3253,3.3,6.2,9.9,0.0,-,0,0,0.000
1790427878,__proc__,0,0,0,0,-,-,-,6789.8,31101,64586,15886930,1054.931
1790427908,s7-ss-tcp,347263,0,3314,3314,1.0,2.6,4.5,0.0,-,0,0,0.000
1790427908,s8-tuic,347415,0,3314,3314,0.9,2.4,4.3,0.0,-,0,0,0.000
1790427908,s9-anytls,306665,23,2856,2856,41.5,42.9,44.2,0.0,-,0,0,0.000
1790427908,s10-vless-xhttp,322856,0,3064,3064,1.7,32.7,33.4,0.0,-,0,0,0.000
1790427908,s11-http-proxy,342872,0,3274,3274,2.4,6.7,8.6,0.0,-,0,0,0.000
1790427908,s12-vmess-h3,341082,115,3249,3249,3.4,6.9,32.9,0.0,-,0,0,0.000
1790427908,__proc__,0,0,0,0,-,-,-,6802.1,31106,64560,15962678,1060.578
1790427938,s7-ss-tcp,348841,0,3314,3314,1.0,2.5,4.4,0.0,-,0,0,0.000
1790427938,s8-tuic,348994,0,3316,3316,0.9,2.4,4.3,0.0,-,0,0,0.000
1790427938,s9-anytls,308022,23,2850,2850,41.5,43.0,43.9,0.0,-,0,0,0.000
1790427938,s10-vless-xhttp,324320,0,3074,3074,1.6,32.7,33.4,0.0,-,0,0,0.000
1790427938,s11-http-proxy,344433,0,3278,3278,2.1,6.6,8.8,0.0,-,0,0,0.000
1790427938,s12-vmess-h3,342628,116,3247,3247,3.3,7.1,10.2,0.0,-,0,0,0.000
1790427938,__proc__,0,0,0,0,-,-,-,6798.7,31106,64577,16039962,1065.875
1790427968,s7-ss-tcp,350421,0,3318,3318,0.9,2.3,4.4,0.0,-,0,0,0.000
1790427968,s8-tuic,350575,0,3320,3320,0.8,2.1,4.3,0.0,-,0,0,0.000
1790427968,s9-anytls,309393,23,2879,2879,41.5,42.9,44.1,0.0,-,0,0,0.000
1790427968,s10-vless-xhttp,325779,0,3064,3064,1.5,32.7,33.5,0.0,-,0,0,0.000
1790427968,s11-http-proxy,345997,0,3284,3284,2.0,7.1,9.2,0.0,-,0,0,0.000
1790427968,s12-vmess-h3,344181,116,3261,3261,3.1,7.7,33.3,0.0,-,0,0,0.000
1790427968,__proc__,0,0,0,0,-,-,-,6806.4,31109,64660,16120280,1070.975
1790427998,s7-ss-tcp,351999,0,3314,3314,0.9,2.1,3.8,0.0,-,0,0,0.000
1790427998,s8-tuic,352154,0,3316,3316,0.8,1.9,3.6,0.0,-,0,0,0.000
1790427998,s9-anytls,310759,23,2869,2869,41.5,42.9,44.1,0.0,-,0,0,0.000
1790427998,s10-vless-xhttp,327238,0,3064,3064,1.4,32.7,33.5,0.0,-,0,0,0.000
1790427998,s11-http-proxy,347563,0,3289,3289,1.9,6.7,9.0,0.0,-,0,0,0.000
1790427998,s12-vmess-h3,345730,116,3253,3253,3.1,6.8,33.1,0.0,-,0,0,0.000
1790427998,__proc__,0,0,0,0,-,-,-,6826.0,31115,64644,16194463,1076.088
1790428028,s7-ss-tcp,353579,0,3318,3318,0.9,2.2,3.6,0.0,-,0,0,0.000
1790428028,s8-tuic,353735,0,3320,3320,0.8,1.9,3.5,0.0,-,0,0,0.000
1790428028,s9-anytls,312116,23,2850,2850,41.4,42.9,43.9,0.0,-,0,0,0.000
1790428028,s10-vless-xhttp,328693,0,3056,3056,1.4,32.7,33.4,0.0,-,0,0,0.000
1790428028,s11-http-proxy,349118,0,3266,3266,1.9,5.8,7.3,0.0,-,0,0,0.000
1790428028,s12-vmess-h3,347277,117,3249,3249,3.3,5.6,8.3,0.0,-,0,0,0.000
1790428028,__proc__,0,0,0,0,-,-,-,6841.2,31111,64574,16268534,1081.288
1790428058,s7-ss-tcp,355156,0,3312,3312,0.9,2.4,4.1,0.0,-,0,0,0.000
1790428058,s8-tuic,355313,0,3314,3314,0.8,2.2,3.9,0.0,-,0,0,0.000
1790428058,s9-anytls,313475,23,2854,2854,41.5,42.9,43.8,0.0,-,0,0,0.000
1790428058,s10-vless-xhttp,330154,0,3068,3068,1.6,32.7,33.5,0.0,-,0,0,0.000
1790428058,s11-http-proxy,350675,0,3270,3270,2.9,6.7,8.8,0.0,-,0,0,0.000
1790428058,s12-vmess-h3,348829,117,3259,3259,3.6,6.0,8.3,0.0,-,0,0,0.000
1790428058,__proc__,0,0,0,0,-,-,-,6834.6,31111,64638,16340792,1086.868
1790428088,s7-ss-tcp,356735,0,3316,3316,0.9,2.3,3.9,0.0,-,0,0,0.000
1790428088,s8-tuic,356893,0,3318,3318,0.8,2.1,3.6,0.0,-,0,0,0.000
1790428088,s9-anytls,314865,23,2919,2919,41.3,42.7,43.7,0.0,-,0,0,0.000
1790428088,s10-vless-xhttp,331615,0,3068,3068,1.6,32.6,33.2,0.0,-,0,0,0.000
1790428088,s11-http-proxy,352236,0,3278,3278,2.8,6.5,8.5,0.0,-,0,0,0.000
1790428088,s12-vmess-h3,350380,118,3257,3257,3.3,5.7,7.8,0.0,-,0,0,0.000
1790428088,__proc__,0,0,0,0,-,-,-,6816.6,31101,64614,16418714,1091.487
1790428118,s7-ss-tcp,358316,0,3320,3320,0.8,2.0,3.6,0.0,-,0,0,0.000
1790428118,s8-tuic,358473,0,3318,3318,0.7,1.9,3.3,0.0,-,0,0,0.000
1790428118,s9-anytls,316268,23,2946,2946,41.1,42.7,43.6,0.0,-,0,0,0.000
1790428118,s10-vless-xhttp,333058,0,3030,3030,1.7,32.6,33.3,0.0,-,0,0,0.000
1790428118,s11-http-proxy,353799,0,3282,3282,2.2,5.7,7.2,0.0,-,0,0,0.000
1790428118,s12-vmess-h3,351933,119,3261,3261,3.2,5.6,6.8,0.0,-,0,0,0.000
1790428118,__proc__,0,0,0,0,-,-,-,6821.2,31082,64571,16491351,1095.888
1790428148,s7-ss-tcp,359898,0,3322,3322,0.7,1.6,3.1,0.0,-,0,0,0.000
1790428148,s8-tuic,360055,0,3322,3322,0.7,1.5,2.8,0.0,-,0,0,0.000
1790428148,s9-anytls,317680,23,2965,2965,1.8,42.6,43.5,0.0,-,0,0,0.000
1790428148,s10-vless-xhttp,334532,0,3095,3095,1.4,32.4,33.1,0.0,-,0,0,0.000
1790428148,s11-http-proxy,355371,0,3301,3301,1.6,5.1,6.4,0.0,-,0,0,0.000
1790428148,s12-vmess-h3,353491,120,3272,3272,2.8,5.4,6.6,0.0,-,0,0,0.000
1790428148,__proc__,0,0,0,0,-,-,-,6858.2,31135,64723,16574921,1100.258
1790428178,s7-ss-tcp,361478,0,3318,3318,0.7,1.5,2.7,0.0,-,0,0,0.000
1790428178,s8-tuic,361637,0,3322,3322,0.7,1.4,2.6,0.0,-,0,0,0.000
1790428178,s9-anytls,319075,23,2930,2930,1.6,42.6,43.4,0.0,-,0,0,0.000
1790428178,s10-vless-xhttp,335992,0,3066,3066,1.2,32.4,33.0,0.0,-,0,0,0.000
1790428178,s11-http-proxy,356938,0,3291,3291,1.6,4.9,6.1,0.0,-,0,0,0.000
1790428178,s12-vmess-h3,355049,120,3272,3272,2.6,4.8,5.9,0.0,-,0,0,0.000
1790428178,__proc__,0,0,0,0,-,-,-,6811.8,31090,64695,16653709,1104.604
1790428208,s7-ss-tcp,363059,0,3320,3320,0.7,1.5,3.0,0.0,-,0,0,0.000
1790428208,s8-tuic,363219,0,3322,3322,0.7,1.4,2.8,0.0,-,0,0,0.000
1790428208,s9-anytls,320480,24,2950,2950,1.6,42.6,43.4,0.0,-,0,0,0.000
1790428208,s10-vless-xhttp,337454,0,3070,3070,1.2,32.4,33.0,0.0,-,0,0,0.000
1790428208,s11-http-proxy,358502,0,3284,3284,1.6,4.9,6.4,0.0,-,0,0,0.000
1790428208,s12-vmess-h3,356604,120,3266,3266,2.8,5.2,6.7,0.0,-,0,0,0.000
1790428208,__proc__,0,0,0,0,-,-,-,6813.0,31105,64650,16731317,1108.959
1790428238,s7-ss-tcp,364639,0,3318,3318,0.7,1.7,4.1,0.0,-,0,0,0.000
1790428238,s8-tuic,364798,0,3316,3316,0.7,1.7,3.7,0.0,-,0,0,0.000
1790428238,s9-anytls,321861,24,2900,2900,1.9,42.7,43.6,0.0,-,0,0,0.000
1790428238,s10-vless-xhttp,338905,0,3047,3047,1.2,32.5,33.4,0.0,-,0,0,0.000
1790428238,s11-http-proxy,360061,0,3274,3274,1.8,6.6,8.8,0.0,-,0,0,0.000
1790428238,s12-vmess-h3,358151,121,3249,3249,3.0,6.8,8.2,0.0,-,0,0,0.000
1790428238,__proc__,0,0,0,0,-,-,-,6826.9,31115,64540,16801257,1113.356
1790428268,s7-ss-tcp,366219,0,3318,3318,0.7,2.1,4.3,0.0,-,0,0,0.000
1790428268,s8-tuic,366378,0,3318,3318,0.7,2.1,4.3,0.0,-,0,0,0.000
1790428268,s9-anytls,323252,24,2921,2921,2.3,42.7,43.7,0.0,-,0,0,0.000
1790428268,s10-vless-xhttp,340357,0,3049,3049,1.3,32.6,33.5,0.0,-,0,0,0.000
1790428268,s11-http-proxy,361622,0,3278,3278,2.4,6.7,8.8,0.0,-,0,0,0.000
1790428268,s12-vmess-h3,359700,122,3253,3253,3.4,6.8,8.3,0.0,-,0,0,0.000
1790428268,__proc__,0,0,0,0,-,-,-,6771.8,31062,64524,16873277,1117.742
1790428298,s7-ss-tcp,367797,0,3314,3314,0.8,2.6,4.8,0.0,-,0,0,0.000
1790428298,s8-tuic,367957,0,3316,3316,0.7,2.4,4.8,0.0,-,0,0,0.000
1790428298,s9-anytls,324648,24,2932,2932,40.9,42.7,44.1,0.0,-,0,0,0.000
1790428298,s10-vless-xhttp,341802,0,3034,3034,1.3,32.7,33.5,0.0,-,0,0,0.000
1790428298,s11-http-proxy,363180,0,3272,3272,3.0,6.8,9.0,0.0,-,0,0,0.000
1790428298,s12-vmess-h3,361253,122,3261,3261,3.6,6.8,8.3,0.0,-,0,0,0.000
1790428298,__proc__,0,0,0,0,-,-,-,6785.7,31054,64567,16939601,1122.009
1790428328,s7-ss-tcp,369374,0,3312,3312,0.8,2.7,4.8,0.0,-,0,0,0.000
1790428328,s8-tuic,369537,0,3318,3318,0.7,2.3,4.5,0.0,-,0,0,0.000
1790428328,s9-anytls,326046,24,2936,2936,2.0,42.7,43.8,0.0,-,0,0,0.000
1790428328,s10-vless-xhttp,343265,0,3072,3072,1.2,32.6,33.4,0.0,-,0,0,0.000
1790428328,s11-http-proxy,364734,0,3263,3263,3.0,6.3,7.8,0.0,-,0,0,0.000
1790428328,s12-vmess-h3,362800,122,3249,3249,3.7,6.2,7.3,0.0,-,0,0,0.000
1790428328,__proc__,0,0,0,0,-,-,-,6792.6,31035,64479,17004678,1126.307
1790428358,s7-ss-tcp,370952,0,3314,3314,0.9,2.9,5.0,0.0,-,0,0,0.000
1790428358,s8-tuic,371117,0,3318,3318,0.7,2.4,4.5,0.0,-,0,0,0.000
1790428358,s9-anytls,327433,24,2913,2913,2.5,42.7,43.9,0.0,-,0,0,0.000
1790428358,s10-vless-xhttp,344719,0,3053,3053,1.4,32.6,33.6,0.0,-,0,0,0.000
1790428358,s11-http-proxy,366293,0,3274,3274,3.0,6.7,8.5,0.0,-,0,0,0.000
1790428358,s12-vmess-h3,364350,122,3255,3255,3.8,6.9,8.7,0.0,-,0,0,0.000
1790428358,__proc__,0,0,0,0,-,-,-,6790.7,31035,64447,17078252,1131.076
1790428388,s7-ss-tcp,372530,0,3314,3314,0.9,2.3,4.2,0.0,-,0,0,0.000
1790428388,s8-tuic,372696,0,3316,3316,0.8,2.1,3.9,0.0,-,0,0,0.000
1790428388,s9-anytls,328826,24,2925,2925,2.7,42.7,43.7,0.0,-,0,0,0.000
1790428388,s10-vless-xhttp,346186,0,3081,3081,1.5,32.5,33.4,0.0,-,0,0,0.000
1790428388,s11-http-proxy,367859,0,3289,3289,2.0,6.3,8.1,0.0,-,0,0,0.000
1790428388,s12-vmess-h3,365903,123,3261,3261,3.3,6.8,8.6,0.0,-,0,0,0.000
1790428388,__proc__,0,0,0,0,-,-,-,6794.3,31035,64561,17157996,1136.132
1790428418,s7-ss-tcp,374109,0,3316,3316,0.9,2.4,4.2,0.0,-,0,0,0.000
1790428418,s8-tuic,374273,0,3312,3312,0.9,2.3,3.9,0.0,-,0,0,0.000
1790428418,s9-anytls,330214,24,2915,2915,40.9,42.7,43.7,0.0,-,0,0,0.000
1790428418,s10-vless-xhttp,347647,0,3068,3068,1.6,32.5,33.4,0.0,-,0,0,0.000
1790428418,s11-http-proxy,369411,0,3259,3259,2.7,6.9,8.5,0.0,-,0,0,0.000
1790428418,s12-vmess-h3,367452,123,3253,3253,3.3,7.0,9.1,0.0,-,0,0,0.000
1790428418,__proc__,0,0,0,0,-,-,-,6815.5,31080,64562,17228968,1140.927
1790428448,s7-ss-tcp,375688,0,3316,3316,0.8,2.4,4.1,0.0,-,0,0,0.000
1790428448,s8-tuic,375851,0,3314,3314,0.8,2.5,4.3,0.0,-,0,0,0.000
1790428448,s9-anytls,331606,24,2923,2923,40.8,42.7,43.7,0.0,-,0,0,0.000
1790428448,s10-vless-xhttp,349106,0,3064,3064,1.6,32.5,33.3,0.0,-,0,0,0.000
1790428448,s11-http-proxy,370972,0,3278,3278,2.8,6.8,8.4,0.0,-,0,0,0.000
1790428448,s12-vmess-h3,369003,123,3257,3257,3.4,6.5,7.8,0.0,-,0,0,0.000
1790428448,__proc__,0,0,0,0,-,-,-,6785.2,31062,64543,17300125,1145.725
1790428478,s7-ss-tcp,377266,0,3314,3314,0.8,2.5,4.0,0.0,-,0,0,0.000
1790428478,s8-tuic,377433,0,3322,3322,0.8,2.4,4.1,0.0,-,0,0,0.000
1790428478,s9-anytls,332996,24,2919,2919,40.9,42.7,43.7,0.0,-,0,0,0.000
1790428478,s10-vless-xhttp,350558,0,3049,3049,1.5,32.6,33.3,0.0,-,0,0,0.000
1790428478,s11-http-proxy,372530,0,3272,3272,2.6,6.4,7.7,0.0,-,0,0,0.000
1790428478,s12-vmess-h3,370552,124,3253,3253,3.6,6.2,7.3,0.0,-,0,0,0.000
1790428478,__proc__,0,0,0,0,-,-,-,6814.1,31041,64491,17370801,1150.426
1790428508,s7-ss-tcp,378848,0,3322,3322,0.8,2.3,3.8,0.0,-,0,0,0.000
1790428508,s8-tuic,379012,0,3316,3316,0.8,2.2,3.8,0.0,-,0,0,0.000
1790428508,s9-anytls,334403,24,2955,2955,2.2,42.7,43.6,0.0,-,0,0,0.000
1790428508,s10-vless-xhttp,352024,0,3079,3079,1.5,32.6,33.3,0.0,-,0,0,0.000
1790428508,s11-http-proxy,374094,0,3284,3284,2.1,5.8,7.2,0.0,-,0,0,0.000
1790428508,s12-vmess-h3,372107,124,3266,3266,3.4,5.7,6.7,0.0,-,0,0,0.000
1790428508,__proc__,0,0,0,0,-,-,-,6827.3,31063,64541,17443991,1155.077
1790428538,s7-ss-tcp,380426,0,3314,3314,0.8,2.2,3.8,0.0,-,0,0,0.000
1790428538,s8-tuic,380592,0,3318,3318,0.8,2.0,3.4,0.0,-,0,0,0.000
1790428538,s9-anytls,335793,24,2919,2919,2.1,42.7,43.6,0.0,-,0,0,0.000
1790428538,s10-vless-xhttp,353479,0,3056,3056,1.4,32.6,33.3,0.0,-,0,0,0.000
1790428538,s11-http-proxy,375663,0,3295,3295,1.7,5.5,6.6,0.0,-,0,0,0.000
1790428538,s12-vmess-h3,373659,125,3259,3259,3.2,5.3,6.4,0.0,-,0,0,0.000
1790428538,__proc__,0,0,0,0,-,-,-,6814.6,31053,64522,17520455,1159.591
1790428568,s7-ss-tcp,382004,0,3314,3314,0.8,2.4,4.2,0.0,-,0,0,0.000
1790428568,s8-tuic,382172,0,3318,3318,0.8,2.1,3.8,0.0,-,0,0,0.000
1790428568,s9-anytls,337194,24,2942,2942,1.9,42.7,43.5,0.0,-,0,0,0.000
1790428568,s10-vless-xhttp,354939,0,3066,3066,1.4,32.6,33.3,0.0,-,0,0,0.000
1790428568,s11-http-proxy,377220,0,3270,3270,2.1,6.0,7.3,0.0,-,0,0,0.000
1790428568,s12-vmess-h3,375212,125,3261,3261,3.4,5.6,6.7,0.0,-,0,0,0.000
1790428568,__proc__,0,0,0,0,-,-,-,6796.4,31071,64579,17589425,1164.286
1790428598,s7-ss-tcp,383582,0,3314,3314,0.9,2.9,4.7,0.0,-,0,0,0.000
1790428598,s8-tuic,383750,0,3314,3314,0.8,2.4,4.4,0.0,-,0,0,0.000
1790428598,s9-anytls,338588,24,2927,2927,2.0,42.7,43.7,0.0,-,0,0,0.000
1790428598,s10-vless-xhttp,356409,0,3087,3087,1.3,32.6,33.7,0.0,-,0,0,0.000
1790428598,s11-http-proxy,378776,0,3268,3268,2.5,6.4,7.7,0.0,-,0,0,0.000
1790428598,s12-vmess-h3,376755,126,3240,3240,3.7,6.4,7.6,0.0,-,0,0,0.000
1790428598,__proc__,0,0,0,0,-,-,-,6789.3,31133,64554,17658286,1169.135
1790428628,s7-ss-tcp,385162,0,3318,3318,0.9,2.9,5.0,0.0,-,0,0,0.000
1790428628,s8-tuic,385329,0,3316,3316,0.8,2.8,4.7,0.0,-,0,0,0.000
1790428628,s9-anytls,339983,26,2930,2930,1.9,42.7,43.9,0.0,-,0,0,0.000
1790428628,s10-vless-xhttp,357867,0,3062,3062,1.3,32.7,33.8,0.0,-,0,0,0.000
1790428628,s11-http-proxy,380324,0,3251,3251,3.9,6.7,7.9,0.0,-,0,0,0.000
1790428628,s12-vmess-h3,378297,127,3238,3238,4.0,6.6,7.8,0.0,-,0,0,0.000
1790428628,__proc__,0,0,0,0,-,-,-,6818.7,31127,64532,17718887,1173.583
1790428658,s7-ss-tcp,386738,0,3310,3310,0.9,3.0,4.8,0.0,-,0,0,0.000
1790428658,s8-tuic,386908,0,3316,3316,0.8,2.8,4.7,0.0,-,0,0,0.000
1790428658,s9-anytls,341372,27,2917,2917,2.2,42.8,44.3,0.0,-,0,0,0.000
1790428658,s10-vless-xhttp,359324,0,3060,3060,1.4,32.7,33.8,0.0,-,0,0,0.000
1790428658,s11-http-proxy,381875,0,3257,3257,3.8,7.0,8.5,0.0,-,0,0,0.000
1790428658,s12-vmess-h3,379846,127,3253,3253,3.9,6.8,8.0,0.0,-,0,0,0.000
1790428658,__proc__,0,0,0,0,-,-,-,6827.5,31123,64572,17788421,1178.450
1790428688,s7-ss-tcp,388315,0,3312,3312,0.9,2.6,4.4,0.0,-,0,0,0.000
1790428688,s8-tuic,388485,0,3312,3312,0.8,2.2,4.2,0.0,-,0,0,0.000
1790428688,s9-anytls,342763,27,2921,2921,2.5,42.7,43.6,0.0,-,0,0,0.000
1790428688,s10-vless-xhttp,360786,0,3070,3070,1.6,32.6,33.3,0.0,-,0,0,0.000
1790428688,s11-http-proxy,383448,0,3303,3303,2.4,6.5,8.0,0.0,-,0,0,0.000
1790428688,s12-vmess-h3,381408,127,3280,3280,3.2,6.2,7.7,0.0,-,0,0,0.000
1790428688,__proc__,0,0,0,0,-,-,-,6845.3,31147,64772,17876187,1183.630
1790428718,s7-ss-tcp,389894,0,3316,3316,0.9,2.2,3.8,0.0,-,0,0,0.000
1790428718,s8-tuic,390067,0,3322,3322,0.8,2.0,3.4,0.0,-,0,0,0.000
1790428718,s9-anytls,344169,27,2953,2953,2.7,42.7,43.4,0.0,-,0,0,0.000
1790428718,s10-vless-xhttp,362251,0,3076,3076,1.6,32.4,33.1,0.0,-,0,0,0.000
1790428718,s11-http-proxy,385017,0,3295,3295,1.8,5.6,7.6,0.0,-,0,0,0.000
1790428718,s12-vmess-h3,382969,127,3278,3278,2.7,5.3,7.0,0.0,-,0,0,0.000
1790428718,__proc__,0,0,0,0,-,-,-,6814.7,31130,64754,17963353,1188.549
1790428748,s7-ss-tcp,391473,0,3316,3316,0.9,1.9,3.3,0.0,-,0,0,0.000
1790428748,s8-tuic,391646,0,3316,3316,0.8,1.9,2.7,0.0,-,0,0,0.000
1790428748,s9-anytls,345564,27,2930,2930,2.3,42.6,43.0,0.0,-,0,0,0.000
1790428748,s10-vless-xhttp,363717,0,3079,3079,1.6,32.4,33.0,0.0,-,0,0,0.000
1790428748,s11-http-proxy,386579,0,3280,3280,1.8,4.6,6.8,0.0,-,0,0,0.000
1790428748,s12-vmess-h3,384523,128,3263,3263,2.6,4.6,6.4,0.0,-,0,0,0.000
1790428748,__proc__,0,0,0,0,-,-,-,6875.0,31138,64689,18041808,1193.375
1790428778,s7-ss-tcp,393053,0,3318,3318,0.8,2.0,4.5,0.0,-,0,0,0.000
1790428778,s8-tuic,393228,0,3322,3322,0.8,1.9,3.7,0.0,-,0,0,0.000
1790428778,s9-anytls,346956,27,2923,2923,2.1,42.7,43.2,0.0,-,0,0,0.000
1790428778,s10-vless-xhttp,365177,0,3066,3066,1.4,32.5,33.3,0.0,-,0,0,0.000
1790428778,s11-http-proxy,388145,0,3289,3289,1.9,5.7,7.6,0.0,-,0,0,0.000
1790428778,s12-vmess-h3,386076,128,3261,3261,2.8,6.1,7.5,0.0,-,0,0,0.000
1790428778,__proc__,0,0,0,0,-,-,-,6840.9,31163,64731,18115511,1197.932
1790428808,s7-ss-tcp,394633,0,3318,3318,0.8,2.1,4.7,0.0,-,0,0,0.000
1790428808,s8-tuic,394806,0,3314,3314,0.7,1.9,3.7,0.0,-,0,0,0.000
1790428808,s9-anytls,348349,27,2925,2925,2.6,42.7,43.4,0.0,-,0,0,0.000
1790428808,s10-vless-xhttp,366632,0,3056,3056,1.3,32.6,33.3,0.0,-,0,0,0.000
1790428808,s11-http-proxy,389703,0,3272,3272,2.0,6.1,7.7,0.0,-,0,0,0.000
1790428808,s12-vmess-h3,387624,129,3251,3251,3.0,6.3,7.5,0.0,-,0,0,0.000
1790428808,__proc__,0,0,0,0,-,-,-,6832.3,31091,64599,18190838,1202.459
1790428838,s7-ss-tcp,396212,0,3316,3316,0.8,2.1,4.9,0.0,-,0,0,0.000
1790428838,s8-tuic,396386,0,3318,3318,0.7,2.1,4.7,0.0,-,0,0,0.000
1790428838,s9-anytls,349732,28,2904,2904,40.9,42.7,43.6,0.0,-,0,0,0.000
1790428838,s10-vless-xhttp,368094,0,3070,3070,1.4,32.6,33.5,0.0,-,0,0,0.000
1790428838,s11-http-proxy,391261,0,3272,3272,2.4,6.7,8.0,0.0,-,0,0,0.000
1790428838,s12-vmess-h3,389177,129,3261,3261,3.2,6.8,8.1,0.0,-,0,0,0.000
1790428838,__proc__,0,0,0,0,-,-,-,6841.8,31140,64686,18262980,1207.062
1790428868,s7-ss-tcp,397792,0,3318,3318,0.8,2.1,4.1,0.0,-,0,0,0.000
1790428868,s8-tuic,397967,0,3320,3320,0.7,2.0,3.8,0.0,-,0,0,0.000
1790428868,s9-anytls,351133,28,2942,2942,2.3,42.7,43.5,0.0,-,0,0,0.000
1790428868,s10-vless-xhttp,369546,0,3049,3049,1.4,32.6,33.4,0.0,-,0,0,0.000
1790428868,s11-http-proxy,392817,0,3268,3268,2.5,6.4,7.8,0.0,-,0,0,0.000
1790428868,s12-vmess-h3,390727,130,3255,3255,3.2,6.3,7.8,0.0,-,0,0,0.000
1790428868,__proc__,0,0,0,0,-,-,-,6798.2,31119,64579,18333268,1211.563
1790428898,s7-ss-tcp,399372,0,3318,3318,0.8,2.2,3.9,0.0,-,0,0,0.000
1790428898,s8-tuic,399547,0,3318,3318,0.7,2.0,3.8,0.0,-,0,0,0.000
1790428898,s9-anytls,352529,28,2932,2932,2.1,42.7,43.6,0.0,-,0,0,0.000
1790428898,s10-vless-xhttp,371011,0,3076,3076,1.3,32.6,33.4,0.0,-,0,0,0.000
1790428898,s11-http-proxy,394379,0,3280,3280,2.9,6.0,7.4,0.0,-,0,0,0.000
1790428898,s12-vmess-h3,392284,130,3270,3270,3.4,5.9,7.6,0.0,-,0,0,0.000
1790428898,__proc__,0,0,0,0,-,-,-,6788.6,31123,64703,18405762,1216.140
1790428928,s7-ss-tcp,400952,0,3318,3318,0.8,2.3,4.0,0.0,-,0,0,0.000
1790428928,s8-tuic,401128,0,3320,3320,0.7,2.1,4.0,0.0,-,0,0,0.000
1790428928,s9-anytls,353923,28,2927,2927,1.9,42.7,43.8,0.0,-,0,0,0.000
1790428928,s10-vless-xhttp,372476,0,3076,3076,1.3,32.6,33.4,0.0,-,0,0,0.000
1790428928,s11-http-proxy,395942,0,3282,3282,2.3,6.0,7.4,0.0,-,0,0,0.000
1790428928,s12-vmess-h3,393831,130,3249,3249,3.5,5.9,8.2,0.0,-,0,0,0.000
1790428928,__proc__,0,0,0,0,-,-,-,6765.9,31112,64616,18478186,1220.717
1790428958,s7-ss-tcp,402530,0,3314,3314,0.8,2.3,4.3,0.0,-,0,0,0.000
1790428958,s8-tuic,402706,0,3314,3314,0.7,2.1,4.4,0.0,-,0,0,0.000
1790428958,s9-anytls,355320,28,2934,2934,2.1,42.7,43.9,0.0,-,0,0,0.000
1790428958,s10-vless-xhttp,373948,0,3091,3091,1.3,32.5,33.4,0.0,-,0,0,0.000
1790428958,s11-http-proxy,397498,0,3268,3268,2.3,7.1,9.3,0.0,-,0,0,0.000
1790428958,s12-vmess-h3,395381,130,3255,3255,3.4,7.3,9.1,0.0,-,0,0,0.000
1790428958,__proc__,0,0,0,0,-,-,-,6815.9,31172,64632,18547631,1225.465
1790428988,s7-ss-tcp,404108,0,3314,3314,0.8,2.4,4.5,0.0,-,0,0,0.000
1790428988,s8-tuic,404287,0,3320,3320,0.8,2.2,4.5,0.0,-,0,0,0.000
1790428988,s9-anytls,356734,28,2969,2969,2.0,42.7,43.7,0.0,-,0,0,0.000
1790428988,s10-vless-xhttp,375407,0,3064,3064,1.5,32.5,33.4,0.0,-,0,0,0.000
1790428988,s11-http-proxy,399059,0,3278,3278,2.5,7.3,9.8,0.0,-,0,0,0.000
1790428988,s12-vmess-h3,396936,130,3266,3266,3.3,7.4,9.1,0.0,-,0,0,0.000
1790428988,__proc__,0,0,0,0,-,-,-,6801.5,31174,64829,18631332,1230.561
1790429018,s7-ss-tcp,405688,0,3318,3318,0.9,2.2,4.1,0.0,-,0,0,0.000
1790429018,s8-tuic,405866,0,3316,3316,0.8,2.0,3.8,0.0,-,0,0,0.000
1790429018,s9-anytls,358132,28,2936,2936,2.0,42.7,43.4,0.0,-,0,0,0.000
1790429018,s10-vless-xhttp,376875,0,3083,3083,1.6,32.5,33.2,0.0,-,0,0,0.000
1790429018,s11-http-proxy,400623,0,3284,3284,2.1,7.0,9.6,0.0,-,0,0,0.000
1790429018,s12-vmess-h3,398494,130,3272,3272,2.9,7.0,9.1,0.0,-,0,0,0.000
1790429018,__proc__,0,0,0,0,-,-,-,6820.2,31145,64731,18714209,1235.283
1790429048,s7-ss-tcp,407266,0,3314,3314,0.9,2.0,3.2,0.0,-,0,0,0.000
1790429048,s8-tuic,407447,0,3320,3320,0.8,1.8,2.7,0.0,-,0,0,0.000
1790429048,s9-anytls,359523,28,2921,2921,2.0,42.6,42.9,0.0,-,0,0,0.000
1790429048,s10-vless-xhttp,378337,0,3070,3070,1.6,32.4,33.0,0.0,-,0,0,0.000
1790429048,s11-http-proxy,402193,0,3297,3297,1.8,4.6,6.3,0.0,-,0,0,0.000
1790429048,s12-vmess-h3,400048,132,3263,3263,2.7,4.6,6.3,0.0,-,0,0,0.000
1790429048,__proc__,0,0,0,0,-,-,-,6851.0,31186,64751,18793748,1240.130
1790429078,s7-ss-tcp,408848,0,3322,3322,0.8,2.0,3.7,0.0,-,0,0,0.000
1790429078,s8-tuic,409027,0,3318,3318,0.7,1.8,3.1,0.0,-,0,0,0.000
1790429078,s9-anytls,360927,28,2948,2948,2.0,42.6,43.1,0.0,-,0,0,0.000
1790429078,s10-vless-xhttp,379786,0,3043,3043,1.4,32.5,33.2,0.0,-,0,0,0.000
1790429078,s11-http-proxy,403759,0,3289,3289,1.8,5.3,6.9,0.0,-,0,0,0.000
1790429078,s12-vmess-h3,401599,133,3257,3257,2.9,5.3,7.9,0.0,-,0,0,0.000
1790429078,__proc__,0,0,0,0,-,-,-,6863.3,31110,64657,18867993,1244.525
1790429108,s7-ss-tcp,410426,0,3314,3314,0.8,2.2,4.3,0.0,-,0,0,0.000
1790429108,s8-tuic,410605,0,3314,3314,0.7,2.1,4.0,0.0,-,0,0,0.000
1790429108,s9-anytls,362318,28,2921,2921,2.1,42.7,43.7,0.0,-,0,0,0.000
1790429108,s10-vless-xhttp,381254,0,3083,3083,1.3,32.5,33.3,0.0,-,0,0,0.000
1790429108,s11-http-proxy,405316,0,3270,3270,1.7,6.2,8.2,0.0,-,0,0,0.000
1790429108,s12-vmess-h3,403144,133,3244,3244,3.2,6.8,8.3,0.0,-,0,0,0.000
1790429108,__proc__,0,0,0,0,-,-,-,6828.2,31146,64617,18937305,1248.936
1790429138,s7-ss-tcp,412005,0,3316,3316,0.8,1.9,4.4,0.0,-,0,0,0.000
1790429138,s8-tuic,412188,0,3324,3324,0.7,1.9,4.1,0.0,-,0,0,0.000
1790429138,s9-anytls,363710,28,2923,2923,1.9,42.7,43.7,0.0,-,0,0,0.000
1790429138,s10-vless-xhttp,382719,0,3076,3076,1.2,32.5,33.3,0.0,-,0,0,0.000
1790429138,s11-http-proxy,406884,0,3293,3293,1.7,6.5,8.3,0.0,-,0,0,0.000
1790429138,s12-vmess-h3,404703,133,3274,3274,3.0,6.8,8.3,0.0,-,0,0,0.000
1790429138,__proc__,0,0,0,0,-,-,-,6889.2,31190,64824,19017060,1253.362
1790429168,s7-ss-tcp,413587,0,3322,3322,0.7,1.8,4.3,0.0,-,0,0,0.000
1790429168,s8-tuic,413770,0,3322,3322,0.7,1.8,3.6,0.0,-,0,0,0.000
1790429168,s9-anytls,365109,29,2938,2938,1.8,42.7,43.7,0.0,-,0,0,0.000
1790429168,s10-vless-xhttp,384177,0,3062,3062,1.2,32.4,33.3,0.0,-,0,0,0.000
1790429168,s11-http-proxy,408441,0,3270,3270,2.0,6.5,8.2,0.0,-,0,0,0.000
1790429168,s12-vmess-h3,406258,133,3266,3266,3.0,6.4,7.9,0.0,-,0,0,0.000
1790429168,__proc__,0,0,0,0,-,-,-,6826.2,31199,64780,19089633,1257.750
1790429198,s7-ss-tcp,415166,0,3316,3316,0.7,1.9,4.5,0.0,-,0,0,0.000
1790429198,s8-tuic,415349,0,3316,3316,0.7,2.0,4.3,0.0,-,0,0,0.000
1790429198,s9-anytls,366522,29,2967,2967,1.7,42.7,43.5,0.0,-,0,0,0.000
1790429198,s10-vless-xhttp,385648,0,3089,3089,1.2,32.5,33.2,0.0,-,0,0,0.000
1790429198,s11-http-proxy,409994,0,3261,3261,2.9,6.9,8.5,0.0,-,0,0,0.000
1790429198,s12-vmess-h3,407809,133,3257,3257,3.1,6.5,7.8,0.0,-,0,0,0.000
1790429198,__proc__,0,0,0,0,-,-,-,6815.2,31185,64708,19160290,1262.309
1790429228,s7-ss-tcp,416747,0,3320,3320,0.8,2.1,4.1,0.0,-,0,0,0.000
1790429228,s8-tuic,416930,0,3320,3320,0.7,2.0,4.1,0.0,-,0,0,0.000
1790429228,s9-anytls,367917,29,2930,2930,1.6,42.7,43.6,0.0,-,0,0,0.000
1790429228,s10-vless-xhttp,387113,0,3076,3076,1.2,32.5,33.2,0.0,-,0,0,0.000
1790429228,s11-http-proxy,411556,0,3280,3280,3.0,6.6,8.3,0.0,-,0,0,0.000
1790429228,s12-vmess-h3,409356,135,3249,3249,3.5,6.2,7.5,0.0,-,0,0,0.000
1790429228,__proc__,0,0,0,0,-,-,-,6829.0,31167,64676,19233824,1266.913
1790429258,s7-ss-tcp,418325,0,3314,3314,0.8,2.1,4.5,0.0,-,0,0,0.000
1790429258,s8-tuic,418509,0,3316,3316,0.7,2.1,4.3,0.0,-,0,0,0.000
1790429258,s9-anytls,369295,29,2894,2894,2.0,42.7,43.7,0.0,-,0,0,0.000
1790429258,s10-vless-xhttp,388582,0,3085,3085,1.2,32.5,33.3,0.0,-,0,0,0.000
1790429258,s11-http-proxy,413120,0,3284,3284,2.5,6.7,8.3,0.0,-,0,0,0.000
1790429258,s12-vmess-h3,410909,135,3261,3261,3.4,6.3,7.5,0.0,-,0,0,0.000
1790429258,__proc__,0,0,0,0,-,-,-,6826.0,31178,64762,19306840,1271.266
1790429288,s7-ss-tcp,419905,0,3318,3318,0.8,2.0,4.0,0.0,-,0,0,0.000
1790429288,s8-tuic,420089,0,3318,3318,0.7,1.7,3.9,0.0,-,0,0,0.000
1790429288,s9-anytls,370687,29,2923,2923,40.9,42.7,43.6,0.0,-,0,0,0.000
1790429288,s10-vless-xhttp,390043,0,3068,3068,1.4,32.5,33.3,0.0,-,0,0,0.000
1790429288,s11-http-proxy,414685,0,3286,3286,1.8,5.6,7.0,0.0,-,0,0,0.000
1790429288,s12-vmess-h3,412456,137,3249,3249,3.2,5.9,7.9,0.0,-,0,0,0.000
1790429288,__proc__,0,0,0,0,-,-,-,6854.8,31186,64665,19385471,1276.063
1790429318,s7-ss-tcp,421485,0,3318,3318,0.8,1.9,3.8,0.0,-,0,0,0.000
1790429318,s8-tuic,421671,0,3322,3322,0.7,1.6,3.2,0.0,-,0,0,0.000
1790429318,s9-anytls,372075,29,2915,2915,41.0,42.7,43.4,0.0,-,0,0,0.000
1790429318,s10-vless-xhttp,391511,0,3083,3083,1.5,32.4,33.2,0.0,-,0,0,0.000
1790429318,s11-http-proxy,416254,0,3295,3295,1.6,5.3,6.7,0.0,-,0,0,0.000
1790429318,s12-vmess-h3,414016,137,3276,3276,2.8,5.8,7.8,0.0,-,0,0,0.000
1790429318,__proc__,0,0,0,0,-,-,-,6870.3,31188,64849,19472387,1280.862
1790429348,s7-ss-tcp,423064,0,3316,3316,0.8,1.9,3.4,0.0,-,0,0,0.000
1790429348,s8-tuic,423250,0,3316,3316,0.7,1.8,3.3,0.0,-,0,0,0.000
1790429348,s9-anytls,373477,29,2944,2944,2.7,42.7,43.2,0.0,-,0,0,0.000
1790429348,s10-vless-xhttp,392982,0,3089,3089,1.5,32.4,33.1,0.0,-,0,0,0.000
1790429348,s11-http-proxy,417822,0,3293,3293,1.7,4.9,6.4,0.0,-,0,0,0.000
1790429348,s12-vmess-h3,415568,138,3259,3259,2.8,5.6,7.8,0.0,-,0,0,0.000
1790429348,__proc__,0,0,0,0,-,-,-,6893.6,31184,64721,19550571,1285.746
1790429378,s7-ss-tcp,424642,0,3314,3314,0.9,2.2,3.5,0.0,-,0,0,0.000
1790429378,s8-tuic,424830,0,3318,3318,0.8,2.1,3.2,0.0,-,0,0,0.000
1790429378,s9-anytls,374874,29,2934,2934,2.6,42.7,43.4,0.0,-,0,0,0.000
1790429378,s10-vless-xhttp,394468,0,3121,3121,1.4,32.4,33.2,0.0,-,0,0,0.000
1790429378,s11-http-proxy,419387,0,3286,3286,1.7,5.1,6.9,0.0,-,0,0,0.000
1790429378,s12-vmess-h3,417121,138,3261,3261,3.0,5.6,7.1,0.0,-,0,0,0.000
1790429378,__proc__,0,0,0,0,-,-,-,6880.1,31287,64902,19631139,1290.891
1790429408,s7-ss-tcp,426220,0,3314,3314,0.9,2.5,4.2,0.0,-,0,0,0.000
1790429408,s8-tuic,426406,0,3310,3310,0.8,2.5,4.2,0.0,-,0,0,0.000
1790429408,s9-anytls,376275,29,2942,2942,2.4,42.7,43.6,0.0,-,0,0,0.000
1790429408,s10-vless-xhttp,395940,0,3091,3091,1.4,32.6,33.3,0.0,-,0,0,0.000
1790429408,s11-http-proxy,420936,0,3253,3253,2.2,6.7,8.3,0.0,-,0,0,0.000
1790429408,s12-vmess-h3,418662,139,3236,3236,3.4,7.0,8.8,0.0,-,0,0,0.000
1790429408,__proc__,0,0,0,0,-,-,-,6814.7,31284,64742,19701612,1296.034
1790429438,s7-ss-tcp,427796,0,3310,3310,0.9,2.9,4.6,0.0,-,0,0,0.000
1790429438,s8-tuic,427985,0,3316,3316,0.8,2.7,4.4,0.0,-,0,0,0.000
1790429438,s9-anytls,377673,29,2936,2936,2.2,42.8,43.7,0.0,-,0,0,0.000
1790429438,s10-vless-xhttp,397403,0,3072,3072,1.4,32.7,33.6,0.0,-,0,0,0.000
1790429438,s11-http-proxy,422487,0,3257,3257,3.7,7.2,8.8,0.0,-,0,0,0.000
1790429438,s12-vmess-h3,420204,140,3238,3238,4.0,7.1,8.8,0.0,-,0,0,0.000
1790429438,__proc__,0,0,0,0,-,-,-,6865.1,31264,64751,19766987,1300.997
1790429468,s7-ss-tcp,429377,0,3320,3320,0.9,2.7,4.3,0.0,-,0,0,0.000
1790429468,s8-tuic,429566,0,3320,3320,0.8,2.6,4.2,0.0,-,0,0,0.000
1790429468,s9-anytls,379071,29,2936,2936,2.1,42.7,43.8,0.0,-,0,0,0.000
1790429468,s10-vless-xhttp,398874,0,3089,3089,1.4,32.7,33.6,0.0,-,0,0,0.000
1790429468,s11-http-proxy,424046,0,3274,3274,3.7,6.9,8.5,0.0,-,0,0,0.000
1790429468,s12-vmess-h3,421757,140,3261,3261,3.9,6.3,7.5,0.0,-,0,0,0.000
1790429468,__proc__,0,0,0,0,-,-,-,6821.2,31305,64892,19841849,1305.645
1790429498,s7-ss-tcp,430957,0,3318,3318,0.8,2.4,4.0,0.0,-,0,0,0.000
1790429498,s8-tuic,431145,0,3316,3316,0.7,2.0,3.7,0.0,-,0,0,0.000
1790429498,s9-anytls,380462,29,2921,2921,2.3,42.7,43.7,0.0,-,0,0,0.000
1790429498,s10-vless-xhttp,400332,0,3062,3062,1.3,32.6,33.4,0.0,-,0,0,0.000
1790429498,s11-http-proxy,425616,0,3297,3297,2.3,6.0,7.6,0.0,-,0,0,0.000
1790429498,s12-vmess-h3,423315,140,3272,3272,3.5,5.9,6.8,0.0,-,0,0,0.000
1790429498,__proc__,0,0,0,0,-,-,-,6763.6,31298,64971,19915096,1310.168
1790429528,s7-ss-tcp,432537,0,3318,3318,0.8,2.3,3.9,0.0,-,0,0,0.000
1790429528,s8-tuic,432727,0,3322,3322,0.7,2.0,3.8,0.0,-,0,0,0.000
1790429528,s9-anytls,381858,29,2932,2932,2.3,42.7,43.6,0.0,-,0,0,0.000
1790429528,s10-vless-xhttp,401804,0,3091,3091,1.2,32.6,33.4,0.0,-,0,0,0.000
1790429528,s11-http-proxy,427162,0,3247,3247,2.5,6.1,8.3,0.0,-,0,0,0.000
1790429528,s12-vmess-h3,424859,141,3242,3242,3.5,5.8,8.7,0.0,-,0,0,0.000
1790429528,__proc__,0,0,0,0,-,-,-,6804.7,31296,64786,19982594,1314.661
1790429558,s7-ss-tcp,434117,0,3318,3318,0.8,2.2,3.7,0.0,-,0,0,0.000
1790429558,s8-tuic,434306,0,3316,3316,0.7,2.0,3.7,0.0,-,0,0,0.000
1790429558,s9-anytls,383249,29,2921,2921,2.9,42.7,43.6,0.0,-,0,0,0.000
1790429558,s10-vless-xhttp,403262,0,3062,3062,1.2,32.5,33.3,0.0,-,0,0,0.000
1790429558,s11-http-proxy,428723,0,3278,3278,3.0,6.4,8.3,0.0,-,0,0,0.000
1790429558,s12-vmess-h3,426413,141,3263,3263,3.4,5.8,8.7,0.0,-,0,0,0.000
1790429558,__proc__,0,0,0,0,-,-,-,6794.5,31261,64919,20052433,1319.074
1790429588,s7-ss-tcp,435695,0,3314,3314,0.8,2.2,3.8,0.0,-,0,0,0.000
1790429588,s8-tuic,435886,0,3318,3318,0.7,1.9,3.8,0.0,-,0,0,0.000
1790429588,s9-anytls,384646,29,2934,2934,2.0,42.7,43.6,0.0,-,0,0,0.000
1790429588,s10-vless-xhttp,404730,0,3083,3083,1.3,32.5,33.3,0.0,-,0,0,0.000
1790429588,s11-http-proxy,430278,0,3266,3266,3.4,6.6,8.4,0.0,-,0,0,0.000
1790429588,s12-vmess-h3,427967,142,3263,3263,3.3,5.9,8.8,0.0,-,0,0,0.000
1790429588,__proc__,0,0,0,0,-,-,-,6802.3,31306,64935,20127700,1323.980
1790429618,s7-ss-tcp,437274,0,3316,3316,0.9,2.1,3.6,0.0,-,0,0,0.000
1790429618,s8-tuic,437465,0,3316,3316,0.8,1.9,3.4,0.0,-,0,0,0.000
1790429618,s9-anytls,386042,29,2932,2932,2.1,42.7,43.5,0.0,-,0,0,0.000
1790429618,s10-vless-xhttp,406186,0,3058,3058,1.5,32.5,33.0,0.0,-,0,0,0.000
1790429618,s11-http-proxy,431846,0,3293,3293,2.4,5.8,7.2,0.0,-,0,0,0.000
1790429618,s12-vmess-h3,429524,142,3270,3270,3.0,5.4,6.8,0.0,-,0,0,0.000
1790429618,__proc__,0,0,0,0,-,-,-,6774.2,31263,64908,20204026,1328.900
1790429648,s7-ss-tcp,438853,0,3316,3316,0.9,2.1,3.5,0.0,-,0,0,0.000
1790429648,s8-tuic,439046,0,3320,3320,0.8,2.0,3.6,0.0,-,0,0,0.000
1790429648,s9-anytls,387436,30,2927,2927,2.1,42.7,43.4,0.0,-,0,0,0.000
1790429648,s10-vless-xhttp,407654,0,3083,3083,1.6,32.5,33.0,0.0,-,0,0,0.000
1790429648,s11-http-proxy,433400,0,3263,3263,2.6,6.1,7.5,0.0,-,0,0,0.000
1790429648,s12-vmess-h3,431077,142,3261,3261,2.9,5.5,6.7,0.0,-,0,0,0.000
1790429648,__proc__,0,0,0,0,-,-,-,6746.9,31275,64888,20277478,1333.544
1790429678,s7-ss-tcp,440430,0,3312,3312,0.9,2.2,3.4,0.0,-,0,0,0.000
1790429678,s8-tuic,440625,0,3316,3316,0.8,2.0,3.4,0.0,-,0,0,0.000
1790429678,s9-anytls,388835,30,2938,2938,2.0,42.7,43.3,0.0,-,0,0,0.000
1790429678,s10-vless-xhttp,409119,0,3076,3076,1.4,32.5,33.1,0.0,-,0,0,0.000
1790429678,s11-http-proxy,434965,0,3286,3286,2.6,6.1,7.5,0.0,-,0,0,0.000
1790429678,s12-vmess-h3,432635,142,3272,3272,3.0,5.5,6.8,0.0,-,0,0,0.000
1790429678,__proc__,0,0,0,0,-,-,-,6753.0,31228,64830,20352337,1338.226
1790429708,s7-ss-tcp,442012,0,3322,3322,0.9,2.2,3.9,0.0,-,0,0,0.000
1790429708,s8-tuic,442207,0,3322,3322,0.7,2.0,3.7,0.0,-,0,0,0.000
1790429708,s9-anytls,390224,30,2917,2917,2.1,42.7,43.5,0.0,-,0,0,0.000
1790429708,s10-vless-xhttp,410581,0,3070,3070,1.3,32.5,33.3,0.0,-,0,0,0.000
1790429708,s11-http-proxy,436520,0,3266,3266,2.3,6.2,7.6,0.0,-,0,0,0.000
1790429708,s12-vmess-h3,434184,142,3253,3253,3.2,6.3,7.8,0.0,-,0,0,0.000
1790429708,__proc__,0,0,0,0,-,-,-,6772.0,31192,64706,20423757,1342.705
1790429738,s7-ss-tcp,443589,0,3312,3312,0.8,2.4,4.6,0.0,-,0,0,0.000
1790429738,s8-tuic,443785,0,3314,3314,0.7,2.1,4.4,0.0,-,0,0,0.000
1790429738,s9-anytls,391621,30,2934,2934,2.0,42.7,43.7,0.0,-,0,0,0.000
1790429738,s10-vless-xhttp,412036,0,3056,3056,1.3,32.6,33.5,0.0,-,0,0,0.000
1790429738,s11-http-proxy,438079,0,3274,3274,2.2,6.2,7.7,0.0,-,0,0,0.000
1790429738,s12-vmess-h3,435728,142,3242,3242,3.5,7.0,8.9,0.0,-,0,0,0.000
1790429738,__proc__,0,0,0,0,-,-,-,6712.4,31170,64638,20492270,1347.260
1790429768,s7-ss-tcp,445168,0,3316,3316,0.8,2.3,4.4,0.0,-,0,0,0.000
1790429768,s8-tuic,445366,0,3320,3320,0.7,2.1,4.2,0.0,-,0,0,0.000
1790429768,s9-anytls,393018,31,2934,2934,2.0,42.7,44.1,0.0,-,0,0,0.000
1790429768,s10-vless-xhttp,413506,0,3087,3087,1.3,32.5,33.4,0.0,-,0,0,0.000
1790429768,s11-http-proxy,439640,0,3278,3278,2.9,6.0,7.6,0.0,-,0,0,0.000
1790429768,s12-vmess-h3,437282,142,3263,3263,3.6,6.8,8.8,0.0,-,0,0,0.000
1790429768,__proc__,0,0,0,0,-,-,-,6732.1,31166,64738,20561537,1351.699
1790429798,s7-ss-tcp,446748,0,3318,3318,0.8,2.2,4.6,0.0,-,0,0,0.000
1790429798,s8-tuic,446945,0,3316,3316,0.7,2.0,4.3,0.0,-,0,0,0.000
1790429798,s9-anytls,394416,31,2936,2936,1.9,42.7,43.7,0.0,-,0,0,0.000
1790429798,s10-vless-xhttp,414980,0,3095,3095,1.2,32.5,33.3,0.0,-,0,0,0.000
1790429798,s11-http-proxy,441206,0,3289,3289,2.1,6.2,7.7,0.0,-,0,0,0.000
1790429798,s12-vmess-h3,438841,142,3274,3274,3.3,6.7,8.7,0.0,-,0,0,0.000
1790429798,__proc__,0,0,0,0,-,-,-,6808.6,31211,64833,20642606,1356.258
1790429828,s7-ss-tcp,448328,0,3318,3318,0.8,2.0,4.1,0.0,-,0,0,0.000
1790429828,s8-tuic,448528,0,3324,3324,0.7,1.8,3.7,0.0,-,0,0,0.000
1790429828,s9-anytls,395814,31,2936,2936,1.8,42.7,43.6,0.0,-,0,0,0.000
1790429828,s10-vless-xhttp,416437,0,3060,3060,1.2,32.4,33.1,0.0,-,0,0,0.000
1790429828,s11-http-proxy,442763,0,3270,3270,2.0,6.0,7.4,0.0,-,0,0,0.000
1790429828,s12-vmess-h3,440394,143,3261,3261,3.0,6.0,7.1,0.0,-,0,0,0.000
1790429828,__proc__,0,0,0,0,-,-,-,6792.7,31204,64759,20714926,1360.672
1790429858,s7-ss-tcp,449910,0,3322,3322,0.8,1.9,4.3,0.0,-,0,0,0.000
1790429858,s8-tuic,450108,0,3318,3318,0.7,1.7,3.6,0.0,-,0,0,0.000
1790429858,s9-anytls,397223,31,2959,2959,1.7,42.7,43.4,0.0,-,0,0,0.000
1790429858,s10-vless-xhttp,417901,0,3074,3074,1.2,32.4,33.0,0.0,-,0,0,0.000
1790429858,s11-http-proxy,444325,0,3280,3280,1.9,6.2,7.9,0.0,-,0,0,0.000
1790429858,s12-vmess-h3,441945,143,3257,3257,2.8,6.4,8.7,0.0,-,0,0,0.000
1790429858,__proc__,0,0,0,0,-,-,-,6808.6,31170,64731,20793002,1365.170
1790429888,s7-ss-tcp,451489,0,3316,3316,0.8,1.9,4.4,0.0,-,0,0,0.000
1790429888,s8-tuic,451689,0,3320,3320,0.7,1.7,3.5,0.0,-,0,0,0.000
1790429888,s9-anytls,398623,31,2940,2940,1.8,42.7,43.5,0.0,-,0,0,0.000
1790429888,s10-vless-xhttp,419372,0,3089,3089,1.3,32.4,33.0,0.0,-,0,0,0.000
1790429888,s11-http-proxy,445898,0,3303,3303,1.8,6.2,8.4,0.0,-,0,0,0.000
1790429888,s12-vmess-h3,443499,145,3263,3263,2.8,6.6,8.9,0.0,-,0,0,0.000
1790429888,__proc__,0,0,0,0,-,-,-,6794.3,31224,64796,20874865,1369.876
1790429918,s7-ss-tcp,453063,0,3305,3305,0.8,2.5,3.9,0.0,-,0,0,0.000
1790429918,s8-tuic,453263,0,3305,3305,0.8,2.5,4.1,0.0,-,0,0,0.000
1790429918,s9-anytls,400006,33,2904,2904,2.4,42.7,43.6,0.0,-,0,0,0.000
1790429918,s10-vless-xhttp,420844,0,3091,3091,1.6,32.5,33.3,0.0,-,0,0,0.000
1790429918,s11-http-proxy,447450,0,3259,3259,2.0,6.0,7.9,0.0,-,0,0,0.000
1790429918,s12-vmess-h3,445048,145,3253,3253,2.9,6.0,7.4,0.0,-,0,0,0.000
1790429918,__proc__,0,0,0,0,-,-,-,6759.1,31215,64832,20950040,1375.752
1790429948,s7-ss-tcp,454643,0,3318,3318,0.9,2.7,4.2,0.0,-,0,0,0.000
1790429948,s8-tuic,454844,0,3320,3320,0.9,2.8,4.3,0.0,-,0,0,0.000
1790429948,s9-anytls,401410,33,2948,2948,2.4,42.7,43.6,0.0,-,0,0,0.000
1790429948,s10-vless-xhttp,422290,0,3037,3037,1.7,32.6,33.3,0.0,-,0,0,0.000
1790429948,s11-http-proxy,449008,0,3272,3272,2.6,6.4,8.2,0.0,-,0,0,0.000
1790429948,s12-vmess-h3,446598,146,3255,3255,3.2,6.3,7.5,0.0,-,0,0,0.000
1790429948,__proc__,0,0,0,0,-,-,-,6777.3,31168,64694,21027575,1380.662
1790429978,s7-ss-tcp,456224,0,3320,3320,0.8,2.4,3.8,0.0,-,0,0,0.000
1790429978,s8-tuic,456423,0,3316,3316,0.8,2.5,3.9,0.0,-,0,0,0.000
1790429978,s9-anytls,402799,33,2917,2917,3.0,42.7,43.6,0.0,-,0,0,0.000
1790429978,s10-vless-xhttp,423752,0,3070,3070,1.7,32.5,33.1,0.0,-,0,0,0.000
1790429978,s11-http-proxy,450576,0,3293,3293,2.0,5.8,7.6,0.0,-,0,0,0.000
1790429978,s12-vmess-h3,448157,146,3274,3274,2.8,5.8,7.3,0.0,-,0,0,0.000
1790429978,__proc__,0,0,0,0,-,-,-,6748.8,31187,64793,21112702,1385.271
1790430008,s7-ss-tcp,457803,0,3316,3316,0.8,1.8,3.3,0.0,-,0,0,0.000
1790430008,s8-tuic,458005,0,3322,3322,0.7,1.7,3.4,0.0,-,0,0,0.000
1790430008,s9-anytls,404195,34,2932,2932,2.1,42.7,43.6,0.0,-,0,0,0.000
1790430008,s10-vless-xhttp,425213,0,3068,3068,1.4,32.5,33.1,0.0,-,0,0,0.000
1790430008,s11-http-proxy,452129,0,3261,3261,2.5,5.9,7.7,0.0,-,0,0,0.000
1790430008,s12-vmess-h3,449707,147,3255,3255,2.9,5.7,7.1,0.0,-,0,0,0.000
1790430008,__proc__,0,0,0,0,-,-,-,6751.9,31152,64648,21181481,1389.717
1790430038,s7-ss-tcp,459384,0,3320,3320,0.7,1.8,3.4,0.0,-,0,0,0.000
1790430038,s8-tuic,459586,0,3320,3320,0.7,1.7,3.3,0.0,-,0,0,0.000
1790430038,s9-anytls,405591,34,2932,2932,2.1,42.7,43.6,0.0,-,0,0,0.000
1790430038,s10-vless-xhttp,426676,0,3072,3072,1.3,32.5,33.1,0.0,-,0,0,0.000
1790430038,s11-http-proxy,453692,0,3282,3282,3.0,5.7,7.3,0.0,-,0,0,0.000
1790430038,s12-vmess-h3,451263,147,3268,3268,3.3,5.3,6.6,0.0,-,0,0,0.000
1790430038,__proc__,0,0,0,0,-,-,-,6743.3,31188,64737,21256251,1394.103
1790430068,s7-ss-tcp,460965,0,3320,3320,0.7,1.8,3.3,0.0,-,0,0,0.000
1790430068,s8-tuic,461168,0,3322,3322,0.7,1.6,3.3,0.0,-,0,0,0.000
1790430068,s9-anytls,407003,34,2965,2965,1.7,42.7,43.6,0.0,-,0,0,0.000
1790430068,s10-vless-xhttp,428139,0,3072,3072,1.2,32.5,33.2,0.0,-,0,0,0.000
1790430068,s11-http-proxy,455260,0,3293,3293,2.4,5.5,6.6,0.0,-,0,0,0.000
1790430068,s12-vmess-h3,452817,148,3263,3263,3.3,5.3,6.5,0.0,-,0,0,0.000
1790430068,__proc__,0,0,0,0,-,-,-,6746.6,31167,64756,21335069,1398.590
1790430098,s7-ss-tcp,462545,0,3318,3318,0.7,1.8,3.2,0.0,-,0,0,0.000
1790430098,s8-tuic,462750,0,3322,3322,0.7,1.6,2.9,0.0,-,0,0,0.000
1790430098,s9-anytls,408404,34,2942,2942,1.6,42.7,43.5,0.0,-,0,0,0.000
1790430098,s10-vless-xhttp,429595,0,3058,3058,1.2,32.5,33.1,0.0,-,0,0,0.000
1790430098,s11-http-proxy,456823,0,3282,3282,1.7,5.1,6.2,0.0,-,0,0,0.000
1790430098,s12-vmess-h3,454373,148,3268,3268,3.2,5.2,6.0,0.0,-,0,0,0.000
1790430098,__proc__,0,0,0,0,-,-,-,6799.4,31130,64684,21410447,1402.969
1790430128,s7-ss-tcp,464124,0,3316,3316,0.8,1.9,3.6,0.0,-,0,0,0.000
1790430128,s8-tuic,464327,0,3312,3312,0.7,1.8,3.3,0.0,-,0,0,0.000
1790430128,s9-anytls,409793,34,2917,2917,1.7,42.7,43.6,0.0,-,0,0,0.000
1790430128,s10-vless-xhttp,431051,0,3058,3058,1.2,32.5,33.3,0.0,-,0,0,0.000
1790430128,s11-http-proxy,458384,0,3278,3278,1.7,6.0,8.1,0.0,-,0,0,0.000
1790430128,s12-vmess-h3,455925,148,3259,3259,3.0,6.1,7.9,0.0,-,0,0,0.000
1790430128,__proc__,0,0,0,0,-,-,-,6820.4,31151,64652,21480229,1407.339
1790430158,s7-ss-tcp,465704,0,3318,3318,0.8,2.1,4.0,0.0,-,0,0,0.000
1790430158,s8-tuic,465911,0,3326,3326,0.7,1.9,3.4,0.0,-,0,0,0.000
1790430158,s9-anytls,411196,35,2946,2946,1.8,42.7,43.6,0.0,-,0,0,0.000
1790430158,s10-vless-xhttp,432509,0,3062,3062,1.2,32.5,33.3,0.0,-,0,0,0.000
1790430158,s11-http-proxy,459947,0,3282,3282,1.9,6.3,8.4,0.0,-,0,0,0.000
1790430158,s12-vmess-h3,457477,149,3259,3259,3.0,6.4,8.1,0.0,-,0,0,0.000
1790430158,__proc__,0,0,0,0,-,-,-,6829.1,31126,64593,21555027,1411.698
1790430188,s7-ss-tcp,467284,0,3318,3318,0.8,1.9,3.9,0.0,-,0,0,0.000
1790430188,s8-tuic,467490,0,3316,3316,0.7,1.8,3.3,0.0,-,0,0,0.000
1790430188,s9-anytls,412604,35,2957,2957,1.8,42.7,43.6,0.0,-,0,0,0.000
1790430188,s10-vless-xhttp,433971,0,3070,3070,1.3,32.5,33.2,0.0,-,0,0,0.000
1790430188,s11-http-proxy,461514,0,3291,3291,1.9,6.3,8.3,0.0,-,0,0,0.000
1790430188,s12-vmess-h3,459030,151,3261,3261,2.9,6.3,8.1,0.0,-,0,0,0.000
1790430188,__proc__,0,0,0,0,-,-,-,6800.9,31103,64668,21634675,1416.207
1790430218,s7-ss-tcp,468864,0,3318,3318,0.8,1.8,3.5,0.0,-,0,0,0.000
1790430218,s8-tuic,469071,0,3320,3320,0.7,1.7,3.5,0.0,-,0,0,0.000
1790430218,s9-anytls,414001,35,2934,2934,1.8,42.7,43.5,0.0,-,0,0,0.000
1790430218,s10-vless-xhttp,435433,0,3070,3070,1.4,32.4,33.2,0.0,-,0,0,0.000
1790430218,s11-http-proxy,463079,0,3286,3286,1.8,5.8,7.4,0.0,-,0,0,0.000
1790430218,s12-vmess-h3,460580,152,3255,3255,2.9,5.6,6.7,0.0,-,0,0,0.000
1790430218,__proc__,0,0,0,0,-,-,-,6830.2,31096,64605,21710521,1420.919
1790430248,s7-ss-tcp,470444,0,3318,3318,0.8,2.0,3.8,0.0,-,0,0,0.000
1790430248,s8-tuic,470651,0,3318,3318,0.7,1.9,3.8,0.0,-,0,0,0.000
1790430248,s9-anytls,415404,35,2946,2946,1.8,42.7,43.5,0.0,-,0,0,0.000
1790430248,s10-vless-xhttp,436900,0,3081,3081,1.5,32.5,33.2,0.0,-,0,0,0.000
1790430248,s11-http-proxy,464635,0,3268,3268,2.1,6.0,7.4,0.0,-,0,0,0.000
1790430248,s12-vmess-h3,462128,153,3251,3251,3.0,5.7,6.7,0.0,-,0,0,0.000
1790430248,__proc__,0,0,0,0,-,-,-,6797.4,31148,64682,21784349,1425.550
1790430278,s7-ss-tcp,472021,0,3312,3312,0.8,2.3,4.5,0.0,-,0,0,0.000
1790430278,s8-tuic,472231,0,3318,3318,0.7,2.2,4.3,0.0,-,0,0,0.000
1790430278,s9-anytls,416799,35,2930,2930,1.9,42.7,43.7,0.0,-,0,0,0.000
1790430278,s10-vless-xhttp,438362,0,3070,3070,1.5,32.5,33.3,0.0,-,0,0,0.000
1790430278,s11-http-proxy,466190,0,3266,3266,2.5,6.8,8.2,0.0,-,0,0,0.000
1790430278,s12-vmess-h3,463676,153,3251,3251,3.4,6.7,8.1,0.0,-,0,0,0.000
1790430278,__proc__,0,0,0,0,-,-,-,6817.8,31112,64594,21852774,1429.905
1790430308,s7-ss-tcp,473604,0,3324,3324,0.8,2.1,4.4,0.0,-,0,0,0.000
1790430308,s8-tuic,473811,0,3318,3318,0.7,2.0,4.1,0.0,-,0,0,0.000
1790430308,s9-anytls,418209,35,2961,2961,1.8,42.7,43.7,0.0,-,0,0,0.000
1790430308,s10-vless-xhttp,439829,0,3081,3081,1.3,32.5,33.3,0.0,-,0,0,0.000
1790430308,s11-http-proxy,467756,0,3289,3289,2.1,6.5,7.9,0.0,-,0,0,0.000
1790430308,s12-vmess-h3,465230,153,3263,3263,3.5,6.7,8.1,0.0,-,0,0,0.000
1790430308,__proc__,0,0,0,0,-,-,-,6759.2,31138,64687,21927819,1434.344
1790430338,s7-ss-tcp,475182,0,3314,3314,0.7,1.9,4.0,0.0,-,0,0,0.000
1790430338,s8-tuic,475392,0,3320,3320,0.7,1.7,3.6,0.0,-,0,0,0.000
1790430338,s9-anytls,419604,35,2930,2930,1.7,42.7,43.6,0.0,-,0,0,0.000
1790430338,s10-vless-xhttp,441301,0,3091,3091,1.2,32.4,33.2,0.0,-,0,0,0.000
1790430338,s11-http-proxy,469317,0,3278,3278,2.2,6.1,7.2,0.0,-,0,0,0.000
1790430338,s12-vmess-h3,466788,153,3272,3272,3.2,5.8,6.9,0.0,-,0,0,0.000
1790430338,__proc__,0,0,0,0,-,-,-,6755.8,31176,64809,22004164,1438.707
1790430368,s7-ss-tcp,476764,0,3322,3322,0.7,1.7,3.5,0.0,-,0,0,0.000
1790430368,s8-tuic,476975,0,3324,3324,0.7,1.6,3.1,0.0,-,0,0,0.000
1790430368,s9-anytls,420997,35,2925,2925,1.8,42.7,43.6,0.0,-,0,0,0.000
1790430368,s10-vless-xhttp,442761,0,3066,3066,1.2,32.4,33.2,0.0,-,0,0,0.000
1790430368,s11-http-proxy,470884,0,3291,3291,1.7,5.3,6.3,0.0,-,0,0,0.000
1790430368,s12-vmess-h3,468341,153,3261,3261,3.0,5.3,6.3,0.0,-,0,0,0.000
1790430368,__proc__,0,0,0,0,-,-,-,6753.9,31173,64731,22078087,1443.144
1790430398,s7-ss-tcp,478345,0,3320,3320,0.7,1.7,3.3,0.0,-,0,0,0.000
1790430398,s8-tuic,478554,0,3316,3316,0.7,1.6,3.1,0.0,-,0,0,0.000
1790430398,s9-anytls,422400,35,2946,2946,1.8,42.7,43.5,0.0,-,0,0,0.000
1790430398,s10-vless-xhttp,444228,0,3081,3081,1.2,32.5,33.2,0.0,-,0,0,0.000
1790430398,s11-http-proxy,472449,0,3286,3286,1.8,5.3,6.5,0.0,-,0,0,0.000
1790430398,s12-vmess-h3,469899,153,3272,3272,3.0,5.4,6.6,0.0,-,0,0,0.000
1790430398,__proc__,0,0,0,0,-,-,-,6756.0,31162,64744,22155006,1447.528
1790430428,s7-ss-tcp,479925,0,3318,3318,0.8,1.8,3.8,0.0,-,0,0,0.000
1790430428,s8-tuic,480136,0,3322,3322,0.7,1.7,3.7,0.0,-,0,0,0.000
1790430428,s9-anytls,423813,35,2967,2967,1.6,42.7,43.5,0.0,-,0,0,0.000
1790430428,s10-vless-xhttp,445700,0,3091,3091,1.1,32.4,33.1,0.0,-,0,0,0.000
1790430428,s11-http-proxy,474011,0,3280,3280,2.0,5.7,6.7,0.0,-,0,0,0.000
1790430428,s12-vmess-h3,471456,153,3270,3270,3.1,5.8,6.8,0.0,-,0,0,0.000
1790430428,__proc__,0,0,0,0,-,-,-,6756.4,31212,64808,22231869,1451.924
1790430458,s7-ss-tcp,481505,0,3318,3318,0.8,1.7,3.1,0.0,-,0,0,0.000
1790430458,s8-tuic,481716,0,3318,3318,0.7,1.5,2.9,0.0,-,0,0,0.000
1790430458,s9-anytls,425188,35,2888,2888,1.9,42.7,43.3,0.0,-,0,0,0.000
1790430458,s10-vless-xhttp,447158,0,3062,3062,1.2,32.4,33.1,0.0,-,0,0,0.000
1790430458,s11-http-proxy,475576,0,3286,3286,1.9,5.3,6.3,0.0,-,0,0,0.000
1790430458,s12-vmess-h3,473014,153,3272,3272,2.7,5.3,6.3,0.0,-,0,0,0.000
1790430458,__proc__,0,0,0,0,-,-,-,6795.8,31244,64923,22309673,1456.302
1790430488,s7-ss-tcp,483085,0,3318,3318,0.8,1.8,4.0,0.0,-,0,0,0.000
1790430488,s8-tuic,483298,0,3322,3322,0.7,1.6,4.0,0.0,-,0,0,0.000
1790430488,s9-anytls,426576,35,2915,2915,40.9,42.7,43.3,0.0,-,0,0,0.000
1790430488,s10-vless-xhttp,448615,0,3060,3060,1.2,32.4,33.1,0.0,-,0,0,0.000
1790430488,s11-http-proxy,477140,0,3284,3284,1.9,5.5,6.6,0.0,-,0,0,0.000
1790430488,s12-vmess-h3,474565,154,3257,3257,2.9,5.8,6.9,0.0,-,0,0,0.000
1790430488,__proc__,0,0,0,0,-,-,-,6803.5,31193,64749,22384056,1460.728
1790430518,s7-ss-tcp,484665,0,3318,3318,0.8,1.7,3.3,0.0,-,0,0,0.000
1790430518,s8-tuic,484877,0,3316,3316,0.7,1.6,3.4,0.0,-,0,0,0.000
1790430518,s9-anytls,427974,35,2936,2936,41.0,42.7,43.1,0.0,-,0,0,0.000
1790430518,s10-vless-xhttp,450088,0,3093,3093,1.4,32.4,33.1,0.0,-,0,0,0.000
1790430518,s11-http-proxy,478713,0,3303,3303,1.7,4.6,5.9,0.0,-,0,0,0.000
1790430518,s12-vmess-h3,476123,155,3272,3272,2.8,5.2,6.8,0.0,-,0,0,0.000
1790430518,__proc__,0,0,0,0,-,-,-,6802.9,31224,64853,22467526,1465.531
1790430548,s7-ss-tcp,486244,0,3316,3316,0.8,1.8,3.3,0.0,-,0,0,0.000
1790430548,s8-tuic,486458,0,3320,3320,0.8,1.7,3.2,0.0,-,0,0,0.000
1790430548,s9-anytls,429375,35,2942,2942,2.1,42.7,43.6,0.0,-,0,0,0.000
1790430548,s10-vless-xhttp,451541,0,3051,3051,1.5,32.4,33.2,0.0,-,0,0,0.000
1790430548,s11-http-proxy,480272,0,3274,3274,1.8,5.4,6.6,0.0,-,0,0,0.000
1790430548,s12-vmess-h3,477672,155,3253,3253,3.0,5.3,6.5,0.0,-,0,0,0.000
1790430548,__proc__,0,0,0,0,-,-,-,6820.4,31173,64698,22541266,1470.163
1790430578,s7-ss-tcp,487824,0,3318,3318,0.8,1.8,3.3,0.0,-,0,0,0.000
1790430578,s8-tuic,488038,0,3318,3318,0.7,1.8,3.3,0.0,-,0,0,0.000
1790430578,s9-anytls,430772,35,2934,2934,2.0,42.7,43.5,0.0,-,0,0,0.000
1790430578,s10-vless-xhttp,453012,0,3089,3089,1.5,32.4,33.1,0.0,-,0,0,0.000
1790430578,s11-http-proxy,481833,0,3278,3278,2.0,5.7,6.9,0.0,-,0,0,0.000
1790430578,s12-vmess-h3,479230,155,3272,3272,3.2,5.3,6.4,0.0,-,0,0,0.000
1790430578,__proc__,0,0,0,0,-,-,-,6852.4,31214,64832,22616830,1474.655
1790430608,s7-ss-tcp,489405,0,3320,3320,0.8,1.9,3.4,0.0,-,0,0,0.000
1790430608,s8-tuic,489619,0,3320,3320,0.7,1.7,3.3,0.0,-,0,0,0.000
1790430608,s9-anytls,432183,35,2963,2963,1.8,42.7,43.6,0.0,-,0,0,0.000
1790430608,s10-vless-xhttp,454469,0,3060,3060,1.3,32.4,33.3,0.0,-,0,0,0.000
1790430608,s11-http-proxy,483403,0,3297,3297,2.1,5.7,6.9,0.0,-,0,0,0.000
1790430608,s12-vmess-h3,480787,155,3270,3270,3.3,5.2,6.4,0.0,-,0,0,0.000
1790430608,__proc__,0,0,0,0,-,-,-,6803.7,31204,64820,22695534,1479.100
1790430638,s7-ss-tcp,490985,0,3318,3318,0.8,1.7,3.2,0.0,-,0,0,0.000
1790430638,s8-tuic,491203,0,3326,3326,0.7,1.5,3.0,0.0,-,0,0,0.000
1790430638,s9-anytls,433573,35,2919,2919,1.8,42.7,43.4,0.0,-,0,0,0.000
1790430638,s10-vless-xhttp,455930,0,3068,3068,1.2,32.4,33.1,0.0,-,0,0,0.000
1790430638,s11-http-proxy,484965,0,3280,3280,1.7,5.5,6.9,0.0,-,0,0,0.000
1790430638,s12-vmess-h3,482344,155,3270,3270,2.9,5.3,6.4,0.0,-,0,0,0.000
1790430638,__proc__,0,0,0,0,-,-,-,6779.9,31197,64804,22770008,1483.475
1790430668,s7-ss-tcp,492564,0,3316,3316,0.8,1.7,3.7,0.0,-,0,0,0.000
1790430668,s8-tuic,492779,0,3310,3310,0.7,1.6,3.3,0.0,-,0,0,0.000
1790430668,s9-anytls,434976,35,2946,2946,1.8,42.7,43.4,0.0,-,0,0,0.000
1790430668,s10-vless-xhttp,457405,0,3098,3098,1.2,32.4,33.1,0.0,-,0,0,0.000
1790430668,s11-http-proxy,486525,0,3276,3276,1.8,5.9,7.1,0.0,-,0,0,0.000
1790430668,s12-vmess-h3,483895,155,3257,3257,2.9,5.6,6.8,0.0,-,0,0,0.000
1790430668,__proc__,0,0,0,0,-,-,-,6795.2,31186,64783,22844692,1487.954
1790430698,s7-ss-tcp,494144,0,3318,3318,0.8,1.8,3.8,0.0,-,0,0,0.000
1790430698,s8-tuic,494363,0,3326,3326,0.7,1.8,3.4,0.0,-,0,0,0.000
1790430698,s9-anytls,436365,35,2917,2917,2.2,42.7,43.4,0.0,-,0,0,0.000
1790430698,s10-vless-xhttp,458866,0,3068,3068,1.2,32.4,33.1,0.0,-,0,0,0.000
1790430698,s11-http-proxy,488093,0,3293,3293,1.8,5.9,7.1,0.0,-,0,0,0.000
1790430698,s12-vmess-h3,485453,155,3272,3272,3.0,5.6,6.7,0.0,-,0,0,0.000
1790430698,__proc__,0,0,0,0,-,-,-,6810.3,31184,64789,22917733,1492.363
1790430728,s7-ss-tcp,495725,0,3320,3320,0.8,1.9,3.9,0.0,-,0,0,0.000
1790430728,s8-tuic,495944,0,3320,3320,0.7,1.8,3.5,0.0,-,0,0,0.000
1790430728,s9-anytls,437776,35,2963,2963,1.8,42.7,43.5,0.0,-,0,0,0.000
1790430728,s10-vless-xhttp,460330,0,3074,3074,1.2,32.4,33.2,0.0,-,0,0,0.000
1790430728,s11-http-proxy,489655,0,3280,3280,1.8,5.6,6.9,0.0,-,0,0,0.000
1790430728,s12-vmess-h3,487003,156,3255,3255,3.1,5.6,6.7,0.0,-,0,0,0.000
1790430728,__proc__,0,0,0,0,-,-,-,6832.6,31181,64693,22992250,1496.758
1790430758,s7-ss-tcp,497307,0,3322,3322,0.7,1.8,3.7,0.0,-,0,0,0.000
1790430758,s8-tuic,497523,0,3316,3316,0.7,1.7,3.4,0.0,-,0,0,0.000
1790430758,s9-anytls,439165,35,2917,2917,1.8,42.7,43.5,0.0,-,0,0,0.000
1790430758,s10-vless-xhttp,461790,0,3066,3066,1.2,32.4,33.1,0.0,-,0,0,0.000
1790430758,s11-http-proxy,491217,0,3280,3280,1.8,5.8,7.1,0.0,-,0,0,0.000
1790430758,s12-vmess-h3,488561,156,3272,3272,3.0,5.8,7.0,0.0,-,0,0,0.000
1790430758,__proc__,0,0,0,0,-,-,-,6871.1,31230,64872,23067745,1501.079
1790430788,s7-ss-tcp,498885,0,3314,3314,0.7,1.6,3.6,0.0,-,0,0,0.000
1790430788,s8-tuic,499107,0,3326,3326,0.7,1.6,3.8,0.0,-,0,0,0.000
1790430788,s9-anytls,440571,35,2953,2953,1.7,42.7,43.6,0.0,-,0,0,0.000
1790430788,s10-vless-xhttp,463255,0,3076,3076,1.2,32.4,33.1,0.0,-,0,0,0.000
1790430788,s11-http-proxy,492781,0,3284,3284,1.9,6.3,7.7,0.0,-,0,0,0.000
1790430788,s12-vmess-h3,490113,157,3259,3259,3.0,6.5,7.5,0.0,-,0,0,0.000
1790430788,__proc__,0,0,0,0,-,-,-,6868.9,31185,64732,23142980,1505.475
1790430818,s7-ss-tcp,500466,0,3320,3320,0.7,1.8,4.1,0.0,-,0,0,0.000
1790430818,s8-tuic,500684,0,3312,3312,0.7,1.8,4.3,0.0,-,0,0,0.000
1790430818,s9-anytls,441963,35,2923,2923,2.0,42.7,43.7,0.0,-,0,0,0.000
1790430818,s10-vless-xhttp,464722,0,3081,3081,1.3,32.4,33.0,0.0,-,0,0,0.000
1790430818,s11-http-proxy,494340,0,3274,3274,1.9,6.5,8.0,0.0,-,0,0,0.000
1790430818,s12-vmess-h3,491661,158,3251,3251,3.0,6.9,8.4,0.0,-,0,0,0.000
1790430818,__proc__,0,0,0,0,-,-,-,6869.5,31194,64756,23216942,1510.207
1790430848,s7-ss-tcp,502045,0,3316,3316,0.8,1.8,3.6,0.0,-,0,0,0.000
1790430848,s8-tuic,502267,0,3324,3324,0.7,1.7,3.7,0.0,-,0,0,0.000
1790430848,s9-anytls,443358,35,2930,2930,2.0,42.7,43.6,0.0,-,0,0,0.000
1790430848,s10-vless-xhttp,466190,0,3083,3083,1.5,32.4,32.9,0.0,-,0,0,0.000
1790430848,s11-http-proxy,495910,0,3297,3297,1.9,5.8,7.7,0.0,-,0,0,0.000
1790430848,s12-vmess-h3,493221,158,3276,3276,2.9,6.5,8.3,0.0,-,0,0,0.000
1790430848,__proc__,0,0,0,0,-,-,-,6892.2,31210,64905,23300436,1514.934
1790430878,s7-ss-tcp,503627,0,3322,3322,0.8,1.9,3.7,0.0,-,0,0,0.000
1790430878,s8-tuic,503845,0,3314,3314,0.7,1.7,3.3,0.0,-,0,0,0.000
1790430878,s9-anytls,444736,35,2894,2894,41.0,42.7,43.6,0.0,-,0,0,0.000
1790430878,s10-vless-xhttp,467660,0,3087,3087,1.5,32.5,33.0,0.0,-,0,0,0.000
1790430878,s11-http-proxy,497470,0,3276,3276,1.9,5.7,8.0,0.0,-,0,0,0.000
1790430878,s12-vmess-h3,494770,158,3253,3253,2.9,5.5,8.3,0.0,-,0,0,0.000
1790430878,__proc__,0,0,0,0,-,-,-,6900.8,31204,64733,23373565,1519.409
1790430908,s7-ss-tcp,505205,0,3314,3314,0.8,1.9,3.9,0.0,-,0,0,0.000
1790430908,s8-tuic,505427,0,3322,3322,0.7,1.8,3.5,0.0,-,0,0,0.000
1790430908,s9-anytls,446127,36,2921,2921,40.9,42.7,43.5,0.0,-,0,0,0.000
1790430908,s10-vless-xhttp,469126,0,3079,3079,1.3,32.4,33.1,0.0,-,0,0,0.000
1790430908,s11-http-proxy,499034,0,3284,3284,1.8,5.8,7.9,0.0,-,0,0,0.000
1790430908,s12-vmess-h3,496323,159,3261,3261,3.0,5.7,8.3,0.0,-,0,0,0.000
1790430908,__proc__,0,0,0,0,-,-,-,6892.2,31213,64813,23449551,1523.839
1790430938,s7-ss-tcp,506786,0,3320,3320,0.7,2.0,4.0,0.0,-,0,0,0.000
1790430938,s8-tuic,507007,0,3318,3318,0.7,1.9,3.7,0.0,-,0,0,0.000
1790430938,s9-anytls,447514,36,2913,2913,41.0,42.7,43.6,0.0,-,0,0,0.000
1790430938,s10-vless-xhttp,470580,0,3053,3053,1.2,32.5,33.4,0.0,-,0,0,0.000
1790430938,s11-http-proxy,500593,0,3274,3274,2.7,6.2,8.0,0.0,-,0,0,0.000
1790430938,s12-vmess-h3,497877,159,3263,3263,3.5,5.9,8.2,0.0,-,0,0,0.000
1790430938,__proc__,0,0,0,0,-,-,-,6875.0,31209,64782,23518892,1528.178
1790430968,s7-ss-tcp,508367,0,3320,3320,0.7,1.8,3.8,0.0,-,0,0,0.000
1790430968,s8-tuic,508589,0,3322,3322,0.7,1.8,3.6,0.0,-,0,0,0.000
1790430968,s9-anytls,448926,36,2965,2965,1.8,42.7,43.5,0.0,-,0,0,0.000
1790430968,s10-vless-xhttp,472053,0,3093,3093,1.2,32.5,33.3,0.0,-,0,0,0.000
1790430968,s11-http-proxy,502158,0,3286,3286,2.2,6.1,7.3,0.0,-,0,0,0.000
1790430968,s12-vmess-h3,499430,159,3261,3261,3.3,5.9,7.2,0.0,-,0,0,0.000
1790430968,__proc__,0,0,0,0,-,-,-,6863.5,31238,64869,23594073,1532.518
1790430998,s7-ss-tcp,509946,0,3316,3316,0.7,1.8,3.7,0.0,-,0,0,0.000
1790430998,s8-tuic,510171,0,3322,3322,0.7,1.8,3.8,0.0,-,0,0,0.000
1790430998,s9-anytls,450320,36,2927,2927,1.7,42.7,43.5,0.0,-,0,0,0.000
1790430998,s10-vless-xhttp,473524,0,3089,3089,1.2,32.5,33.3,0.0,-,0,0,0.000
1790430998,s11-http-proxy,503719,0,3278,3278,1.9,5.9,7.4,0.0,-,0,0,0.000
1790430998,s12-vmess-h3,500981,160,3257,3257,3.3,6.0,7.4,0.0,-,0,0,0.000
1790430998,__proc__,0,0,0,0,-,-,-,6808.9,31223,64781,23666371,1536.906
1790431028,s7-ss-tcp,511526,0,3318,3318,0.7,2.0,3.7,0.0,-,0,0,0.000
1790431028,s8-tuic,511749,0,3314,3314,0.7,2.0,4.0,0.0,-,0,0,0.000
1790431028,s9-anytls,451707,37,2913,2913,1.8,42.7,43.6,0.0,-,0,0,0.000
1790431028,s10-vless-xhttp,474986,0,3070,3070,1.1,32.5,33.4,0.0,-,0,0,0.000
1790431028,s11-http-proxy,505273,0,3263,3263,2.8,6.3,7.4,0.0,-,0,0,0.000
1790431028,s12-vmess-h3,502526,161,3244,3244,3.4,6.0,7.3,0.0,-,0,0,0.000
1790431028,__proc__,0,0,0,0,-,-,-,6816.6,31231,64775,23733251,1541.251
1790431058,s7-ss-tcp,513105,0,3316,3316,0.8,2.4,4.6,0.0,-,0,0,0.000
1790431058,s8-tuic,513326,0,3312,3312,0.7,2.6,5.0,0.0,-,0,0,0.000
1790431058,s9-anytls,453101,37,2927,2927,40.8,42.7,43.9,0.0,-,0,0,0.000
1790431058,s10-vless-xhttp,476450,0,3074,3074,1.2,32.6,33.6,0.0,-,0,0,0.000
1790431058,s11-http-proxy,506818,0,3244,3244,3.7,7.4,9.1,0.0,-,0,0,0.000
1790431058,s12-vmess-h3,504070,161,3242,3242,3.8,7.4,8.9,0.0,-,0,0,0.000
1790431058,__proc__,0,0,0,0,-,-,-,6846.2,31216,64707,23800147,1545.779
1790431088,s7-ss-tcp,514681,0,3310,3310,0.8,2.7,4.5,0.0,-,0,0,0.000
1790431088,s8-tuic,514903,0,3312,3312,0.8,2.7,4.7,0.0,-,0,0,0.000
1790431088,s9-anytls,454501,37,2940,2940,2.2,42.7,44.3,0.0,-,0,0,0.000
1790431088,s10-vless-xhttp,477909,0,3064,3064,1.2,32.6,33.5,0.0,-,0,0,0.000
1790431088,s11-http-proxy,508371,0,3261,3261,4.1,7.5,9.1,0.0,-,0,0,0.000
1790431088,s12-vmess-h3,505614,164,3242,3242,3.8,7.3,8.9,0.0,-,0,0,0.000
1790431088,__proc__,0,0,0,0,-,-,-,6831.5,31218,64707,23862295,1550.266
1790431118,s7-ss-tcp,516258,0,3312,3312,0.9,2.6,4.1,0.0,-,0,0,0.000
1790431118,s8-tuic,516483,0,3318,3318,0.8,2.5,3.9,0.0,-,0,0,0.000
1790431118,s9-anytls,455898,37,2934,2934,2.1,42.7,43.7,0.0,-,0,0,0.000
1790431118,s10-vless-xhttp,479349,0,3024,3024,1.5,32.7,33.5,0.0,-,0,0,0.000
1790431118,s11-http-proxy,509936,0,3286,3286,3.3,6.8,8.2,0.0,-,0,0,0.000
1790431118,s12-vmess-h3,507166,164,3259,3259,3.5,6.4,7.7,0.0,-,0,0,0.000
1790431118,__proc__,0,0,0,0,-,-,-,6830.5,31170,64813,23933374,1554.963
1790431148,s7-ss-tcp,517838,0,3318,3318,1.0,2.5,4.0,0.0,-,0,0,0.000
1790431148,s8-tuic,518063,0,3318,3318,0.8,2.4,3.8,0.0,-,0,0,0.000
1790431148,s9-anytls,457294,37,2932,2932,2.1,42.7,43.6,0.0,-,0,0,0.000
1790431148,s10-vless-xhttp,480820,0,3089,3089,1.6,32.6,33.4,0.0,-,0,0,0.000
1790431148,s11-http-proxy,511502,0,3289,3289,2.1,5.8,7.1,0.0,-,0,0,0.000
1790431148,s12-vmess-h3,508717,165,3257,3257,3.4,5.7,6.8,0.0,-,0,0,0.000
1790431148,__proc__,0,0,0,0,-,-,-,6837.6,31178,64714,24012808,1559.949
1790431178,s7-ss-tcp,519418,0,3318,3318,0.9,2.2,3.7,0.0,-,0,0,0.000
1790431178,s8-tuic,519643,0,3318,3318,0.8,2.0,3.7,0.0,-,0,0,0.000
1790431178,s9-anytls,458691,37,2934,2934,2.1,42.7,43.5,0.0,-,0,0,0.000
1790431178,s10-vless-xhttp,482280,0,3066,3066,1.6,32.6,33.2,0.0,-,0,0,0.000
1790431178,s11-http-proxy,513066,0,3284,3284,1.8,5.4,6.8,0.0,-,0,0,0.000
1790431178,s12-vmess-h3,510265,167,3251,3251,3.1,5.7,6.8,0.0,-,0,0,0.000
1790431178,__proc__,0,0,0,0,-,-,-,6806.5,31147,64636,24092184,1564.625
1790431208,s7-ss-tcp,520996,0,3314,3314,0.8,2.1,4.0,0.0,-,0,0,0.000
1790431208,s8-tuic,521223,0,3318,3318,0.7,1.8,3.9,0.0,-,0,0,0.000
1790431208,s9-anytls,460085,37,2927,2927,2.1,42.7,43.6,0.0,-,0,0,0.000
1790431208,s10-vless-xhttp,483732,0,3049,3049,1.5,32.5,33.1,0.0,-,0,0,0.000
1790431208,s11-http-proxy,514626,0,3276,3276,1.9,5.8,7.4,0.0,-,0,0,0.000
1790431208,s12-vmess-h3,511816,167,3257,3257,3.1,6.5,8.0,0.0,-,0,0,0.000
1790431208,__proc__,0,0,0,0,-,-,-,6775.2,31144,64643,24164397,1569.307
1790431238,s7-ss-tcp,522578,0,3322,3322,0.8,2.1,3.9,0.0,-,0,0,0.000
1790431238,s8-tuic,522805,0,3322,3322,0.7,1.8,3.9,0.0,-,0,0,0.000
1790431238,s9-anytls,461487,37,2944,2944,2.0,42.7,43.6,0.0,-,0,0,0.000
1790431238,s10-vless-xhttp,485196,0,3074,3074,1.4,32.5,33.2,0.0,-,0,0,0.000
1790431238,s11-http-proxy,516194,0,3293,3293,2.0,5.9,7.4,0.0,-,0,0,0.000
1790431238,s12-vmess-h3,513377,167,3278,3278,3.0,6.5,8.0,0.0,-,0,0,0.000
1790431238,__proc__,0,0,0,0,-,-,-,6851.5,31150,64818,24244918,1573.822
1790431268,s7-ss-tcp,524157,0,3316,3316,0.8,1.9,3.8,0.0,-,0,0,0.000
1790431268,s8-tuic,524385,0,3318,3318,0.7,1.7,3.8,0.0,-,0,0,0.000
1790431268,s9-anytls,462886,37,2938,2938,1.9,42.7,43.6,0.0,-,0,0,0.000
1790431268,s10-vless-xhttp,486652,0,3058,3058,1.3,32.5,33.2,0.0,-,0,0,0.000
1790431268,s11-http-proxy,517753,0,3274,3274,2.0,5.9,7.4,0.0,-,0,0,0.000
1790431268,s12-vmess-h3,514932,167,3266,3266,2.9,6.2,8.0,0.0,-,0,0,0.000
1790431268,__proc__,0,0,0,0,-,-,-,6819.4,31155,64776,24318400,1578.171
1790431298,s7-ss-tcp,525739,0,3322,3322,0.7,1.6,3.6,0.0,-,0,0,0.000
1790431298,s8-tuic,525966,0,3320,3320,0.7,1.5,3.7,0.0,-,0,0,0.000
1790431298,s9-anytls,464291,37,2950,2950,1.7,42.7,43.5,0.0,-,0,0,0.000
1790431298,s10-vless-xhttp,488115,0,3072,3072,1.2,32.5,33.1,0.0,-,0,0,0.000
1790431298,s11-http-proxy,519315,0,3280,3280,1.9,5.8,7.2,0.0,-,0,0,0.000
1790431298,s12-vmess-h3,516486,167,3263,3263,2.6,5.7,6.9,0.0,-,0,0,0.000
1790431298,__proc__,0,0,0,0,-,-,-,6859.7,31106,64685,24394461,1582.542
1790431328,s7-ss-tcp,527319,0,3318,3318,0.7,1.7,3.7,0.0,-,0,0,0.000
1790431328,s8-tuic,527548,0,3322,3322,0.7,1.6,3.8,0.0,-,0,0,0.000
1790431328,s9-anytls,465693,37,2944,2944,1.6,42.7,43.6,0.0,-,0,0,0.000
1790431328,s10-vless-xhttp,489580,0,3076,3076,1.2,32.5,33.2,0.0,-,0,0,0.000
1790431328,s11-http-proxy,520870,0,3266,3266,2.3,6.0,7.4,0.0,-,0,0,0.000
1790431328,s12-vmess-h3,518035,168,3253,3253,2.9,5.8,7.3,0.0,-,0,0,0.000
1790431328,__proc__,0,0,0,0,-,-,-,6780.1,31090,64549,24465722,1586.893
1790431358,s7-ss-tcp,528901,0,3322,3322,0.7,1.7,3.2,0.0,-,0,0,0.000
1790431358,s8-tuic,529130,0,3322,3322,0.7,1.6,3.1,0.0,-,0,0,0.000
1790431358,s9-anytls,467083,37,2919,2919,1.8,42.7,43.5,0.0,-,0,0,0.000
1790431358,s10-vless-xhttp,491044,0,3074,3074,1.2,32.4,33.2,0.0,-,0,0,0.000
1790431358,s11-http-proxy,522440,0,3297,3297,2.3,5.8,7.2,0.0,-,0,0,0.000
1790431358,s12-vmess-h3,519593,168,3272,3272,2.9,5.5,7.1,0.0,-,0,0,0.000
1790431358,__proc__,0,0,0,0,-,-,-,6796.3,31091,64652,24543343,1591.274
1790431388,s7-ss-tcp,530479,0,3314,3314,0.7,1.8,3.5,0.0,-,0,0,0.000
1790431388,s8-tuic,530710,0,3318,3318,0.7,1.6,3.2,0.0,-,0,0,0.000
1790431388,s9-anytls,468490,37,2955,2955,1.7,42.7,43.6,0.0,-,0,0,0.000
1790431388,s10-vless-xhttp,492502,0,3062,3062,1.1,32.5,33.1,0.0,-,0,0,0.000
1790431388,s11-http-proxy,524005,0,3286,3286,2.1,5.5,6.7,0.0,-,0,0,0.000
1790431388,s12-vmess-h3,521147,168,3263,3263,3.2,5.2,6.5,0.0,-,0,0,0.000
1790431388,__proc__,0,0,0,0,-,-,-,6825.0,31105,64624,24616692,1595.652
1790431418,s7-ss-tcp,532060,0,3320,3320,0.8,1.8,3.8,0.0,-,0,0,0.000
1790431418,s8-tuic,532289,0,3316,3316,0.7,1.7,3.5,0.0,-,0,0,0.000
1790431418,s9-anytls,469880,37,2919,2919,1.9,42.7,43.6,0.0,-,0,0,0.000
1790431418,s10-vless-xhttp,493970,0,3083,3083,1.2,32.4,33.1,0.0,-,0,0,0.000
1790431418,s11-http-proxy,525561,0,3268,3268,1.8,6.0,7.6,0.0,-,0,0,0.000
1790431418,s12-vmess-h3,522700,169,3261,3261,3.0,5.8,7.1,0.0,-,0,0,0.000
1790431418,__proc__,0,0,0,0,-,-,-,6764.2,31157,64695,24692461,1600.226
1790431448,s7-ss-tcp,533639,0,3316,3316,0.8,1.8,3.8,0.0,-,0,0,0.000
1790431448,s8-tuic,533872,0,3324,3324,0.7,1.7,3.5,0.0,-,0,0,0.000
1790431448,s9-anytls,471280,37,2940,2940,1.9,42.7,43.6,0.0,-,0,0,0.000
1790431448,s10-vless-xhttp,495436,0,3079,3079,1.4,32.4,33.0,0.0,-,0,0,0.000
1790431448,s11-http-proxy,527135,0,3305,3305,1.8,5.9,7.6,0.0,-,0,0,0.000
1790431448,s12-vmess-h3,524259,170,3274,3274,2.7,5.7,7.0,0.0,-,0,0,0.000
1790431448,__proc__,0,0,0,0,-,-,-,6799.6,31129,64760,24777708,1604.908
1790431478,s7-ss-tcp,535219,0,3318,3318,0.8,1.8,3.9,0.0,-,0,0,0.000
1790431478,s8-tuic,535452,0,3318,3318,0.7,1.6,3.3,0.0,-,0,0,0.000
1790431478,s9-anytls,472653,37,2883,2883,41.0,42.7,43.6,0.0,-,0,0,0.000
1790431478,s10-vless-xhttp,496897,0,3068,3068,1.5,32.4,33.1,0.0,-,0,0,0.000
1790431478,s11-http-proxy,528687,0,3259,3259,1.9,6.2,8.0,0.0,-,0,0,0.000
1790431478,s12-vmess-h3,525806,170,3249,3249,2.8,6.0,7.6,0.0,-,0,0,0.000
1790431478,__proc__,0,0,0,0,-,-,-,6802.4,31140,64631,24847611,1609.411
1790431508,s7-ss-tcp,536799,0,3318,3318,0.8,1.9,3.9,0.0,-,0,0,0.000
1790431508,s8-tuic,537033,0,3320,3320,0.7,1.7,3.5,0.0,-,0,0,0.000
1790431508,s9-anytls,474059,38,2953,2953,2.2,42.7,43.4,0.0,-,0,0,0.000
1790431508,s10-vless-xhttp,498359,0,3070,3070,1.4,32.5,33.2,0.0,-,0,0,0.000
1790431508,s11-http-proxy,530249,0,3280,3280,2.1,6.3,8.0,0.0,-,0,0,0.000
1790431508,s12-vmess-h3,527358,171,3259,3259,3.1,6.0,7.6,0.0,-,0,0,0.000
1790431508,__proc__,0,0,0,0,-,-,-,6794.3,31196,64776,24923302,1613.894
1790431538,s7-ss-tcp,538381,0,3322,3322,0.8,1.8,3.7,0.0,-,0,0,0.000
1790431538,s8-tuic,538614,0,3320,3320,0.7,1.6,3.3,0.0,-,0,0,0.000
1790431538,s9-anytls,475460,38,2942,2942,2.1,42.7,43.4,0.0,-,0,0,0.000
1790431538,s10-vless-xhttp,499812,0,3051,3051,1.3,32.5,33.2,0.0,-,0,0,0.000
1790431538,s11-http-proxy,531821,0,3301,3301,2.1,6.3,8.0,0.0,-,0,0,0.000
1790431538,s12-vmess-h3,528917,172,3274,3274,3.0,6.0,7.6,0.0,-,0,0,0.000
1790431538,__proc__,0,0,0,0,-,-,-,6808.1,31155,64769,25006268,1618.280
1790431568,s7-ss-tcp,539961,0,3318,3318,0.7,1.6,2.7,0.0,-,0,0,0.000
1790431568,s8-tuic,540196,0,3322,3322,0.7,1.5,2.7,0.0,-,0,0,0.000
1790431568,s9-anytls,476851,38,2921,2921,1.8,42.6,43.4,0.0,-,0,0,0.000
1790431568,s10-vless-xhttp,501264,0,3049,3049,1.3,32.4,33.1,0.0,-,0,0,0.000
1790431568,s11-http-proxy,533389,0,3293,3293,1.6,4.8,6.3,0.0,-,0,0,0.000
1790431568,s12-vmess-h3,530475,172,3272,3272,2.7,5.0,6.5,0.0,-,0,0,0.000
1790431568,__proc__,0,0,0,0,-,-,-,6804.3,31149,64721,25082497,1622.696
1790431598,s7-ss-tcp,541542,0,3320,3320,0.8,1.6,3.0,0.0,-,0,0,0.000
1790431598,s8-tuic,541777,0,3320,3320,0.7,1.5,2.7,0.0,-,0,0,0.000
1790431598,s9-anytls,478262,38,2963,2963,1.7,42.6,43.4,0.0,-,0,0,0.000
1790431598,s10-vless-xhttp,502728,0,3074,3074,1.2,32.4,33.1,0.0,-,0,0,0.000
1790431598,s11-http-proxy,534962,0,3303,3303,1.5,4.5,5.9,0.0,-,0,0,0.000
1790431598,s12-vmess-h3,532029,173,3263,3263,2.6,5.6,7.0,0.0,-,0,0,0.000
1790431598,__proc__,0,0,0,0,-,-,-,6820.9,31134,64663,25163056,1627.143
1790431628,s7-ss-tcp,543123,0,3320,3320,0.7,1.6,2.7,0.0,-,0,0,0.000
1790431628,s8-tuic,543357,0,3318,3318,0.7,1.5,2.4,0.0,-,0,0,0.000
1790431628,s9-anytls,479665,38,2946,2946,1.6,42.6,43.2,0.0,-,0,0,0.000
1790431628,s10-vless-xhttp,504190,0,3070,3070,1.2,32.4,33.0,0.0,-,0,0,0.000
1790431628,s11-http-proxy,536533,0,3299,3299,1.5,4.0,5.7,0.0,-,0,0,0.000
1790431628,s12-vmess-h3,533583,176,3263,3263,2.6,5.1,6.6,0.0,-,0,0,0.000
1790431628,__proc__,0,0,0,0,-,-,-,6842.3,31162,64720,25246942,1631.479
1790431658,s7-ss-tcp,544703,0,3318,3318,0.7,1.5,2.6,0.0,-,0,0,0.000
1790431658,s8-tuic,544940,0,3324,3324,0.7,1.5,2.4,0.0,-,0,0,0.000
1790431658,s9-anytls,481075,38,2961,2961,1.5,42.6,43.0,0.0,-,0,0,0.000
1790431658,s10-vless-xhttp,505654,0,3074,3074,1.2,32.3,32.9,0.0,-,0,0,0.000
1790431658,s11-http-proxy,538105,0,3301,3301,1.5,4.1,5.8,0.0,-,0,0,0.000
1790431658,s12-vmess-h3,535142,176,3274,3274,2.5,4.6,5.9,0.0,-,0,0,0.000
1790431658,__proc__,0,0,0,0,-,-,-,6836.1,31139,64743,25327707,1635.855
1790431688,s7-ss-tcp,546283,0,3318,3318,0.7,1.6,3.2,0.0,-,0,0,0.000
1790431688,s8-tuic,546522,0,3322,3322,0.7,1.5,3.0,0.0,-,0,0,0.000
1790431688,s9-anytls,482492,38,2976,2976,1.5,42.6,43.0,0.0,-,0,0,0.000
1790431688,s10-vless-xhttp,507121,0,3081,3081,1.1,32.4,33.0,0.0,-,0,0,0.000
1790431688,s11-http-proxy,539670,0,3286,3286,1.5,5.2,6.7,0.0,-,0,0,0.000
1790431688,s12-vmess-h3,536692,177,3255,3255,2.8,5.5,6.4,0.0,-,0,0,0.000
1790431688,__proc__,0,0,0,0,-,-,-,6856.0,31175,64719,25404354,1640.239
1790431718,s7-ss-tcp,547864,0,3320,3320,0.7,1.8,3.8,0.0,-,0,0,0.000
1790431718,s8-tuic,548101,0,3316,3316,0.7,1.6,3.5,0.0,-,0,0,0.000
1790431718,s9-anytls,483881,38,2917,2917,1.7,42.7,43.6,0.0,-,0,0,0.000
1790431718,s10-vless-xhttp,508584,0,3072,3072,1.2,32.5,33.2,0.0,-,0,0,0.000
1790431718,s11-http-proxy,541232,0,3280,3280,1.7,5.6,6.7,0.0,-,0,0,0.000
1790431718,s12-vmess-h3,538239,178,3249,3249,3.2,5.9,7.5,0.0,-,0,0,0.000
1790431718,__proc__,0,0,0,0,-,-,-,6827.5,31149,64651,25479214,1644.738
1790431748,s7-ss-tcp,549443,0,3316,3316,0.8,1.9,3.6,0.0,-,0,0,0.000
1790431748,s8-tuic,549684,0,3324,3324,0.7,1.6,3.3,0.0,-,0,0,0.000
1790431748,s9-anytls,485271,38,2919,2919,2.0,42.7,43.6,0.0,-,0,0,0.000
1790431748,s10-vless-xhttp,510044,0,3066,3066,1.4,32.4,33.1,0.0,-,0,0,0.000
1790431748,s11-http-proxy,542803,0,3299,3299,1.7,5.3,6.6,0.0,-,0,0,0.000
1790431748,s12-vmess-h3,539800,178,3278,3278,3.0,5.7,7.4,0.0,-,0,0,0.000
1790431748,__proc__,0,0,0,0,-,-,-,6816.7,31136,64741,25564454,1649.610
1790431778,s7-ss-tcp,551024,0,3320,3320,0.8,1.8,3.3,0.0,-,0,0,0.000
1790431778,s8-tuic,551261,0,3312,3312,0.8,1.7,2.9,0.0,-,0,0,0.000
1790431778,s9-anytls,486656,39,2908,2908,41.0,42.7,43.4,0.0,-,0,0,0.000
1790431778,s10-vless-xhttp,511501,0,3060,3060,1.6,32.5,33.0,0.0,-,0,0,0.000
1790431778,s11-http-proxy,544372,0,3295,3295,1.6,4.6,6.5,0.0,-,0,0,0.000
1790431778,s12-vmess-h3,541355,179,3266,3266,2.8,5.4,7.4,0.0,-,0,0,0.000
1790431778,__proc__,0,0,0,0,-,-,-,6833.6,31116,64646,25646271,1654.493
1790431808,s7-ss-tcp,552602,0,3314,3314,0.9,2.1,3.5,0.0,-,0,0,0.000
1790431808,s8-tuic,552843,0,3322,3322,0.8,1.9,3.2,0.0,-,0,0,0.000
1790431808,s9-anytls,488044,39,2915,2915,40.9,42.7,43.4,0.0,-,0,0,0.000
1790431808,s10-vless-xhttp,512965,0,3074,3074,1.6,32.5,33.1,0.0,-,0,0,0.000
1790431808,s11-http-proxy,545932,0,3276,3276,1.8,5.6,7.7,0.0,-,0,0,0.000
1790431808,s12-vmess-h3,542907,179,3259,3259,2.9,5.6,7.3,0.0,-,0,0,0.000
1790431808,__proc__,0,0,0,0,-,-,-,6836.9,31118,64615,25718407,1659.186
1790431838,s7-ss-tcp,554181,0,3316,3316,0.8,2.0,3.9,0.0,-,0,0,0.000
1790431838,s8-tuic,554421,0,3314,3314,0.8,1.9,3.5,0.0,-,0,0,0.000
1790431838,s9-anytls,489437,39,2925,2925,40.9,42.7,43.6,0.0,-,0,0,0.000
1790431838,s10-vless-xhttp,514427,0,3070,3070,1.4,32.5,33.1,0.0,-,0,0,0.000
1790431838,s11-http-proxy,547486,0,3263,3263,2.2,6.3,8.3,0.0,-,0,0,0.000
1790431838,s12-vmess-h3,544460,179,3261,3261,3.0,5.8,7.4,0.0,-,0,0,0.000
1790431838,__proc__,0,0,0,0,-,-,-,6815.3,31142,64683,25787725,1663.701
1790431868,s7-ss-tcp,555762,0,3320,3320,0.8,2.2,4.1,0.0,-,0,0,0.000
1790431868,s8-tuic,556003,0,3322,3322,0.7,2.0,3.7,0.0,-,0,0,0.000
1790431868,s9-anytls,490837,39,2940,2940,2.2,42.7,43.7,0.0,-,0,0,0.000
1790431868,s10-vless-xhttp,515887,0,3066,3066,1.2,32.5,33.2,0.0,-,0,0,0.000
1790431868,s11-http-proxy,549053,0,3291,3291,2.7,6.3,8.3,0.0,-,0,0,0.000
1790431868,s12-vmess-h3,546009,181,3253,3253,3.4,6.1,7.5,0.0,-,0,0,0.000
1790431868,__proc__,0,0,0,0,-,-,-,6839.4,31148,64635,25861524,1668.175
1790431898,s7-ss-tcp,557342,0,3318,3318,0.8,2.0,3.9,0.0,-,0,0,0.000
1790431898,s8-tuic,557582,0,3316,3316,0.7,1.9,3.7,0.0,-,0,0,0.000
1790431898,s9-anytls,492229,39,2923,2923,2.0,42.7,43.6,0.0,-,0,0,0.000
1790431898,s10-vless-xhttp,517345,0,3062,3062,1.2,32.5,33.3,0.0,-,0,0,0.000
1790431898,s11-http-proxy,550604,0,3257,3257,2.5,6.0,7.8,0.0,-,0,0,0.000
1790431898,s12-vmess-h3,547560,181,3257,3257,3.2,5.8,7.6,0.0,-,0,0,0.000
1790431898,__proc__,0,0,0,0,-,-,-,6814.0,31138,64621,25930369,1672.572
1790431928,s7-ss-tcp,558921,0,3316,3316,0.8,2.1,3.7,0.0,-,0,0,0.000
1790431928,s8-tuic,559163,0,3320,3320,0.7,1.8,3.7,0.0,-,0,0,0.000
1790431928,s9-anytls,493622,39,2925,2925,1.9,42.7,43.6,0.0,-,0,0,0.000
1790431928,s10-vless-xhttp,518804,0,3064,3064,1.2,32.5,33.4,0.0,-,0,0,0.000
1790431928,s11-http-proxy,552168,0,3284,3284,3.0,6.0,7.6,0.0,-,0,0,0.000
1790431928,s12-vmess-h3,549115,182,3266,3266,3.3,5.7,7.3,0.0,-,0,0,0.000
1790431928,__proc__,0,0,0,0,-,-,-,6800.0,31163,64725,26000773,1676.959
1790431958,s7-ss-tcp,560503,0,3322,3322,0.8,1.9,3.6,0.0,-,0,0,0.000
1790431958,s8-tuic,560745,0,3322,3322,0.7,1.8,3.5,0.0,-,0,0,0.000
1790431958,s9-anytls,495011,39,2917,2917,40.9,42.7,43.6,0.0,-,0,0,0.000
1790431958,s10-vless-xhttp,520255,0,3047,3047,1.2,32.5,33.3,0.0,-,0,0,0.000
1790431958,s11-http-proxy,553724,0,3268,3268,3.1,5.7,6.6,0.0,-,0,0,0.000
1790431958,s12-vmess-h3,550668,182,3261,3261,3.1,5.3,6.5,0.0,-,0,0,0.000
1790431958,__proc__,0,0,0,0,-,-,-,6801.6,31105,64663,26069288,1681.217
1790431988,s7-ss-tcp,562081,0,3314,3314,0.7,1.9,4.1,0.0,-,0,0,0.000
1790431988,s8-tuic,562326,0,3320,3320,0.7,1.7,3.7,0.0,-,0,0,0.000
1790431988,s9-anytls,496403,39,2923,2923,40.8,42.7,43.6,0.0,-,0,0,0.000
1790431988,s10-vless-xhttp,521718,0,3072,3072,1.2,32.5,33.3,0.0,-,0,0,0.000
1790431988,s11-http-proxy,555285,0,3278,3278,2.9,5.9,7.1,0.0,-,0,0,0.000
1790431988,s12-vmess-h3,552214,184,3247,3247,3.3,6.2,7.8,0.0,-,0,0,0.000
1790431988,__proc__,0,0,0,0,-,-,-,6829.3,31099,64524,26142554,1685.613
1790432018,s7-ss-tcp,563662,0,3320,3320,0.8,1.9,4.6,0.0,-,0,0,0.000
1790432018,s8-tuic,563906,0,3318,3318,0.7,1.7,4.0,0.0,-,0,0,0.000
1790432018,s9-anytls,497786,39,2904,2904,41.0,42.7,43.6,0.0,-,0,0,0.000
1790432018,s10-vless-xhttp,523178,0,3066,3066,1.2,32.5,33.3,0.0,-,0,0,0.000
1790432018,s11-http-proxy,556853,0,3293,3293,2.1,6.0,7.6,0.0,-,0,0,0.000
1790432018,s12-vmess-h3,553769,184,3266,3266,3.1,6.6,8.2,0.0,-,0,0,0.000
1790432018,__proc__,0,0,0,0,-,-,-,6835.3,31100,64635,26215274,1690.020
1790432048,s7-ss-tcp,565241,0,3316,3316,0.8,1.8,4.2,0.0,-,0,0,0.000
1790432048,s8-tuic,565488,0,3322,3322,0.7,1.6,3.6,0.0,-,0,0,0.000
1790432048,s9-anytls,499200,39,2969,2969,1.9,42.6,43.3,0.0,-,0,0,0.000
1790432048,s10-vless-xhttp,524636,0,3062,3062,1.4,32.5,33.2,0.0,-,0,0,0.000
1790432048,s11-http-proxy,558417,0,3284,3284,1.7,5.8,7.6,0.0,-,0,0,0.000
1790432048,s12-vmess-h3,555324,185,3266,3266,3.0,6.6,8.2,0.0,-,0,0,0.000
1790432048,__proc__,0,0,0,0,-,-,-,6789.7,31089,64660,26296367,1694.674
1790432078,s7-ss-tcp,566821,0,3318,3318,0.8,2.1,3.9,0.0,-,0,0,0.000
1790432078,s8-tuic,567066,0,3314,3314,0.7,1.8,3.3,0.0,-,0,0,0.000
1790432078,s9-anytls,500602,39,2944,2944,1.9,42.7,43.5,0.0,-,0,0,0.000
1790432078,s10-vless-xhttp,526098,0,3070,3070,1.5,32.5,33.2,0.0,-,0,0,0.000
1790432078,s11-http-proxy,559974,0,3270,3270,2.2,6.0,7.5,0.0,-,0,0,0.000
1790432078,s12-vmess-h3,556876,185,3259,3259,3.2,5.7,7.6,0.0,-,0,0,0.000
1790432078,__proc__,0,0,0,0,-,-,-,6808.5,31082,64637,26367459,1699.385
1790432108,s7-ss-tcp,568399,0,3314,3314,0.8,2.0,3.9,0.0,-,0,0,0.000
1790432108,s8-tuic,568646,0,3318,3318,0.7,1.8,3.4,0.0,-,0,0,0.000
1790432108,s9-anytls,501990,39,2915,2915,1.9,42.6,43.5,0.0,-,0,0,0.000
1790432108,s10-vless-xhttp,527557,0,3064,3064,1.5,32.5,33.3,0.0,-,0,0,0.000
1790432108,s11-http-proxy,561530,0,3268,3268,2.6,6.4,8.0,0.0,-,0,0,0.000
1790432108,s12-vmess-h3,558426,185,3255,3255,3.1,6.0,8.0,0.0,-,0,0,0.000
1790432108,__proc__,0,0,0,0,-,-,-,6857.1,31080,64555,26440697,1703.906
1790432138,s7-ss-tcp,569980,0,3320,3320,0.8,1.8,3.9,0.0,-,0,0,0.000
1790432138,s8-tuic,570229,0,3324,3324,0.7,1.7,3.8,0.0,-,0,0,0.000
1790432138,s9-anytls,503386,39,2932,2932,2.0,42.7,43.5,0.0,-,0,0,0.000
1790432138,s10-vless-xhttp,529020,0,3072,3072,1.3,32.4,33.2,0.0,-,0,0,0.000
1790432138,s11-http-proxy,563092,0,3280,3280,2.7,6.7,8.1,0.0,-,0,0,0.000
1790432138,s12-vmess-h3,559985,185,3274,3274,2.9,6.4,8.2,0.0,-,0,0,0.000
1790432138,__proc__,0,0,0,0,-,-,-,6826.5,31094,64669,26518923,1708.320
1790432168,s7-ss-tcp,571559,0,3316,3316,0.7,1.8,4.2,0.0,-,0,0,0.000
1790432168,s8-tuic,571810,0,3320,3320,0.7,1.7,4.1,0.0,-,0,0,0.000
1790432168,s9-anytls,504778,39,2923,2923,3.2,42.7,43.6,0.0,-,0,0,0.000
1790432168,s10-vless-xhttp,530467,0,3039,3039,1.3,32.5,33.3,0.0,-,0,0,0.000
1790432168,s11-http-proxy,564650,0,3272,3272,2.4,6.5,7.7,0.0,-,0,0,0.000
1790432168,s12-vmess-h3,561533,185,3251,3251,3.0,6.2,7.4,0.0,-,0,0,0.000
1790432168,__proc__,0,0,0,0,-,-,-,6808.9,31052,64479,26590263,1712.696
1790432198,s7-ss-tcp,573140,0,3320,3320,0.7,1.9,3.9,0.0,-,0,0,0.000
1790432198,s8-tuic,573390,0,3318,3318,0.7,1.7,3.8,0.0,-,0,0,0.000
1790432198,s9-anytls,506158,39,2898,2898,41.0,42.7,43.6,0.0,-,0,0,0.000
1790432198,s10-vless-xhttp,531924,0,3060,3060,1.3,32.5,33.2,0.0,-,0,0,0.000
1790432198,s11-http-proxy,566212,0,3280,3280,2.1,6.0,7.3,0.0,-,0,0,0.000
1790432198,s12-vmess-h3,563089,185,3268,3268,3.3,5.9,7.2,0.0,-,0,0,0.000
1790432198,__proc__,0,0,0,0,-,-,-,6789.0,31104,64620,26663202,1717.072
1790432228,s7-ss-tcp,574719,0,3316,3316,0.7,2.3,4.2,0.0,-,0,0,0.000
1790432228,s8-tuic,574970,0,3318,3318,0.7,2.1,4.0,0.0,-,0,0,0.000
1790432228,s9-anytls,507563,39,2950,2950,40.8,42.7,43.6,0.0,-,0,0,0.000
1790432228,s10-vless-xhttp,533381,0,3060,3060,1.2,32.5,33.3,0.0,-,0,0,0.000
1790432228,s11-http-proxy,567769,0,3270,3270,2.6,6.1,7.2,0.0,-,0,0,0.000
1790432228,s12-vmess-h3,564639,185,3255,3255,3.7,6.0,7.1,0.0,-,0,0,0.000
1790432228,__proc__,0,0,0,0,-,-,-,6762.5,31045,64487,26734956,1721.421
1790432258,s7-ss-tcp,576301,0,3322,3322,0.8,2.3,4.2,0.0,-,0,0,0.000
1790432258,s8-tuic,576551,0,3320,3320,0.7,2.1,4.0,0.0,-,0,0,0.000
1790432258,s9-anytls,508955,39,2923,2923,2.4,42.7,43.6,0.0,-,0,0,0.000
1790432258,s10-vless-xhttp,534844,0,3072,3072,1.2,32.5,33.3,0.0,-,0,0,0.000
1790432258,s11-http-proxy,569323,0,3263,3263,3.2,6.6,7.8,0.0,-,0,0,0.000
1790432258,s12-vmess-h3,566189,185,3255,3255,3.7,6.1,7.5,0.0,-,0,0,0.000
1790432258,__proc__,0,0,0,0,-,-,-,6794.4,31091,64541,26800939,1725.701
1790432288,s7-ss-tcp,577879,0,3314,3314,0.8,2.0,4.4,0.0,-,0,0,0.000
1790432288,s8-tuic,578131,0,3318,3318,0.7,1.8,4.0,0.0,-,0,0,0.000
1790432288,s9-anytls,510352,39,2934,2934,1.8,42.7,43.6,0.0,-,0,0,0.000
1790432288,s10-vless-xhttp,536305,0,3068,3068,1.1,32.5,33.3,0.0,-,0,0,0.000
1790432288,s11-http-proxy,570887,0,3284,3284,2.2,6.5,7.8,0.0,-,0,0,0.000
1790432288,s12-vmess-h3,567746,185,3270,3270,3.3,6.1,7.5,0.0,-,0,0,0.000
1790432288,__proc__,0,0,0,0,-,-,-,6794.4,31097,64635,26877300,1729.947
1790432318,s7-ss-tcp,579460,0,3320,3320,0.8,1.8,3.9,0.0,-,0,0,0.000
1790432318,s8-tuic,579714,0,3324,3324,0.7,1.6,3.2,0.0,-,0,0,0.000
1790432318,s9-anytls,511752,40,2940,2940,1.9,42.6,43.6,0.0,-,0,0,0.000
1790432318,s10-vless-xhttp,537764,0,3064,3064,1.2,32.4,33.1,0.0,-,0,0,0.000
1790432318,s11-http-proxy,572449,0,3280,3280,1.8,5.9,6.9,0.0,-,0,0,0.000
1790432318,s12-vmess-h3,569305,185,3274,3274,2.8,5.2,6.5,0.0,-,0,0,0.000
1790432318,__proc__,0,0,0,0,-,-,-,6805.0,31086,64692,26954927,1734.367
1790432348,s7-ss-tcp,581039,0,3316,3316,0.8,1.7,3.0,0.0,-,0,0,0.000
1790432348,s8-tuic,581293,0,3316,3316,0.7,1.6,2.8,0.0,-,0,0,0.000
1790432348,s9-anytls,513154,40,2944,2944,1.9,42.6,43.3,0.0,-,0,0,0.000
1790432348,s10-vless-xhttp,539228,0,3074,3074,1.3,32.4,33.0,0.0,-,0,0,0.000
1790432348,s11-http-proxy,574016,0,3291,3291,1.6,5.3,6.7,0.0,-,0,0,0.000
1790432348,s12-vmess-h3,570860,186,3266,3266,2.6,5.0,6.2,0.0,-,0,0,0.000
1790432348,__proc__,0,0,0,0,-,-,-,6834.5,31106,64666,27032605,1739.010
1790432378,s7-ss-tcp,582619,0,3318,3318,0.9,1.7,2.8,0.0,-,0,0,0.000
1790432378,s8-tuic,582874,0,3320,3320,0.7,1.6,2.7,0.0,-,0,0,0.000
1790432378,s9-anytls,514556,40,2944,2944,1.9,42.6,43.1,0.0,-,0,0,0.000
1790432378,s10-vless-xhttp,540691,0,3072,3072,1.5,32.3,32.9,0.0,-,0,0,0.000
1790432378,s11-http-proxy,575588,0,3301,3301,1.6,4.5,6.0,0.0,-,0,0,0.000
1790432378,s12-vmess-h3,572415,187,3266,3266,2.7,4.5,5.8,0.0,-,0,0,0.000
1790432378,__proc__,0,0,0,0,-,-,-,6840.4,31122,64678,27117943,1743.729
1790432408,s7-ss-tcp,584199,0,3318,3318,0.8,1.7,2.7,0.0,-,0,0,0.000
1790432408,s8-tuic,584457,0,3324,3324,0.7,1.6,2.5,0.0,-,0,0,0.000
1790432408,s9-anytls,515963,40,2955,2955,1.9,42.6,43.1,0.0,-,0,0,0.000
1790432408,s10-vless-xhttp,542158,0,3081,3081,1.5,32.4,32.8,0.0,-,0,0,0.000
1790432408,s11-http-proxy,577156,0,3293,3293,1.6,4.4,5.9,0.0,-,0,0,0.000
1790432408,s12-vmess-h3,573974,187,3274,3274,2.8,4.5,6.0,0.0,-,0,0,0.000
1790432408,__proc__,0,0,0,0,-,-,-,6816.5,31114,64655,27200063,1748.271
1790432438,s7-ss-tcp,585780,0,3320,3320,0.8,1.6,2.9,0.0,-,0,0,0.000
1790432438,s8-tuic,586037,0,3318,3318,0.7,1.5,2.8,0.0,-,0,0,0.000
1790432438,s9-anytls,517360,40,2934,2934,1.8,42.6,43.1,0.0,-,0,0,0.000
1790432438,s10-vless-xhttp,543627,0,3085,3085,1.3,32.4,32.9,0.0,-,0,0,0.000
1790432438,s11-http-proxy,578723,0,3291,3291,1.6,5.0,6.4,0.0,-,0,0,0.000
1790432438,s12-vmess-h3,575529,188,3266,3266,2.7,5.1,6.8,0.0,-,0,0,0.000
1790432438,__proc__,0,0,0,0,-,-,-,6823.5,31145,64700,27276497,1752.689
1790432468,s7-ss-tcp,587359,0,3316,3316,0.7,1.8,3.8,0.0,-,0,0,0.000
1790432468,s8-tuic,587617,0,3318,3318,0.7,1.8,3.9,0.0,-,0,0,0.000
1790432468,s9-anytls,518755,40,2930,2930,1.8,42.7,43.7,0.0,-,0,0,0.000
1790432468,s10-vless-xhttp,545091,0,3074,3074,1.2,32.5,33.2,0.0,-,0,0,0.000
1790432468,s11-http-proxy,580273,0,3255,3255,2.0,5.9,7.0,0.0,-,0,0,0.000
1790432468,s12-vmess-h3,577075,188,3247,3247,3.4,5.7,6.8,0.0,-,0,0,0.000
1790432468,__proc__,0,0,0,0,-,-,-,6791.3,31175,64723,27344646,1757.047
1790432498,s7-ss-tcp,588941,0,3322,3322,0.7,2.1,4.0,0.0,-,0,0,0.000
1790432498,s8-tuic,589197,0,3318,3318,0.7,1.9,4.0,0.0,-,0,0,0.000
1790432498,s9-anytls,520155,40,2940,2940,1.8,42.7,43.8,0.0,-,0,0,0.000
1790432498,s10-vless-xhttp,546535,0,3032,3032,1.2,32.5,33.3,0.0,-,0,0,0.000
1790432498,s11-http-proxy,581834,0,3278,3278,3.3,6.2,7.4,0.0,-,0,0,0.000
1790432498,s12-vmess-h3,578626,189,3257,3257,3.7,6.0,7.0,0.0,-,0,0,0.000
1790432498,__proc__,0,0,0,0,-,-,-,6804.4,31149,64708,27416642,1761.326
1790432528,s7-ss-tcp,590519,0,3314,3314,0.7,1.8,3.7,0.0,-,0,0,0.000
1790432528,s8-tuic,590780,0,3324,3324,0.7,1.6,3.3,0.0,-,0,0,0.000
1790432528,s9-anytls,521545,41,2919,2919,1.9,42.7,43.6,0.0,-,0,0,0.000
1790432528,s10-vless-xhttp,547996,0,3068,3068,1.2,32.5,33.1,0.0,-,0,0,0.000
1790432528,s11-http-proxy,583404,0,3297,3297,2.3,5.9,7.3,0.0,-,0,0,0.000
1790432528,s12-vmess-h3,580183,189,3270,3270,3.3,5.6,6.8,0.0,-,0,0,0.000
1790432528,__proc__,0,0,0,0,-,-,-,6797.3,31165,64782,27493311,1765.761
1790432558,s7-ss-tcp,592101,0,3322,3322,0.8,1.7,3.0,0.0,-,0,0,0.000
1790432558,s8-tuic,592360,0,3318,3318,0.7,1.6,2.8,0.0,-,0,0,0.000
1790432558,s9-anytls,522946,41,2942,2942,1.8,42.7,43.4,0.0,-,0,0,0.000
1790432558,s10-vless-xhttp,549454,0,3062,3062,1.2,32.5,33.0,0.0,-,0,0,0.000
1790432558,s11-http-proxy,584971,0,3291,3291,1.7,4.7,5.9,0.0,-,0,0,0.000
1790432558,s12-vmess-h3,581739,190,3268,3268,2.9,4.9,5.8,0.0,-,0,0,0.000
1790432558,__proc__,0,0,0,0,-,-,-,6800.0,31162,64767,27568558,1770.131
1790432588,s7-ss-tcp,593680,0,3316,3316,0.8,1.8,3.1,0.0,-,0,0,0.000
1790432588,s8-tuic,593941,0,3320,3320,0.7,1.6,3.2,0.0,-,0,0,0.000
1790432588,s9-anytls,524337,41,2921,2921,2.0,42.7,43.3,0.0,-,0,0,0.000
1790432588,s10-vless-xhttp,550907,0,3051,3051,1.3,32.4,33.1,0.0,-,0,0,0.000
1790432588,s11-http-proxy,586533,0,3280,3280,1.9,5.5,6.8,0.0,-,0,0,0.000
1790432588,s12-vmess-h3,583297,190,3272,3272,2.8,5.3,6.7,0.0,-,0,0,0.000
1790432588,__proc__,0,0,0,0,-,-,-,6818.5,31127,64730,27644640,1774.437
1790432618,s7-ss-tcp,595262,0,3322,3322,0.8,1.7,3.1,0.0,-,0,0,0.000
1790432618,s8-tuic,595524,0,3324,3324,0.7,1.6,3.3,0.0,-,0,0,0.000
1790432618,s9-anytls,525740,41,2946,2946,1.7,42.6,43.3,0.0,-,0,0,0.000
1790432618,s10-vless-xhttp,552364,0,3060,3060,1.2,32.4,33.0,0.0,-,0,0,0.000
1790432618,s11-http-proxy,588100,0,3291,3291,1.7,5.6,6.8,0.0,-,0,0,0.000
1790432618,s12-vmess-h3,584854,190,3270,3270,2.6,5.6,7.1,0.0,-,0,0,0.000
1790432618,__proc__,0,0,0,0,-,-,-,6850.0,31115,64700,27722596,1778.777
1790432648,s7-ss-tcp,596842,0,3318,3318,0.8,1.6,3.1,0.0,-,0,0,0.000
1790432648,s8-tuic,597105,0,3320,3320,0.7,1.6,3.2,0.0,-,0,0,0.000
1790432648,s9-anytls,527138,41,2936,2936,1.9,42.6,43.3,0.0,-,0,0,0.000
1790432648,s10-vless-xhttp,553817,0,3051,3051,1.4,32.4,33.1,0.0,-,0,0,0.000
1790432648,s11-http-proxy,589668,0,3293,3293,1.8,5.7,6.8,0.0,-,0,0,0.000
1790432648,s12-vmess-h3,586413,191,3274,3274,2.6,5.6,7.1,0.0,-,0,0,0.000
1790432648,__proc__,0,0,0,0,-,-,-,6840.8,31095,64675,27804189,1783.292
1790432678,s7-ss-tcp,598422,0,3318,3318,0.8,1.7,3.3,0.0,-,0,0,0.000
1790432678,s8-tuic,598685,0,3318,3318,0.7,1.6,3.2,0.0,-,0,0,0.000
1790432678,s9-anytls,528550,41,2965,2965,1.8,42.6,43.5,0.0,-,0,0,0.000
1790432678,s10-vless-xhttp,555283,0,3079,3079,1.5,32.4,33.1,0.0,-,0,0,0.000
1790432678,s11-http-proxy,591234,0,3289,3289,1.7,5.0,6.7,0.0,-,0,0,0.000
1790432678,s12-vmess-h3,587963,193,3255,3255,2.7,5.6,7.2,0.0,-,0,0,0.000
1790432678,__proc__,0,0,0,0,-,-,-,6820.2,31150,64694,27884295,1787.967
1790432708,s7-ss-tcp,600002,0,3318,3318,0.8,1.7,3.4,0.0,-,0,0,0.000
1790432708,s8-tuic,600267,0,3322,3322,0.7,1.6,3.1,0.0,-,0,0,0.000
1790432708,s9-anytls,529964,41,2969,2969,1.8,42.6,43.4,0.0,-,0,0,0.000
1790432708,s10-vless-xhttp,556754,0,3089,3089,1.5,32.4,33.1,0.0,-,0,0,0.000
1790432708,s11-http-proxy,592803,0,3295,3295,1.7,4.7,6.1,0.0,-,0,0,0.000
1790432708,s12-vmess-h3,589518,193,3266,3266,2.8,5.2,6.8,0.0,-,0,0,0.000
1790432708,__proc__,0,0,0,0,-,-,-,6817.5,31110,64696,27965397,1792.512
1790432738,s7-ss-tcp,601582,0,3318,3318,0.8,1.7,3.4,0.0,-,0,0,0.000
1790432738,s8-tuic,601847,0,3318,3318,0.7,1.5,2.8,0.0,-,0,0,0.000
1790432738,s9-anytls,531352,41,2915,2915,1.8,42.6,43.4,0.0,-,0,0,0.000
1790432738,s10-vless-xhttp,558213,0,3064,3064,1.3,32.4,33.0,0.0,-,0,0,0.000
1790432738,s11-http-proxy,594366,0,3282,3282,1.7,4.5,5.9,0.0,-,0,0,0.000
1790432738,s12-vmess-h3,591073,193,3266,3266,2.9,4.9,6.1,0.0,-,0,0,0.000
1790432738,__proc__,0,0,0,0,-,-,-,6830.6,31122,64659,28043439,1796.993
1790432768,s7-ss-tcp,603162,0,3318,3318,0.8,1.7,3.7,0.0,-,0,0,0.000
1790432768,s8-tuic,603428,0,3320,3320,0.7,1.5,3.3,0.0,-,0,0,0.000
1790432768,s9-anytls,532749,42,2934,2934,1.8,42.6,43.5,0.0,-,0,0,0.000
1790432768,s10-vless-xhttp,559670,0,3060,3060,1.3,32.4,33.0,0.0,-,0,0,0.000
1790432768,s11-http-proxy,595927,0,3278,3278,2.0,5.9,8.5,0.0,-,0,0,0.000
1790432768,s12-vmess-h3,592630,193,3270,3270,2.9,5.9,8.5,0.0,-,0,0,0.000
1790432768,__proc__,0,0,0,0,-,-,-,6815.0,31082,64612,28116173,1801.419
1790432798,s7-ss-tcp,604744,0,3322,3322,0.8,1.6,3.4,0.0,-,0,0,0.000
1790432798,s8-tuic,605009,0,3320,3320,0.7,1.5,3.0,0.0,-,0,0,0.000
1790432798,s9-anytls,534154,42,2950,2950,1.8,42.6,43.3,0.0,-,0,0,0.000
1790432798,s10-vless-xhttp,561137,0,3081,3081,1.2,32.4,32.9,0.0,-,0,0,0.000
1790432798,s11-http-proxy,597497,0,3297,3297,1.7,5.8,8.5,0.0,-,0,0,0.000
1790432798,s12-vmess-h3,594192,193,3280,3280,2.8,5.8,8.5,0.0,-,0,0,0.000
1790432798,__proc__,0,0,0,0,-,-,-,6836.2,31112,64748,28196537,1805.820
1790432828,s7-ss-tcp,606322,0,3314,3314,0.8,1.6,3.1,0.0,-,0,0,0.000
1790432828,s8-tuic,606591,0,3322,3322,0.7,1.5,2.9,0.0,-,0,0,0.000
1790432828,s9-anytls,535552,42,2936,2936,1.7,42.6,43.2,0.0,-,0,0,0.000
1790432828,s10-vless-xhttp,562611,0,3095,3095,1.2,32.4,33.1,0.0,-,0,0,0.000
1790432828,s11-http-proxy,599058,0,3278,3278,1.7,5.4,6.4,0.0,-,0,0,0.000
1790432828,s12-vmess-h3,595745,193,3261,3261,2.7,5.2,6.4,0.0,-,0,0,0.000
1790432828,__proc__,0,0,0,0,-,-,-,6836.4,31134,64633,28271696,1810.210
1790432858,s7-ss-tcp,607905,0,3324,3324,0.7,1.8,3.6,0.0,-,0,0,0.000
1790432858,s8-tuic,608171,0,3318,3318,0.7,1.8,3.6,0.0,-,0,0,0.000
1790432858,s9-anytls,536952,42,2940,2940,1.7,42.7,43.5,0.0,-,0,0,0.000
1790432858,s10-vless-xhttp,564071,0,3066,3066,1.2,32.5,33.2,0.0,-,0,0,0.000
1790432858,s11-http-proxy,600613,0,3266,3266,2.5,6.0,7.1,0.0,-,0,0,0.000
1790432858,s12-vmess-h3,597298,193,3261,3261,3.0,5.7,6.7,0.0,-,0,0,0.000
1790432858,__proc__,0,0,0,0,-,-,-,6846.2,31158,64669,28339560,1814.567
1790432888,s7-ss-tcp,609485,0,3318,3318,0.7,1.7,3.2,0.0,-,0,0,0.000
1790432888,s8-tuic,609753,0,3322,3322,0.7,1.6,3.2,0.0,-,0,0,0.000
1790432888,s9-anytls,538356,43,2948,2948,1.6,42.7,43.6,0.0,-,0,0,0.000
1790432888,s10-vless-xhttp,565533,0,3070,3070,1.2,32.5,33.2,0.0,-,0,0,0.000
1790432888,s11-http-proxy,602182,0,3295,3295,2.1,5.9,6.9,0.0,-,0,0,0.000
1790432888,s12-vmess-h3,598849,196,3257,3257,2.9,5.4,6.5,0.0,-,0,0,0.000
1790432888,__proc__,0,0,0,0,-,-,-,6865.1,31154,64690,28418788,1818.925
1790432918,s7-ss-tcp,611065,0,3318,3318,0.8,1.7,3.3,0.0,-,0,0,0.000
1790432918,s8-tuic,611333,0,3318,3318,0.7,1.6,3.3,0.0,-,0,0,0.000
1790432918,s9-anytls,539771,43,2972,2972,1.5,42.6,43.6,0.0,-,0,0,0.000
1790432918,s10-vless-xhttp,567006,0,3093,3093,1.1,32.5,33.2,0.0,-,0,0,0.000
1790432918,s11-http-proxy,603741,0,3274,3274,1.9,5.4,6.7,0.0,-,0,0,0.000
1790432918,s12-vmess-h3,600395,198,3247,3247,2.9,5.3,6.6,0.0,-,0,0,0.000
1790432918,__proc__,0,0,0,0,-,-,-,6879.9,31172,64665,28492363,1823.315
1790432948,s7-ss-tcp,612643,0,3314,3314,0.8,2.1,4.0,0.0,-,0,0,0.000
1790432948,s8-tuic,612914,0,3320,3320,0.7,1.9,3.5,0.0,-,0,0,0.000
1790432948,s9-anytls,541161,43,2919,2919,1.8,42.7,43.6,0.0,-,0,0,0.000
1790432948,s10-vless-xhttp,568460,0,3053,3053,1.2,32.5,33.2,0.0,-,0,0,0.000
1790432948,s11-http-proxy,605296,0,3266,3266,2.6,6.1,7.5,0.0,-,0,0,0.000
1790432948,s12-vmess-h3,601947,198,3259,3259,3.2,5.8,7.0,0.0,-,0,0,0.000
1790432948,__proc__,0,0,0,0,-,-,-,6882.7,31209,64787,28560333,1827.937
1790432978,s7-ss-tcp,614223,0,3318,3318,0.8,2.2,3.9,0.0,-,0,0,0.000
1790432978,s8-tuic,614495,0,3320,3320,0.7,2.0,3.5,0.0,-,0,0,0.000
1790432978,s9-anytls,542566,43,2950,2950,1.9,42.7,43.5,0.0,-,0,0,0.000
1790432978,s10-vless-xhttp,569914,0,3053,3053,1.5,32.5,33.2,0.0,-,0,0,0.000
1790432978,s11-http-proxy,606858,0,3280,3280,3.1,6.2,7.6,0.0,-,0,0,0.000
1790432978,s12-vmess-h3,603504,198,3270,3270,3.3,5.6,6.8,0.0,-,0,0,0.000
1790432978,__proc__,0,0,0,0,-,-,-,6879.8,31182,64780,28639447,1832.833
1790433008,s7-ss-tcp,615804,0,3320,3320,0.8,2.0,3.5,0.0,-,0,0,0.000
1790433008,s8-tuic,616075,0,3318,3318,0.7,1.8,3.3,0.0,-,0,0,0.000
1790433008,s9-anytls,543968,43,2944,2944,2.0,42.7,43.5,0.0,-,0,0,0.000
1790433008,s10-vless-xhttp,571378,0,3074,3074,1.6,32.5,33.0,0.0,-,0,0,0.000
1790433008,s11-http-proxy,608425,0,3291,3291,2.1,5.9,7.5,0.0,-,0,0,0.000
1790433008,s12-vmess-h3,605062,198,3272,3272,3.0,5.3,6.8,0.0,-,0,0,0.000
1790433008,__proc__,0,0,0,0,-,-,-,6884.9,31180,64831,28722105,1837.602
1790433038,s7-ss-tcp,617382,0,3314,3314,0.8,1.9,3.3,0.0,-,0,0,0.000
1790433038,s8-tuic,617655,0,3318,3318,0.7,1.7,3.2,0.0,-,0,0,0.000
1790433038,s9-anytls,545351,44,2904,2904,2.0,42.6,43.2,0.0,-,0,0,0.000
1790433038,s10-vless-xhttp,572830,0,3049,3049,1.6,32.4,33.0,0.0,-,0,0,0.000
1790433038,s11-http-proxy,609988,0,3282,3282,1.8,5.3,6.9,0.0,-,0,0,0.000
1790433038,s12-vmess-h3,606612,199,3255,3255,2.9,5.3,6.8,0.0,-,0,0,0.000
1790433038,__proc__,0,0,0,0,-,-,-,6939.5,31130,64638,28797539,1842.159
1790433068,s7-ss-tcp,618962,0,3318,3318,0.8,2.0,4.4,0.0,-,0,0,0.000
1790433068,s8-tuic,619235,0,3318,3318,0.7,1.8,4.1,0.0,-,0,0,0.000
1790433068,s9-anytls,546741,44,2919,2919,2.4,42.7,43.5,0.0,-,0,0,0.000
1790433068,s10-vless-xhttp,574281,0,3047,3047,1.5,32.5,33.2,0.0,-,0,0,0.000
1790433068,s11-http-proxy,611545,0,3270,3270,2.0,6.5,7.9,0.0,-,0,0,0.000
1790433068,s12-vmess-h3,608163,199,3257,3257,3.1,6.1,7.6,0.0,-,0,0,0.000
1790433068,__proc__,0,0,0,0,-,-,-,6941.0,31118,64586,28866788,1846.699
1790433098,s7-ss-tcp,620542,0,3318,3318,0.8,2.1,5.0,0.0,-,0,0,0.000
1790433098,s8-tuic,620816,0,3320,3320,0.7,1.9,4.6,0.0,-,0,0,0.000
1790433098,s9-anytls,548132,44,2921,2921,40.9,42.7,43.6,0.0,-,0,0,0.000
1790433098,s10-vless-xhttp,575742,0,3068,3068,1.4,32.5,33.2,0.0,-,0,0,0.000
1790433098,s11-http-proxy,613104,0,3274,3274,2.3,6.9,8.4,0.0,-,0,0,0.000
1790433098,s12-vmess-h3,609716,199,3261,3261,3.1,6.6,7.8,0.0,-,0,0,0.000
1790433098,__proc__,0,0,0,0,-,-,-,6961.0,31112,64609,28940076,1851.197
1790433128,s7-ss-tcp,622120,0,3314,3314,0.8,2.2,4.6,0.0,-,0,0,0.000
1790433128,s8-tuic,622396,0,3318,3318,0.7,1.9,4.5,0.0,-,0,0,0.000
1790433128,s9-anytls,549520,44,2915,2915,41.0,42.7,43.6,0.0,-,0,0,0.000
1790433128,s10-vless-xhttp,577198,0,3058,3058,1.3,32.6,33.3,0.0,-,0,0,0.000
1790433128,s11-http-proxy,614669,0,3286,3286,2.3,6.9,8.4,0.0,-,0,0,0.000
1790433128,s12-vmess-h3,611270,200,3263,3263,3.2,6.5,7.8,0.0,-,0,0,0.000
1790433128,__proc__,0,0,0,0,-,-,-,6952.9,31087,64585,29013643,1855.782
1790433158,s7-ss-tcp,623698,0,3314,3314,0.8,2.4,4.9,0.0,-,0,0,0.000
1790433158,s8-tuic,623974,0,3314,3314,0.8,2.2,4.3,0.0,-,0,0,0.000
1790433158,s9-anytls,550923,44,2946,2946,2.8,42.7,43.7,0.0,-,0,0,0.000
1790433158,s10-vless-xhttp,578666,0,3083,3083,1.4,32.6,33.4,0.0,-,0,0,0.000
1790433158,s11-http-proxy,616230,0,3278,3278,2.1,6.9,9.1,0.0,-,0,0,0.000
1790433158,s12-vmess-h3,612816,201,3247,3247,3.3,6.9,9.4,0.0,-,0,0,0.000
1790433158,__proc__,0,0,0,0,-,-,-,6958.8,31093,64498,29086221,1860.721
1790433188,s7-ss-tcp,625278,0,3318,3318,0.8,2.3,4.7,0.0,-,0,0,0.000
1790433188,s8-tuic,625556,0,3322,3322,0.7,2.0,4.2,0.0,-,0,0,0.000
1790433188,s9-anytls,552315,44,2923,2923,2.5,42.7,43.7,0.0,-,0,0,0.000
1790433188,s10-vless-xhttp,580132,0,3079,3079,1.3,32.6,33.2,0.0,-,0,0,0.000
1790433188,s11-http-proxy,617792,0,3280,3280,1.9,6.7,9.0,0.0,-,0,0,0.000
1790433188,s12-vmess-h3,614368,201,3259,3259,3.3,6.9,9.4,0.0,-,0,0,0.000
1790433188,__proc__,0,0,0,0,-,-,-,6918.3,31143,64685,29157981,1865.192
1790433218,s7-ss-tcp,626859,0,3320,3320,0.8,2.1,4.6,0.0,-,0,0,0.000
1790433218,s8-tuic,627136,0,3318,3318,0.7,1.8,3.9,0.0,-,0,0,0.000
1790433218,s9-anytls,553714,44,2938,2938,2.0,42.7,43.7,0.0,-,0,0,0.000
1790433218,s10-vless-xhttp,581606,0,3095,3095,1.3,32.5,33.2,0.0,-,0,0,0.000
1790433218,s11-http-proxy,619355,0,3282,3282,1.9,6.7,8.9,0.0,-,0,0,0.000
1790433218,s12-vmess-h3,615919,202,3257,3257,3.3,6.9,9.2,0.0,-,0,0,0.000
1790433218,__proc__,0,0,0,0,-,-,-,6886.9,31128,64682,29231154,1869.560
1790433248,s7-ss-tcp,628438,0,3316,3316,0.8,1.8,3.8,0.0,-,0,0,0.000
1790433248,s8-tuic,628717,0,3320,3320,0.7,1.7,3.4,0.0,-,0,0,0.000
1790433248,s9-anytls,555106,45,2923,2923,2.0,42.7,43.6,0.0,-,0,0,0.000
1790433248,s10-vless-xhttp,583069,0,3072,3072,1.2,32.4,33.1,0.0,-,0,0,0.000
1790433248,s11-http-proxy,620913,0,3272,3272,1.8,5.9,7.0,0.0,-,0,0,0.000
1790433248,s12-vmess-h3,617476,202,3270,3270,3.3,5.5,6.9,0.0,-,0,0,0.000
1790433248,__proc__,0,0,0,0,-,-,-,6888.4,31136,64700,29303578,1874.059
1790433278,s7-ss-tcp,630016,0,3314,3314,0.8,2.0,4.0,0.0,-,0,0,0.000
1790433278,s8-tuic,630294,0,3312,3312,0.7,1.8,3.2,0.0,-,0,0,0.000
1790433278,s9-anytls,556515,45,2959,2959,1.9,42.7,43.5,0.0,-,0,0,0.000
1790433278,s10-vless-xhttp,584541,0,3091,3091,1.3,32.4,33.2,0.0,-,0,0,0.000
1790433278,s11-http-proxy,622478,0,3286,3286,2.0,5.9,7.5,0.0,-,0,0,0.000
1790433278,s12-vmess-h3,619031,202,3266,3266,3.1,5.4,6.9,0.0,-,0,0,0.000
1790433278,__proc__,0,0,0,0,-,-,-,6874.3,31180,64830,29382222,1878.939
1790433308,s7-ss-tcp,631596,0,3318,3318,0.9,2.3,4.2,0.0,-,0,0,0.000
1790433308,s8-tuic,631874,0,3318,3318,0.8,2.1,3.3,0.0,-,0,0,0.000
1790433308,s9-anytls,557906,46,2921,2921,2.1,42.7,43.5,0.0,-,0,0,0.000
1790433308,s10-vless-xhttp,585997,0,3058,3058,1.6,32.5,33.3,0.0,-,0,0,0.000
1790433308,s11-http-proxy,624041,0,3282,3282,2.3,6.4,8.1,0.0,-,0,0,0.000
1790433308,s12-vmess-h3,620584,202,3261,3261,3.2,5.9,7.3,0.0,-,0,0,0.000
1790433308,__proc__,0,0,0,0,-,-,-,6885.0,31165,64782,29459282,1884.054
1790433338,s7-ss-tcp,633173,0,3312,3312,1.0,2.4,4.1,0.0,-,0,0,0.000
1790433338,s8-tuic,633451,0,3312,3312,0.9,2.3,3.6,0.0,-,0,0,0.000
1790433338,s9-anytls,559309,46,2946,2946,2.2,42.7,43.4,0.0,-,0,0,0.000
1790433338,s10-vless-xhttp,587470,0,3093,3093,1.7,32.6,33.3,0.0,-,0,0,0.000
1790433338,s11-http-proxy,625605,0,3284,3284,1.9,5.9,7.9,0.0,-,0,0,0.000
1790433338,s12-vmess-h3,622134,202,3255,3255,3.1,6.1,7.6,0.0,-,0,0,0.000
1790433338,__proc__,0,0,0,0,-,-,-,6881.7,31192,64745,29538629,1889.443
1790433368,s7-ss-tcp,634749,0,3310,3310,1.0,2.6,3.8,0.0,-,0,0,0.000
1790433368,s8-tuic,635031,0,3318,3318,0.9,2.5,3.7,0.0,-,0,0,0.000
1790433368,s9-anytls,560703,46,2927,2927,2.6,42.7,43.7,0.0,-,0,0,0.000
1790433368,s10-vless-xhttp,588935,0,3076,3076,1.8,32.7,33.2,0.0,-,0,0,0.000
1790433368,s11-http-proxy,627166,0,3278,3278,1.9,5.4,7.1,0.0,-,0,0,0.000
1790433368,s12-vmess-h3,623684,202,3255,3255,3.4,6.0,7.6,0.0,-,0,0,0.000
1790433368,__proc__,0,0,0,0,-,-,-,6895.2,31220,64794,29613220,1894.866
1790433398,s7-ss-tcp,636327,0,3314,3314,0.9,2.8,4.3,0.0,-,0,0,0.000
1790433398,s8-tuic,636611,0,3318,3318,0.8,2.5,4.2,0.0,-,0,0,0.000
1790433398,s9-anytls,562088,46,2908,2908,2.9,42.7,43.7,0.0,-,0,0,0.000
1790433398,s10-vless-xhttp,590390,0,3056,3056,1.6,32.7,33.3,0.0,-,0,0,0.000
1790433398,s11-http-proxy,628721,0,3266,3266,2.3,6.4,7.9,0.0,-,0,0,0.000
1790433398,s12-vmess-h3,625233,203,3253,3253,3.6,6.3,7.5,0.0,-,0,0,0.000
1790433398,__proc__,0,0,0,0,-,-,-,6900.3,31211,64700,29682997,1899.503
1790433428,s7-ss-tcp,637907,0,3318,3318,0.8,2.5,4.2,0.0,-,0,0,0.000
1790433428,s8-tuic,638188,0,3312,3312,0.8,2.3,4.2,0.0,-,0,0,0.000
1790433428,s9-anytls,563461,46,2883,2883,41.1,42.7,43.8,0.0,-,0,0,0.000
1790433428,s10-vless-xhttp,591856,0,3079,3079,1.5,32.6,33.3,0.0,-,0,0,0.000
1790433428,s11-http-proxy,630274,0,3261,3261,3.0,6.8,8.1,0.0,-,0,0,0.000
1790433428,s12-vmess-h3,626782,203,3253,3253,3.6,6.3,7.4,0.0,-,0,0,0.000
1790433428,__proc__,0,0,0,0,-,-,-,6871.2,31239,64769,29752264,1903.986
1790433458,s7-ss-tcp,639487,0,3318,3318,0.8,2.4,4.4,0.0,-,0,0,0.000
1790433458,s8-tuic,639770,0,3322,3322,0.7,2.2,4.2,0.0,-,0,0,0.000
1790433458,s9-anytls,564859,46,2936,2936,41.0,42.7,43.8,0.0,-,0,0,0.000
1790433458,s10-vless-xhttp,593318,0,3070,3070,1.3,32.6,33.3,0.0,-,0,0,0.000
1790433458,s11-http-proxy,631834,0,3276,3276,3.6,6.9,8.1,0.0,-,0,0,0.000
1790433458,s12-vmess-h3,628335,203,3261,3261,3.5,6.4,7.5,0.0,-,0,0,0.000
1790433458,__proc__,0,0,0,0,-,-,-,6872.1,31221,64773,29821854,1908.556
1790433488,s7-ss-tcp,641066,0,3316,3316,0.8,2.3,4.5,0.0,-,0,0,0.000
1790433488,s8-tuic,641348,0,3314,3314,0.7,2.1,4.0,0.0,-,0,0,0.000
1790433488,s9-anytls,566263,46,2948,2948,2.5,42.7,43.7,0.0,-,0,0,0.000
1790433488,s10-vless-xhttp,594778,0,3066,3066,1.3,32.6,33.6,0.0,-,0,0,0.000
1790433488,s11-http-proxy,633389,0,3266,3266,3.0,6.5,8.0,0.0,-,0,0,0.000
1790433488,s12-vmess-h3,629877,205,3238,3238,3.6,6.4,7.7,0.0,-,0,0,0.000
1790433488,__proc__,0,0,0,0,-,-,-,6860.6,31212,64631,29890085,1913.037
1790433518,s7-ss-tcp,642647,0,3320,3320,0.8,2.2,4.5,0.0,-,0,0,0.000
1790433518,s8-tuic,642930,0,3322,3322,0.8,2.1,4.0,0.0,-,0,0,0.000
1790433518,s9-anytls,567658,46,2930,2930,1.8,42.7,43.6,0.0,-,0,0,0.000
1790433518,s10-vless-xhttp,596237,0,3064,3064,1.3,32.6,33.3,0.0,-,0,0,0.000
1790433518,s11-http-proxy,634950,0,3278,3278,2.5,6.3,8.0,0.0,-,0,0,0.000
1790433518,s12-vmess-h3,631429,206,3259,3259,3.4,6.5,8.4,0.0,-,0,0,0.000
1790433518,__proc__,0,0,0,0,-,-,-,6883.7,31179,64733,29962631,1917.490
1790433548,s7-ss-tcp,644221,0,3305,3305,0.9,2.5,4.2,0.0,-,0,0,0.000
1790433548,s8-tuic,644508,0,3314,3314,0.8,2.3,4.2,0.0,-,0,0,0.000
1790433548,s9-anytls,569064,46,2953,2953,1.8,42.7,43.5,0.0,-,0,0,0.000
1790433548,s10-vless-xhttp,597688,0,3047,3047,1.3,32.5,33.2,0.0,-,0,0,0.000
1790433548,s11-http-proxy,636516,0,3289,3289,2.0,6.0,7.6,0.0,-,0,0,0.000
1790433548,s12-vmess-h3,632984,206,3266,3266,3.1,6.1,7.7,0.0,-,0,0,0.000
1790433548,__proc__,0,0,0,0,-,-,-,6890.6,31161,64732,30035495,1922.146
1790433578,s7-ss-tcp,645803,0,3322,3322,0.9,2.5,4.0,0.0,-,0,0,0.000
1790433578,s8-tuic,646087,0,3316,3316,0.8,2.3,4.0,0.0,-,0,0,0.000
1790433578,s9-anytls,570456,46,2923,2923,2.0,42.7,43.5,0.0,-,0,0,0.000
1790433578,s10-vless-xhttp,599141,0,3051,3051,1.5,32.5,33.1,0.0,-,0,0,0.000
1790433578,s11-http-proxy,638075,0,3274,3274,2.0,6.2,8.8,0.0,-,0,0,0.000
1790433578,s12-vmess-h3,634536,206,3259,3259,3.1,6.6,9.4,0.0,-,0,0,0.000
1790433578,__proc__,0,0,0,0,-,-,-,6896.3,31099,64563,30109273,1926.919
1790433608,s7-ss-tcp,647379,0,3310,3310,0.9,2.5,3.9,0.0,-,0,0,0.000
1790433608,s8-tuic,647668,0,3320,3320,0.8,2.1,3.9,0.0,-,0,0,0.000
1790433608,s9-anytls,571853,46,2934,2934,2.1,42.7,43.5,0.0,-,0,0,0.000
1790433608,s10-vless-xhttp,600603,0,3070,3070,1.6,32.5,33.2,0.0,-,0,0,0.000
1790433608,s11-http-proxy,639635,0,3276,3276,2.4,6.7,9.2,0.0,-,0,0,0.000
1790433608,s12-vmess-h3,636086,208,3255,3255,3.2,6.3,9.4,0.0,-,0,0,0.000
1790433608,__proc__,0,0,0,0,-,-,-,6897.4,31130,64595,30182531,1931.743
1790433638,s7-ss-tcp,648960,0,3320,3320,0.8,2.1,4.0,0.0,-,0,0,0.000
1790433638,s8-tuic,649245,0,3312,3312,0.8,2.0,3.7,0.0,-,0,0,0.000
1790433638,s9-anytls,573259,46,2953,2953,2.0,42.7,43.6,0.0,-,0,0,0.000
1790433638,s10-vless-xhttp,602062,0,3064,3064,1.6,32.5,33.2,0.0,-,0,0,0.000
1790433638,s11-http-proxy,641191,0,3268,3268,2.8,7.1,8.8,0.0,-,0,0,0.000
1790433638,s12-vmess-h3,637635,208,3253,3253,3.3,6.4,8.8,0.0,-,0,0,0.000
1790433638,__proc__,0,0,0,0,-,-,-,6865.7,31101,64553,30255888,1936.436
1790433668,s7-ss-tcp,650536,0,3310,3310,0.8,2.5,4.5,0.0,-,0,0,0.000
1790433668,s8-tuic,650825,0,3318,3318,0.8,2.2,4.1,0.0,-,0,0,0.000
1790433668,s9-anytls,574660,46,2942,2942,1.9,42.7,43.7,0.0,-,0,0,0.000
1790433668,s10-vless-xhttp,603524,0,3070,3070,1.5,32.5,33.3,0.0,-,0,0,0.000
1790433668,s11-http-proxy,642740,0,3253,3253,3.4,7.1,8.6,0.0,-,0,0,0.000
1790433668,s12-vmess-h3,639183,208,3251,3251,3.5,6.4,7.9,0.0,-,0,0,0.000
1790433668,__proc__,0,0,0,0,-,-,-,6863.7,31124,64593,30324667,1941.065
1790433698,s7-ss-tcp,652116,0,3318,3318,0.8,2.5,4.4,0.0,-,0,0,0.000
1790433698,s8-tuic,652404,0,3316,3316,0.8,2.3,3.9,0.0,-,0,0,0.000
1790433698,s9-anytls,576050,46,2919,2919,2.0,42.7,43.7,0.0,-,0,0,0.000
1790433698,s10-vless-xhttp,604980,0,3058,3058,1.5,32.6,33.4,0.0,-,0,0,0.000
1790433698,s11-http-proxy,644299,0,3274,3274,3.5,6.9,8.5,0.0,-,0,0,0.000
1790433698,s12-vmess-h3,640733,209,3255,3255,3.6,6.4,7.8,0.0,-,0,0,0.000
1790433698,__proc__,0,0,0,0,-,-,-,6866.1,31092,64571,30396350,1946.049
1790433728,s7-ss-tcp,653695,0,3316,3316,0.9,2.5,4.3,0.0,-,0,0,0.000
1790433728,s8-tuic,653984,0,3318,3318,0.8,2.3,3.8,0.0,-,0,0,0.000
1790433728,s9-anytls,577451,46,2942,2942,2.2,42.7,43.7,0.0,-,0,0,0.000
1790433728,s10-vless-xhttp,606449,0,3085,3085,1.5,32.6,33.4,0.0,-,0,0,0.000
1790433728,s11-http-proxy,645867,0,3293,3293,2.8,6.4,7.7,0.0,-,0,0,0.000
1790433728,s12-vmess-h3,642287,209,3263,3263,3.5,6.2,7.6,0.0,-,0,0,0.000
1790433728,__proc__,0,0,0,0,-,-,-,6825.2,31097,64594,30474673,1951.075
1790433758,s7-ss-tcp,655273,0,3314,3314,0.9,2.4,3.6,0.0,-,0,0,0.000
1790433758,s8-tuic,655564,0,3318,3318,0.8,2.3,3.7,0.0,-,0,0,0.000
1790433758,s9-anytls,578847,46,2932,2932,2.4,42.7,43.6,0.0,-,0,0,0.000
1790433758,s10-vless-xhttp,607904,0,3056,3056,1.5,32.6,33.4,0.0,-,0,0,0.000
1790433758,s11-http-proxy,647426,0,3274,3274,2.1,5.7,7.1,0.0,-,0,0,0.000
1790433758,s12-vmess-h3,643840,209,3261,3261,3.3,6.0,7.4,0.0,-,0,0,0.000
1790433758,__proc__,0,0,0,0,-,-,-,6872.5,31070,64598,30547513,1956.066
1790433788,s7-ss-tcp,656853,0,3318,3318,0.9,2.5,4.3,0.0,-,0,0,0.000
1790433788,s8-tuic,657140,0,3310,3310,0.8,2.4,4.2,0.0,-,0,0,0.000
1790433788,s9-anytls,580242,46,2930,2930,2.2,42.7,43.6,0.0,-,0,0,0.000
1790433788,s10-vless-xhttp,609357,0,3051,3051,1.5,32.7,33.4,0.0,-,0,0,0.000
1790433788,s11-http-proxy,648980,0,3263,3263,2.9,6.6,8.3,0.0,-,0,0,0.000
1790433788,s12-vmess-h3,645387,210,3249,3249,3.6,6.7,8.3,0.0,-,0,0,0.000
1790433788,__proc__,0,0,0,0,-,-,-,6857.5,31091,64525,30612617,1960.717
1790433818,s7-ss-tcp,658431,0,3314,3314,0.8,2.3,4.1,0.0,-,0,0,0.000
1790433818,s8-tuic,658724,0,3326,3326,0.8,2.2,4.0,0.0,-,0,0,0.000
1790433818,s9-anytls,581633,46,2921,2921,2.4,42.7,43.6,0.0,-,0,0,0.000
1790433818,s10-vless-xhttp,610805,0,3041,3041,1.5,32.7,33.3,0.0,-,0,0,0.000
1790433818,s11-http-proxy,650547,0,3291,3291,2.3,6.5,8.2,0.0,-,0,0,0.000
1790433818,s12-vmess-h3,646939,211,3259,3259,3.3,6.4,8.3,0.0,-,0,0,0.000
1790433818,__proc__,0,0,0,0,-,-,-,6859.6,31050,64618,30687834,1965.064
1790433848,s7-ss-tcp,660013,0,3322,3322,0.8,1.9,4.0,0.0,-,0,0,0.000
1790433848,s8-tuic,660303,0,3316,3316,0.8,1.9,3.8,0.0,-,0,0,0.000
1790433848,s9-anytls,583032,46,2938,2938,2.0,42.7,43.6,0.0,-,0,0,0.000
1790433848,s10-vless-xhttp,612280,0,3098,3098,1.3,32.5,33.2,0.0,-,0,0,0.000
1790433848,s11-http-proxy,652115,0,3293,3293,1.8,6.0,7.9,0.0,-,0,0,0.000
1790433848,s12-vmess-h3,648496,212,3270,3270,2.9,6.2,8.1,0.0,-,0,0,0.000
1790433848,__proc__,0,0,0,0,-,-,-,6866.1,31097,64663,30768348,1969.593
1790433878,s7-ss-tcp,661593,0,3318,3318,0.8,1.5,2.6,0.0,-,0,0,0.000
1790433878,s8-tuic,661884,0,3320,3320,0.7,1.5,2.2,0.0,-,0,0,0.000
1790433878,s9-anytls,584426,47,2927,2927,2.0,42.7,43.3,0.0,-,0,0,0.000
1790433878,s10-vless-xhttp,613745,0,3076,3076,1.3,32.4,32.8,0.0,-,0,0,0.000
1790433878,s11-http-proxy,653687,0,3301,3301,1.6,3.9,5.5,0.0,-,0,0,0.000
1790433878,s12-vmess-h3,650057,213,3278,3278,2.4,4.5,6.1,0.0,-,0,0,0.000
1790433878,__proc__,0,0,0,0,-,-,-,6874.9,31124,64765,30857518,1974.200
1790433908,s7-ss-tcp,663173,0,3318,3318,0.8,1.6,2.6,0.0,-,0,0,0.000
1790433908,s8-tuic,663466,0,3322,3322,0.8,1.6,2.1,0.0,-,0,0,0.000
1790433908,s9-anytls,585829,47,2946,2946,1.9,42.6,43.0,0.0,-,0,0,0.000
1790433908,s10-vless-xhttp,615215,0,3087,3087,1.4,32.3,32.7,0.0,-,0,0,0.000
1790433908,s11-http-proxy,655260,0,3303,3303,1.6,3.8,5.5,0.0,-,0,0,0.000
1790433908,s12-vmess-h3,651612,215,3266,3266,2.4,4.5,6.1,0.0,-,0,0,0.000
1790433908,__proc__,0,0,0,0,-,-,-,6877.1,31156,64751,30946878,1978.900
1790433938,s7-ss-tcp,664754,0,3320,3320,0.8,1.7,3.2,0.0,-,0,0,0.000
1790433938,s8-tuic,665044,0,3314,3314,0.7,1.6,3.2,0.0,-,0,0,0.000
1790433938,s9-anytls,587208,47,2896,2896,2.1,42.7,43.2,0.0,-,0,0,0.000
1790433938,s10-vless-xhttp,616678,0,3072,3072,1.4,32.4,32.9,0.0,-,0,0,0.000
1790433938,s11-http-proxy,656813,0,3261,3261,1.7,6.1,8.0,0.0,-,0,0,0.000
1790433938,s12-vmess-h3,653160,215,3251,3251,2.5,5.8,7.6,0.0,-,0,0,0.000
1790433938,__proc__,0,0,0,0,-,-,-,6892.2,31156,64637,31015517,1983.432
1790433968,s7-ss-tcp,666333,0,3316,3316,0.8,1.8,3.4,0.0,-,0,0,0.000
1790433968,s8-tuic,666625,0,3320,3320,0.8,1.8,3.6,0.0,-,0,0,0.000
1790433968,s9-anytls,588603,47,2930,2930,40.9,42.7,43.4,0.0,-,0,0,0.000
1790433968,s10-vless-xhttp,618141,0,3072,3072,1.4,32.4,33.1,0.0,-,0,0,0.000
1790433968,s11-http-proxy,658383,0,3297,3297,1.8,6.1,8.0,0.0,-,0,0,0.000
1790433968,s12-vmess-h3,654714,217,3263,3263,2.9,5.8,7.5,0.0,-,0,0,0.000
1790433968,__proc__,0,0,0,0,-,-,-,6872.1,31150,64707,31092289,1988.058
1790433998,s7-ss-tcp,667914,0,3320,3320,0.8,1.8,3.3,0.0,-,0,0,0.000
1790433998,s8-tuic,668206,0,3320,3320,0.7,1.9,3.5,0.0,-,0,0,0.000
1790433998,s9-anytls,590009,47,2953,2953,2.3,42.7,43.6,0.0,-,0,0,0.000
1790433998,s10-vless-xhttp,619606,0,3076,3076,1.3,32.5,33.2,0.0,-,0,0,0.000
1790433998,s11-http-proxy,659953,0,3297,3297,1.7,5.9,8.0,0.0,-,0,0,0.000
1790433998,s12-vmess-h3,656270,218,3268,3268,3.1,5.8,7.4,0.0,-,0,0,0.000
1790433998,__proc__,0,0,0,0,-,-,-,6866.2,31178,64789,31172626,1992.673
1790434028,s7-ss-tcp,669492,0,3314,3314,0.8,1.8,2.9,0.0,-,0,0,0.000
1790434028,s8-tuic,669788,0,3322,3322,0.8,1.8,3.1,0.0,-,0,0,0.000
1790434028,s9-anytls,591416,47,2955,2955,1.8,42.7,43.6,0.0,-,0,0,0.000
1790434028,s10-vless-xhttp,621072,0,3079,3079,1.3,32.5,33.3,0.0,-,0,0,0.000
1790434028,s11-http-proxy,661517,0,3284,3284,1.7,5.1,6.4,0.0,-,0,0,0.000
1790434028,s12-vmess-h3,657820,218,3255,3255,3.1,5.3,6.3,0.0,-,0,0,0.000
1790434028,__proc__,0,0,0,0,-,-,-,6866.3,31164,64693,31245004,1997.185
1790434058,s7-ss-tcp,671075,0,3324,3324,0.8,1.8,3.2,0.0,-,0,0,0.000
1790434058,s8-tuic,671368,0,3318,3318,0.7,1.7,3.2,0.0,-,0,0,0.000
1790434058,s9-anytls,592806,47,2919,2919,1.8,42.7,43.5,0.0,-,0,0,0.000
1790434058,s10-vless-xhttp,622540,0,3083,3083,1.2,32.5,33.2,0.0,-,0,0,0.000
1790434058,s11-http-proxy,663088,0,3299,3299,1.7,5.1,6.3,0.0,-,0,0,0.000
1790434058,s12-vmess-h3,659376,219,3268,3268,3.0,5.3,6.3,0.0,-,0,0,0.000
1790434058,__proc__,0,0,0,0,-,-,-,6893.6,31214,64776,31322976,2001.670
1790434088,s7-ss-tcp,672652,0,3312,3312,0.8,1.9,3.6,0.0,-,0,0,0.000
1790434088,s8-tuic,672946,0,3314,3314,0.7,1.8,3.4,0.0,-,0,0,0.000
1790434088,s9-anytls,594193,47,2913,2913,2.2,42.7,43.4,0.0,-,0,0,0.000
1790434088,s10-vless-xhttp,623993,0,3051,3051,1.3,32.5,33.2,0.0,-,0,0,0.000
1790434088,s11-http-proxy,664646,0,3272,3272,1.8,5.8,7.1,0.0,-,0,0,0.000
1790434088,s12-vmess-h3,660924,220,3251,3251,3.1,5.4,6.8,0.0,-,0,0,0.000
1790434088,__proc__,0,0,0,0,-,-,-,6881.5,31192,64693,31396373,2006.223
1790434118,s7-ss-tcp,674228,0,3310,3310,0.8,2.3,4.1,0.0,-,0,0,0.000
1790434118,s8-tuic,674525,0,3316,3316,0.8,2.1,3.8,0.0,-,0,0,0.000
1790434118,s9-anytls,595590,47,2934,2934,40.9,42.7,43.4,0.0,-,0,0,0.000
1790434118,s10-vless-xhttp,625450,0,3060,3060,1.3,32.5,33.2,0.0,-,0,0,0.000
1790434118,s11-http-proxy,666202,0,3268,3268,2.3,6.3,8.0,0.0,-,0,0,0.000
1790434118,s12-vmess-h3,662479,220,3266,3266,3.1,6.0,7.8,0.0,-,0,0,0.000
1790434118,__proc__,0,0,0,0,-,-,-,6867.2,31202,64770,31459834,2010.518
1790434148,s7-ss-tcp,675811,0,3324,3324,0.9,2.5,4.5,0.0,-,0,0,0.000
1790434148,s8-tuic,676105,0,3318,3318,0.8,2.2,4.3,0.0,-,0,0,0.000
1790434148,s9-anytls,596988,47,2936,2936,2.1,42.7,43.6,0.0,-,0,0,0.000
1790434148,s10-vless-xhttp,626891,0,3026,3026,1.3,32.6,33.2,0.0,-,0,0,0.000
1790434148,s11-http-proxy,667764,0,3280,3280,3.1,6.5,8.1,0.0,-,0,0,0.000
1790434148,s12-vmess-h3,664038,220,3274,3274,3.1,6.2,7.9,0.0,-,0,0,0.000
1790434148,__proc__,0,0,0,0,-,-,-,6854.5,31145,64742,31529705,2014.824
1790434178,s7-ss-tcp,677384,0,3303,3303,0.9,2.5,4.5,0.0,-,0,0,0.000
1790434178,s8-tuic,677684,0,3316,3316,0.8,2.3,4.2,0.0,-,0,0,0.000
1790434178,s9-anytls,598373,47,2908,2908,2.3,42.7,43.6,0.0,-,0,0,0.000
1790434178,s10-vless-xhttp,628340,0,3043,3043,1.5,32.6,33.2,0.0,-,0,0,0.000
1790434178,s11-http-proxy,669328,0,3284,3284,2.7,5.7,7.5,0.0,-,0,0,0.000
1790434178,s12-vmess-h3,665593,220,3266,3266,2.9,5.6,7.2,0.0,-,0,0,0.000
1790434178,__proc__,0,0,0,0,-,-,-,6859.7,31111,64688,31602469,2019.434
1790434208,s7-ss-tcp,678966,0,3322,3322,1.0,2.3,4.4,0.0,-,0,0,0.000
1790434208,s8-tuic,679263,0,3316,3316,0.8,2.0,3.5,0.0,-,0,0,0.000
1790434208,s9-anytls,599762,47,2917,2917,40.9,42.7,43.5,0.0,-,0,0,0.000
1790434208,s10-vless-xhttp,629798,0,3062,3062,1.6,32.5,33.1,0.0,-,0,0,0.000
1790434208,s11-http-proxy,670893,0,3286,3286,1.9,5.1,6.8,0.0,-,0,0,0.000
1790434208,s12-vmess-h3,667146,222,3261,3261,2.8,4.9,7.0,0.0,-,0,0,0.000
1790434208,__proc__,0,0,0,0,-,-,-,6862.8,31092,64610,31684628,2024.165
1790434238,s7-ss-tcp,680544,0,3314,3314,0.8,2.1,4.0,0.0,-,0,0,0.000
1790434238,s8-tuic,680845,0,3322,3322,0.7,1.7,3.2,0.0,-,0,0,0.000
1790434238,s9-anytls,601158,47,2932,2932,40.9,42.7,43.6,0.0,-,0,0,0.000
1790434238,s10-vless-xhttp,631261,0,3072,3072,1.6,32.5,33.3,0.0,-,0,0,0.000
1790434238,s11-http-proxy,672456,0,3282,3282,1.9,5.5,7.2,0.0,-,0,0,0.000
1790434238,s12-vmess-h3,668696,222,3255,3255,3.1,6.0,7.5,0.0,-,0,0,0.000
1790434238,__proc__,0,0,0,0,-,-,-,6886.5,31070,64512,31758224,2028.675
1790434268,s7-ss-tcp,682124,0,3318,3318,0.8,1.9,4.0,0.0,-,0,0,0.000
1790434268,s8-tuic,682422,0,3312,3312,0.7,1.7,3.5,0.0,-,0,0,0.000
1790434268,s9-anytls,602544,49,2911,2911,2.7,42.7,43.5,0.0,-,0,0,0.000
1790434268,s10-vless-xhttp,632729,0,3083,3083,1.5,32.5,33.2,0.0,-,0,0,0.000
1790434268,s11-http-proxy,674010,0,3263,3263,2.4,6.2,7.7,0.0,-,0,0,0.000
1790434268,s12-vmess-h3,670248,224,3259,3259,3.1,6.2,7.5,0.0,-,0,0,0.000
1790434268,__proc__,0,0,0,0,-,-,-,6905.0,31093,64623,31830585,2033.260
1790434298,s7-ss-tcp,683704,0,3318,3318,0.8,1.8,4.1,0.0,-,0,0,0.000
1790434298,s8-tuic,684006,0,3326,3326,0.7,1.8,3.6,0.0,-,0,0,0.000
1790434298,s9-anytls,603954,49,2961,2961,1.9,42.7,43.6,0.0,-,0,0,0.000
1790434298,s10-vless-xhttp,634182,0,3051,3051,1.3,32.5,33.3,0.0,-,0,0,0.000
1790434298,s11-http-proxy,675579,0,3295,3295,2.1,6.2,7.7,0.0,-,0,0,0.000
1790434298,s12-vmess-h3,671801,224,3261,3261,3.0,6.2,7.5,0.0,-,0,0,0.000
1790434298,__proc__,0,0,0,0,-,-,-,6931.6,31069,64600,31910495,2037.738
1790434328,s7-ss-tcp,685285,0,3320,3320,0.8,1.8,3.6,0.0,-,0,0,0.000
1790434328,s8-tuic,685587,0,3320,3320,0.7,1.8,3.1,0.0,-,0,0,0.000
1790434328,s9-anytls,605356,49,2944,2944,1.8,42.7,43.6,0.0,-,0,0,0.000
1790434328,s10-vless-xhttp,635652,0,3087,3087,1.3,32.5,33.2,0.0,-,0,0,0.000
1790434328,s11-http-proxy,677138,0,3274,3274,2.0,5.8,7.4,0.0,-,0,0,0.000
1790434328,s12-vmess-h3,673353,224,3259,3259,3.1,5.8,6.9,0.0,-,0,0,0.000
1790434328,__proc__,0,0,0,0,-,-,-,6933.6,31043,64519,31980304,2042.203
1790434358,s7-ss-tcp,686865,0,3318,3318,0.8,1.8,3.6,0.0,-,0,0,0.000
1790434358,s8-tuic,687168,0,3320,3320,0.7,1.7,3.2,0.0,-,0,0,0.000
1790434358,s9-anytls,606747,49,2921,2921,1.8,42.7,43.6,0.0,-,0,0,0.000
1790434358,s10-vless-xhttp,637119,0,3081,3081,1.2,32.5,33.1,0.0,-,0,0,0.000
1790434358,s11-http-proxy,678701,0,3282,3282,2.1,5.8,7.3,0.0,-,0,0,0.000
1790434358,s12-vmess-h3,674911,226,3272,3272,3.1,5.9,7.2,0.0,-,0,0,0.000
1790434358,__proc__,0,0,0,0,-,-,-,6880.6,31051,64593,32056979,2046.637
1790434388,s7-ss-tcp,688447,0,3322,3322,0.8,1.7,2.9,0.0,-,0,0,0.000
1790434388,s8-tuic,688749,0,3320,3320,0.7,1.5,2.6,0.0,-,0,0,0.000
1790434388,s9-anytls,608155,50,2957,2957,1.8,42.7,43.4,0.0,-,0,0,0.000
1790434388,s10-vless-xhttp,638591,0,3091,3091,1.2,32.4,32.9,0.0,-,0,0,0.000
1790434388,s11-http-proxy,680274,0,3303,3303,1.7,4.9,6.5,0.0,-,0,0,0.000
1790434388,s12-vmess-h3,676469,226,3272,3272,2.6,4.9,6.2,0.0,-,0,0,0.000
1790434388,__proc__,0,0,0,0,-,-,-,6877.0,31139,64744,32144279,2051.173
1790434418,s7-ss-tcp,690026,0,3316,3316,0.8,1.7,3.1,0.0,-,0,0,0.000
1790434418,s8-tuic,690331,0,3322,3322,0.7,1.4,2.6,0.0,-,0,0,0.000
1790434418,s9-anytls,609557,50,2944,2944,1.8,42.6,43.0,0.0,-,0,0,0.000
1790434418,s10-vless-xhttp,640047,0,3058,3058,1.2,32.4,33.1,0.0,-,0,0,0.000
1790434418,s11-http-proxy,681841,0,3291,3291,1.6,5.0,6.5,0.0,-,0,0,0.000
1790434418,s12-vmess-h3,678023,226,3263,3263,2.5,5.0,5.8,0.0,-,0,0,0.000
1790434418,__proc__,0,0,0,0,-,-,-,6880.6,31124,64652,32219154,2055.661
1790434448,s7-ss-tcp,691608,0,3322,3322,0.8,1.7,3.5,0.0,-,0,0,0.000
1790434448,s8-tuic,691910,0,3316,3316,0.7,1.6,3.2,0.0,-,0,0,0.000
1790434448,s9-anytls,610957,50,2940,2940,1.7,42.6,43.1,0.0,-,0,0,0.000
1790434448,s10-vless-xhttp,641522,0,3098,3098,1.2,32.4,33.1,0.0,-,0,0,0.000
1790434448,s11-http-proxy,683404,0,3282,3282,1.7,5.4,6.7,0.0,-,0,0,0.000
1790434448,s12-vmess-h3,679581,226,3272,3272,2.8,5.1,5.9,0.0,-,0,0,0.000
1790434448,__proc__,0,0,0,0,-,-,-,6912.5,31180,64784,32295360,2060.108
1790434478,s7-ss-tcp,693187,0,3316,3316,0.8,1.8,3.5,0.0,-,0,0,0.000
1790434478,s8-tuic,693492,0,3322,3322,0.7,1.7,3.3,0.0,-,0,0,0.000
1790434478,s9-anytls,612360,50,2946,2946,1.8,42.7,43.3,0.0,-,0,0,0.000
1790434478,s10-vless-xhttp,643000,0,3104,3104,1.2,32.4,33.2,0.0,-,0,0,0.000
1790434478,s11-http-proxy,684969,0,3286,3286,1.8,5.6,6.8,0.0,-,0,0,0.000
1790434478,s12-vmess-h3,681135,227,3263,3263,3.0,5.2,6.0,0.0,-,0,0,0.000
1790434478,__proc__,0,0,0,0,-,-,-,6879.4,31240,64836,32375563,2064.636
1790434508,s7-ss-tcp,694766,0,3316,3316,0.8,1.9,3.6,0.0,-,0,0,0.000
1790434508,s8-tuic,695070,0,3314,3314,0.7,1.8,3.5,0.0,-,0,0,0.000
1790434508,s9-anytls,613760,50,2940,2940,1.8,42.7,43.4,0.0,-,0,0,0.000
1790434508,s10-vless-xhttp,644445,0,3034,3034,1.3,32.4,33.0,0.0,-,0,0,0.000
1790434508,s11-http-proxy,686534,0,3286,3286,1.7,5.2,6.5,0.0,-,0,0,0.000
1790434508,s12-vmess-h3,682690,227,3266,3266,3.0,5.1,6.1,0.0,-,0,0,0.000
1790434508,__proc__,0,0,0,0,-,-,-,6889.0,31177,64748,32451368,2069.299
1790434538,s7-ss-tcp,696344,0,3314,3314,0.8,2.0,3.7,0.0,-,0,0,0.000
1790434538,s8-tuic,696652,0,3322,3322,0.8,1.8,3.6,0.0,-,0,0,0.000
1790434538,s9-anytls,615162,50,2944,2944,1.9,42.7,43.5,0.0,-,0,0,0.000
1790434538,s10-vless-xhttp,645899,0,3053,3053,1.5,32.4,33.1,0.0,-,0,0,0.000
1790434538,s11-http-proxy,688100,0,3289,3289,1.8,5.4,6.6,0.0,-,0,0,0.000
1790434538,s12-vmess-h3,684243,228,3261,3261,3.1,5.5,6.6,0.0,-,0,0,0.000
1790434538,__proc__,0,0,0,0,-,-,-,6945.4,31170,64702,32526405,2073.880
1790434568,s7-ss-tcp,697925,0,3320,3320,0.8,1.9,4.0,0.0,-,0,0,0.000
1790434568,s8-tuic,698231,0,3316,3316,0.8,2.0,4.3,0.0,-,0,0,0.000
1790434568,s9-anytls,616557,51,2930,2930,1.9,42.7,43.6,0.0,-,0,0,0.000
1790434568,s10-vless-xhttp,647354,0,3056,3056,1.6,32.5,33.2,0.0,-,0,0,0.000
1790434568,s11-http-proxy,689659,0,3274,3274,2.0,6.0,7.6,0.0,-,0,0,0.000
1790434568,s12-vmess-h3,685788,230,3244,3244,3.1,6.1,7.7,0.0,-,0,0,0.000
1790434568,__proc__,0,0,0,0,-,-,-,6885.3,31176,64644,32598289,2078.376
1790434598,s7-ss-tcp,699502,0,3312,3312,0.8,2.0,4.0,0.0,-,0,0,0.000
1790434598,s8-tuic,699811,0,3318,3318,0.7,2.0,4.0,0.0,-,0,0,0.000
1790434598,s9-anytls,617956,51,2938,2938,1.9,42.7,43.5,0.0,-,0,0,0.000
1790434598,s10-vless-xhttp,648818,0,3074,3074,1.3,32.5,33.2,0.0,-,0,0,0.000
1790434598,s11-http-proxy,691222,0,3282,3282,2.1,6.1,7.7,0.0,-,0,0,0.000
1790434598,s12-vmess-h3,687341,232,3261,3261,3.0,6.2,7.6,0.0,-,0,0,0.000
1790434598,__proc__,0,0,0,0,-,-,-,6845.2,31163,64732,32673763,2082.822
1790434628,s7-ss-tcp,701081,0,3316,3316,0.8,2.2,4.6,0.0,-,0,0,0.000
1790434628,s8-tuic,701392,0,3320,3320,0.7,2.1,4.5,0.0,-,0,0,0.000
1790434628,s9-anytls,619353,51,2934,2934,1.8,42.7,43.6,0.0,-,0,0,0.000
1790434628,s10-vless-xhttp,650278,0,3066,3066,1.3,32.5,33.2,0.0,-,0,0,0.000
1790434628,s11-http-proxy,692785,0,3282,3282,2.1,6.2,8.0,0.0,-,0,0,0.000
1790434628,s12-vmess-h3,688892,232,3257,3257,3.0,6.5,8.2,0.0,-,0,0,0.000
1790434628,__proc__,0,0,0,0,-,-,-,6805.9,31166,64709,32745058,2087.162
1790434658,s7-ss-tcp,702660,0,3316,3316,0.8,2.5,4.9,0.0,-,0,0,0.000
1790434658,s8-tuic,702971,0,3316,3316,0.7,2.0,4.4,0.0,-,0,0,0.000
1790434658,s9-anytls,620750,51,2934,2934,1.9,42.7,43.6,0.0,-,0,0,0.000
1790434658,s10-vless-xhttp,651727,0,3043,3043,1.2,32.5,33.3,0.0,-,0,0,0.000
1790434658,s11-http-proxy,694346,0,3278,3278,2.0,6.0,8.1,0.0,-,0,0,0.000
1790434658,s12-vmess-h3,690442,232,3255,3255,3.2,6.8,8.7,0.0,-,0,0,0.000
1790434658,__proc__,0,0,0,0,-,-,-,6802.3,31155,64706,32812834,2091.490
1790434688,s7-ss-tcp,704238,0,3314,3314,0.8,2.4,4.4,0.0,-,0,0,0.000
1790434688,s8-tuic,704553,0,3322,3322,0.7,1.9,4.3,0.0,-,0,0,0.000
1790434688,s9-anytls,622138,51,2915,2915,2.0,42.7,43.6,0.0,-,0,0,0.000
1790434688,s10-vless-xhttp,653189,0,3070,3070,1.2,32.5,33.3,0.0,-,0,0,0.000
1790434688,s11-http-proxy,695911,0,3286,3286,2.0,6.0,7.9,0.0,-,0,0,0.000
1790434688,s12-vmess-h3,691998,232,3268,3268,3.2,6.7,8.6,0.0,-,0,0,0.000
1790434688,__proc__,0,0,0,0,-,-,-,6802.3,31119,64666,32887624,2095.956
1790434718,s7-ss-tcp,705818,0,3318,3318,0.8,2.5,4.6,0.0,-,0,0,0.000
1790434718,s8-tuic,706132,0,3316,3316,0.7,2.0,4.7,0.0,-,0,0,0.000
1790434718,s9-anytls,623538,51,2940,2940,2.1,42.7,43.6,0.0,-,0,0,0.000
1790434718,s10-vless-xhttp,654650,0,3068,3068,1.2,32.6,33.6,0.0,-,0,0,0.000
1790434718,s11-http-proxy,697468,0,3270,3270,2.0,6.5,9.0,0.0,-,0,0,0.000
1790434718,s12-vmess-h3,693543,233,3244,3244,3.4,7.3,9.0,0.0,-,0,0,0.000
1790434718,__proc__,0,0,0,0,-,-,-,6751.5,31105,64522,32959574,2100.478
1790434748,s7-ss-tcp,707397,0,3316,3316,0.8,2.3,4.7,0.0,-,0,0,0.000
1790434748,s8-tuic,707713,0,3320,3320,0.7,2.2,5.1,0.0,-,0,0,0.000
1790434748,s9-anytls,624925,52,2913,2913,2.2,42.7,43.7,0.0,-,0,0,0.000
1790434748,s10-vless-xhttp,656097,0,3039,3039,1.3,32.6,33.6,0.0,-,0,0,0.000
1790434748,s11-http-proxy,699016,0,3251,3251,3.2,7.4,9.3,0.0,-,0,0,0.000
1790434748,s12-vmess-h3,695093,233,3255,3255,3.2,7.5,9.1,0.0,-,0,0,0.000
1790434748,__proc__,0,0,0,0,-,-,-,6753.0,31053,64503,33025927,2104.926
1790434778,s7-ss-tcp,708975,0,3314,3314,0.8,3.0,5.3,0.0,-,0,0,0.000
1790434778,s8-tuic,709290,0,3312,3312,0.8,2.7,5.2,0.0,-,0,0,0.000
1790434778,s9-anytls,626310,52,2908,2908,2.4,42.7,44.0,0.0,-,0,0,0.000
1790434778,s10-vless-xhttp,657546,0,3043,3043,1.5,32.7,33.7,0.0,-,0,0,0.000
1790434778,s11-http-proxy,700560,0,3242,3242,4.3,7.7,9.4,0.0,-,0,0,0.000
1790434778,s12-vmess-h3,696638,233,3244,3244,3.8,7.7,9.2,0.0,-,0,0,0.000
1790434778,__proc__,0,0,0,0,-,-,-,6746.3,31005,64397,33089125,2109.471
1790434808,s7-ss-tcp,710552,0,3312,3312,0.9,2.8,4.6,0.0,-,0,0,0.000
1790434808,s8-tuic,710868,0,3314,3314,0.8,2.5,4.4,0.0,-,0,0,0.000
1790434808,s9-anytls,627711,52,2942,2942,4.0,42.7,43.7,0.0,-,0,0,0.000
1790434808,s10-vless-xhttp,659002,0,3058,3058,1.6,32.6,33.4,0.0,-,0,0,0.000
1790434808,s11-http-proxy,702123,0,3282,3282,3.7,7.0,8.5,0.0,-,0,0,0.000
1790434808,s12-vmess-h3,698194,233,3268,3268,3.5,6.5,8.4,0.0,-,0,0,0.000
1790434808,__proc__,0,0,0,0,-,-,-,6827.1,31030,64514,33164156,2114.271
1790434838,s7-ss-tcp,712131,0,3316,3316,0.9,2.4,4.4,0.0,-,0,0,0.000
1790434838,s8-tuic,712450,0,3322,3322,0.8,2.0,3.6,0.0,-,0,0,0.000
1790434838,s9-anytls,629103,52,2923,2923,2.5,42.7,43.6,0.0,-,0,0,0.000
1790434838,s10-vless-xhttp,660454,0,3049,3049,1.6,32.5,33.3,0.0,-,0,0,0.000
1790434838,s11-http-proxy,703691,0,3293,3293,2.1,6.7,8.2,0.0,-,0,0,0.000
1790434838,s12-vmess-h3,699750,233,3268,3268,3.2,6.3,8.4,0.0,-,0,0,0.000
1790434838,__proc__,0,0,0,0,-,-,-,6823.1,31051,64607,33246494,2119.061
1790434868,s7-ss-tcp,713712,0,3320,3320,0.9,2.0,3.4,0.0,-,0,0,0.000
1790434868,s8-tuic,714030,0,3318,3318,0.8,1.9,2.9,0.0,-,0,0,0.000
1790434868,s9-anytls,630512,52,2959,2959,2.0,42.7,43.4,0.0,-,0,0,0.000
1790434868,s10-vless-xhttp,661921,0,3081,3081,1.6,32.5,33.2,0.0,-,0,0,0.000
1790434868,s11-http-proxy,705255,0,3284,3284,1.8,5.1,6.6,0.0,-,0,0,0.000
1790434868,s12-vmess-h3,701303,234,3261,3261,2.9,5.2,6.4,0.0,-,0,0,0.000
1790434868,__proc__,0,0,0,0,-,-,-,6813.8,31003,64522,33323455,2123.991
1790434898,s7-ss-tcp,715288,0,3310,3310,0.8,2.1,3.5,0.0,-,0,0,0.000
1790434898,s8-tuic,715610,0,3318,3318,0.8,1.9,3.1,0.0,-,0,0,0.000
1790434898,s9-anytls,631911,52,2938,2938,2.0,42.7,43.4,0.0,-,0,0,0.000
1790434898,s10-vless-xhttp,663384,0,3072,3072,1.4,32.5,33.2,0.0,-,0,0,0.000
1790434898,s11-http-proxy,706817,0,3280,3280,2.0,5.5,6.8,0.0,-,0,0,0.000
1790434898,s12-vmess-h3,702857,235,3263,3263,3.0,5.2,6.3,0.0,-,0,0,0.000
1790434898,__proc__,0,0,0,0,-,-,-,6782.9,31030,64532,33396477,2128.539
1790434928,s7-ss-tcp,716871,0,3324,3324,0.8,2.2,3.8,0.0,-,0,0,0.000
1790434928,s8-tuic,717188,0,3314,3314,0.7,2.0,3.4,0.0,-,0,0,0.000
1790434928,s9-anytls,633299,52,2915,2915,2.0,42.7,43.5,0.0,-,0,0,0.000
1790434928,s10-vless-xhttp,664852,0,3083,3083,1.3,32.5,33.2,0.0,-,0,0,0.000
1790434928,s11-http-proxy,708376,0,3274,3274,2.3,5.7,6.8,0.0,-,0,0,0.000
1790434928,s12-vmess-h3,704408,235,3257,3257,3.2,5.3,6.3,0.0,-,0,0,0.000
1790434928,__proc__,0,0,0,0,-,-,-,6814.4,31060,64529,33465665,2133.005
1790434958,s7-ss-tcp,718449,0,3314,3314,0.8,2.1,3.8,0.0,-,0,0,0.000
1790434958,s8-tuic,718771,0,3324,3324,0.7,1.8,3.2,0.0,-,0,0,0.000
1790434958,s9-anytls,634694,52,2930,2930,2.1,42.7,43.5,0.0,-,0,0,0.000
1790434958,s10-vless-xhttp,666321,0,3085,3085,1.2,32.5,33.2,0.0,-,0,0,0.000
1790434958,s11-http-proxy,709937,0,3278,3278,2.0,5.5,6.5,0.0,-,0,0,0.000
1790434958,s12-vmess-h3,705964,235,3268,3268,3.3,5.3,6.2,0.0,-,0,0,0.000
1790434958,__proc__,0,0,0,0,-,-,-,6827.2,31077,64655,33539514,2137.431
1790434988,s7-ss-tcp,720032,0,3324,3324,0.7,1.6,3.1,0.0,-,0,0,0.000
1790434988,s8-tuic,720355,0,3326,3326,0.7,1.5,2.8,0.0,-,0,0,0.000
1790434988,s9-anytls,636086,52,2923,2923,4.1,42.7,43.4,0.0,-,0,0,0.000
1790434988,s10-vless-xhttp,667791,0,3087,3087,1.2,32.4,33.0,0.0,-,0,0,0.000
1790434988,s11-http-proxy,711512,0,3308,3308,1.8,5.2,6.2,0.0,-,0,0,0.000
1790434988,s12-vmess-h3,707523,236,3274,3274,2.9,4.7,5.6,0.0,-,0,0,0.000
1790434988,__proc__,0,0,0,0,-,-,-,6805.0,31096,64685,33622697,2141.856
1790435018,s7-ss-tcp,721614,0,3322,3322,0.7,1.6,2.9,0.0,-,0,0,0.000
1790435018,s8-tuic,721932,0,3312,3312,0.7,1.5,2.7,0.0,-,0,0,0.000
1790435018,s9-anytls,637479,52,2925,2925,2.0,42.7,43.4,0.0,-,0,0,0.000
1790435018,s10-vless-xhttp,669255,0,3074,3074,1.2,32.4,33.0,0.0,-,0,0,0.000
1790435018,s11-http-proxy,713078,0,3289,3289,1.7,4.9,6.1,0.0,-,0,0,0.000
1790435018,s12-vmess-h3,709081,236,3272,3272,2.8,4.8,5.9,0.0,-,0,0,0.000
1790435018,__proc__,0,0,0,0,-,-,-,6871.2,31165,64772,33700060,2146.259
1790435048,s7-ss-tcp,723192,0,3314,3314,0.7,1.6,3.9,0.0,-,0,0,0.000
1790435048,s8-tuic,723515,0,3324,3324,0.7,1.6,3.3,0.0,-,0,0,0.000
1790435048,s9-anytls,638882,52,2946,2946,1.9,42.7,43.5,0.0,-,0,0,0.000
1790435048,s10-vless-xhttp,670718,0,3072,3072,1.2,32.4,33.0,0.0,-,0,0,0.000
1790435048,s11-http-proxy,714634,0,3268,3268,1.8,5.7,7.0,0.0,-,0,0,0.000
1790435048,s12-vmess-h3,710630,236,3253,3253,2.8,6.0,7.9,0.0,-,0,0,0.000
1790435048,__proc__,0,0,0,0,-,-,-,6834.2,31164,64684,33771780,2150.631
1790435078,s7-ss-tcp,724773,0,3320,3320,0.7,1.8,3.9,0.0,-,0,0,0.000
1790435078,s8-tuic,725097,0,3322,3322,0.7,1.7,3.4,0.0,-,0,0,0.000
1790435078,s9-anytls,640270,52,2915,2915,2.0,42.7,43.6,0.0,-,0,0,0.000
1790435078,s10-vless-xhttp,672191,0,3093,3093,1.2,32.4,33.0,0.0,-,0,0,0.000
1790435078,s11-http-proxy,716196,0,3280,3280,2.5,6.2,7.8,0.0,-,0,0,0.000
1790435078,s12-vmess-h3,712186,236,3268,3268,3.0,6.1,7.9,0.0,-,0,0,0.000
1790435078,__proc__,0,0,0,0,-,-,-,6891.6,31205,64813,33845071,2155.087
1790435108,s7-ss-tcp,726353,0,3318,3318,0.7,1.7,3.9,0.0,-,0,0,0.000
1790435108,s8-tuic,726676,0,3316,3316,0.7,1.7,3.4,0.0,-,0,0,0.000
1790435108,s9-anytls,641673,52,2946,2946,1.9,42.7,43.5,0.0,-,0,0,0.000
1790435108,s10-vless-xhttp,673655,0,3074,3074,1.2,32.4,33.0,0.0,-,0,0,0.000
1790435108,s11-http-proxy,717758,0,3280,3280,2.1,6.5,8.2,0.0,-,0,0,0.000
1790435108,s12-vmess-h3,713746,236,3276,3276,2.8,6.4,8.2,0.0,-,0,0,0.000
1790435108,__proc__,0,0,0,0,-,-,-,6900.3,31229,64887,33926958,2159.703
1790435138,s7-ss-tcp,727932,0,3316,3316,0.8,2.1,3.8,0.0,-,0,0,0.000
1790435138,s8-tuic,728256,0,3318,3318,0.7,1.8,3.6,0.0,-,0,0,0.000
1790435138,s9-anytls,643068,53,2930,2930,2.0,42.7,43.6,0.0,-,0,0,0.000
1790435138,s10-vless-xhttp,675119,0,3074,3074,1.4,32.5,33.1,0.0,-,0,0,0.000
1790435138,s11-http-proxy,719313,0,3266,3266,3.1,6.6,8.2,0.0,-,0,0,0.000
1790435138,s12-vmess-h3,715296,236,3255,3255,3.2,5.9,7.3,0.0,-,0,0,0.000
1790435138,__proc__,0,0,0,0,-,-,-,6845.7,31235,64792,33994530,2164.264
1790435168,s7-ss-tcp,729510,0,3314,3314,0.8,2.7,4.5,0.0,-,0,0,0.000
1790435168,s8-tuic,729836,0,3318,3318,0.7,2.1,4.2,0.0,-,0,0,0.000
1790435168,s9-anytls,644475,53,2955,2955,1.9,42.7,43.6,0.0,-,0,0,0.000
1790435168,s10-vless-xhttp,676583,0,3074,3074,1.5,32.5,33.3,0.0,-,0,0,0.000
1790435168,s11-http-proxy,720868,0,3266,3266,3.5,6.8,8.2,0.0,-,0,0,0.000
1790435168,s12-vmess-h3,716844,236,3251,3251,3.8,6.6,8.0,0.0,-,0,0,0.000
1790435168,__proc__,0,0,0,0,-,-,-,6845.5,31239,64773,34062369,2168.773
1790435198,s7-ss-tcp,731092,0,3322,3322,0.8,2.3,4.4,0.0,-,0,0,0.000
1790435198,s8-tuic,731416,0,3318,3318,0.7,2.0,4.2,0.0,-,0,0,0.000
1790435198,s9-anytls,645870,53,2930,2930,1.9,42.7,43.7,0.0,-,0,0,0.000
1790435198,s10-vless-xhttp,678036,0,3051,3051,1.4,32.5,33.4,0.0,-,0,0,0.000
1790435198,s11-http-proxy,722426,0,3272,3272,3.6,6.4,7.8,0.0,-,0,0,0.000
1790435198,s12-vmess-h3,718394,236,3255,3255,3.8,6.5,7.9,0.0,-,0,0,0.000
1790435198,__proc__,0,0,0,0,-,-,-,6853.8,31233,64758,34132594,2173.151
1790435228,s7-ss-tcp,732671,0,3316,3316,0.8,2.2,4.8,0.0,-,0,0,0.000
1790435228,s8-tuic,732996,0,3318,3318,0.7,2.0,4.5,0.0,-,0,0,0.000
1790435228,s9-anytls,647260,53,2919,2919,1.9,42.7,43.7,0.0,-,0,0,0.000
1790435228,s10-vless-xhttp,679492,0,3058,3058,1.3,32.5,33.3,0.0,-,0,0,0.000
1790435228,s11-http-proxy,723985,0,3274,3274,3.1,6.6,8.0,0.0,-,0,0,0.000
1790435228,s12-vmess-h3,719948,236,3263,3263,3.5,6.8,7.9,0.0,-,0,0,0.000
1790435228,__proc__,0,0,0,0,-,-,-,6865.7,31195,64757,34203109,2177.558
1790435258,s7-ss-tcp,734250,0,3316,3316,0.8,1.9,3.9,0.0,-,0,0,0.000
1790435258,s8-tuic,734576,0,3318,3318,0.7,1.9,4.0,0.0,-,0,0,0.000
1790435258,s9-anytls,648658,53,2936,2936,2.1,42.7,43.6,0.0,-,0,0,0.000
1790435258,s10-vless-xhttp,680940,0,3041,3041,1.3,32.5,33.3,0.0,-,0,0,0.000
1790435258,s11-http-proxy,725542,0,3270,3270,2.9,6.4,7.9,0.0,-,0,0,0.000
1790435258,s12-vmess-h3,721495,238,3249,3249,3.3,6.2,7.7,0.0,-,0,0,0.000
1790435258,__proc__,0,0,0,0,-,-,-,6854.6,31148,64632,34274304,2181.905
1790435288,s7-ss-tcp,735831,0,3320,3320,0.8,2.0,3.8,0.0,-,0,0,0.000
1790435288,s8-tuic,736159,0,3324,3324,0.7,1.7,3.7,0.0,-,0,0,0.000
1790435288,s9-anytls,650061,53,2946,2946,1.9,42.7,43.6,0.0,-,0,0,0.000
1790435288,s10-vless-xhttp,682392,0,3049,3049,1.3,32.4,33.1,0.0,-,0,0,0.000
1790435288,s11-http-proxy,727105,0,3282,3282,2.9,6.3,7.8,0.0,-,0,0,0.000
1790435288,s12-vmess-h3,723055,238,3276,3276,3.0,5.8,7.4,0.0,-,0,0,0.000
1790435288,__proc__,0,0,0,0,-,-,-,6862.7,31130,64738,34349943,2186.227
1790435318,s7-ss-tcp,737410,0,3316,3316,0.8,1.9,3.8,0.0,-,0,0,0.000
1790435318,s8-tuic,737737,0,3314,3314,0.7,1.7,3.5,0.0,-,0,0,0.000
1790435318,s9-anytls,651454,53,2925,2925,1.9,42.7,43.5,0.0,-,0,0,0.000
1790435318,s10-vless-xhttp,683852,0,3066,3066,1.3,32.5,33.2,0.0,-,0,0,0.000
1790435318,s11-http-proxy,728662,0,3270,3270,2.6,6.1,7.8,0.0,-,0,0,0.000
1790435318,s12-vmess-h3,724605,238,3255,3255,3.0,5.9,8.1,0.0,-,0,0,0.000
1790435318,__proc__,0,0,0,0,-,-,-,6863.3,31095,64562,34424092,2190.751
1790435348,s7-ss-tcp,738990,0,3318,3318,0.8,2.1,4.1,0.0,-,0,0,0.000
1790435348,s8-tuic,739320,0,3324,3324,0.7,2.0,4.0,0.0,-,0,0,0.000
1790435348,s9-anytls,652845,53,2921,2921,1.9,42.7,43.5,0.0,-,0,0,0.000
1790435348,s10-vless-xhttp,685313,0,3068,3068,1.3,32.5,33.2,0.0,-,0,0,0.000
1790435348,s11-http-proxy,730225,0,3282,3282,1.9,6.0,7.9,0.0,-,0,0,0.000
1790435348,s12-vmess-h3,726156,239,3257,3257,3.1,6.3,8.3,0.0,-,0,0,0.000
1790435348,__proc__,0,0,0,0,-,-,-,6866.6,31086,64577,34495043,2195.372
1790435378,s7-ss-tcp,740564,0,3305,3305,0.9,2.8,4.4,0.0,-,0,0,0.000
1790435378,s8-tuic,740897,0,3312,3312,0.8,2.5,4.6,0.0,-,0,0,0.000
1790435378,s9-anytls,654245,53,2940,2940,2.2,42.7,43.6,0.0,-,0,0,0.000
1790435378,s10-vless-xhttp,686779,0,3079,3079,1.4,32.6,33.5,0.0,-,0,0,0.000
1790435378,s11-http-proxy,731773,0,3251,3251,3.3,6.6,8.1,0.0,-,0,0,0.000
1790435378,s12-vmess-h3,727702,239,3247,3247,3.7,6.4,8.3,0.0,-,0,0,0.000
1790435378,__proc__,0,0,0,0,-,-,-,6874.2,31077,64528,34558151,2200.118
1790435408,s7-ss-tcp,742145,0,3320,3320,0.9,2.9,4.7,0.0,-,0,0,0.000
1790435408,s8-tuic,742474,0,3312,3312,0.8,2.5,4.7,0.0,-,0,0,0.000
1790435408,s9-anytls,655638,53,2925,2925,2.4,42.7,43.7,0.0,-,0,0,0.000
1790435408,s10-vless-xhttp,688242,0,3072,3072,1.5,32.6,33.4,0.0,-,0,0,0.000
1790435408,s11-http-proxy,733338,0,3286,3286,3.1,6.8,8.3,0.0,-,0,0,0.000
1790435408,s12-vmess-h3,729252,239,3255,3255,3.7,6.7,8.3,0.0,-,0,0,0.000
1790435408,__proc__,0,0,0,0,-,-,-,6881.6,31060,64528,34635364,2205.219
1790435438,s7-ss-tcp,743722,0,3312,3312,0.9,2.7,4.2,0.0,-,0,0,0.000
1790435438,s8-tuic,744054,0,3318,3318,0.8,2.3,4.1,0.0,-,0,0,0.000
1790435438,s9-anytls,657028,53,2919,2919,2.6,42.7,43.9,0.0,-,0,0,0.000
1790435438,s10-vless-xhttp,689701,0,3064,3064,1.7,32.6,33.4,0.0,-,0,0,0.000
1790435438,s11-http-proxy,734901,0,3282,3282,2.2,6.3,7.8,0.0,-,0,0,0.000
1790435438,s12-vmess-h3,730804,239,3259,3259,3.6,6.2,7.7,0.0,-,0,0,0.000
1790435438,__proc__,0,0,0,0,-,-,-,6878.6,31102,64564,34709238,2210.287
1790435468,s7-ss-tcp,745300,0,3314,3314,0.8,2.3,3.7,0.0,-,0,0,0.000
1790435468,s8-tuic,745634,0,3318,3318,0.8,2.1,3.7,0.0,-,0,0,0.000
1790435468,s9-anytls,658415,53,2913,2913,40.9,42.7,43.7,0.0,-,0,0,0.000
1790435468,s10-vless-xhttp,691164,0,3072,3072,1.6,32.6,33.2,0.0,-,0,0,0.000
1790435468,s11-http-proxy,736463,0,3280,3280,1.8,5.6,7.3,0.0,-,0,0,0.000
1790435468,s12-vmess-h3,732353,240,3253,3253,3.2,6.0,7.2,0.0,-,0,0,0.000
1790435468,__proc__,0,0,0,0,-,-,-,6857.4,31083,64537,34785046,2214.815
1790435498,s7-ss-tcp,746881,0,3320,3320,0.8,2.0,3.8,0.0,-,0,0,0.000
1790435498,s8-tuic,747215,0,3320,3320,0.7,1.9,3.9,0.0,-,0,0,0.000
1790435498,s9-anytls,659814,53,2938,2938,40.8,42.7,43.6,0.0,-,0,0,0.000
1790435498,s10-vless-xhttp,692605,0,3026,3026,1.6,32.5,33.2,0.0,-,0,0,0.000
1790435498,s11-http-proxy,738021,0,3272,3272,2.0,6.1,7.4,0.0,-,0,0,0.000
1790435498,s12-vmess-h3,733904,240,3257,3257,3.3,6.1,7.3,0.0,-,0,0,0.000
1790435498,__proc__,0,0,0,0,-,-,-,6825.9,31026,64472,34858811,2219.275
1790435528,s7-ss-tcp,748460,0,3316,3316,0.7,2.1,4.0,0.0,-,0,0,0.000
1790435528,s8-tuic,748794,0,3316,3316,0.7,2.2,4.2,0.0,-,0,0,0.000
1790435528,s9-anytls,661220,53,2953,2953,1.9,42.7,43.6,0.0,-,0,0,0.000
1790435528,s10-vless-xhttp,694066,0,3068,3068,1.4,32.5,33.3,0.0,-,0,0,0.000
1790435528,s11-http-proxy,739569,0,3251,3251,3.3,6.6,8.1,0.0,-,0,0,0.000
1790435528,s12-vmess-h3,735456,240,3259,3259,3.7,6.5,8.2,0.0,-,0,0,0.000
1790435528,__proc__,0,0,0,0,-,-,-,6803.2,31061,64506,34925484,2223.695
1790435558,s7-ss-tcp,750042,0,3322,3322,0.7,2.0,3.9,0.0,-,0,0,0.000
1790435558,s8-tuic,750376,0,3322,3322,0.7,1.9,3.9,0.0,-,0,0,0.000
1790435558,s9-anytls,662610,53,2919,2919,1.9,42.7,43.6,0.0,-,0,0,0.000
1790435558,s10-vless-xhttp,695528,0,3070,3070,1.3,32.5,33.4,0.0,-,0,0,0.000
1790435558,s11-http-proxy,741136,0,3291,3291,3.2,6.4,8.1,0.0,-,0,0,0.000
1790435558,s12-vmess-h3,737012,240,3268,3268,3.5,6.4,8.2,0.0,-,0,0,0.000
1790435558,__proc__,0,0,0,0,-,-,-,6803.6,31108,64659,35002390,2228.110
1790435588,s7-ss-tcp,751623,0,3320,3320,0.8,1.7,3.4,0.0,-,0,0,0.000
1790435588,s8-tuic,751957,0,3320,3320,0.7,1.5,3.1,0.0,-,0,0,0.000
1790435588,s9-anytls,664000,53,2919,2919,2.1,42.6,43.5,0.0,-,0,0,0.000
1790435588,s10-vless-xhttp,696992,0,3074,3074,1.2,32.4,33.1,0.0,-,0,0,0.000
1790435588,s11-http-proxy,742712,0,3310,3310,1.8,5.4,6.8,0.0,-,0,0,0.000
1790435588,s12-vmess-h3,738567,242,3266,3266,2.8,5.5,7.0,0.0,-,0,0,0.000
1790435588,__proc__,0,0,0,0,-,-,-,6817.8,31133,64713,35088165,2232.686
1790435618,s7-ss-tcp,753202,0,3316,3316,0.8,1.6,3.2,0.0,-,0,0,0.000
1790435618,s8-tuic,753539,0,3322,3322,0.7,1.5,2.9,0.0,-,0,0,0.000
1790435618,s9-anytls,665409,53,2959,2959,2.1,42.6,43.1,0.0,-,0,0,0.000
1790435618,s10-vless-xhttp,698453,0,3068,3068,1.3,32.4,33.1,0.0,-,0,0,0.000
1790435618,s11-http-proxy,744276,0,3284,3284,1.6,4.7,6.3,0.0,-,0,0,0.000
1790435618,s12-vmess-h3,740122,242,3266,3266,2.7,5.4,7.2,0.0,-,0,0,0.000
1790435618,__proc__,0,0,0,0,-,-,-,6822.7,31120,64636,35164472,2237.293
1790435648,s7-ss-tcp,754784,0,3322,3322,0.8,1.7,2.9,0.0,-,0,0,0.000
1790435648,s8-tuic,755119,0,3318,3318,0.7,1.6,2.8,0.0,-,0,0,0.000
1790435648,s9-anytls,666800,53,2921,2921,2.1,42.6,43.1,0.0,-,0,0,0.000
1790435648,s10-vless-xhttp,699921,0,3083,3083,1.3,32.5,33.1,0.0,-,0,0,0.000
1790435648,s11-http-proxy,745847,0,3299,3299,1.6,4.9,6.4,0.0,-,0,0,0.000
1790435648,s12-vmess-h3,741680,243,3272,3272,2.6,5.1,6.8,0.0,-,0,0,0.000
1790435648,__proc__,0,0,0,0,-,-,-,6813.9,31138,64725,35248019,2241.803
1790435678,s7-ss-tcp,756362,0,3314,3314,0.8,1.9,3.7,0.0,-,0,0,0.000
1790435678,s8-tuic,756700,0,3320,3320,0.7,1.9,3.6,0.0,-,0,0,0.000
1790435678,s9-anytls,668200,53,2940,2940,1.9,42.7,43.4,0.0,-,0,0,0.000
1790435678,s10-vless-xhttp,701375,0,3053,3053,1.3,32.5,33.2,0.0,-,0,0,0.000
1790435678,s11-http-proxy,747402,0,3266,3266,2.1,5.8,6.9,0.0,-,0,0,0.000
1790435678,s12-vmess-h3,743233,243,3261,3261,2.9,5.8,7.0,0.0,-,0,0,0.000
1790435678,__proc__,0,0,0,0,-,-,-,6802.9,31083,64579,35317010,2246.292
1790435708,s7-ss-tcp,757941,0,3316,3316,0.8,2.1,3.8,0.0,-,0,0,0.000
1790435708,s8-tuic,758280,0,3318,3318,0.7,1.9,3.6,0.0,-,0,0,0.000
1790435708,s9-anytls,669598,53,2936,2936,2.0,42.7,43.5,0.0,-,0,0,0.000
1790435708,s10-vless-xhttp,702836,0,3068,3068,1.4,32.5,33.2,0.0,-,0,0,0.000
1790435708,s11-http-proxy,748962,0,3276,3276,2.5,5.8,7.0,0.0,-,0,0,0.000
1790435708,s12-vmess-h3,744787,244,3263,3263,3.1,5.5,6.6,0.0,-,0,0,0.000
1790435708,__proc__,0,0,0,0,-,-,-,6801.2,31101,64617,35390331,2251.065
1790435738,s7-ss-tcp,759521,0,3318,3318,0.9,2.2,3.7,0.0,-,0,0,0.000
1790435738,s8-tuic,759857,0,3312,3312,0.8,2.1,3.5,0.0,-,0,0,0.000
1790435738,s9-anytls,670992,53,2927,2927,2.1,42.7,43.6,0.0,-,0,0,0.000
1790435738,s10-vless-xhttp,704304,0,3083,3083,1.5,32.5,33.2,0.0,-,0,0,0.000
1790435738,s11-http-proxy,750526,0,3284,3284,2.6,5.8,7.1,0.0,-,0,0,0.000
1790435738,s12-vmess-h3,746342,244,3266,3266,3.1,5.4,6.7,0.0,-,0,0,0.000
1790435738,__proc__,0,0,0,0,-,-,-,6808.7,31145,64757,35469025,2256.001
1790435768,s7-ss-tcp,761099,0,3314,3314,0.9,2.1,3.6,0.0,-,0,0,0.000
1790435768,s8-tuic,761439,0,3322,3322,0.8,2.0,3.3,0.0,-,0,0,0.000
1790435768,s9-anytls,672387,53,2930,2930,2.1,42.7,43.5,0.0,-,0,0,0.000
1790435768,s10-vless-xhttp,705740,0,3016,3016,1.6,32.5,33.2,0.0,-,0,0,0.000
1790435768,s11-http-proxy,752085,0,3274,3274,2.2,6.0,7.7,0.0,-,0,0,0.000
1790435768,s12-vmess-h3,747895,244,3261,3261,3.0,5.3,6.6,0.0,-,0,0,0.000
1790435768,__proc__,0,0,0,0,-,-,-,6817.3,31060,64551,35541775,2260.609
1790435798,s7-ss-tcp,762679,0,3318,3318,0.8,2.2,3.8,0.0,-,0,0,0.000
1790435798,s8-tuic,763019,0,3318,3318,0.8,1.9,3.4,0.0,-,0,0,0.000
1790435798,s9-anytls,673782,54,2930,2930,2.1,42.7,43.5,0.0,-,0,0,0.000
1790435798,s10-vless-xhttp,707205,0,3076,3076,1.6,32.5,33.1,0.0,-,0,0,0.000
1790435798,s11-http-proxy,753640,0,3266,3266,2.9,6.4,8.2,0.0,-,0,0,0.000
1790435798,s12-vmess-h3,749444,246,3253,3253,3.0,5.5,7.0,0.0,-,0,0,0.000
1790435798,__proc__,0,0,0,0,-,-,-,6825.1,31097,64562,35611477,2265.156
1790435828,s7-ss-tcp,764257,0,3314,3314,0.8,2.3,4.1,0.0,-,0,0,0.000
1790435828,s8-tuic,764600,0,3320,3320,0.7,1.8,3.6,0.0,-,0,0,0.000
1790435828,s9-anytls,675181,54,2938,2938,2.0,42.7,43.6,0.0,-,0,0,0.000
1790435828,s10-vless-xhttp,708687,0,3112,3112,1.3,32.5,33.2,0.0,-,0,0,0.000
1790435828,s11-http-proxy,755194,0,3263,3263,3.5,6.7,8.5,0.0,-,0,0,0.000
1790435828,s12-vmess-h3,750998,246,3263,3263,3.1,6.0,7.2,0.0,-,0,0,0.000
1790435828,__proc__,0,0,0,0,-,-,-,6837.3,31163,64720,35687156,2269.663
1790435858,s7-ss-tcp,765840,0,3324,3324,0.8,2.0,4.0,0.0,-,0,0,0.000
1790435858,s8-tuic,766181,0,3320,3320,0.7,1.7,3.6,0.0,-,0,0,0.000
1790435858,s9-anytls,676575,54,2927,2927,2.0,42.7,43.5,0.0,-,0,0,0.000
1790435858,s10-vless-xhttp,710139,0,3049,3049,1.2,32.4,33.1,0.0,-,0,0,0.000
1790435858,s11-http-proxy,756755,0,3278,3278,3.1,6.5,8.1,0.0,-,0,0,0.000
1790435858,s12-vmess-h3,752549,247,3257,3257,2.9,6.1,7.2,0.0,-,0,0,0.000
1790435858,__proc__,0,0,0,0,-,-,-,6817.3,31133,64640,35757486,2274.084
1790435888,s7-ss-tcp,767417,0,3312,3312,0.8,2.3,4.6,0.0,-,0,0,0.000
1790435888,s8-tuic,767760,0,3316,3316,0.7,2.0,4.2,0.0,-,0,0,0.000
1790435888,s9-anytls,677961,54,2911,2911,2.6,42.7,43.6,0.0,-,0,0,0.000
1790435888,s10-vless-xhttp,711601,0,3070,3070,1.2,32.5,33.3,0.0,-,0,0,0.000
1790435888,s11-http-proxy,758305,0,3255,3255,3.6,6.6,7.9,0.0,-,0,0,0.000
1790435888,s12-vmess-h3,754099,247,3255,3255,3.4,6.2,7.3,0.0,-,0,0,0.000
1790435888,__proc__,0,0,0,0,-,-,-,6809.2,31097,64568,35824609,2278.478
1790435918,s7-ss-tcp,769000,0,3324,3324,0.8,1.9,3.8,0.0,-,0,0,0.000
1790435918,s8-tuic,769342,0,3322,3322,0.7,1.8,3.6,0.0,-,0,0,0.000
1790435918,s9-anytls,679361,54,2940,2940,2.4,42.7,43.5,0.0,-,0,0,0.000
1790435918,s10-vless-xhttp,713069,0,3083,3083,1.2,32.5,33.2,0.0,-,0,0,0.000
1790435918,s11-http-proxy,759875,0,3297,3297,2.6,5.6,6.9,0.0,-,0,0,0.000
1790435918,s12-vmess-h3,755659,247,3276,3276,3.1,5.7,6.8,0.0,-,0,0,0.000
1790435918,__proc__,0,0,0,0,-,-,-,6826.6,31140,64797,35905446,2282.948
1790435948,s7-ss-tcp,770579,0,3316,3316,0.8,1.7,3.7,0.0,-,0,0,0.000
1790435948,s8-tuic,770923,0,3320,3320,0.7,1.6,3.3,0.0,-,0,0,0.000
1790435948,s9-anytls,680767,54,2953,2953,1.9,42.6,43.6,0.0,-,0,0,0.000
1790435948,s10-vless-xhttp,714541,0,3091,3091,1.2,32.4,33.0,0.0,-,0,0,0.000
1790435948,s11-http-proxy,761443,0,3293,3293,2.1,5.7,7.5,0.0,-,0,0,0.000
1790435948,s12-vmess-h3,757216,247,3270,3270,2.9,6.1,7.5,0.0,-,0,0,0.000
1790435948,__proc__,0,0,0,0,-,-,-,6844.7,31178,64753,35984339,2287.437
1790435978,s7-ss-tcp,772160,0,3320,3320,0.8,1.8,3.8,0.0,-,0,0,0.000
1790435978,s8-tuic,772504,0,3320,3320,0.7,1.6,3.3,0.0,-,0,0,0.000
1790435978,s9-anytls,682164,54,2934,2934,1.8,42.6,43.5,0.0,-,0,0,0.000
1790435978,s10-vless-xhttp,716009,0,3083,3083,1.2,32.4,32.9,0.0,-,0,0,0.000
1790435978,s11-http-proxy,762998,0,3266,3266,1.8,5.8,7.5,0.0,-,0,0,0.000
1790435978,s12-vmess-h3,758768,247,3259,3259,2.8,6.2,7.5,0.0,-,0,0,0.000
1790435978,__proc__,0,0,0,0,-,-,-,6834.0,31164,64718,36055680,2291.841
1790436008,s7-ss-tcp,773738,0,3314,3314,0.8,2.2,4.2,0.0,-,0,0,0.000
1790436008,s8-tuic,774083,0,3316,3316,0.7,1.9,4.0,0.0,-,0,0,0.000
1790436008,s9-anytls,683554,54,2919,2919,2.0,42.7,43.6,0.0,-,0,0,0.000
1790436008,s10-vless-xhttp,717484,0,3098,3098,1.3,32.5,33.1,0.0,-,0,0,0.000
1790436008,s11-http-proxy,764560,0,3280,3280,2.3,6.6,8.0,0.0,-,0,0,0.000
1790436008,s12-vmess-h3,760321,248,3261,3261,3.1,6.7,7.9,0.0,-,0,0,0.000
1790436008,__proc__,0,0,0,0,-,-,-,6839.8,31213,64793,36131014,2296.739
1790436038,s7-ss-tcp,775315,0,3312,3312,0.9,2.4,4.5,0.0,-,0,0,0.000
1790436038,s8-tuic,775662,0,3316,3316,0.8,2.1,4.4,0.0,-,0,0,0.000
1790436038,s9-anytls,684944,55,2919,2919,2.9,42.7,43.6,0.0,-,0,0,0.000
1790436038,s10-vless-xhttp,718960,0,3100,3100,1.3,32.5,33.2,0.0,-,0,0,0.000
1790436038,s11-http-proxy,766116,0,3268,3268,2.5,7.1,9.1,0.0,-,0,0,0.000
1790436038,s12-vmess-h3,761872,248,3257,3257,3.1,7.0,8.6,0.0,-,0,0,0.000
1790436038,__proc__,0,0,0,0,-,-,-,6855.2,31234,64780,36208307,2301.767
1790436068,s7-ss-tcp,776895,0,3318,3318,0.9,2.3,4.4,0.0,-,0,0,0.000
1790436068,s8-tuic,777242,0,3318,3318,0.8,2.1,4.4,0.0,-,0,0,0.000
1790436068,s9-anytls,686335,55,2921,2921,2.6,42.7,43.5,0.0,-,0,0,0.000
1790436068,s10-vless-xhttp,720417,0,3060,3060,1.5,32.4,33.1,0.0,-,0,0,0.000
1790436068,s11-http-proxy,767684,0,3293,3293,2.2,7.1,9.2,0.0,-,0,0,0.000
1790436068,s12-vmess-h3,763427,249,3266,3266,3.0,7.0,8.7,0.0,-,0,0,0.000
1790436068,__proc__,0,0,0,0,-,-,-,6831.4,31304,64962,36290942,2306.660
1790436098,s7-ss-tcp,778473,0,3314,3314,0.8,2.1,4.0,0.0,-,0,0,0.000
1790436098,s8-tuic,778822,0,3318,3318,0.7,1.9,3.5,0.0,-,0,0,0.000
1790436098,s9-anytls,687733,55,2936,2936,2.4,42.7,43.5,0.0,-,0,0,0.000
1790436098,s10-vless-xhttp,721874,0,3060,3060,1.5,32.5,33.2,0.0,-,0,0,0.000
1790436098,s11-http-proxy,769231,0,3249,3249,2.5,6.5,8.1,0.0,-,0,0,0.000
1790436098,s12-vmess-h3,764968,251,3236,3236,3.0,5.9,7.3,0.0,-,0,0,0.000
1790436098,__proc__,0,0,0,0,-,-,-,6831.3,31250,64692,36359802,2311.352
1790436128,s7-ss-tcp,780053,0,3318,3318,0.8,2.0,4.0,0.0,-,0,0,0.000
1790436128,s8-tuic,780403,0,3320,3320,0.7,1.8,3.5,0.0,-,0,0,0.000
1790436128,s9-anytls,689126,55,2925,2925,2.5,42.7,43.4,0.0,-,0,0,0.000
1790436128,s10-vless-xhttp,723340,0,3079,3079,1.4,32.5,33.2,0.0,-,0,0,0.000
1790436128,s11-http-proxy,770799,0,3293,3293,2.5,6.5,8.1,0.0,-,0,0,0.000
1790436128,s12-vmess-h3,766524,252,3268,3268,3.1,5.9,7.3,0.0,-,0,0,0.000
1790436128,__proc__,0,0,0,0,-,-,-,6816.5,31204,64811,36439265,2315.960
1790436158,s7-ss-tcp,781634,0,3320,3320,0.8,1.9,4.0,0.0,-,0,0,0.000
1790436158,s8-tuic,781983,0,3318,3318,0.7,1.7,3.5,0.0,-,0,0,0.000
1790436158,s9-anytls,690535,55,2959,2959,1.9,42.7,43.5,0.0,-,0,0,0.000
1790436158,s10-vless-xhttp,724813,0,3093,3093,1.3,32.4,33.2,0.0,-,0,0,0.000
1790436158,s11-http-proxy,772365,0,3289,3289,2.0,6.3,7.7,0.0,-,0,0,0.000
1790436158,s12-vmess-h3,768073,254,3253,3253,3.0,5.9,7.2,0.0,-,0,0,0.000
1790436158,__proc__,0,0,0,0,-,-,-,6833.1,31288,64850,36515603,2320.432
1790436188,s7-ss-tcp,783214,0,3318,3318,0.7,1.7,3.6,0.0,-,0,0,0.000
1790436188,s8-tuic,783565,0,3322,3322,0.7,1.6,3.4,0.0,-,0,0,0.000
1790436188,s9-anytls,691936,55,2942,2942,1.8,42.7,43.5,0.0,-,0,0,0.000
1790436188,s10-vless-xhttp,726288,0,3098,3098,1.2,32.4,33.1,0.0,-,0,0,0.000
1790436188,s11-http-proxy,773926,0,3278,3278,1.7,5.8,7.4,0.0,-,0,0,0.000
1790436188,s12-vmess-h3,769625,255,3259,3259,3.0,5.8,7.0,0.0,-,0,0,0.000
1790436188,__proc__,0,0,0,0,-,-,-,6822.5,31311,64971,36593822,2324.884
1790436218,s7-ss-tcp,784795,0,3320,3320,0.7,1.9,3.8,0.0,-,0,0,0.000
1790436218,s8-tuic,785145,0,3318,3318,0.7,1.8,3.8,0.0,-,0,0,0.000
1790436218,s9-anytls,693335,56,2938,2938,1.7,42.7,43.6,0.0,-,0,0,0.000
1790436218,s10-vless-xhttp,727757,0,3085,3085,1.1,32.4,33.2,0.0,-,0,0,0.000
1790436218,s11-http-proxy,775489,0,3282,3282,2.0,6.0,7.4,0.0,-,0,0,0.000
1790436218,s12-vmess-h3,771175,255,3255,3255,3.3,6.0,7.0,0.0,-,0,0,0.000
1790436218,__proc__,0,0,0,0,-,-,-,6858.3,31279,64899,36668413,2329.363
1790436248,s7-ss-tcp,786374,0,3316,3316,0.8,1.7,3.1,0.0,-,0,0,0.000
1790436248,s8-tuic,786727,0,3322,3322,0.7,1.6,3.0,0.0,-,0,0,0.000
1790436248,s9-anytls,694730,56,2930,2930,1.8,42.7,43.3,0.0,-,0,0,0.000
1790436248,s10-vless-xhttp,729228,0,3089,3089,1.2,32.4,33.0,0.0,-,0,0,0.000
1790436248,s11-http-proxy,777059,0,3297,3297,1.7,5.2,6.6,0.0,-,0,0,0.000
1790436248,s12-vmess-h3,772739,255,3284,3284,2.8,5.4,6.3,0.0,-,0,0,0.000
1790436248,__proc__,0,0,0,0,-,-,-,6850.1,31292,65010,36751657,2333.865
1790436278,s7-ss-tcp,787955,0,3320,3320,0.8,1.7,3.1,0.0,-,0,0,0.000
1790436278,s8-tuic,788309,0,3322,3322,0.7,1.6,2.8,0.0,-,0,0,0.000
1790436278,s9-anytls,696118,56,2915,2915,2.2,42.7,43.4,0.0,-,0,0,0.000
1790436278,s10-vless-xhttp,730702,0,3095,3095,1.2,32.4,33.0,0.0,-,0,0,0.000
1790436278,s11-http-proxy,778627,0,3293,3293,1.6,4.7,5.9,0.0,-,0,0,0.000
1790436278,s12-vmess-h3,774292,256,3261,3261,2.7,5.1,6.0,0.0,-,0,0,0.000
1790436278,__proc__,0,0,0,0,-,-,-,6856.7,31269,64909,36831199,2338.287
1790436308,s7-ss-tcp,789536,0,3320,3320,0.8,1.9,3.6,0.0,-,0,0,0.000
1790436308,s8-tuic,789887,0,3314,3314,0.7,1.6,3.2,0.0,-,0,0,0.000
1790436308,s9-anytls,697513,56,2930,2930,40.8,42.7,43.4,0.0,-,0,0,0.000
1790436308,s10-vless-xhttp,732169,0,3081,3081,1.2,32.4,33.1,0.0,-,0,0,0.000
1790436308,s11-http-proxy,780186,0,3274,3274,1.7,5.6,7.3,0.0,-,0,0,0.000
1790436308,s12-vmess-h3,775839,257,3249,3249,3.0,5.6,6.9,0.0,-,0,0,0.000
1790436308,__proc__,0,0,0,0,-,-,-,6856.1,31257,64821,36900027,2342.653
1790436338,s7-ss-tcp,791114,0,3314,3314,0.8,1.9,3.6,0.0,-,0,0,0.000
1790436338,s8-tuic,791469,0,3322,3322,0.7,1.7,3.4,0.0,-,0,0,0.000
1790436338,s9-anytls,698891,56,2894,2894,41.0,42.7,43.5,0.0,-,0,0,0.000
1790436338,s10-vless-xhttp,733631,0,3070,3070,1.2,32.4,33.2,0.0,-,0,0,0.000
1790436338,s11-http-proxy,781755,0,3295,3295,1.8,5.7,7.4,0.0,-,0,0,0.000
1790436338,s12-vmess-h3,777398,257,3274,3274,3.2,5.8,7.1,0.0,-,0,0,0.000
1790436338,__proc__,0,0,0,0,-,-,-,6886.5,31267,64922,36979480,2347.314
1790436368,s7-ss-tcp,792696,0,3322,3322,0.8,1.7,3.1,0.0,-,0,0,0.000
1790436368,s8-tuic,793050,0,3320,3320,0.7,1.6,2.9,0.0,-,0,0,0.000
1790436368,s9-anytls,700289,56,2936,2936,40.9,42.7,43.1,0.0,-,0,0,0.000
1790436368,s10-vless-xhttp,735118,0,3123,3123,1.3,32.4,33.0,0.0,-,0,0,0.000
1790436368,s11-http-proxy,783326,0,3299,3299,1.7,4.9,6.7,0.0,-,0,0,0.000
1790436368,s12-vmess-h3,778957,258,3274,3274,2.7,5.1,6.4,0.0,-,0,0,0.000
1790436368,__proc__,0,0,0,0,-,-,-,6905.7,31323,65016,37070314,2352.004
1790436398,s7-ss-tcp,794276,0,3318,3318,0.8,1.5,2.1,0.0,-,0,0,0.000
1790436398,s8-tuic,794631,0,3320,3320,0.7,1.4,2.0,0.0,-,0,0,0.000
1790436398,s9-anytls,701693,56,2948,2948,2.1,42.6,43.0,0.0,-,0,0,0.000
1790436398,s10-vless-xhttp,736589,0,3089,3089,1.3,32.3,32.8,0.0,-,0,0,0.000
1790436398,s11-http-proxy,784900,0,3305,3305,1.6,2.9,4.5,0.0,-,0,0,0.000
1790436398,s12-vmess-h3,780520,258,3282,3282,2.4,3.9,5.1,0.0,-,0,0,0.000
1790436398,__proc__,0,0,0,0,-,-,-,6915.6,31344,65136,37161144,2356.654
1790436428,s7-ss-tcp,795856,0,3318,3318,0.8,1.6,2.8,0.0,-,0,0,0.000
1790436428,s8-tuic,796212,0,3320,3320,0.7,1.5,2.8,0.0,-,0,0,0.000
1790436428,s9-anytls,703095,56,2944,2944,1.9,42.6,43.0,0.0,-,0,0,0.000
1790436428,s10-vless-xhttp,738044,0,3056,3056,1.3,32.4,33.0,0.0,-,0,0,0.000
1790436428,s11-http-proxy,786464,0,3284,3284,1.6,4.7,6.1,0.0,-,0,0,0.000
1790436428,s12-vmess-h3,782070,259,3255,3255,2.5,4.9,6.6,0.0,-,0,0,0.000
1790436428,__proc__,0,0,0,0,-,-,-,6907.1,31314,64916,37235303,2361.189
1790436458,s7-ss-tcp,797434,0,3314,3314,0.8,2.1,4.4,0.0,-,0,0,0.000
1790436458,s8-tuic,797791,0,3316,3316,0.7,1.9,4.2,0.0,-,0,0,0.000
1790436458,s9-anytls,704496,56,2942,2942,1.9,42.7,43.7,0.0,-,0,0,0.000
1790436458,s10-vless-xhttp,739494,0,3045,3045,1.4,32.5,33.3,0.0,-,0,0,0.000
1790436458,s11-http-proxy,788018,0,3263,3263,1.9,6.4,8.0,0.0,-,0,0,0.000
1790436458,s12-vmess-h3,783608,261,3230,3230,3.2,6.4,7.9,0.0,-,0,0,0.000
1790436458,__proc__,0,0,0,0,-,-,-,6887.1,31251,64659,37305388,2365.898
1790436488,s7-ss-tcp,799013,0,3316,3316,0.8,2.6,4.7,0.0,-,0,0,0.000
1790436488,s8-tuic,799371,0,3318,3318,0.7,2.3,4.3,0.0,-,0,0,0.000
1790436488,s9-anytls,705886,56,2919,2919,2.1,42.7,44.2,0.0,-,0,0,0.000
1790436488,s10-vless-xhttp,740958,0,3074,3074,1.5,32.6,33.5,0.0,-,0,0,0.000
1790436488,s11-http-proxy,789578,0,3276,3276,2.5,6.6,8.1,0.0,-,0,0,0.000
1790436488,s12-vmess-h3,785154,263,3247,3247,3.7,6.4,7.7,0.0,-,0,0,0.000
1790436488,__proc__,0,0,0,0,-,-,-,6875.6,31253,64742,37377394,2370.604
1790436518,s7-ss-tcp,800592,0,3316,3316,0.8,2.3,4.4,0.0,-,0,0,0.000
1790436518,s8-tuic,800951,0,3318,3318,0.8,2.2,4.3,0.0,-,0,0,0.000
1790436518,s9-anytls,707284,56,2936,2936,2.1,42.7,44.3,0.0,-,0,0,0.000
1790436518,s10-vless-xhttp,742407,0,3043,3043,1.5,32.6,33.5,0.0,-,0,0,0.000
1790436518,s11-http-proxy,791141,0,3282,3282,2.2,6.2,7.7,0.0,-,0,0,0.000
1790436518,s12-vmess-h3,786707,264,3261,3261,3.4,6.2,7.6,0.0,-,0,0,0.000
1790436518,__proc__,0,0,0,0,-,-,-,6869.8,31227,64787,37451483,2375.325
1790436548,s7-ss-tcp,802173,0,3320,3320,0.8,2.3,3.9,0.0,-,0,0,0.000
1790436548,s8-tuic,802529,0,3314,3314,0.8,2.0,3.6,0.0,-,0,0,0.000
1790436548,s9-anytls,708689,56,2950,2950,2.0,42.7,43.9,0.0,-,0,0,0.000
1790436548,s10-vless-xhttp,743870,0,3072,3072,1.4,32.6,33.3,0.0,-,0,0,0.000
1790436548,s11-http-proxy,792689,0,3251,3251,2.8,6.2,7.5,0.0,-,0,0,0.000
1790436548,s12-vmess-h3,788254,265,3249,3249,3.2,5.7,7.0,0.0,-,0,0,0.000
1790436548,__proc__,0,0,0,0,-,-,-,6807.3,31173,64702,37523092,2380.092
1790436578,s7-ss-tcp,803750,0,3312,3312,0.8,2.3,4.0,0.0,-,0,0,0.000
1790436578,s8-tuic,804111,0,3322,3322,0.8,2.1,3.9,0.0,-,0,0,0.000
1790436578,s9-anytls,710093,56,2948,2948,1.8,42.7,43.6,0.0,-,0,0,0.000
1790436578,s10-vless-xhttp,745344,0,3095,3095,1.5,32.6,33.2,0.0,-,0,0,0.000
1790436578,s11-http-proxy,794253,0,3284,3284,2.9,6.4,7.8,0.0,-,0,0,0.000
1790436578,s12-vmess-h3,789805,266,3257,3257,3.3,6.0,7.3,0.0,-,0,0,0.000
1790436578,__proc__,0,0,0,0,-,-,-,6800.9,31197,64730,37598420,2384.826
1790436608,s7-ss-tcp,805331,0,3320,3320,0.8,2.3,4.7,0.0,-,0,0,0.000
1790436608,s8-tuic,805690,0,3316,3316,0.8,2.2,4.4,0.0,-,0,0,0.000
1790436608,s9-anytls,711493,56,2940,2940,1.8,42.7,43.7,0.0,-,0,0,0.000
1790436608,s10-vless-xhttp,746808,0,3074,3074,1.3,32.5,33.2,0.0,-,0,0,0.000
1790436608,s11-http-proxy,795803,0,3255,3255,3.3,6.9,8.9,0.0,-,0,0,0.000
1790436608,s12-vmess-h3,791351,266,3247,3247,3.4,7.0,9.0,0.0,-,0,0,0.000
1790436608,__proc__,0,0,0,0,-,-,-,6804.9,31166,64618,37667820,2389.379
1790436638,s7-ss-tcp,806910,0,3316,3316,0.8,2.2,3.9,0.0,-,0,0,0.000
1790436638,s8-tuic,807270,0,3318,3318,0.7,2.1,4.0,0.0,-,0,0,0.000
1790436638,s9-anytls,712891,56,2936,2936,1.9,42.7,43.6,0.0,-,0,0,0.000
1790436638,s10-vless-xhttp,748276,0,3083,3083,1.4,32.5,33.2,0.0,-,0,0,0.000
1790436638,s11-http-proxy,797362,0,3274,3274,3.2,6.9,8.8,0.0,-,0,0,0.000
1790436638,s12-vmess-h3,792907,266,3268,3268,3.4,6.9,9.0,0.0,-,0,0,0.000
1790436638,__proc__,0,0,0,0,-,-,-,6791.8,31207,64797,37742778,2394.154
1790436668,s7-ss-tcp,808491,0,3320,3320,0.8,1.8,3.6,0.0,-,0,0,0.000
1790436668,s8-tuic,808849,0,3316,3316,0.8,1.8,3.7,0.0,-,0,0,0.000
1790436668,s9-anytls,714294,56,2946,2946,2.0,42.7,43.3,0.0,-,0,0,0.000
1790436668,s10-vless-xhttp,749741,0,3076,3076,1.4,32.4,33.0,0.0,-,0,0,0.000
1790436668,s11-http-proxy,798931,0,3295,3295,2.4,6.7,8.7,0.0,-,0,0,0.000
1790436668,s12-vmess-h3,794469,266,3280,3280,2.8,6.6,8.9,0.0,-,0,0,0.000
1790436668,__proc__,0,0,0,0,-,-,-,6801.1,31149,64781,37831985,2399.011
1790436698,s7-ss-tcp,810070,0,3316,3316,0.8,1.6,2.3,0.0,-,0,0,0.000
1790436698,s8-tuic,810433,0,3326,3326,0.8,1.6,2.2,0.0,-,0,0,0.000
1790436698,s9-anytls,715691,56,2934,2934,2.0,42.7,43.0,0.0,-,0,0,0.000
1790436698,s10-vless-xhttp,751208,0,3081,3081,1.4,32.3,32.8,0.0,-,0,0,0.000
1790436698,s11-http-proxy,800503,0,3301,3301,1.7,4.0,5.5,0.0,-,0,0,0.000
1790436698,s12-vmess-h3,796036,266,3291,3291,2.3,4.0,5.2,0.0,-,0,0,0.000
1790436698,__proc__,0,0,0,0,-,-,-,6821.1,31146,64825,37924576,2403.649
1790436728,s7-ss-tcp,811652,0,3322,3322,0.8,1.4,1.9,0.0,-,0,0,0.000
1790436728,s8-tuic,812014,0,3320,3320,0.7,1.5,1.9,0.0,-,0,0,0.000
1790436728,s9-anytls,717098,56,2955,2955,1.9,42.6,42.9,0.0,-,0,0,0.000
1790436728,s10-vless-xhttp,752687,0,3106,3106,1.3,32.3,32.7,0.0,-,0,0,0.000
1790436728,s11-http-proxy,802076,0,3303,3303,1.6,3.6,5.4,0.0,-,0,0,0.000
1790436728,s12-vmess-h3,797598,266,3280,3280,2.3,3.9,5.8,0.0,-,0,0,0.000
1790436728,__proc__,0,0,0,0,-,-,-,6819.1,31231,64911,38011297,2408.144
1790436758,s7-ss-tcp,813233,0,3320,3320,0.7,1.5,3.0,0.0,-,0,0,0.000
1790436758,s8-tuic,813593,0,3316,3316,0.7,1.5,3.0,0.0,-,0,0,0.000
1790436758,s9-anytls,718512,56,2969,2969,1.7,42.7,43.4,0.0,-,0,0,0.000
1790436758,s10-vless-xhttp,754139,0,3049,3049,1.3,32.4,32.9,0.0,-,0,0,0.000
1790436758,s11-http-proxy,803636,0,3276,3276,1.6,5.1,6.6,0.0,-,0,0,0.000
1790436758,s12-vmess-h3,799148,266,3255,3255,2.6,5.3,6.7,0.0,-,0,0,0.000
1790436758,__proc__,0,0,0,0,-,-,-,6841.6,31205,64793,38085122,2412.646
1790436788,s7-ss-tcp,814810,0,3312,3312,0.8,2.2,4.0,0.0,-,0,0,0.000
1790436788,s8-tuic,815171,0,3314,3314,0.7,2.0,3.9,0.0,-,0,0,0.000
1790436788,s9-anytls,719895,57,2904,2904,1.8,42.7,43.7,0.0,-,0,0,0.000
1790436788,s10-vless-xhttp,755596,0,3060,3060,1.3,32.5,33.3,0.0,-,0,0,0.000
1790436788,s11-http-proxy,805183,0,3249,3249,3.2,6.2,7.9,0.0,-,0,0,0.000
1790436788,s12-vmess-h3,800696,266,3251,3251,3.5,6.1,7.6,0.0,-,0,0,0.000
1790436788,__proc__,0,0,0,0,-,-,-,6842.3,31164,64638,38151506,2417.308
1790436818,s7-ss-tcp,816389,0,3316,3316,0.8,2.5,4.3,0.0,-,0,0,0.000
1790436818,s8-tuic,816753,0,3322,3322,0.7,2.3,4.2,0.0,-,0,0,0.000
1790436818,s9-anytls,721294,57,2938,2938,1.9,42.7,43.7,0.0,-,0,0,0.000
1790436818,s10-vless-xhttp,757049,0,3051,3051,1.4,32.6,33.5,0.0,-,0,0,0.000
1790436818,s11-http-proxy,806731,0,3251,3251,3.9,6.8,8.5,0.0,-,0,0,0.000
1790436818,s12-vmess-h3,802248,266,3259,3259,3.7,6.5,7.7,0.0,-,0,0,0.000
1790436818,__proc__,0,0,0,0,-,-,-,6849.7,31206,64751,38221000,2421.953
1790436848,s7-ss-tcp,817970,0,3320,3320,0.8,2.2,4.0,0.0,-,0,0,0.000
1790436848,s8-tuic,818333,0,3318,3318,0.7,2.0,3.9,0.0,-,0,0,0.000
1790436848,s9-anytls,722692,57,2936,2936,2.2,42.7,43.5,0.0,-,0,0,0.000
1790436848,s10-vless-xhttp,758513,0,3074,3074,1.4,32.6,33.3,0.0,-,0,0,0.000
1790436848,s11-http-proxy,808302,0,3299,3299,3.0,6.3,7.7,0.0,-,0,0,0.000
1790436848,s12-vmess-h3,803807,266,3274,3274,3.2,6.0,7.0,0.0,-,0,0,0.000
1790436848,__proc__,0,0,0,0,-,-,-,6858.0,31201,64859,38302277,2426.642
1790436878,s7-ss-tcp,819549,0,3316,3316,0.8,1.9,3.4,0.0,-,0,0,0.000
1790436878,s8-tuic,819914,0,3320,3320,0.7,1.7,3.5,0.0,-,0,0,0.000
1790436878,s9-anytls,724089,57,2934,2934,1.9,42.7,43.3,0.0,-,0,0,0.000
1790436878,s10-vless-xhttp,759970,0,3060,3060,1.4,32.5,33.2,0.0,-,0,0,0.000
1790436878,s11-http-proxy,809866,0,3284,3284,1.9,6.2,7.7,0.0,-,0,0,0.000
1790436878,s12-vmess-h3,805366,266,3274,3274,2.8,5.7,7.0,0.0,-,0,0,0.000
1790436878,__proc__,0,0,0,0,-,-,-,6846.0,31162,64785,38382468,2431.131
1790436908,s7-ss-tcp,821130,0,3320,3320,0.8,1.9,3.4,0.0,-,0,0,0.000
1790436908,s8-tuic,821494,0,3318,3318,0.7,1.7,3.2,0.0,-,0,0,0.000
1790436908,s9-anytls,725477,57,2915,2915,2.1,42.7,43.5,0.0,-,0,0,0.000
1790436908,s10-vless-xhttp,761437,0,3081,3081,1.3,32.5,33.1,0.0,-,0,0,0.000
1790436908,s11-http-proxy,811420,0,3263,3263,1.9,6.0,7.6,0.0,-,0,0,0.000
1790436908,s12-vmess-h3,806918,266,3259,3259,2.7,5.5,6.8,0.0,-,0,0,0.000
1790436908,__proc__,0,0,0,0,-,-,-,6834.6,31177,64753,38458265,2435.919
1790436938,s7-ss-tcp,822706,0,3310,3310,0.9,2.2,3.5,0.0,-,0,0,0.000
1790436938,s8-tuic,823074,0,3318,3318,0.8,2.0,3.2,0.0,-,0,0,0.000
1790436938,s9-anytls,726886,57,2959,2959,2.1,42.7,43.4,0.0,-,0,0,0.000
1790436938,s10-vless-xhttp,762903,0,3079,3079,1.4,32.5,33.2,0.0,-,0,0,0.000
1790436938,s11-http-proxy,812986,0,3289,3289,2.1,5.8,7.0,0.0,-,0,0,0.000
1790436938,s12-vmess-h3,808471,267,3261,3261,2.8,5.3,6.4,0.0,-,0,0,0.000
1790436938,__proc__,0,0,0,0,-,-,-,6856.6,31159,64704,38538900,2441.116
1790436968,s7-ss-tcp,824284,0,3314,3314,0.9,2.4,4.0,0.0,-,0,0,0.000
1790436968,s8-tuic,824651,0,3312,3312,0.9,2.3,3.8,0.0,-,0,0,0.000
1790436968,s9-anytls,728278,57,2923,2923,2.5,42.7,43.6,0.0,-,0,0,0.000
1790436968,s10-vless-xhttp,764367,0,3074,3074,1.7,32.6,33.4,0.0,-,0,0,0.000
1790436968,s11-http-proxy,814545,0,3274,3274,2.4,6.5,8.2,0.0,-,0,0,0.000
1790436968,s12-vmess-h3,810023,267,3259,3259,3.1,5.8,7.9,0.0,-,0,0,0.000
1790436968,__proc__,0,0,0,0,-,-,-,6862.0,31157,64709,38618293,2446.544
1790436998,s7-ss-tcp,825862,0,3314,3314,1.0,2.6,4.3,0.0,-,0,0,0.000
1790436998,s8-tuic,826230,0,3316,3316,0.9,2.4,4.3,0.0,-,0,0,0.000
1790436998,s9-anytls,729680,57,2944,2944,2.4,42.7,43.6,0.0,-,0,0,0.000
1790436998,s10-vless-xhttp,765838,0,3089,3089,1.8,32.6,33.4,0.0,-,0,0,0.000
1790436998,s11-http-proxy,816102,0,3270,3270,2.6,6.7,8.6,0.0,-,0,0,0.000
1790436998,s12-vmess-h3,811572,267,3253,3253,3.4,6.1,8.0,0.0,-,0,0,0.000
1790436998,__proc__,0,0,0,0,-,-,-,6861.3,31176,64690,38691507,2451.686
1790437028,s7-ss-tcp,827439,0,3312,3312,0.9,2.6,4.3,0.0,-,0,0,0.000
1790437028,s8-tuic,827807,0,3312,3312,0.9,2.5,4.4,0.0,-,0,0,0.000
1790437028,s9-anytls,731062,57,2902,2902,3.0,42.7,43.7,0.0,-,0,0,0.000
1790437028,s10-vless-xhttp,767303,0,3076,3076,1.7,32.6,33.4,0.0,-,0,0,0.000
1790437028,s11-http-proxy,817659,0,3270,3270,2.7,6.6,8.2,0.0,-,0,0,0.000
1790437028,s12-vmess-h3,813122,267,3255,3255,3.5,6.1,7.6,0.0,-,0,0,0.000
1790437028,__proc__,0,0,0,0,-,-,-,6857.0,31138,64628,38763718,2456.743
1790437058,s7-ss-tcp,829015,0,3310,3310,0.9,2.8,4.7,0.0,-,0,0,0.000
1790437058,s8-tuic,829386,0,3316,3316,0.9,2.7,4.8,0.0,-,0,0,0.000
1790437058,s9-anytls,732456,57,2927,2927,2.8,42.8,43.9,0.0,-,0,0,0.000
1790437058,s10-vless-xhttp,768754,0,3047,3047,1.7,32.7,33.5,0.0,-,0,0,0.000
1790437058,s11-http-proxy,819206,0,3249,3249,3.5,7.1,8.6,0.0,-,0,0,0.000
1790437058,s12-vmess-h3,814667,267,3244,3244,3.8,6.8,8.3,0.0,-,0,0,0.000
1790437058,__proc__,0,0,0,0,-,-,-,6844.2,31134,64564,38833723,2461.834
1790437088,s7-ss-tcp,830594,0,3316,3316,0.9,2.7,4.6,0.0,-,0,0,0.000
1790437088,s8-tuic,830964,0,3314,3314,0.8,2.6,4.4,0.0,-,0,0,0.000
1790437088,s9-anytls,733859,57,2946,2946,2.4,42.8,43.7,0.0,-,0,0,0.000
1790437088,s10-vless-xhttp,770213,0,3064,3064,1.6,32.7,33.5,0.0,-,0,0,0.000
1790437088,s11-http-proxy,820760,0,3263,3263,3.7,7.0,8.4,0.0,-,0,0,0.000
1790437088,s12-vmess-h3,816219,267,3259,3259,3.8,6.7,7.9,0.0,-,0,0,0.000
1790437088,__proc__,0,0,0,0,-,-,-,6832.7,31183,64738,38901778,2466.597
1790437118,s7-ss-tcp,832174,0,3318,3318,0.9,2.8,4.7,0.0,-,0,0,0.000
1790437118,s8-tuic,832544,0,3318,3318,0.8,2.5,4.4,0.0,-,0,0,0.000
1790437118,s9-anytls,735246,57,2913,2913,2.4,42.7,43.9,0.0,-,0,0,0.000
1790437118,s10-vless-xhttp,771676,0,3072,3072,1.5,32.7,33.7,0.0,-,0,0,0.000
1790437118,s11-http-proxy,822307,0,3249,3249,4.4,7.4,8.9,0.0,-,0,0,0.000
1790437118,s12-vmess-h3,817761,268,3238,3238,3.8,7.0,8.3,0.0,-,0,0,0.000
1790437118,__proc__,0,0,0,0,-,-,-,6818.4,31149,64609,38967242,2471.236
1790437148,s7-ss-tcp,833753,0,3316,3316,0.8,2.2,4.0,0.0,-,0,0,0.000
1790437148,s8-tuic,834124,0,3318,3318,0.8,2.1,4.0,0.0,-,0,0,0.000
1790437148,s9-anytls,736637,57,2921,2921,2.2,42.7,43.6,0.0,-,0,0,0.000
1790437148,s10-vless-xhttp,773147,0,3089,3089,1.3,32.6,33.3,0.0,-,0,0,0.000
1790437148,s11-http-proxy,823876,0,3295,3295,3.0,6.9,8.4,0.0,-,0,0,0.000
1790437148,s12-vmess-h3,819314,271,3261,3261,3.2,6.6,8.2,0.0,-,0,0,0.000
1790437148,__proc__,0,0,0,0,-,-,-,6806.9,31215,64768,39047979,2475.828
1790437178,s7-ss-tcp,835334,0,3320,3320,0.8,1.9,3.7,0.0,-,0,0,0.000
1790437178,s8-tuic,835704,0,3318,3318,0.7,1.8,3.5,0.0,-,0,0,0.000
1790437178,s9-anytls,738031,57,2927,2927,40.9,42.7,43.6,0.0,-,0,0,0.000
1790437178,s10-vless-xhttp,774619,0,3091,3091,1.3,32.5,33.2,0.0,-,0,0,0.000
1790437178,s11-http-proxy,825440,0,3284,3284,2.0,6.3,8.1,0.0,-,0,0,0.000
1790437178,s12-vmess-h3,820866,271,3259,3259,2.9,6.2,8.2,0.0,-,0,0,0.000
1790437178,__proc__,0,0,0,0,-,-,-,6803.2,31197,64788,39121759,2480.236
1790437208,s7-ss-tcp,836914,0,3318,3318,0.7,1.7,4.2,0.0,-,0,0,0.000
1790437208,s8-tuic,837287,0,3324,3324,0.7,1.7,3.7,0.0,-,0,0,0.000
1790437208,s9-anytls,739434,57,2946,2946,1.9,42.7,43.6,0.0,-,0,0,0.000
1790437208,s10-vless-xhttp,776084,0,3076,3076,1.2,32.4,33.1,0.0,-,0,0,0.000
1790437208,s11-http-proxy,826994,0,3263,3263,1.9,6.1,7.9,0.0,-,0,0,0.000
1790437208,s12-vmess-h3,822413,272,3249,3249,3.0,6.6,8.7,0.0,-,0,0,0.000
1790437208,__proc__,0,0,0,0,-,-,-,6813.0,31200,64700,39193499,2484.623
1790437238,s7-ss-tcp,838494,0,3318,3318,0.8,1.8,4.3,0.0,-,0,0,0.000
1790437238,s8-tuic,838866,0,3316,3316,0.7,1.8,3.8,0.0,-,0,0,0.000
1790437238,s9-anytls,740838,57,2948,2948,1.8,42.7,43.7,0.0,-,0,0,0.000
1790437238,s10-vless-xhttp,777551,0,3081,3081,1.2,32.4,33.2,0.0,-,0,0,0.000
1790437238,s11-http-proxy,828562,0,3293,3293,2.0,6.2,7.9,0.0,-,0,0,0.000
1790437238,s12-vmess-h3,823974,272,3278,3278,3.0,6.7,8.7,0.0,-,0,0,0.000
1790437238,__proc__,0,0,0,0,-,-,-,6810.6,31233,64896,39272998,2489.086
1790437268,s7-ss-tcp,840074,0,3318,3318,0.8,1.7,3.6,0.0,-,0,0,0.000
1790437268,s8-tuic,840448,0,3322,3322,0.7,1.6,3.3,0.0,-,0,0,0.000
1790437268,s9-anytls,742239,57,2942,2942,1.8,42.7,43.5,0.0,-,0,0,0.000
1790437268,s10-vless-xhttp,779018,0,3081,3081,1.3,32.4,33.0,0.0,-,0,0,0.000
1790437268,s11-http-proxy,830129,0,3291,3291,1.7,5.7,7.8,0.0,-,0,0,0.000
1790437268,s12-vmess-h3,825523,274,3253,3253,2.8,6.0,8.7,0.0,-,0,0,0.000
1790437268,__proc__,0,0,0,0,-,-,-,6840.4,31218,64800,39355136,2493.782
1790437298,s7-ss-tcp,841653,0,3316,3316,0.8,1.8,3.5,0.0,-,0,0,0.000
1790437298,s8-tuic,842029,0,3320,3320,0.7,1.7,3.1,0.0,-,0,0,0.000
1790437298,s9-anytls,743634,57,2930,2930,1.9,42.7,43.4,0.0,-,0,0,0.000
1790437298,s10-vless-xhttp,780476,0,3062,3062,1.4,32.4,33.0,0.0,-,0,0,0.000
1790437298,s11-http-proxy,831684,0,3266,3266,1.9,5.9,7.4,0.0,-,0,0,0.000
1790437298,s12-vmess-h3,827074,275,3257,3257,2.8,5.5,6.9,0.0,-,0,0,0.000
1790437298,__proc__,0,0,0,0,-,-,-,6861.2,31162,64659,39429585,2498.385
1790437328,s7-ss-tcp,843233,0,3318,3318,0.8,1.7,3.4,0.0,-,0,0,0.000
1790437328,s8-tuic,843608,0,3316,3316,0.7,1.6,2.9,0.0,-,0,0,0.000
1790437328,s9-anytls,745026,57,2923,2923,2.1,42.7,43.4,0.0,-,0,0,0.000
1790437328,s10-vless-xhttp,781941,0,3076,3076,1.4,32.5,33.0,0.0,-,0,0,0.000
1790437328,s11-http-proxy,833253,0,3295,3295,1.8,5.9,7.4,0.0,-,0,0,0.000
1790437328,s12-vmess-h3,828631,276,3270,3270,2.8,5.5,6.9,0.0,-,0,0,0.000
1790437328,__proc__,0,0,0,0,-,-,-,6855.7,31219,64842,39510185,2502.900
1790437358,s7-ss-tcp,844813,0,3318,3318,0.7,1.8,3.8,0.0,-,0,0,0.000
1790437358,s8-tuic,845190,0,3322,3322,0.7,1.7,3.5,0.0,-,0,0,0.000
1790437358,s9-anytls,746428,57,2944,2944,2.0,42.7,43.5,0.0,-,0,0,0.000
1790437358,s10-vless-xhttp,783404,0,3072,3072,1.3,32.5,33.1,0.0,-,0,0,0.000
1790437358,s11-http-proxy,834812,0,3274,3274,2.3,6.1,7.9,0.0,-,0,0,0.000
1790437358,s12-vmess-h3,830185,276,3263,3263,3.0,5.8,7.1,0.0,-,0,0,0.000
1790437358,__proc__,0,0,0,0,-,-,-,6802.2,31231,64812,39581671,2507.349
1790437388,s7-ss-tcp,846395,0,3322,3322,0.7,1.7,3.4,0.0,-,0,0,0.000
1790437388,s8-tuic,846769,0,3316,3316,0.7,1.6,3.6,0.0,-,0,0,0.000
1790437388,s9-anytls,747820,57,2923,2923,2.0,42.7,43.4,0.0,-,0,0,0.000
1790437388,s10-vless-xhttp,784867,0,3072,3072,1.3,32.5,33.2,0.0,-,0,0,0.000
1790437388,s11-http-proxy,836373,0,3278,3278,2.5,6.2,7.7,0.0,-,0,0,0.000
1790437388,s12-vmess-h3,831737,277,3259,3259,3.1,5.7,6.9,0.0,-,0,0,0.000
1790437388,__proc__,0,0,0,0,-,-,-,6813.2,31233,64805,39656827,2511.693
1790437418,s7-ss-tcp,847974,0,3316,3316,0.7,1.7,3.2,0.0,-,0,0,0.000
1790437418,s8-tuic,848346,0,3312,3312,0.7,1.9,3.4,0.0,-,0,0,0.000
1790437418,s9-anytls,749230,57,2961,2961,1.7,42.6,43.4,0.0,-,0,0,0.000
1790437418,s10-vless-xhttp,786312,0,3034,3034,1.3,32.5,33.1,0.0,-,0,0,0.000
1790437418,s11-http-proxy,837941,0,3293,3293,2.1,6.1,7.7,0.0,-,0,0,0.000
1790437418,s12-vmess-h3,833286,280,3253,3253,3.0,5.5,6.9,0.0,-,0,0,0.000
1790437418,__proc__,0,0,0,0,-,-,-,6798.3,31193,64689,39730110,2516.052
1790437448,s7-ss-tcp,849550,0,3310,3310,0.8,2.0,4.6,0.0,-,0,0,0.000
1790437448,s8-tuic,849929,0,3324,3324,0.8,2.0,4.6,0.0,-,0,0,0.000
1790437448,s9-anytls,750604,57,2885,2885,2.9,42.7,43.6,0.0,-,0,0,0.000
1790437448,s10-vless-xhttp,787760,0,3041,3041,1.3,32.5,33.4,0.0,-,0,0,0.000
1790437448,s11-http-proxy,839486,0,3244,3244,1.9,6.7,7.9,0.0,-,0,0,0.000
1790437448,s12-vmess-h3,834832,280,3247,3247,3.0,6.4,7.7,0.0,-,0,0,0.000
1790437448,__proc__,0,0,0,0,-,-,-,6812.6,31115,64525,39795938,2520.344
1790437478,s7-ss-tcp,851134,0,3326,3326,0.8,2.2,4.7,0.0,-,0,0,0.000
1790437478,s8-tuic,851508,0,3316,3316,0.8,2.1,4.7,0.0,-,0,0,0.000
1790437478,s9-anytls,752007,57,2946,2946,1.9,42.7,43.6,0.0,-,0,0,0.000
1790437478,s10-vless-xhttp,789216,0,3058,3058,1.3,32.5,33.3,0.0,-,0,0,0.000
1790437478,s11-http-proxy,841054,0,3293,3293,2.2,6.9,8.1,0.0,-,0,0,0.000
1790437478,s12-vmess-h3,836384,282,3259,3259,3.1,6.5,7.8,0.0,-,0,0,0.000
1790437478,__proc__,0,0,0,0,-,-,-,6811.9,31116,64639,39872350,2524.751
1790437508,s7-ss-tcp,852712,0,3314,3314,0.8,2.1,4.4,0.0,-,0,0,0.000
1790437508,s8-tuic,853089,0,3320,3320,0.7,1.9,4.1,0.0,-,0,0,0.000
1790437508,s9-anytls,753403,57,2932,2932,40.8,42.7,43.7,0.0,-,0,0,0.000
1790437508,s10-vless-xhttp,790670,0,3053,3053,1.3,32.5,33.5,0.0,-,0,0,0.000
1790437508,s11-http-proxy,842617,0,3282,3282,2.3,6.8,8.0,0.0,-,0,0,0.000
1790437508,s12-vmess-h3,837934,282,3255,3255,3.4,6.4,7.6,0.0,-,0,0,0.000
1790437508,__proc__,0,0,0,0,-,-,-,6819.8,31094,64612,39945428,2529.244
1790437538,s7-ss-tcp,854292,0,3318,3318,0.8,2.1,4.3,0.0,-,0,0,0.000
1790437538,s8-tuic,854666,0,3312,3312,0.7,2.0,3.5,0.0,-,0,0,0.000
1790437538,s9-anytls,754800,57,2934,2934,1.9,42.7,43.6,0.0,-,0,0,0.000
1790437538,s10-vless-xhttp,792136,0,3079,3079,1.3,32.6,33.3,0.0,-,0,0,0.000
1790437538,s11-http-proxy,844165,0,3251,3251,2.7,6.3,8.0,0.0,-,0,0,0.000
1790437538,s12-vmess-h3,839484,282,3255,3255,3.4,5.7,7.4,0.0,-,0,0,0.000
1790437538,__proc__,0,0,0,0,-,-,-,6819.3,31089,64550,40012177,2533.765
1790437568,s7-ss-tcp,855871,0,3316,3316,0.8,2.3,4.4,0.0,-,0,0,0.000
1790437568,s8-tuic,856250,0,3326,3326,0.7,2.1,3.5,0.0,-,0,0,0.000
1790437568,s9-anytls,756191,57,2921,2921,2.1,42.7,43.6,0.0,-,0,0,0.000
1790437568,s10-vless-xhttp,793599,0,3072,3072,1.4,32.5,33.3,0.0,-,0,0,0.000
1790437568,s11-http-proxy,845733,0,3293,3293,2.9,6.3,8.0,0.0,-,0,0,0.000
1790437568,s12-vmess-h3,841045,282,3278,3278,3.3,5.8,7.7,0.0,-,0,0,0.000
1790437568,__proc__,0,0,0,0,-,-,-,6810.2,31101,64682,40089202,2538.515
1790437598,s7-ss-tcp,857452,0,3320,3320,0.8,2.0,3.7,0.0,-,0,0,0.000
1790437598,s8-tuic,857829,0,3316,3316,0.8,1.9,3.3,0.0,-,0,0,0.000
1790437598,s9-anytls,757583,57,2923,2923,2.4,42.7,43.5,0.0,-,0,0,0.000
1790437598,s10-vless-xhttp,795063,0,3074,3074,1.5,32.5,33.1,0.0,-,0,0,0.000
1790437598,s11-http-proxy,847300,0,3291,3291,2.2,5.8,7.8,0.0,-,0,0,0.000
1790437598,s12-vmess-h3,842591,285,3247,3247,3.0,5.4,7.5,0.0,-,0,0,0.000
1790437598,__proc__,0,0,0,0,-,-,-,6823.3,31095,64585,40167181,2543.112
1790437628,s7-ss-tcp,859032,0,3318,3318,0.8,1.8,3.2,0.0,-,0,0,0.000
1790437628,s8-tuic,859410,0,3320,3320,0.7,1.7,3.2,0.0,-,0,0,0.000
1790437628,s9-anytls,758983,57,2940,2940,2.2,42.7,43.5,0.0,-,0,0,0.000
1790437628,s10-vless-xhttp,796524,0,3068,3068,1.5,32.4,33.1,0.0,-,0,0,0.000
1790437628,s11-http-proxy,848860,0,3276,3276,1.8,6.0,7.8,0.0,-,0,0,0.000
1790437628,s12-vmess-h3,844146,285,3266,3266,2.9,5.6,7.9,0.0,-,0,0,0.000
1790437628,__proc__,0,0,0,0,-,-,-,6805.1,31091,64621,40243896,2547.690
1790437658,s7-ss-tcp,860612,0,3318,3318,0.8,1.8,3.9,0.0,-,0,0,0.000
1790437658,s8-tuic,860991,0,3320,3320,0.7,1.8,3.8,0.0,-,0,0,0.000
1790437658,s9-anytls,760374,57,2921,2921,2.2,42.7,43.6,0.0,-,0,0,0.000
1790437658,s10-vless-xhttp,797986,0,3070,3070,1.3,32.5,33.2,0.0,-,0,0,0.000
1790437658,s11-http-proxy,850426,0,3289,3289,1.8,6.3,8.0,0.0,-,0,0,0.000
1790437658,s12-vmess-h3,845698,285,3259,3259,3.1,6.3,7.9,0.0,-,0,0,0.000
1790437658,__proc__,0,0,0,0,-,-,-,6816.7,31099,64593,40318106,2552.145
1790437688,s7-ss-tcp,862192,0,3318,3318,0.8,2.0,4.2,0.0,-,0,0,0.000
1790437688,s8-tuic,862571,0,3318,3318,0.7,1.9,4.0,0.0,-,0,0,0.000
1790437688,s9-anytls,761788,57,2969,2969,1.8,42.7,43.6,0.0,-,0,0,0.000
1790437688,s10-vless-xhttp,799450,0,3074,3074,1.3,32.5,33.2,0.0,-,0,0,0.000
1790437688,s11-http-proxy,851987,0,3278,3278,2.1,6.6,8.2,0.0,-,0,0,0.000
1790437688,s12-vmess-h3,847254,285,3268,3268,3.4,6.5,8.0,0.0,-,0,0,0.000
1790437688,__proc__,0,0,0,0,-,-,-,6820.2,31082,64697,40392608,2556.708
1790437718,s7-ss-tcp,863771,0,3316,3316,0.8,2.0,4.0,0.0,-,0,0,0.000
1790437718,s8-tuic,864151,0,3318,3318,0.7,1.9,3.6,0.0,-,0,0,0.000
1790437718,s9-anytls,763189,57,2942,2942,1.8,42.7,43.7,0.0,-,0,0,0.000
1790437718,s10-vless-xhttp,800910,0,3066,3066,1.3,32.5,33.3,0.0,-,0,0,0.000
1790437718,s11-http-proxy,853552,0,3286,3286,1.9,5.8,7.3,0.0,-,0,0,0.000
1790437718,s12-vmess-h3,848808,285,3263,3263,3.2,5.9,7.3,0.0,-,0,0,0.000
1790437718,__proc__,0,0,0,0,-,-,-,6821.2,31123,64705,40469740,2561.573
1790437748,s7-ss-tcp,865349,0,3314,3314,0.9,2.2,3.9,0.0,-,0,0,0.000
1790437748,s8-tuic,865730,0,3316,3316,0.8,2.1,3.8,0.0,-,0,0,0.000
1790437748,s9-anytls,764577,57,2915,2915,2.0,42.7,43.6,0.0,-,0,0,0.000
1790437748,s10-vless-xhttp,802383,0,3093,3093,1.4,32.6,33.2,0.0,-,0,0,0.000
1790437748,s11-http-proxy,855108,0,3268,3268,2.2,5.9,7.2,0.0,-,0,0,0.000
1790437748,s12-vmess-h3,850358,285,3255,3255,3.2,6.1,7.4,0.0,-,0,0,0.000
1790437748,__proc__,0,0,0,0,-,-,-,6833.8,31170,64694,40541916,2566.555
1790437778,s7-ss-tcp,866926,0,3312,3312,0.9,2.4,4.5,0.0,-,0,0,0.000
1790437778,s8-tuic,867309,0,3316,3316,0.8,2.3,4.1,0.0,-,0,0,0.000
1790437778,s9-anytls,765971,57,2927,2927,2.4,42.7,43.7,0.0,-,0,0,0.000
1790437778,s10-vless-xhttp,803844,0,3068,3068,1.5,32.7,33.4,0.0,-,0,0,0.000
1790437778,s11-http-proxy,856663,0,3266,3266,3.0,6.5,8.0,0.0,-,0,0,0.000
1790437778,s12-vmess-h3,851908,285,3255,3255,3.4,6.3,7.5,0.0,-,0,0,0.000
1790437778,__proc__,0,0,0,0,-,-,-,6848.2,31162,64711,40613878,2571.525
1790437808,s7-ss-tcp,868506,0,3318,3318,0.9,2.6,4.6,0.0,-,0,0,0.000
1790437808,s8-tuic,868887,0,3314,3314,0.8,2.4,4.3,0.0,-,0,0,0.000
1790437808,s9-anytls,767374,57,2946,2946,2.5,42.7,43.7,0.0,-,0,0,0.000
1790437808,s10-vless-xhttp,805302,0,3062,3062,1.5,32.8,33.6,0.0,-,0,0,0.000
1790437808,s11-http-proxy,858218,0,3266,3266,3.4,6.9,8.2,0.0,-,0,0,0.000
1790437808,s12-vmess-h3,853452,286,3242,3242,3.6,6.4,8.0,0.0,-,0,0,0.000
1790437808,__proc__,0,0,0,0,-,-,-,6860.9,31185,64626,40684707,2576.401
1790437838,s7-ss-tcp,870084,0,3314,3314,0.8,2.4,4.6,0.0,-,0,0,0.000
1790437838,s8-tuic,870467,0,3318,3318,0.8,2.4,4.3,0.0,-,0,0,0.000
1790437838,s9-anytls,768765,57,2921,2921,2.4,42.7,43.6,0.0,-,0,0,0.000
1790437838,s10-vless-xhttp,806770,0,3083,3083,1.4,32.7,33.5,0.0,-,0,0,0.000
1790437838,s11-http-proxy,859779,0,3278,3278,2.8,6.8,8.2,0.0,-,0,0,0.000
1790437838,s12-vmess-h3,855001,287,3253,3253,3.6,6.5,8.0,0.0,-,0,0,0.000
1790437838,__proc__,0,0,0,0,-,-,-,6856.8,31148,64634,40761032,2581.070
1790437868,s7-ss-tcp,871664,0,3318,3318,0.8,2.2,4.3,0.0,-,0,0,0.000
1790437868,s8-tuic,872048,0,3320,3320,0.8,2.1,4.0,0.0,-,0,0,0.000
1790437868,s9-anytls,770159,57,2927,2927,2.6,42.7,43.6,0.0,-,0,0,0.000
1790437868,s10-vless-xhttp,808242,0,3091,3091,1.4,32.6,33.3,0.0,-,0,0,0.000
1790437868,s11-http-proxy,861347,0,3293,3293,2.3,6.5,7.8,0.0,-,0,0,0.000
1790437868,s12-vmess-h3,856559,288,3272,3272,3.1,6.2,8.0,0.0,-,0,0,0.000
1790437868,__proc__,0,0,0,0,-,-,-,6822.7,31197,64772,40844370,2586.084
1790437898,s7-ss-tcp,873243,0,3316,3316,0.8,2.0,2.9,0.0,-,0,0,0.000
1790437898,s8-tuic,873626,0,3314,3314,0.8,1.9,2.8,0.0,-,0,0,0.000
1790437898,s9-anytls,771555,57,2932,2932,2.6,42.7,43.3,0.0,-,0,0,0.000
1790437898,s10-vless-xhttp,809697,0,3056,3056,1.6,32.5,33.0,0.0,-,0,0,0.000
1790437898,s11-http-proxy,862916,0,3295,3295,1.9,5.2,6.7,0.0,-,0,0,0.000
1790437898,s12-vmess-h3,858114,289,3266,3266,2.8,4.9,6.8,0.0,-,0,0,0.000
1790437898,__proc__,0,0,0,0,-,-,-,6845.0,31192,64788,40928446,2591.172
1790437928,s7-ss-tcp,874823,0,3318,3318,0.9,2.0,3.1,0.0,-,0,0,0.000
1790437928,s8-tuic,875207,0,3320,3320,0.8,2.0,3.0,0.0,-,0,0,0.000
1790437928,s9-anytls,772950,57,2930,2930,2.3,42.7,43.3,0.0,-,0,0,0.000
1790437928,s10-vless-xhttp,811164,0,3081,3081,1.6,32.5,33.1,0.0,-,0,0,0.000
1790437928,s11-http-proxy,864473,0,3270,3270,1.9,5.2,6.9,0.0,-,0,0,0.000
1790437928,s12-vmess-h3,859666,290,3259,3259,2.8,4.9,6.3,0.0,-,0,0,0.000
1790437928,__proc__,0,0,0,0,-,-,-,6859.2,31205,64758,41005037,2595.975
1790437958,s7-ss-tcp,876401,0,3314,3314,0.8,2.0,3.7,0.0,-,0,0,0.000
1790437958,s8-tuic,876787,0,3318,3318,0.8,2.0,3.5,0.0,-,0,0,0.000
1790437958,s9-anytls,774345,57,2930,2930,2.4,42.7,43.5,0.0,-,0,0,0.000
1790437958,s10-vless-xhttp,812633,0,3085,3085,1.6,32.5,33.2,0.0,-,0,0,0.000
1790437958,s11-http-proxy,866042,0,3295,3295,2.0,5.8,7.2,0.0,-,0,0,0.000
1790437958,s12-vmess-h3,861212,293,3247,3247,2.9,5.7,6.9,0.0,-,0,0,0.000
1790437958,__proc__,0,0,0,0,-,-,-,6807.9,31195,64645,41082278,2600.737
1790437988,s7-ss-tcp,877979,0,3314,3314,0.8,2.1,3.8,0.0,-,0,0,0.000
1790437988,s8-tuic,878367,0,3318,3318,0.8,1.9,3.9,0.0,-,0,0,0.000
1790437988,s9-anytls,775743,58,2936,2936,2.1,42.7,43.6,0.0,-,0,0,0.000
1790437988,s10-vless-xhttp,814071,0,3020,3020,1.5,32.6,33.3,0.0,-,0,0,0.000
1790437988,s11-http-proxy,867598,0,3268,3268,2.1,6.0,7.3,0.0,-,0,0,0.000
1790437988,s12-vmess-h3,862762,294,3255,3255,3.0,5.7,6.9,0.0,-,0,0,0.000
1790437988,__proc__,0,0,0,0,-,-,-,6892.4,31147,64650,41153748,2605.389
1790438018,s7-ss-tcp,879561,0,3322,3322,0.8,2.0,3.5,0.0,-,0,0,0.000
1790438018,s8-tuic,879947,0,3318,3318,0.7,1.9,3.5,0.0,-,0,0,0.000
1790438018,s9-anytls,777140,58,2934,2934,2.0,42.7,43.6,0.0,-,0,0,0.000
1790438018,s10-vless-xhttp,815528,0,3060,3060,1.4,32.5,33.2,0.0,-,0,0,0.000
1790438018,s11-http-proxy,869167,0,3295,3295,1.8,5.7,7.0,0.0,-,0,0,0.000
1790438018,s12-vmess-h3,864319,294,3270,3270,3.0,5.3,6.6,0.0,-,0,0,0.000
1790438018,__proc__,0,0,0,0,-,-,-,6865.0,31148,64719,41229763,2609.902
1790438048,s7-ss-tcp,881139,0,3314,3314,0.8,2.0,3.9,0.0,-,0,0,0.000
1790438048,s8-tuic,881527,0,3318,3318,0.7,1.9,3.7,0.0,-,0,0,0.000
1790438048,s9-anytls,778528,58,2915,2915,2.0,42.7,43.6,0.0,-,0,0,0.000
1790438048,s10-vless-xhttp,816982,0,3053,3053,1.5,32.6,33.2,0.0,-,0,0,0.000
1790438048,s11-http-proxy,870731,0,3284,3284,2.0,5.7,7.1,0.0,-,0,0,0.000
1790438048,s12-vmess-h3,865871,294,3259,3259,3.2,5.6,6.8,0.0,-,0,0,0.000
1790438048,__proc__,0,0,0,0,-,-,-,6829.6,31092,64594,41301452,2614.439
1790438078,s7-ss-tcp,882721,0,3322,3322,0.8,2.0,3.9,0.0,-,0,0,0.000
1790438078,s8-tuic,883108,0,3320,3320,0.7,1.9,3.5,0.0,-,0,0,0.000
1790438078,s9-anytls,779944,58,2974,2974,1.8,42.7,43.5,0.0,-,0,0,0.000
1790438078,s10-vless-xhttp,818444,0,3070,3070,1.3,32.5,33.2,0.0,-,0,0,0.000
1790438078,s11-http-proxy,872295,0,3284,3284,2.0,5.3,6.5,0.0,-,0,0,0.000
1790438078,s12-vmess-h3,867428,294,3270,3270,3.4,5.5,6.7,0.0,-,0,0,0.000
1790438078,__proc__,0,0,0,0,-,-,-,6763.2,31100,64672,41376442,2618.926
1790438108,s7-ss-tcp,884299,0,3314,3314,0.8,2.0,3.9,0.0,-,0,0,0.000
1790438108,s8-tuic,884689,0,3320,3320,0.7,1.8,3.6,0.0,-,0,0,0.000
1790438108,s9-anytls,781345,58,2942,2942,1.8,42.7,43.5,0.0,-,0,0,0.000
1790438108,s10-vless-xhttp,819907,0,3072,3072,1.3,32.5,33.2,0.0,-,0,0,0.000
1790438108,s11-http-proxy,873851,0,3268,3268,2.2,5.9,8.0,0.0,-,0,0,0.000
1790438108,s12-vmess-h3,868979,294,3257,3257,3.3,5.8,7.5,0.0,-,0,0,0.000
1790438108,__proc__,0,0,0,0,-,-,-,6818.0,31125,64640,41450002,2623.512
1790438138,s7-ss-tcp,885881,0,3322,3322,0.8,1.8,3.7,0.0,-,0,0,0.000
1790438138,s8-tuic,886270,0,3320,3320,0.7,1.7,3.4,0.0,-,0,0,0.000
1790438138,s9-anytls,782745,58,2940,2940,1.6,42.7,43.4,0.0,-,0,0,0.000
1790438138,s10-vless-xhttp,821364,0,3060,3060,1.3,32.5,33.1,0.0,-,0,0,0.000
1790438138,s11-http-proxy,875421,0,3297,3297,1.9,5.9,7.9,0.0,-,0,0,0.000
1790438138,s12-vmess-h3,870538,294,3274,3274,3.0,5.7,7.6,0.0,-,0,0,0.000
1790438138,__proc__,0,0,0,0,-,-,-,6827.8,31110,64711,41528448,2628.040
1790438168,s7-ss-tcp,887461,0,3318,3318,0.8,1.8,3.7,0.0,-,0,0,0.000
1790438168,s8-tuic,887851,0,3320,3320,0.7,1.8,3.6,0.0,-,0,0,0.000
1790438168,s9-anytls,784126,58,2900,2900,2.2,42.7,43.6,0.0,-,0,0,0.000
1790438168,s10-vless-xhttp,822818,0,3053,3053,1.4,32.5,33.1,0.0,-,0,0,0.000
1790438168,s11-http-proxy,876976,0,3266,3266,2.1,5.7,7.5,0.0,-,0,0,0.000
1790438168,s12-vmess-h3,872090,294,3259,3259,3.0,5.6,7.1,0.0,-,0,0,0.000
1790438168,__proc__,0,0,0,0,-,-,-,6813.8,31069,64549,41600120,2632.612
1790438198,s7-ss-tcp,889037,0,3310,3310,0.8,2.0,4.1,0.0,-,0,0,0.000
1790438198,s8-tuic,889429,0,3314,3314,0.7,1.9,3.8,0.0,-,0,0,0.000
1790438198,s9-anytls,785533,58,2955,2955,2.1,42.7,43.6,0.0,-,0,0,0.000
1790438198,s10-vless-xhttp,824282,0,3074,3074,1.4,32.5,33.1,0.0,-,0,0,0.000
1790438198,s11-http-proxy,878541,0,3286,3286,2.2,6.0,7.7,0.0,-,0,0,0.000
1790438198,s12-vmess-h3,873644,294,3263,3263,3.0,5.8,7.4,0.0,-,0,0,0.000
1790438198,__proc__,0,0,0,0,-,-,-,6874.6,31075,64576,41674913,2637.386
1790438228,s7-ss-tcp,890618,0,3320,3320,0.8,2.0,3.9,0.0,-,0,0,0.000
1790438228,s8-tuic,891010,0,3320,3320,0.7,1.8,3.3,0.0,-,0,0,0.000
1790438228,s9-anytls,786933,58,2940,2940,2.1,42.7,43.6,0.0,-,0,0,0.000
1790438228,s10-vless-xhttp,825742,0,3066,3066,1.6,32.5,33.2,0.0,-,0,0,0.000
1790438228,s11-http-proxy,880105,0,3284,3284,2.0,5.9,7.4,0.0,-,0,0,0.000
1790438228,s12-vmess-h3,875196,295,3259,3259,3.0,5.7,7.1,0.0,-,0,0,0.000
1790438228,__proc__,0,0,0,0,-,-,-,6867.1,31094,64592,41755480,2642.110
1790438258,s7-ss-tcp,892199,0,3320,3320,0.8,1.8,3.3,0.0,-,0,0,0.000
1790438258,s8-tuic,892591,0,3320,3320,0.7,1.6,3.1,0.0,-,0,0,0.000
1790438258,s9-anytls,788332,58,2938,2938,1.9,42.7,43.5,0.0,-,0,0,0.000
1790438258,s10-vless-xhttp,827196,0,3053,3053,1.5,32.4,33.1,0.0,-,0,0,0.000
1790438258,s11-http-proxy,881674,0,3295,3295,1.9,5.5,7.0,0.0,-,0,0,0.000
1790438258,s12-vmess-h3,876756,295,3276,3276,2.7,5.3,7.0,0.0,-,0,0,0.000
1790438258,__proc__,0,0,0,0,-,-,-,6838.0,31027,64600,41839253,2646.756
1790438288,s7-ss-tcp,893779,0,3318,3318,0.8,1.9,3.9,0.0,-,0,0,0.000
1790438288,s8-tuic,894171,0,3318,3318,0.7,1.7,3.4,0.0,-,0,0,0.000
1790438288,s9-anytls,789743,58,2963,2963,1.9,42.7,43.5,0.0,-,0,0,0.000
1790438288,s10-vless-xhttp,828677,0,3110,3110,1.4,32.4,33.0,0.0,-,0,0,0.000
1790438288,s11-http-proxy,883229,0,3266,3266,1.9,6.1,7.6,0.0,-,0,0,0.000
1790438288,s12-vmess-h3,878312,295,3268,3268,2.8,5.8,7.3,0.0,-,0,0,0.000
1790438288,__proc__,0,0,0,0,-,-,-,6822.1,31147,64704,41917336,2651.459
1790438318,s7-ss-tcp,895358,0,3316,3316,0.8,1.9,3.8,0.0,-,0,0,0.000
1790438318,s8-tuic,895753,0,3322,3322,0.7,1.8,3.4,0.0,-,0,0,0.000
1790438318,s9-anytls,791139,58,2932,2932,1.8,42.7,43.6,0.0,-,0,0,0.000
1790438318,s10-vless-xhttp,830135,0,3062,3062,1.3,32.4,33.1,0.0,-,0,0,0.000
1790438318,s11-http-proxy,884793,0,3284,3284,2.0,5.9,7.3,0.0,-,0,0,0.000
1790438318,s12-vmess-h3,879861,296,3253,3253,3.1,5.6,6.7,0.0,-,0,0,0.000
1790438318,__proc__,0,0,0,0,-,-,-,6831.4,31104,64647,41989824,2655.917
1790438348,s7-ss-tcp,896939,0,3320,3320,0.8,2.0,4.1,0.0,-,0,0,0.000
1790438348,s8-tuic,897334,0,3320,3320,0.7,1.9,3.4,0.0,-,0,0,0.000
1790438348,s9-anytls,792546,58,2955,2955,1.8,42.7,43.6,0.0,-,0,0,0.000
1790438348,s10-vless-xhttp,831594,0,3064,3064,1.3,32.5,33.2,0.0,-,0,0,0.000
1790438348,s11-http-proxy,886359,0,3289,3289,2.2,5.8,7.3,0.0,-,0,0,0.000
1790438348,s12-vmess-h3,881416,297,3266,3266,3.3,5.8,6.8,0.0,-,0,0,0.000
1790438348,__proc__,0,0,0,0,-,-,-,6849.7,31153,64750,42068830,2660.561
1790438378,s7-ss-tcp,898518,0,3316,3316,0.8,2.0,4.0,0.0,-,0,0,0.000
1790438378,s8-tuic,898915,0,3320,3320,0.7,1.9,3.7,0.0,-,0,0,0.000
1790438378,s9-anytls,793929,58,2904,2904,2.0,42.7,43.6,0.0,-,0,0,0.000
1790438378,s10-vless-xhttp,833047,0,3051,3051,1.3,32.5,33.5,0.0,-,0,0,0.000
1790438378,s11-http-proxy,887921,0,3280,3280,1.8,5.7,7.3,0.0,-,0,0,0.000
1790438378,s12-vmess-h3,882959,299,3240,3240,3.3,6.0,7.6,0.0,-,0,0,0.000
1790438378,__proc__,0,0,0,0,-,-,-,6831.9,31096,64573,42141555,2665.033
1790438408,s7-ss-tcp,900098,0,3318,3318,0.8,1.8,3.6,0.0,-,0,0,0.000
1790438408,s8-tuic,900495,0,3318,3318,0.7,1.7,3.4,0.0,-,0,0,0.000
1790438408,s9-anytls,795320,58,2921,2921,2.9,42.7,43.4,0.0,-,0,0,0.000
1790438408,s10-vless-xhttp,834507,0,3066,3066,1.4,32.5,33.3,0.0,-,0,0,0.000
1790438408,s11-http-proxy,889490,0,3295,3295,1.8,5.6,7.2,0.0,-,0,0,0.000
1790438408,s12-vmess-h3,884517,300,3272,3272,2.9,5.8,7.7,0.0,-,0,0,0.000
1790438408,__proc__,0,0,0,0,-,-,-,6831.7,31125,64693,42221211,2669.613
1790438438,s7-ss-tcp,901679,0,3320,3320,0.8,1.7,2.6,0.0,-,0,0,0.000
1790438438,s8-tuic,902075,0,3318,3318,0.7,1.7,2.8,0.0,-,0,0,0.000
1790438438,s9-anytls,796715,58,2930,2930,40.9,42.7,43.3,0.0,-,0,0,0.000
1790438438,s10-vless-xhttp,835965,0,3062,3062,1.3,32.4,33.1,0.0,-,0,0,0.000
1790438438,s11-http-proxy,891059,0,3295,3295,1.7,5.0,6.9,0.0,-,0,0,0.000
1790438438,s12-vmess-h3,886072,301,3266,3266,2.8,5.1,7.6,0.0,-,0,0,0.000
1790438438,__proc__,0,0,0,0,-,-,-,6854.6,31103,64692,42302458,2674.178
1790438468,s7-ss-tcp,903259,0,3318,3318,0.8,1.8,2.9,0.0,-,0,0,0.000
1790438468,s8-tuic,903655,0,3318,3318,0.8,1.8,3.0,0.0,-,0,0,0.000
1790438468,s9-anytls,798120,58,2950,2950,2.1,42.7,43.1,0.0,-,0,0,0.000
1790438468,s10-vless-xhttp,837423,0,3062,3062,1.4,32.4,33.1,0.0,-,0,0,0.000
1790438468,s11-http-proxy,892620,0,3278,3278,1.8,5.4,6.8,0.0,-,0,0,0.000
1790438468,s12-vmess-h3,887628,301,3268,3268,2.8,5.0,6.3,0.0,-,0,0,0.000
1790438468,__proc__,0,0,0,0,-,-,-,6838.2,31140,64659,42377899,2678.975
1790438498,s7-ss-tcp,904837,0,3314,3314,0.8,1.8,2.9,0.0,-,0,0,0.000
1790438498,s8-tuic,905235,0,3318,3318,0.8,1.7,2.8,0.0,-,0,0,0.000
1790438498,s9-anytls,799519,58,2938,2938,1.9,42.6,42.9,0.0,-,0,0,0.000
1790438498,s10-vless-xhttp,838888,0,3076,3076,1.5,32.4,33.0,0.0,-,0,0,0.000
1790438498,s11-http-proxy,894191,0,3299,3299,1.7,5.2,6.8,0.0,-,0,0,0.000
1790438498,s12-vmess-h3,889189,301,3278,3278,2.7,5.0,6.4,0.0,-,0,0,0.000
1790438498,__proc__,0,0,0,0,-,-,-,6804.0,31155,64818,42466242,2683.818
1790438528,s7-ss-tcp,906418,0,3320,3320,0.9,1.7,2.4,0.0,-,0,0,0.000
1790438528,s8-tuic,906815,0,3318,3318,0.8,1.7,2.4,0.0,-,0,0,0.000
1790438528,s9-anytls,800910,58,2921,2921,2.0,42.6,42.9,0.0,-,0,0,0.000
1790438528,s10-vless-xhttp,840352,0,3074,3074,1.6,32.4,32.9,0.0,-,0,0,0.000
1790438528,s11-http-proxy,895765,0,3305,3305,1.7,3.6,5.3,0.0,-,0,0,0.000
1790438528,s12-vmess-h3,890750,302,3278,3278,2.5,4.1,5.7,0.0,-,0,0,0.000
1790438528,__proc__,0,0,0,0,-,-,-,6874.0,31137,64769,42554763,2688.653
1790438558,s7-ss-tcp,907997,0,3316,3316,0.9,1.8,2.6,0.0,-,0,0,0.000
1790438558,s8-tuic,908395,0,3318,3318,0.8,1.8,2.6,0.0,-,0,0,0.000
1790438558,s9-anytls,802310,58,2940,2940,2.2,42.6,43.0,0.0,-,0,0,0.000
1790438558,s10-vless-xhttp,841820,0,3083,3083,1.5,32.4,32.9,0.0,-,0,0,0.000
1790438558,s11-http-proxy,897332,0,3291,3291,1.6,3.3,4.6,0.0,-,0,0,0.000
1790438558,s12-vmess-h3,892310,302,3276,3276,2.5,4.1,4.9,0.0,-,0,0,0.000
1790438558,__proc__,0,0,0,0,-,-,-,6842.1,31176,64829,42638973,2693.708
1790438588,s7-ss-tcp,909578,0,3320,3320,0.8,1.8,2.8,0.0,-,0,0,0.000
1790438588,s8-tuic,909976,0,3320,3320,0.8,1.8,2.7,0.0,-,0,0,0.000
1790438588,s9-anytls,803693,58,2904,2904,40.9,42.7,43.1,0.0,-,0,0,0.000
1790438588,s10-vless-xhttp,843282,0,3070,3070,1.5,32.4,33.0,0.0,-,0,0,0.000
1790438588,s11-http-proxy,898899,0,3291,3291,1.7,4.5,6.1,0.0,-,0,0,0.000
1790438588,s12-vmess-h3,893868,302,3272,3272,2.6,4.4,5.8,0.0,-,0,0,0.000
1790438588,__proc__,0,0,0,0,-,-,-,6846.1,31128,64725,42719056,2698.427
1790438618,s7-ss-tcp,911157,0,3316,3316,0.8,2.0,3.6,0.0,-,0,0,0.000
1790438618,s8-tuic,911556,0,3318,3318,0.7,1.9,3.2,0.0,-,0,0,0.000
1790438618,s9-anytls,805092,58,2938,2938,2.6,42.7,43.5,0.0,-,0,0,0.000
1790438618,s10-vless-xhttp,844739,0,3060,3060,1.4,32.5,33.2,0.0,-,0,0,0.000
1790438618,s11-http-proxy,900459,0,3276,3276,1.9,5.7,7.1,0.0,-,0,0,0.000
1790438618,s12-vmess-h3,895406,306,3230,3230,3.0,5.6,6.8,0.0,-,0,0,0.000
1790438618,__proc__,0,0,0,0,-,-,-,6786.3,31126,64514,42792800,2703.058
1790438648,s7-ss-tcp,912737,0,3318,3318,0.8,2.0,4.0,0.0,-,0,0,0.000
1790438648,s8-tuic,913135,0,3316,3316,0.7,1.9,3.5,0.0,-,0,0,0.000
1790438648,s9-anytls,806492,58,2940,2940,2.3,42.7,43.6,0.0,-,0,0,0.000
1790438648,s10-vless-xhttp,846204,0,3076,3076,1.4,32.5,33.1,0.0,-,0,0,0.000
1790438648,s11-http-proxy,902018,0,3274,3274,2.0,6.0,7.6,0.0,-,0,0,0.000
1790438648,s12-vmess-h3,896953,306,3249,3249,3.1,6.3,8.2,0.0,-,0,0,0.000
1790438648,__proc__,0,0,0,0,-,-,-,6788.3,31101,64548,42863777,2707.603
1790438678,s7-ss-tcp,914315,0,3314,3314,0.8,2.3,4.4,0.0,-,0,0,0.000
1790438678,s8-tuic,914717,0,3322,3322,0.7,2.3,4.6,0.0,-,0,0,0.000
1790438678,s9-anytls,807874,58,2902,2902,2.1,42.7,43.8,0.0,-,0,0,0.000
1790438678,s10-vless-xhttp,847671,0,3081,3081,1.3,32.6,33.2,0.0,-,0,0,0.000
1790438678,s11-http-proxy,903572,0,3263,3263,3.4,6.7,8.2,0.0,-,0,0,0.000
1790438678,s12-vmess-h3,898506,306,3261,3261,3.7,6.9,8.3,0.0,-,0,0,0.000
1790438678,__proc__,0,0,0,0,-,-,-,6790.3,31180,64693,42928463,2712.106
1790438708,s7-ss-tcp,915897,0,3322,3322,0.8,2.0,3.6,0.0,-,0,0,0.000
1790438708,s8-tuic,916295,0,3314,3314,0.7,2.0,4.2,0.0,-,0,0,0.000
1790438708,s9-anytls,809275,58,2942,2942,2.0,42.7,43.6,0.0,-,0,0,0.000
1790438708,s10-vless-xhttp,849145,0,3095,3095,1.3,32.5,33.1,0.0,-,0,0,0.000
1790438708,s11-http-proxy,905133,0,3278,3278,3.0,6.3,7.9,0.0,-,0,0,0.000
1790438708,s12-vmess-h3,900060,307,3263,3263,3.3,6.6,8.2,0.0,-,0,0,0.000
1790438708,__proc__,0,0,0,0,-,-,-,6828.5,31210,64844,43008535,2716.633
1790438738,s7-ss-tcp,917473,0,3310,3310,0.8,2.1,4.0,0.0,-,0,0,0.000
1790438738,s8-tuic,917877,0,3322,3322,0.7,1.9,4.1,0.0,-,0,0,0.000
1790438738,s9-anytls,810675,58,2940,2940,2.1,42.7,43.6,0.0,-,0,0,0.000
1790438738,s10-vless-xhttp,850612,0,3081,3081,1.3,32.5,33.2,0.0,-,0,0,0.000
1790438738,s11-http-proxy,906690,0,3270,3270,2.9,6.5,8.4,0.0,-,0,0,0.000
1790438738,s12-vmess-h3,901607,308,3249,3249,3.1,6.4,8.1,0.0,-,0,0,0.000
1790438738,__proc__,0,0,0,0,-,-,-,6825.4,31199,64716,43081545,2721.266
1790438768,s7-ss-tcp,919054,0,3320,3320,0.8,2.2,4.1,0.0,-,0,0,0.000
1790438768,s8-tuic,919455,0,3314,3314,0.8,1.9,4.0,0.0,-,0,0,0.000
1790438768,s9-anytls,812071,58,2932,2932,1.9,42.7,43.6,0.0,-,0,0,0.000
1790438768,s10-vless-xhttp,852061,0,3043,3043,1.3,32.6,33.2,0.0,-,0,0,0.000
1790438768,s11-http-proxy,908251,0,3278,3278,2.3,6.1,7.8,0.0,-,0,0,0.000
1790438768,s12-vmess-h3,903161,308,3263,3263,3.1,6.1,7.7,0.0,-,0,0,0.000
1790438768,__proc__,0,0,0,0,-,-,-,6844.7,31175,64771,43151532,2725.910
1790438798,s7-ss-tcp,920633,0,3316,3316,0.9,2.6,4.5,0.0,-,0,0,0.000
1790438798,s8-tuic,921033,0,3314,3314,0.8,2.3,4.1,0.0,-,0,0,0.000
1790438798,s9-anytls,813473,58,2944,2944,2.1,42.7,43.6,0.0,-,0,0,0.000
1790438798,s10-vless-xhttp,853537,0,3100,3100,1.5,32.6,33.3,0.0,-,0,0,0.000
1790438798,s11-http-proxy,909811,0,3276,3276,2.9,6.4,7.9,0.0,-,0,0,0.000
1790438798,s12-vmess-h3,904713,308,3259,3259,3.4,6.3,7.8,0.0,-,0,0,0.000
1790438798,__proc__,0,0,0,0,-,-,-,6819.1,31207,64761,43228201,2731.237
1790438828,s7-ss-tcp,922209,0,3310,3310,0.9,2.7,4.8,0.0,-,0,0,0.000
1790438828,s8-tuic,922613,0,3318,3318,0.9,2.4,4.4,0.0,-,0,0,0.000
1790438828,s9-anytls,814869,58,2932,2932,2.2,42.7,43.6,0.0,-,0,0,0.000
1790438828,s10-vless-xhttp,855005,0,3083,3083,1.6,32.6,33.3,0.0,-,0,0,0.000
1790438828,s11-http-proxy,911360,0,3253,3253,2.9,6.9,8.5,0.0,-,0,0,0.000
1790438828,s12-vmess-h3,906263,308,3255,3255,3.4,6.6,7.9,0.0,-,0,0,0.000
1790438828,__proc__,0,0,0,0,-,-,-,6816.8,31219,64762,43299159,2736.152
1790438858,s7-ss-tcp,923785,0,3310,3310,0.9,2.8,5.0,0.0,-,0,0,0.000
1790438858,s8-tuic,924191,0,3314,3314,0.9,2.5,4.5,0.0,-,0,0,0.000
1790438858,s9-anytls,816268,58,2938,2938,2.2,42.7,43.5,0.0,-,0,0,0.000
1790438858,s10-vless-xhttp,856466,0,3068,3068,1.6,32.6,33.4,0.0,-,0,0,0.000
1790438858,s11-http-proxy,912909,0,3253,3253,3.6,7.1,8.8,0.0,-,0,0,0.000
1790438858,s12-vmess-h3,907814,308,3257,3257,3.3,6.8,8.2,0.0,-,0,0,0.000
1790438858,__proc__,0,0,0,0,-,-,-,6861.4,31194,64724,43366813,2741.053
1790438888,s7-ss-tcp,925364,0,3316,3316,0.9,2.8,4.9,0.0,-,0,0,0.000
1790438888,s8-tuic,925768,0,3312,3312,0.9,2.7,4.6,0.0,-,0,0,0.000
1790438888,s9-anytls,817666,58,2936,2936,2.2,42.7,43.6,0.0,-,0,0,0.000
1790438888,s10-vless-xhttp,857928,0,3070,3070,1.6,32.7,33.4,0.0,-,0,0,0.000
1790438888,s11-http-proxy,914461,0,3259,3259,4.1,7.5,9.1,0.0,-,0,0,0.000
1790438888,s12-vmess-h3,909364,308,3255,3255,3.7,7.1,8.5,0.0,-,0,0,0.000
1790438888,__proc__,0,0,0,0,-,-,-,6861.4,31201,64786,43437994,2746.166
1790438918,s7-ss-tcp,926943,0,3316,3316,0.9,2.8,5.1,0.0,-,0,0,0.000
1790438918,s8-tuic,927346,0,3314,3314,0.9,2.7,5.0,0.0,-,0,0,0.000
1790438918,s9-anytls,819070,58,2948,2948,2.0,42.7,43.9,0.0,-,0,0,0.000
1790438918,s10-vless-xhttp,859389,0,3068,3068,1.6,32.7,33.7,0.0,-,0,0,0.000
1790438918,s11-http-proxy,916008,0,3249,3249,3.9,7.4,9.0,0.0,-,0,0,0.000
1790438918,s12-vmess-h3,910908,308,3242,3242,3.8,7.0,8.8,0.0,-,0,0,0.000
1790438918,__proc__,0,0,0,0,-,-,-,6838.5,31190,64623,43503708,2751.059
1790438948,s7-ss-tcp,928519,0,3310,3310,0.9,2.7,4.9,0.0,-,0,0,0.000
1790438948,s8-tuic,928928,0,3322,3322,0.8,2.5,4.9,0.0,-,0,0,0.000
1790438948,s9-anytls,820475,58,2950,2950,2.0,42.7,44.1,0.0,-,0,0,0.000
1790438948,s10-vless-xhttp,860858,0,3085,3085,1.5,32.6,33.5,0.0,-,0,0,0.000
1790438948,s11-http-proxy,917575,0,3291,3291,3.6,7.4,9.0,0.0,-,0,0,0.000
1790438948,s12-vmess-h3,912465,308,3270,3270,3.8,6.8,8.8,0.0,-,0,0,0.000
1790438948,__proc__,0,0,0,0,-,-,-,6831.3,31230,64856,43579092,2755.893
1790438978,s7-ss-tcp,930102,0,3324,3324,0.8,2.4,4.3,0.0,-,0,0,0.000
1790438978,s8-tuic,930505,0,3312,3312,0.8,2.1,3.8,0.0,-,0,0,0.000
1790438978,s9-anytls,821871,58,2932,2932,1.9,42.7,43.7,0.0,-,0,0,0.000
1790438978,s10-vless-xhttp,862314,0,3058,3058,1.4,32.6,33.3,0.0,-,0,0,0.000
1790438978,s11-http-proxy,919131,0,3268,3268,2.7,6.7,8.4,0.0,-,0,0,0.000
1790438978,s12-vmess-h3,914016,308,3257,3257,3.4,6.2,8.2,0.0,-,0,0,0.000
1790438978,__proc__,0,0,0,0,-,-,-,6881.7,31180,64755,43648697,2760.537
1790439008,s7-ss-tcp,931679,0,3312,3312,0.8,2.3,3.6,0.0,-,0,0,0.000
1790439008,s8-tuic,932089,0,3326,3326,0.8,2.1,3.3,0.0,-,0,0,0.000
1790439008,s9-anytls,823260,58,2917,2917,2.2,42.7,43.5,0.0,-,0,0,0.000
1790439008,s10-vless-xhttp,863778,0,3074,3074,1.3,32.6,33.3,0.0,-,0,0,0.000
1790439008,s11-http-proxy,920693,0,3280,3280,2.6,5.9,7.5,0.0,-,0,0,0.000
1790439008,s12-vmess-h3,915569,309,3261,3261,3.3,5.3,6.7,0.0,-,0,0,0.000
1790439008,__proc__,0,0,0,0,-,-,-,6885.1,31172,64695,43719685,2765.073
1790439038,s7-ss-tcp,933260,0,3320,3320,0.8,2.2,3.5,0.0,-,0,0,0.000
1790439038,s8-tuic,933665,0,3310,3310,0.8,2.2,3.2,0.0,-,0,0,0.000
1790439038,s9-anytls,824655,58,2930,2930,2.8,42.7,43.4,0.0,-,0,0,0.000
1790439038,s10-vless-xhttp,865227,0,3043,3043,1.4,32.6,33.3,0.0,-,0,0,0.000
1790439038,s11-http-proxy,922264,0,3299,3299,1.9,5.6,6.8,0.0,-,0,0,0.000
1790439038,s12-vmess-h3,917128,309,3274,3274,3.1,5.0,6.5,0.0,-,0,0,0.000
1790439038,__proc__,0,0,0,0,-,-,-,6881.7,31177,64834,43795474,2769.734
1790439068,s7-ss-tcp,934837,0,3312,3312,0.8,2.2,3.7,0.0,-,0,0,0.000
1790439068,s8-tuic,935245,0,3318,3318,0.8,2.2,3.8,0.0,-,0,0,0.000
1790439068,s9-anytls,826053,59,2936,2936,2.2,42.7,43.5,0.0,-,0,0,0.000
1790439068,s10-vless-xhttp,866697,0,3087,3087,1.3,32.6,33.3,0.0,-,0,0,0.000
1790439068,s11-http-proxy,923815,0,3257,3257,1.8,6.3,7.5,0.0,-,0,0,0.000
1790439068,s12-vmess-h3,918677,309,3253,3253,3.1,5.9,7.0,0.0,-,0,0,0.000
1790439068,__proc__,0,0,0,0,-,-,-,6896.5,31188,64736,43866186,2774.345
1790439098,s7-ss-tcp,936418,0,3320,3320,0.9,2.0,3.6,0.0,-,0,0,0.000
1790439098,s8-tuic,936825,0,3318,3318,0.8,2.0,3.7,0.0,-,0,0,0.000
1790439098,s9-anytls,827452,59,2938,2938,2.1,42.7,43.5,0.0,-,0,0,0.000
1790439098,s10-vless-xhttp,868167,0,3087,3087,1.4,32.5,33.1,0.0,-,0,0,0.000
1790439098,s11-http-proxy,925389,0,3305,3305,1.7,6.2,7.4,0.0,-,0,0,0.000
1790439098,s12-vmess-h3,920232,310,3266,3266,3.0,5.9,6.8,0.0,-,0,0,0.000
1790439098,__proc__,0,0,0,0,-,-,-,6880.1,31176,64799,43949181,2779.262
1790439128,s7-ss-tcp,937996,0,3314,3314,0.9,2.1,3.8,0.0,-,0,0,0.000
1790439128,s8-tuic,938406,0,3320,3320,0.8,1.9,3.4,0.0,-,0,0,0.000
1790439128,s9-anytls,828840,59,2915,2915,2.3,42.7,43.5,0.0,-,0,0,0.000
1790439128,s10-vless-xhttp,869626,0,3064,3064,1.5,32.5,33.1,0.0,-,0,0,0.000
1790439128,s11-http-proxy,926957,0,3293,3293,1.9,6.0,7.3,0.0,-,0,0,0.000
1790439128,s12-vmess-h3,921781,313,3253,3253,2.9,5.7,6.8,0.0,-,0,0,0.000
1790439128,__proc__,0,0,0,0,-,-,-,6882.1,31157,64672,44031516,2784.219
1790439158,s7-ss-tcp,939573,0,3312,3312,0.9,2.0,3.8,0.0,-,0,0,0.000
1790439158,s8-tuic,939985,0,3316,3316,0.8,1.9,3.2,0.0,-,0,0,0.000
1790439158,s9-anytls,830231,59,2921,2921,2.6,42.7,43.4,0.0,-,0,0,0.000
1790439158,s10-vless-xhttp,871088,0,3070,3070,1.6,32.5,33.1,0.0,-,0,0,0.000
1790439158,s11-http-proxy,928516,0,3274,3274,1.8,5.4,7.2,0.0,-,0,0,0.000
1790439158,s12-vmess-h3,923334,313,3261,3261,2.8,5.6,7.3,0.0,-,0,0,0.000
1790439158,__proc__,0,0,0,0,-,-,-,6882.1,31183,64754,44106255,2789.050
1790439188,s7-ss-tcp,941156,0,3324,3324,0.8,2.0,3.7,0.0,-,0,0,0.000
1790439188,s8-tuic,941565,0,3318,3318,0.8,1.8,3.3,0.0,-,0,0,0.000
1790439188,s9-anytls,831634,59,2946,2946,2.3,42.7,43.4,0.0,-,0,0,0.000
1790439188,s10-vless-xhttp,872553,0,3076,3076,1.5,32.5,33.1,0.0,-,0,0,0.000
1790439188,s11-http-proxy,930075,0,3274,3274,2.1,6.1,7.5,0.0,-,0,0,0.000
1790439188,s12-vmess-h3,924889,313,3266,3266,3.0,5.7,7.3,0.0,-,0,0,0.000
1790439188,__proc__,0,0,0,0,-,-,-,6876.7,31169,64767,44181728,2793.630
1790439218,s7-ss-tcp,942734,0,3314,3314,0.8,1.9,3.2,0.0,-,0,0,0.000
1790439218,s8-tuic,943145,0,3318,3318,0.7,1.8,3.0,0.0,-,0,0,0.000
1790439218,s9-anytls,833030,59,2932,2932,2.0,42.7,43.4,0.0,-,0,0,0.000
1790439218,s10-vless-xhttp,874020,0,3081,3081,1.4,32.5,33.1,0.0,-,0,0,0.000
1790439218,s11-http-proxy,931636,0,3278,3278,2.6,6.5,9.0,0.0,-,0,0,0.000
1790439218,s12-vmess-h3,926437,315,3251,3251,3.0,5.8,8.2,0.0,-,0,0,0.000
1790439218,__proc__,0,0,0,0,-,-,-,6879.4,31176,64668,44257006,2798.334
1790439248,s7-ss-tcp,944315,0,3320,3320,0.8,1.9,3.4,0.0,-,0,0,0.000
1790439248,s8-tuic,944725,0,3318,3318,0.7,1.8,3.4,0.0,-,0,0,0.000
1790439248,s9-anytls,834426,59,2932,2932,2.0,42.7,43.5,0.0,-,0,0,0.000
1790439248,s10-vless-xhttp,875480,0,3066,3066,1.3,32.5,33.2,0.0,-,0,0,0.000
1790439248,s11-http-proxy,933196,0,3276,3276,2.2,6.3,8.7,0.0,-,0,0,0.000
1790439248,s12-vmess-h3,927988,316,3257,3257,3.0,6.0,7.9,0.0,-,0,0,0.000
1790439248,__proc__,0,0,0,0,-,-,-,6867.3,31185,64708,44330985,2802.926
1790439278,s7-ss-tcp,945892,0,3312,3312,0.8,1.9,4.2,0.0,-,0,0,0.000
1790439278,s8-tuic,946306,0,3320,3320,0.8,1.9,4.4,0.0,-,0,0,0.000
1790439278,s9-anytls,835806,59,2898,2898,40.9,42.7,43.7,0.0,-,0,0,0.000
1790439278,s10-vless-xhttp,876937,0,3060,3060,1.3,32.5,33.1,0.0,-,0,0,0.000
1790439278,s11-http-proxy,934759,0,3282,3282,2.5,6.5,8.6,0.0,-,0,0,0.000
1790439278,s12-vmess-h3,929534,317,3247,3247,3.2,7.1,8.4,0.0,-,0,0,0.000
1790439278,__proc__,0,0,0,0,-,-,-,6870.8,31187,64710,44403246,2807.473
1790439308,s7-ss-tcp,947308,0,2974,2974,0.8,2.2,4.6,0.0,-,0,0,0.000
1790439308,s8-tuic,947723,0,2976,2976,0.7,2.1,4.8,0.0,-,0,0,0.000
1790439308,s9-anytls,837053,59,2619,2619,40.9,42.7,43.7,0.0,-,0,0,0.000
1790439308,s10-vless-xhttp,878251,0,2759,2759,1.3,32.6,33.3,0.0,-,0,0,0.000
1790439308,s11-http-proxy,936159,0,2940,2940,2.3,6.6,8.2,0.0,-,0,0,0.000
1790439308,s12-vmess-h3,930923,318,2917,2917,3.3,7.1,8.1,0.0,-,0,0,0.000
1790439308,__proc__,0,0,0,0,-,-,-,6869.9,30382,61532,44467840,2811.563
1790439308,s7-ss-tcp,947308,0,0,0,0.8,2.2,4.6,0.0,-,0,0,0.000
1790439308,s8-tuic,947723,0,0,0,0.7,2.1,4.8,0.0,-,0,0,0.000
1790439308,s9-anytls,837053,59,0,0,40.9,42.7,43.7,0.0,-,0,0,0.000
1790439308,s10-vless-xhttp,878251,0,0,0,1.3,32.6,33.3,0.0,-,0,0,0.000
1790439308,s11-http-proxy,936159,0,0,0,2.3,6.6,8.2,0.0,-,0,0,0.000
1790439308,s12-vmess-h3,930923,318,0,0,3.3,7.1,8.1,0.0,-,0,0,0.000
1790439308,__drain__,0,0,0,0,-,-,-,6869.9,30381,61532,44467840,2811.563
1790439338,s7-ss-tcp,947308,0,0,0,0.8,2.2,4.6,0.0,-,0,0,0.000
1790439338,s8-tuic,947723,0,0,0,0.7,2.1,4.8,0.0,-,0,0,0.000
1790439338,s9-anytls,837053,59,0,0,40.9,42.7,43.7,0.0,-,0,0,0.000
1790439338,s10-vless-xhttp,878251,0,0,0,1.3,32.6,33.3,0.0,-,0,0,0.000
1790439338,s11-http-proxy,936159,0,0,0,2.3,6.6,8.2,0.0,-,0,0,0.000
1790439338,s12-vmess-h3,930923,318,0,0,3.3,7.1,8.1,0.0,-,0,0,0.000
1790439338,__drain__,0,0,0,0,-,-,-,6856.1,26100,39141,44470218,2811.710
1790439368,s7-ss-tcp,947308,0,0,0,0.8,2.2,4.6,0.0,-,0,0,0.000
1790439368,s8-tuic,947723,0,0,0,0.7,2.1,4.8,0.0,-,0,0,0.000
1790439368,s9-anytls,837053,59,0,0,40.9,42.7,43.7,0.0,-,0,0,0.000
1790439368,s10-vless-xhttp,878251,0,0,0,1.3,32.6,33.3,0.0,-,0,0,0.000
1790439368,s11-http-proxy,936159,0,0,0,2.3,6.6,8.2,0.0,-,0,0,0.000
1790439368,s12-vmess-h3,930923,318,0,0,3.3,7.1,8.1,0.0,-,0,0,0.000
1790439368,__drain__,0,0,0,0,-,-,-,6792.9,23153,34723,44471415,2811.748
1790439398,s7-ss-tcp,947308,0,0,0,0.8,2.2,4.6,0.0,-,0,0,0.000
1790439398,s8-tuic,947723,0,0,0,0.7,2.1,4.8,0.0,-,0,0,0.000
1790439398,s9-anytls,837053,59,0,0,40.9,42.7,43.7,0.0,-,0,0,0.000
1790439398,s10-vless-xhttp,878251,0,0,0,1.3,32.6,33.3,0.0,-,0,0,0.000
1790439398,s11-http-proxy,936159,0,0,0,2.3,6.6,8.2,0.0,-,0,0,0.000
1790439398,s12-vmess-h3,930923,318,0,0,3.3,7.1,8.1,0.0,-,0,0,0.000
1790439398,__drain__,0,0,0,0,-,-,-,6792.9,20211,30310,44472538,2811.786
1790439428,s7-ss-tcp,947308,0,0,0,0.8,2.2,4.6,0.0,-,0,0,0.000
1790439428,s8-tuic,947723,0,0,0,0.7,2.1,4.8,0.0,-,0,0,0.000
1790439428,s9-anytls,837053,59,0,0,40.9,42.7,43.7,0.0,-,0,0,0.000
1790439428,s10-vless-xhttp,878251,0,0,0,1.3,32.6,33.3,0.0,-,0,0,0.000
1790439428,s11-http-proxy,936159,0,0,0,2.3,6.6,8.2,0.0,-,0,0,0.000
1790439428,s12-vmess-h3,930923,318,0,0,3.3,7.1,8.1,0.0,-,0,0,0.000
1790439428,__drain__,0,0,0,0,-,-,-,6792.9,17291,25930,44473888,2811.831
1790439458,s7-ss-tcp,947308,0,0,0,0.8,2.2,4.6,0.0,-,0,0,0.000
1790439458,s8-tuic,947723,0,0,0,0.7,2.1,4.8,0.0,-,0,0,0.000
1790439458,s9-anytls,837053,59,0,0,40.9,42.7,43.7,0.0,-,0,0,0.000
1790439458,s10-vless-xhttp,878251,0,0,0,1.3,32.6,33.3,0.0,-,0,0,0.000
1790439458,s11-http-proxy,936159,0,0,0,2.3,6.6,8.2,0.0,-,0,0,0.000
1790439458,s12-vmess-h3,930923,318,0,0,3.3,7.1,8.1,0.0,-,0,0,0.000
1790439458,__drain__,0,0,0,0,-,-,-,6792.9,14369,21547,44475526,2811.883
1790439488,s7-ss-tcp,947308,0,0,0,0.8,2.2,4.6,0.0,-,0,0,0.000
1790439488,s8-tuic,947723,0,0,0,0.7,2.1,4.8,0.0,-,0,0,0.000
1790439488,s9-anytls,837053,59,0,0,40.9,42.7,43.7,0.0,-,0,0,0.000
1790439488,s10-vless-xhttp,878251,0,0,0,1.3,32.6,33.3,0.0,-,0,0,0.000
1790439488,s11-http-proxy,936159,0,0,0,2.3,6.6,8.2,0.0,-,0,0,0.000
1790439488,s12-vmess-h3,930923,318,0,0,3.3,7.1,8.1,0.0,-,0,0,0.000
1790439488,__drain__,0,0,0,0,-,-,-,6792.9,11455,17173,44476992,2811.931
1790439518,s7-ss-tcp,947308,0,0,0,0.8,2.2,4.6,0.0,-,0,0,0.000
1790439518,s8-tuic,947723,0,0,0,0.7,2.1,4.8,0.0,-,0,0,0.000
1790439518,s9-anytls,837053,59,0,0,40.9,42.7,43.7,0.0,-,0,0,0.000
1790439518,s10-vless-xhttp,878251,0,0,0,1.3,32.6,33.3,0.0,-,0,0,0.000
1790439518,s11-http-proxy,936159,0,0,0,2.3,6.6,8.2,0.0,-,0,0,0.000
1790439518,s12-vmess-h3,930923,318,0,0,3.3,7.1,8.1,0.0,-,0,0,0.000
1790439518,__drain__,0,0,0,0,-,-,-,6792.9,8499,12742,44478508,2811.982
1790439548,s7-ss-tcp,947308,0,0,0,0.8,2.2,4.6,0.0,-,0,0,0.000
1790439548,s8-tuic,947723,0,0,0,0.7,2.1,4.8,0.0,-,0,0,0.000
1790439548,s9-anytls,837053,59,0,0,40.9,42.7,43.7,0.0,-,0,0,0.000
1790439548,s10-vless-xhttp,878251,0,0,0,1.3,32.6,33.3,0.0,-,0,0,0.000
1790439548,s11-http-proxy,936159,0,0,0,2.3,6.6,8.2,0.0,-,0,0,0.000
1790439548,s12-vmess-h3,930923,318,0,0,3.3,7.1,8.1,0.0,-,0,0,0.000
1790439548,__drain__,0,0,0,0,-,-,-,6729.6,5597,8389,44479824,2812.025
1790439578,s7-ss-tcp,947308,0,0,0,0.8,2.2,4.6,0.0,-,0,0,0.000
1790439578,s8-tuic,947723,0,0,0,0.7,2.1,4.8,0.0,-,0,0,0.000
1790439578,s9-anytls,837053,59,0,0,40.9,42.7,43.7,0.0,-,0,0,0.000
1790439578,s10-vless-xhttp,878251,0,0,0,1.3,32.6,33.3,0.0,-,0,0,0.000
1790439578,s11-http-proxy,936159,0,0,0,2.3,6.6,8.2,0.0,-,0,0,0.000
1790439578,s12-vmess-h3,930923,318,0,0,3.3,7.1,8.1,0.0,-,0,0,0.000
1790439578,__drain__,0,0,0,0,-,-,-,6729.6,2677,4009,44481039,2812.065
1790439608,s7-ss-tcp,947308,0,0,0,0.8,2.2,4.6,0.0,-,0,0,0.000
1790439608,s8-tuic,947723,0,0,0,0.7,2.1,4.8,0.0,-,0,0,0.000
1790439608,s9-anytls,837053,59,0,0,40.9,42.7,43.7,0.0,-,0,0,0.000
1790439608,s10-vless-xhttp,878251,0,0,0,1.3,32.6,33.3,0.0,-,0,0,0.000
1790439608,s11-http-proxy,936159,0,0,0,2.3,6.6,8.2,0.0,-,0,0,0.000
1790439608,s12-vmess-h3,930923,318,0,0,3.3,7.1,8.1,0.0,-,0,0,0.000
1790439608,__drain__,0,0,0,0,-,-,-,6567.1,29,37,44482098,2812.100
1790439638,s7-ss-tcp,947308,0,0,0,0.8,2.2,4.6,0.0,-,0,0,0.000
1790439638,s8-tuic,947723,0,0,0,0.7,2.1,4.8,0.0,-,0,0,0.000
1790439638,s9-anytls,837053,59,0,0,40.9,42.7,43.7,0.0,-,0,0,0.000
1790439638,s10-vless-xhttp,878251,0,0,0,1.3,32.6,33.3,0.0,-,0,0,0.000
1790439638,s11-http-proxy,936159,0,0,0,2.3,6.6,8.2,0.0,-,0,0,0.000
1790439638,s12-vmess-h3,930923,318,0,0,3.3,7.1,8.1,0.0,-,0,0,0.000
1790439638,__drain__,0,0,0,0,-,-,-,6567.1,29,37,44482098,2812.100
1790439668,s7-ss-tcp,947308,0,0,0,0.8,2.2,4.6,0.0,-,0,0,0.000
1790439668,s8-tuic,947723,0,0,0,0.7,2.1,4.8,0.0,-,0,0,0.000
1790439668,s9-anytls,837053,59,0,0,40.9,42.7,43.7,0.0,-,0,0,0.000
1790439668,s10-vless-xhttp,878251,0,0,0,1.3,32.6,33.3,0.0,-,0,0,0.000
1790439668,s11-http-proxy,936159,0,0,0,2.3,6.6,8.2,0.0,-,0,0,0.000
1790439668,s12-vmess-h3,930923,318,0,0,3.3,7.1,8.1,0.0,-,0,0,0.000
1790439668,__drain__,0,0,0,0,-,-,-,6567.1,29,37,44482098,2812.100
