ts,scenario,conn_ok,conn_fail,tx_bps,rx_bps,p50_ms,p95_ms,p99_ms,rss_mb,fd_count,alive_tasks,worker_park,busy_s
1790421592,s1-short,0,0,0,0,-,-,-,0.0,-,0,0,0.000
1790421592,s2-long,0,0,0,0,-,-,-,0.0,-,0,0,0.000
1790421592,s3-quic,0,0,0,0,-,-,-,0.0,-,0,0,0.000
1790421592,s4-mixed-kcp,0,0,0,0,-,-,-,0.0,-,0,0,0.000
1790421592,s5-vmess-ws,0,0,0,0,-,-,-,0.0,-,0,0,0.000
1790421592,s6-trojan-grpc,0,0,0,0,-,-,-,0.0,-,0,0,0.000
1790421592,__proc__,0,0,0,0,-,-,-,15.5,83,92,100,0.013
1790421622,s1-short,1342,0,2818,2818,25.6,50.8,79.3,0.0,-,0,0,0.000
1790421622,s2-long,12,0,1045393,1045393,25.7,49.0,100.0,0.0,-,0,0,0.000
1790421622,s3-quic,12922,0,3528567,3528567,1.8,5.5,13.7,0.0,-,0,0,0.000
1790421622,s4-mixed-kcp,410,0,7572498,7572498,53.5,843.1,990.0,0.0,-,0,0,0.000
1790421622,s5-vmess-ws,1443,0,3030,3030,6.3,44.2,74.1,0.0,-,0,0,0.000
1790421622,s6-trojan-grpc,1487,0,3123,3123,2.7,36.3,77.0,0.0,-,0,0,0.000
1790421622,__proc__,0,0,0,0,-,-,-,347.6,3877,6203,137616,20.375
1790421652,s1-short,2488,0,2407,2407,30.6,60.5,124.5,0.0,-,0,0,0.000
1790421652,s2-long,12,0,0,0,25.7,49.0,100.0,0.0,-,0,0,0.000
1790421652,s3-quic,22544,0,2627447,2627447,1.7,4.8,26.1,0.0,-,0,0,0.000
1790421652,s4-mixed-kcp,757,0,6661836,6661836,55.1,891.7,1091.6,0.0,-,0,0,0.000
1790421652,s5-vmess-ws,2635,0,2503,2503,17.1,53.5,178.2,0.0,-,0,0,0.000
1790421652,s6-trojan-grpc,2756,0,2665,2665,3.0,45.6,225.2,0.0,-,0,0,0.000
1790421652,__proc__,0,0,0,0,-,-,-,529.7,6309,9947,243296,42.072
1790421682,s1-short,3523,0,2174,2174,33.0,69.3,331.8,0.0,-,0,0,0.000
1790421682,s2-long,12,0,0,0,25.7,49.0,100.0,0.0,-,0,0,0.000
1790421682,s3-quic,31100,0,2336358,2336358,2.0,6.5,29.1,0.0,-,0,0,0.000
1790421682,s4-mixed-kcp,1088,0,6324191,6324191,56.8,940.1,1188.8,0.0,-,0,0,0.000
1790421682,s5-vmess-ws,3742,0,2325,2325,23.3,62.3,263.3,0.0,-,0,0,0.000
1790421682,s6-trojan-grpc,3936,0,2478,2478,3.5,51.5,253.2,0.0,-,0,0,0.000
1790421682,__proc__,0,0,0,0,-,-,-,681.6,8682,13384,336471,64.265
1790421712,s1-short,4427,68,1898,1898,33.3,95.1,371.5,0.0,-,0,0,0.000
1790421712,s2-long,12,0,0,0,25.7,49.0,100.0,0.0,-,0,0,0.000
1790421712,s3-quic,41578,48,2861193,2861193,1.6,3.7,11.5,0.0,-,0,0,0.000
1790421712,s4-mixed-kcp,1377,6,6748691,6748691,57.8,946.7,1188.8,0.0,-,0,0,0.000
1790421712,s5-vmess-ws,4659,75,1926,1926,24.1,66.1,289.5,0.0,-,0,0,0.000
1790421712,s6-trojan-grpc,4824,16,1865,1865,3.7,59.0,293.2,0.0,-,0,0,0.000
1790421712,__proc__,0,0,0,0,-,-,-,815.3,10197,15631,453536,82.879
1790421742,s1-short,5533,95,2323,2323,35.0,135.0,372.5,0.0,-,0,0,0.000
1790421742,s2-long,12,0,0,0,25.7,49.0,100.0,0.0,-,0,0,0.000
1790421742,s3-quic,52451,57,2969054,2969054,2.0,6.7,24.8,0.0,-,0,0,0.000
1790421742,s4-mixed-kcp,1475,6,7203676,7203676,60.8,983.9,1188.8,0.0,-,0,0,0.000
1790421742,s5-vmess-ws,5822,103,2442,2442,27.7,100.4,326.5,0.0,-,0,0,0.000
1790421742,s6-trojan-grpc,4862,17,80,80,3.7,59.3,293.2,0.0,-,0,0,0.000
1790421742,__proc__,0,0,0,0,-,-,-,829.4,9847,14862,579442,102.842
1790421772,s1-short,6808,95,2678,2678,32.0,128.0,371.5,0.0,-,0,0,0.000
1790421772,s2-long,12,0,0,0,25.7,49.0,100.0,0.0,-,0,0,0.000
1790421772,s3-quic,65332,57,3517372,3517372,1.3,4.3,18.5,0.0,-,0,0,0.000
1790421772,s4-mixed-kcp,1571,6,7304010,7304010,63.9,991.2,1186.7,0.0,-,0,0,0.000
1790421772,s5-vmess-ws,7182,103,2856,2856,22.4,99.9,326.3,0.0,-,0,0,0.000
1790421772,s6-trojan-grpc,4862,17,0,0,3.7,59.3,293.2,0.0,-,0,0,0.000
1790421772,__proc__,0,0,0,0,-,-,-,835.4,9848,14803,730510,121.010
1790421802,s1-short,8088,95,2688,2688,27.8,99.8,230.8,0.0,-,0,0,0.000
1790421802,s2-long,12,0,0,0,25.7,49.0,100.0,0.0,-,0,0,0.000
1790421802,s3-quic,81075,57,4298889,4298889,1.4,4.6,19.7,0.0,-,0,0,0.000
1790421802,s4-mixed-kcp,1671,6,7410492,7410492,69.3,993.0,1186.7,0.0,-,0,0,0.000
1790421802,s5-vmess-ws,8530,103,2831,2831,17.3,78.8,189.4,0.0,-,0,0,0.000
1790421802,s6-trojan-grpc,4862,17,0,0,3.7,59.3,293.2,0.0,-,0,0,0.000
1790421802,__proc__,0,0,0,0,-,-,-,835.5,9863,14846,912183,139.268
1790421832,s1-short,9327,95,2602,2602,28.2,59.8,148.9,0.0,-,0,0,0.000
1790421832,s2-long,12,0,0,0,25.7,49.0,100.0,0.0,-,0,0,0.000
1790421832,s3-quic,93598,57,3419614,3419614,1.1,3.3,13.9,0.0,-,0,0,0.000
1790421832,s4-mixed-kcp,1760,6,7222778,7222778,78.4,1000.7,1186.7,0.0,-,0,0,0.000
1790421832,s5-vmess-ws,9824,103,2717,2717,18.5,55.9,168.3,0.0,-,0,0,0.000
1790421832,s6-trojan-grpc,4862,17,0,0,3.7,59.3,293.2,0.0,-,0,0,0.000
1790421832,__proc__,0,0,0,0,-,-,-,836.6,9838,14726,1063228,157.426
1790421862,s1-short,10617,95,2709,2709,27.0,56.0,149.8,0.0,-,0,0,0.000
1790421862,s2-long,12,0,0,0,25.7,49.0,100.0,0.0,-,0,0,0.000
1790421862,s3-quic,109159,57,4249190,4249190,1.1,3.4,15.7,0.0,-,0,0,0.000
1790421862,s4-mixed-kcp,1857,6,7272871,7272871,109.0,1000.7,1171.5,0.0,-,0,0,0.000
1790421862,s5-vmess-ws,11181,103,2850,2850,18.4,54.1,188.0,0.0,-,0,0,0.000
1790421862,s6-trojan-grpc,4862,17,0,0,3.7,59.3,293.2,0.0,-,0,0,0.000
1790421862,__proc__,0,0,0,0,-,-,-,836.7,9825,14734,1246535,175.419
1790421892,s1-short,11940,95,2778,2778,26.0,53.6,143.2,0.0,-,0,0,0.000
1790421892,s2-long,12,0,0,0,25.7,49.0,100.0,0.0,-,0,0,0.000
1790421892,s3-quic,128755,57,5351014,5351014,1.0,2.7,11.7,0.0,-,0,0,0.000
1790421892,s4-mixed-kcp,1960,6,7683999,7683999,151.5,996.7,1156.9,0.0,-,0,0,0.000
1790421892,s5-vmess-ws,12586,103,2950,2950,16.9,48.3,154.9,0.0,-,0,0,0.000
1790421892,s6-trojan-grpc,4862,17,0,0,3.7,59.3,293.2,0.0,-,0,0,0.000
1790421892,__proc__,0,0,0,0,-,-,-,842.6,9940,14933,1472875,192.805
1790421922,s1-short,13272,95,2797,2797,22.5,46.6,90.6,0.0,-,0,0,0.000
1790421922,s2-long,12,4,0,0,25.7,49.0,100.0,0.0,-,0,0,0.000
1790421922,s3-quic,146281,57,4785766,4785766,1.1,3.8,14.2,0.0,-,0,0,0.000
1790421922,s4-mixed-kcp,2061,6,7537384,7537384,198.4,996.7,1150.1,0.0,-,0,0,0.000
1790421922,s5-vmess-ws,13977,103,2921,2921,15.2,44.4,92.9,0.0,-,0,0,0.000
1790421922,s6-trojan-grpc,4862,17,0,0,3.7,59.3,293.2,0.0,-,0,0,0.000
1790421922,__proc__,0,0,0,0,-,-,-,848.4,6874,10397,1678531,210.398
1790421952,s1-short,14529,95,2640,2640,22.2,49.3,90.6,0.0,-,0,0,0.000
1790421952,s2-long,12,4,0,0,25.7,49.0,100.0,0.0,-,0,0,0.000
1790421952,s3-quic,162982,57,4560486,4560486,1.1,2.9,11.1,0.0,-,0,0,0.000
1790421952,s4-mixed-kcp,2158,6,7327645,7327645,221.0,1000.4,1146.2,0.0,-,0,0,0.000
1790421952,s5-vmess-ws,15277,103,2730,2730,16.1,48.9,102.0,0.0,-,0,0,0.000
1790421952,s6-trojan-grpc,4862,17,0,0,3.7,59.3,293.2,0.0,-,0,0,0.000
1790421952,__proc__,0,0,0,0,-,-,-,855.2,4360,6566,1864401,228.408
1790421982,s1-short,15833,95,2738,2738,21.7,50.1,106.2,0.0,-,0,0,0.000
1790421982,s2-long,12,4,0,0,25.7,49.0,100.0,0.0,-,0,0,0.000
1790421982,s3-quic,180754,57,4852941,4852941,1.2,3.2,14.4,0.0,-,0,0,0.000
1790421982,s4-mixed-kcp,2260,6,7560875,7560875,249.1,1008.3,1146.1,0.0,-,0,0,0.000
1790421982,s5-vmess-ws,16636,103,2854,2854,16.3,52.0,116.4,0.0,-,0,0,0.000
1790421982,s6-trojan-grpc,4862,17,0,0,3.7,59.3,293.2,0.0,-,0,0,0.000
1790421982,__proc__,0,0,0,0,-,-,-,855.5,1954,2982,2060595,245.697
1790422012,s1-short,17155,95,2776,2776,23.1,51.3,117.0,0.0,-,0,0,0.000
1790422012,s2-long,12,4,0,0,25.7,49.0,100.0,0.0,-,0,0,0.000
1790422012,s3-quic,196724,57,4360875,4360875,1.2,2.8,13.1,0.0,-,0,0,0.000
1790422012,s4-mixed-kcp,2406,8,7795517,7795517,257.4,999.8,1145.7,0.0,-,0,0,0.000
1790422012,s5-vmess-ws,18047,103,2963,2963,16.1,50.8,118.5,0.0,-,0,0,0.000
1790422012,s6-trojan-grpc,5202,24,714,714,4.0,63.5,293.2,0.0,-,0,0,0.000
1790422012,__proc__,0,0,0,0,-,-,-,857.4,1143,1827,2240462,263.467
1790422042,s1-short,18391,95,2596,2596,23.9,53.3,116.4,0.0,-,0,0,0.000
1790422042,s2-long,12,4,0,0,25.7,49.0,100.0,0.0,-,0,0,0.000
1790422042,s3-quic,211306,57,3981858,3981858,1.3,3.4,17.8,0.0,-,0,0,0.000
1790422042,s4-mixed-kcp,2790,8,7298017,7298017,199.6,994.6,1142.8,0.0,-,0,0,0.000
1790422042,s5-vmess-ws,19331,103,2696,2696,16.9,52.0,136.7,0.0,-,0,0,0.000
1790422042,s6-trojan-grpc,6498,25,2722,2722,3.9,60.2,272.2,0.0,-,0,0,0.000
1790422042,__proc__,0,0,0,0,-,-,-,872.4,4100,6581,2405069,283.140
1790422072,s1-short,19540,95,2413,2413,28.3,56.1,134.8,0.0,-,0,0,0.000
1790422072,s2-long,12,4,0,0,25.7,49.0,100.0,0.0,-,0,0,0.000
1790422072,s3-quic,222366,57,3020117,3020117,1.6,3.7,24.9,0.0,-,0,0,0.000
1790422072,s4-mixed-kcp,3141,8,6646286,6646286,164.2,993.9,1141.8,0.0,-,0,0,0.000
1790422072,s5-vmess-ws,20517,103,2491,2491,20.5,55.1,187.6,0.0,-,0,0,0.000
1790422072,s6-trojan-grpc,7768,25,2667,2667,3.5,57.1,241.2,0.0,-,0,0,0.000
1790422072,__proc__,0,0,0,0,-,-,-,908.8,6539,10228,2527603,304.296
1790422102,s1-short,20716,95,2470,2470,30.5,57.5,139.6,0.0,-,0,0,0.000
1790422102,s2-long,12,4,0,0,25.7,49.0,100.0,0.0,-,0,0,0.000
1790422102,s3-quic,235030,57,3458116,3458116,1.4,3.5,16.8,0.0,-,0,0,0.000
1790422102,s4-mixed-kcp,3493,8,7064056,7064056,141.9,993.7,1142.8,0.0,-,0,0,0.000
1790422102,s5-vmess-ws,21717,103,2520,2520,24.7,58.0,217.3,0.0,-,0,0,0.000
1790422102,s6-trojan-grpc,9069,25,2732,2732,3.0,53.8,213.8,0.0,-,0,0,0.000
1790422102,__proc__,0,0,0,0,-,-,-,943.3,9209,14311,2668359,324.672
1790422132,s1-short,21549,187,1749,1749,31.2,65.5,213.4,0.0,-,0,0,0.000
1790422132,s2-long,12,4,0,0,25.7,49.0,100.0,0.0,-,0,0,0.000
1790422132,s3-quic,245497,131,2858189,2858189,1.7,4.0,10.6,0.0,-,0,0,0.000
1790422132,s4-mixed-kcp,3724,13,6859761,6859761,139.5,994.1,1146.0,0.0,-,0,0,0.000
1790422132,s5-vmess-ws,22543,200,1735,1735,26.1,69.5,263.3,0.0,-,0,0,0.000
1790422132,s6-trojan-grpc,9715,65,1357,1357,3.1,57.3,235.3,0.0,-,0,0,0.000
1790422132,__proc__,0,0,0,0,-,-,-,960.0,10129,15556,2788680,342.870
1790422162,s1-short,22824,187,2678,2678,31.0,65.5,207.0,0.0,-,0,0,0.000
1790422162,s2-long,12,4,0,0,25.7,49.0,100.0,0.0,-,0,0,0.000
1790422162,s3-quic,258637,131,3588096,3588096,1.6,4.4,19.7,0.0,-,0,0,0.000
1790422162,s4-mixed-kcp,3831,13,7653091,7653091,150.6,994.1,1145.7,0.0,-,0,0,0.000
1790422162,s5-vmess-ws,23890,200,2829,2829,24.9,65.2,247.1,0.0,-,0,0,0.000
1790422162,s6-trojan-grpc,9715,65,0,0,3.1,57.3,235.3,0.0,-,0,0,0.000
1790422162,__proc__,0,0,0,0,-,-,-,960.1,9814,14770,2931391,361.212
1790422192,s1-short,24097,187,2673,2673,30.1,64.5,169.9,0.0,-,0,0,0.000
1790422192,s2-long,12,4,0,0,25.7,49.0,100.0,0.0,-,0,0,0.000
1790422192,s3-quic,270978,131,3369916,3369916,1.6,3.9,20.6,0.0,-,0,0,0.000
1790422192,s4-mixed-kcp,3943,13,7563212,7563212,177.1,993.9,1145.7,0.0,-,0,0,0.000
1790422192,s5-vmess-ws,25240,200,2835,2835,22.0,64.1,183.5,0.0,-,0,0,0.000
1790422192,s6-trojan-grpc,9715,65,0,0,3.1,57.3,235.3,0.0,-,0,0,0.000
1790422192,__proc__,0,0,0,0,-,-,-,960.1,9846,14811,3068093,379.555
1790422222,s1-short,25343,187,2617,2617,31.3,60.9,157.0,0.0,-,0,0,0.000
1790422222,s2-long,12,4,0,0,25.7,49.0,100.0,0.0,-,0,0,0.000
1790422222,s3-quic,282504,131,3147366,3147366,1.6,4.3,21.8,0.0,-,0,0,0.000
1790422222,s4-mixed-kcp,4046,13,7438998,7438998,197.3,994.4,1146.0,0.0,-,0,0,0.000
1790422222,s5-vmess-ws,26559,200,2770,2770,21.8,57.5,143.2,0.0,-,0,0,0.000
1790422222,s6-trojan-grpc,9715,65,0,0,3.1,57.3,235.3,0.0,-,0,0,0.000
1790422222,__proc__,0,0,0,0,-,-,-,960.5,9834,14710,3198120,398.285
1790422252,s1-short,26609,187,2659,2659,32.3,59.2,144.5,0.0,-,0,0,0.000
1790422252,s2-long,12,4,0,0,25.7,49.0,100.0,0.0,-,0,0,0.000
1790422252,s3-quic,294342,131,3232563,3232563,1.8,4.4,25.1,0.0,-,0,0,0.000
1790422252,s4-mixed-kcp,4150,13,7510910,7510910,201.3,994.5,1146.0,0.0,-,0,0,0.000
1790422252,s5-vmess-ws,27905,200,2827,2827,22.5,56.5,144.7,0.0,-,0,0,0.000
1790422252,s6-trojan-grpc,9715,65,0,0,3.1,57.3,235.3,0.0,-,0,0,0.000
1790422252,__proc__,0,0,0,0,-,-,-,960.5,9800,14745,3328333,416.348
1790422282,s1-short,27896,187,2703,2703,31.4,54.0,150.8,0.0,-,0,0,0.000
1790422282,s2-long,12,4,0,0,25.7,49.0,100.0,0.0,-,0,0,0.000
1790422282,s3-quic,308088,131,3753574,3753574,1.1,2.8,14.4,0.0,-,0,0,0.000
1790422282,s4-mixed-kcp,4255,13,7663729,7663729,238.9,995.4,1146.0,0.0,-,0,0,0.000
1790422282,s5-vmess-ws,29267,200,2860,2860,20.7,51.9,151.5,0.0,-,0,0,0.000
1790422282,s6-trojan-grpc,9715,65,0,0,3.1,57.3,235.3,0.0,-,0,0,0.000
1790422282,__proc__,0,0,0,0,-,-,-,960.5,9826,14820,3478003,434.458
1790422312,s1-short,29151,187,2636,2636,31.4,59.8,143.9,0.0,-,0,0,0.000
1790422312,s2-long,12,4,0,0,25.7,49.0,100.0,0.0,-,0,0,0.000
1790422312,s3-quic,320763,131,3461120,3461120,1.6,4.4,18.8,0.0,-,0,0,0.000
1790422312,s4-mixed-kcp,4357,13,7419223,7419223,249.0,996.0,1146.0,0.0,-,0,0,0.000
1790422312,s5-vmess-ws,30586,200,2770,2770,20.5,57.5,152.3,0.0,-,0,0,0.000
1790422312,s6-trojan-grpc,9715,65,0,0,3.1,57.3,235.3,0.0,-,0,0,0.000
1790422312,__proc__,0,0,0,0,-,-,-,960.5,9131,13720,3616261,452.871
1790422342,s1-short,30474,187,2778,2778,27.7,50.6,131.2,0.0,-,0,0,0.000
1790422342,s2-long,12,4,0,0,25.7,49.0,100.0,0.0,-,0,0,0.000
1790422342,s3-quic,338227,131,4768836,4768836,1.1,2.9,11.6,0.0,-,0,0,0.000
1790422342,s4-mixed-kcp,4467,13,7740386,7740386,278.5,996.2,1146.0,0.0,-,0,0,0.000
1790422342,s5-vmess-ws,31975,200,2917,2917,17.7,50.8,143.7,0.0,-,0,0,0.000
1790422342,s6-trojan-grpc,9715,65,0,0,3.1,57.3,235.3,0.0,-,0,0,0.000
1790422342,__proc__,0,0,0,0,-,-,-,960.5,6541,9870,3803780,470.187
1790422372,s1-short,31730,187,2638,2638,27.5,51.1,131.7,0.0,-,0,0,0.000
1790422372,s2-long,12,4,0,0,25.7,49.0,100.0,0.0,-,0,0,0.000
1790422372,s3-quic,350714,131,3409783,3409783,1.5,3.9,18.0,0.0,-,0,0,0.000
1790422372,s4-mixed-kcp,4578,13,7258894,7258894,298.3,996.4,1146.0,0.0,-,0,0,0.000
1790422372,s5-vmess-ws,33293,200,2768,2768,18.6,52.2,145.3,0.0,-,0,0,0.000
1790422372,s6-trojan-grpc,9715,65,0,0,3.1,57.3,235.3,0.0,-,0,0,0.000
1790422372,__proc__,0,0,0,0,-,-,-,960.5,4011,6092,3940375,488.273
1790422402,s1-short,33013,187,2694,2694,27.0,50.6,134.5,0.0,-,0,0,0.000
1790422402,s2-long,12,4,0,0,25.7,49.0,100.0,0.0,-,0,0,0.000
1790422402,s3-quic,364176,131,3676023,3676023,1.6,3.4,21.2,0.0,-,0,0,0.000
1790422402,s4-mixed-kcp,4678,13,7554426,7554426,313.3,996.2,1145.5,0.0,-,0,0,0.000
1790422402,s5-vmess-ws,34656,200,2862,2862,17.7,50.9,126.3,0.0,-,0,0,0.000
1790422402,s6-trojan-grpc,9715,65,0,0,3.1,57.3,235.3,0.0,-,0,0,0.000
1790422402,__proc__,0,0,0,0,-,-,-,960.5,1465,2168,4086408,506.037
1790422432,s1-short,34337,187,2780,2780,27.9,51.2,120.6,0.0,-,0,0,0.000
1790422432,s2-long,12,4,0,0,25.7,49.0,100.0,0.0,-,0,0,0.000
1790422432,s3-quic,378053,131,3789346,3789346,1.6,3.3,18.6,0.0,-,0,0,0.000
1790422432,s4-mixed-kcp,4895,15,7961943,7961943,341.8,995.4,1144.2,0.0,-,0,0,0.000
1790422432,s5-vmess-ws,36080,200,2990,2990,17.8,50.5,128.3,0.0,-,0,0,0.000
1790422432,s6-trojan-grpc,10246,73,1115,1115,3.1,57.4,235.2,0.0,-,0,0,0.000
1790422432,__proc__,0,0,0,0,-,-,-,940.5,1522,2484,4240511,524.201
1790422462,s1-short,35524,187,2493,2493,28.8,52.7,147.6,0.0,-,0,0,0.000
1790422462,s2-long,12,4,0,0,25.7,49.0,100.0,0.0,-,0,0,0.000
1790422462,s3-quic,389818,131,3212629,3212629,1.7,3.7,22.1,0.0,-,0,0,0.000
1790422462,s4-mixed-kcp,5255,15,7000114,7000114,342.4,994.6,1097.6,0.0,-,0,0,0.000
1790422462,s5-vmess-ws,37320,200,2604,2604,19.1,50.5,118.0,0.0,-,0,0,0.000
1790422462,s6-trojan-grpc,11584,73,2810,2810,2.9,55.3,234.0,0.0,-,0,0,0.000
1790422462,__proc__,0,0,0,0,-,-,-,939.5,4536,7301,4368799,544.642
1790422492,s1-short,36693,187,2455,2455,30.2,52.4,185.1,0.0,-,0,0,0.000
1790422492,s2-long,12,4,0,0,25.7,49.0,100.0,0.0,-,0,0,0.000
1790422492,s3-quic,401539,131,3200614,3200614,1.5,3.2,22.4,0.0,-,0,0,0.000
1790422492,s4-mixed-kcp,5611,15,7035136,7035136,297.4,994.3,1097.7,0.0,-,0,0,0.000
1790422492,s5-vmess-ws,38522,200,2524,2524,22.9,50.4,192.3,0.0,-,0,0,0.000
1790422492,s6-trojan-grpc,12872,73,2705,2705,2.7,58.4,240.7,0.0,-,0,0,0.000
1790422492,__proc__,0,0,0,0,-,-,-,947.9,7103,11157,4494989,565.319
1790422522,s1-short,37904,187,2543,2543,30.6,54.8,220.0,0.0,-,0,0,0.000
1790422522,s2-long,12,4,0,0,25.7,49.0,100.0,0.0,-,0,0,0.000
1790422522,s3-quic,416188,131,4000154,4000154,1.1,2.1,9.7,0.0,-,0,0,0.000
1790422522,s4-mixed-kcp,5988,15,7013556,7013556,202.7,992.3,1097.0,0.0,-,0,0,0.000
1790422522,s5-vmess-ws,39789,200,2661,2661,24.9,53.7,227.5,0.0,-,0,0,0.000
1790422522,s6-trojan-grpc,14235,73,2862,2862,2.6,49.6,236.1,0.0,-,0,0,0.000
1790422522,__proc__,0,0,0,0,-,-,-,958.7,9923,15451,4654787,584.999
1790422552,s1-short,38917,250,2127,2127,28.6,60.6,255.2,0.0,-,0,0,0.000
1790422552,s2-long,12,4,0,0,25.7,49.0,100.0,0.0,-,0,0,0.000
1790422552,s3-quic,435288,183,5215573,5215573,1.1,1.9,8.5,0.0,-,0,0,0.000
1790422552,s4-mixed-kcp,6248,19,7690011,7690011,177.1,991.0,1096.1,0.0,-,0,0,0.000
1790422552,s5-vmess-ws,40823,275,2171,2171,22.5,58.7,256.5,0.0,-,0,0,0.000
1790422552,s6-trojan-grpc,14511,89,580,580,2.5,52.3,250.1,0.0,-,0,0,0.000
1790422552,__proc__,0,0,0,0,-,-,-,961.6,10088,15553,4865018,600.992
1790422582,s1-short,40341,250,2990,2990,20.5,57.9,185.9,0.0,-,0,0,0.000
1790422582,s2-long,12,4,0,0,25.7,49.0,100.0,0.0,-,0,0,0.000
1790422582,s3-quic,457030,183,5937015,5937015,1.1,2.5,7.8,0.0,-,0,0,0.000
1790422582,s4-mixed-kcp,6522,19,7936483,7936483,141.7,973.2,1095.7,0.0,-,0,0,0.000
1790422582,s5-vmess-ws,42327,275,3158,3158,9.9,46.4,208.0,0.0,-,0,0,0.000
1790422582,s6-trojan-grpc,14511,89,0,0,2.5,52.3,250.1,0.0,-,0,0,0.000
1790422582,__proc__,0,0,0,0,-,-,-,961.6,10085,15515,5102639,618.258
1790422612,s1-short,41575,250,2591,2591,20.0,63.2,201.6,0.0,-,0,0,0.000
1790422612,s2-long,12,4,0,0,25.7,49.0,100.0,0.0,-,0,0,0.000
1790422612,s3-quic,469806,183,3488700,3488700,1.8,4.4,25.3,0.0,-,0,0,0.000
1790422612,s4-mixed-kcp,6759,19,7293739,7293739,149.3,981.4,1096.1,0.0,-,0,0,0.000
1790422612,s5-vmess-ws,43615,275,2705,2705,11.5,50.7,182.0,0.0,-,0,0,0.000
1790422612,s6-trojan-grpc,14511,89,0,0,2.5,52.3,250.1,0.0,-,0,0,0.000
1790422612,__proc__,0,0,0,0,-,-,-,975.7,10019,15357,5248167,637.339
1790422642,s1-short,42810,250,2594,2594,23.6,61.7,187.3,0.0,-,0,0,0.000
1790422642,s2-long,12,4,0,0,25.7,49.0,100.0,0.0,-,0,0,0.000
1790422642,s3-quic,482408,183,3441186,3441186,1.4,4.0,21.1,0.0,-,0,0,0.000
1790422642,s4-mixed-kcp,7004,19,7665809,7665809,150.3,990.6,1096.3,0.0,-,0,0,0.000
1790422642,s5-vmess-ws,44914,275,2728,2728,14.5,54.5,154.9,0.0,-,0,0,0.000
1790422642,s6-trojan-grpc,14511,89,0,0,2.5,52.3,250.1,0.0,-,0,0,0.000
1790422642,__proc__,0,0,0,0,-,-,-,975.8,10001,15299,5386200,656.241
1790422672,s1-short,44075,250,2656,2656,29.5,68.0,196.7,0.0,-,0,0,0.000
1790422672,s2-long,12,4,0,0,25.7,49.0,100.0,0.0,-,0,0,0.000
1790422672,s3-quic,495642,183,3613764,3613764,1.5,3.7,20.4,0.0,-,0,0,0.000
1790422672,s4-mixed-kcp,7248,19,7520542,7520542,155.7,988.6,1095.6,0.0,-,0,0,0.000
1790422672,s5-vmess-ws,46246,275,2797,2797,22.2,65.0,181.6,0.0,-,0,0,0.000
1790422672,s6-trojan-grpc,14511,89,0,0,2.5,52.3,250.1,0.0,-,0,0,0.000
1790422672,__proc__,0,0,0,0,-,-,-,975.8,10000,15291,5530674,675.114
1790422702,s1-short,45293,250,2558,2558,32.0,76.3,213.4,0.0,-,0,0,0.000
1790422702,s2-long,12,4,0,0,25.7,49.0,100.0,0.0,-,0,0,0.000
1790422702,s3-quic,507329,183,3191330,3191330,2.0,5.8,27.2,0.0,-,0,0,0.000
1790422702,s4-mixed-kcp,7483,19,7289143,7289143,172.2,988.5,1094.3,0.0,-,0,0,0.000
1790422702,s5-vmess-ws,47544,275,2726,2726,21.6,70.7,202.2,0.0,-,0,0,0.000
1790422702,s6-trojan-grpc,14511,89,0,0,2.5,52.3,250.1,0.0,-,0,0,0.000
1790422702,__proc__,0,0,0,0,-,-,-,975.9,10000,15268,5661518,694.972
1790422732,s1-short,46547,250,2633,2633,31.0,83.2,207.2,0.0,-,0,0,0.000
1790422732,s2-long,12,4,0,0,25.7,49.0,100.0,0.0,-,0,0,0.000
1790422732,s3-quic,519886,183,3428898,3428898,1.4,4.7,20.8,0.0,-,0,0,0.000
1790422732,s4-mixed-kcp,7735,19,7569494,7569494,189.4,960.2,1093.7,0.0,-,0,0,0.000
1790422732,s5-vmess-ws,48872,275,2789,2789,20.3,70.3,197.4,0.0,-,0,0,0.000
1790422732,s6-trojan-grpc,14511,89,0,0,2.5,52.3,250.1,0.0,-,0,0,0.000
1790422732,__proc__,0,0,0,0,-,-,-,976.0,8944,13710,5800886,714.099
1790422762,s1-short,47829,250,2692,2692,29.0,70.5,206.9,0.0,-,0,0,0.000
1790422762,s2-long,12,4,0,0,25.7,49.0,100.0,0.0,-,0,0,0.000
1790422762,s3-quic,536057,183,4415761,4415761,1.3,3.8,15.4,0.0,-,0,0,0.000
1790422762,s4-mixed-kcp,7986,19,7343708,7343708,148.7,946.5,1091.6,0.0,-,0,0,0.000
1790422762,s5-vmess-ws,50215,275,2820,2820,19.0,70.2,196.8,0.0,-,0,0,0.000
1790422762,s6-trojan-grpc,14511,89,0,0,2.5,52.3,250.1,0.0,-,0,0,0.000
1790422762,__proc__,0,0,0,0,-,-,-,976.0,6283,9654,5980196,732.029
1790422792,s1-short,49059,250,2583,2583,29.9,62.0,199.4,0.0,-,0,0,0.000
1790422792,s2-long,12,4,0,0,25.7,49.0,100.0,0.0,-,0,0,0.000
1790422792,s3-quic,548519,183,3402957,3402957,1.3,3.8,16.4,0.0,-,0,0,0.000
1790422792,s4-mixed-kcp,8219,19,7206790,7206790,104.6,945.7,1090.8,0.0,-,0,0,0.000
1790422792,s5-vmess-ws,51494,275,2686,2686,20.9,65.1,185.6,0.0,-,0,0,0.000
1790422792,s6-trojan-grpc,14511,89,0,0,2.5,52.3,250.1,0.0,-,0,0,0.000
1790422792,__proc__,0,0,0,0,-,-,-,976.0,3692,5845,6117673,751.226
1790422822,s1-short,50356,250,2724,2724,27.0,53.8,160.9,0.0,-,0,0,0.000
1790422822,s2-long,12,4,0,0,25.7,49.0,100.0,0.0,-,0,0,0.000
1790422822,s3-quic,564942,183,4484574,4484574,1.1,2.6,12.7,0.0,-,0,0,0.000
1790422822,s4-mixed-kcp,8470,19,7648454,7648454,74.0,941.6,1084.8,0.0,-,0,0,0.000
1790422822,s5-vmess-ws,52855,275,2858,2858,19.7,54.1,183.2,0.0,-,0,0,0.000
1790422822,s6-trojan-grpc,14511,89,0,0,2.5,52.3,250.1,0.0,-,0,0,0.000
1790422822,__proc__,0,0,0,0,-,-,-,976.0,1045,1805,6297540,769.235
1790422852,s1-short,51679,250,2778,2778,25.7,55.8,160.9,0.0,-,0,0,0.000
1790422852,s2-long,12,4,0,0,25.7,49.0,100.0,0.0,-,0,0,0.000
1790422852,s3-quic,584025,183,5210931,5210931,1.1,2.3,9.8,0.0,-,0,0,0.000
1790422852,s4-mixed-kcp,8856,20,7600019,7600019,60.2,914.2,1059.3,0.0,-,0,0,0.000
1790422852,s5-vmess-ws,54237,275,2902,2902,18.1,52.6,169.9,0.0,-,0,0,0.000
1790422852,s6-trojan-grpc,15561,97,2205,2205,2.3,49.4,247.2,0.0,-,0,0,0.000
1790422852,__proc__,0,0,0,0,-,-,-,958.6,2957,4855,6510049,787.258
1790422882,s1-short,52888,250,2539,2539,23.3,54.6,146.4,0.0,-,0,0,0.000
1790422882,s2-long,12,4,0,0,25.7,49.0,100.0,0.0,-,0,0,0.000
1790422882,s3-quic,599594,183,4251375,4251375,1.1,2.2,8.4,0.0,-,0,0,0.000
1790422882,s4-mixed-kcp,9238,20,6771050,6771050,59.8,916.9,1084.4,0.0,-,0,0,0.000
1790422882,s5-vmess-ws,55490,275,2631,2631,16.8,54.7,159.5,0.0,-,0,0,0.000
1790422882,s6-trojan-grpc,16914,97,2841,2841,2.1,48.8,224.1,0.0,-,0,0,0.000
1790422882,__proc__,0,0,0,0,-,-,-,958.6,5645,9032,6681609,806.997
1790422912,s1-short,54104,250,2554,2554,22.1,51.3,112.7,0.0,-,0,0,0.000
1790422912,s2-long,12,4,0,0,25.7,49.0,100.0,0.0,-,0,0,0.000
1790422912,s3-quic,616668,183,4662340,4662340,1.1,2.6,12.5,0.0,-,0,0,0.000
1790422912,s4-mixed-kcp,9627,20,7034279,7034279,58.7,901.8,1052.7,0.0,-,0,0,0.000
1790422912,s5-vmess-ws,56741,275,2627,2627,17.6,52.3,181.8,0.0,-,0,0,0.000
1790422912,s6-trojan-grpc,18296,97,2902,2902,1.8,47.8,228.6,0.0,-,0,0,0.000
1790422912,__proc__,0,0,0,0,-,-,-,968.7,8424,13166,6870823,826.095
1790422942,s1-short,55139,297,2174,2174,23.0,54.8,180.7,0.0,-,0,0,0.000
1790422942,s2-long,12,4,0,0,25.7,49.0,100.0,0.0,-,0,0,0.000
1790422942,s3-quic,630633,218,3813376,3813376,1.3,3.7,13.3,0.0,-,0,0,0.000
1790422942,s4-mixed-kcp,9946,23,6740109,6740109,59.1,903.0,1080.2,0.0,-,0,0,0.000
1790422942,s5-vmess-ws,57782,323,2186,2186,18.8,55.6,203.9,0.0,-,0,0,0.000
1790422942,s6-trojan-grpc,19293,109,2094,2094,1.9,47.4,190.8,0.0,-,0,0,0.000
1790422942,__proc__,0,0,0,0,-,-,-,975.5,10176,15696,7028615,844.887
1790422972,s1-short,56432,298,2715,2715,22.4,51.9,180.8,0.0,-,0,0,0.000
1790422972,s2-long,12,4,0,0,25.7,49.0,100.0,0.0,-,0,0,0.000
1790422972,s3-quic,647989,218,4739345,4739345,1.1,2.5,10.5,0.0,-,0,0,0.000
1790422972,s4-mixed-kcp,10053,23,7386011,7386011,61.3,906.4,1080.2,0.0,-,0,0,0.000
1790422972,s5-vmess-ws,59134,323,2839,2839,17.8,51.7,200.3,0.0,-,0,0,0.000
1790422972,s6-trojan-grpc,19473,109,378,378,1.9,47.4,195.0,0.0,-,0,0,0.000
1790422972,__proc__,0,0,0,0,-,-,-,976.5,10078,15313,7221542,862.870
1790423002,s1-short,57241,429,1699,1699,21.7,55.2,167.2,0.0,-,0,0,0.000
1790423002,s2-long,12,4,0,0,25.7,49.0,100.0,0.0,-,0,0,0.000
1790423002,s3-quic,662141,341,3864439,3864439,1.3,3.2,6.4,0.0,-,0,0,0.000
1790423002,s4-mixed-kcp,10151,23,7609937,7609937,64.0,930.8,1084.4,0.0,-,0,0,0.000
1790423002,s5-vmess-ws,60048,447,1919,1919,16.4,55.6,193.9,0.0,-,0,0,0.000
1790423002,s6-trojan-grpc,19561,111,185,185,1.9,47.6,195.0,0.0,-,0,0,0.000
1790423002,__proc__,0,0,0,0,-,-,-,978.8,10207,15347,7386605,877.021
1790423032,s1-short,58014,580,1623,1623,20.4,74.3,235.2,0.0,-,0,0,0.000
1790423032,s2-long,12,4,0,0,25.7,49.0,100.0,0.0,-,0,0,0.000
1790423032,s3-quic,673353,462,3061623,3061623,1.7,4.0,10.1,0.0,-,0,0,0.000
1790423032,s4-mixed-kcp,10257,23,7900469,7900469,67.0,935.8,1080.2,0.0,-,0,0,0.000
1790423032,s5-vmess-ws,60817,598,1615,1615,13.1,61.1,187.9,0.0,-,0,0,0.000
1790423032,s6-trojan-grpc,19561,111,0,0,1.9,47.6,195.0,0.0,-,0,0,0.000
1790423032,__proc__,0,0,0,0,-,-,-,979.7,10211,15374,7515150,891.802
1790423062,s1-short,58612,748,1256,1256,18.9,101.9,292.5,0.0,-,0,0,0.000
1790423062,s2-long,12,4,0,0,25.7,49.0,100.0,0.0,-,0,0,0.000
1790423062,s3-quic,684389,648,3013564,3013564,1.3,3.0,5.4,0.0,-,0,0,0.000
1790423062,s4-mixed-kcp,10370,23,7910833,7910833,70.6,936.2,1080.2,0.0,-,0,0,0.000
1790423062,s5-vmess-ws,61367,798,1155,1155,7.0,88.6,248.9,0.0,-,0,0,0.000
1790423062,s6-trojan-grpc,19561,111,0,0,1.9,47.6,195.0,0.0,-,0,0,0.000
1790423062,__proc__,0,0,0,0,-,-,-,980.0,10212,15343,7643029,904.535
1790423092,s1-short,59215,911,1266,1266,17.7,104.3,276.5,0.0,-,0,0,0.000
1790423092,s2-long,12,4,0,0,25.7,49.0,100.0,0.0,-,0,0,0.000
1790423092,s3-quic,695104,806,2925909,2925909,1.7,3.5,6.5,0.0,-,0,0,0.000
1790423092,s4-mixed-kcp,10476,23,8035342,8035342,80.2,940.4,1080.2,0.0,-,0,0,0.000
1790423092,s5-vmess-ws,61989,969,1306,1306,3.6,94.3,195.8,0.0,-,0,0,0.000
1790423092,s6-trojan-grpc,19561,111,0,0,1.9,47.6,195.0,0.0,-,0,0,0.000
1790423092,__proc__,0,0,0,0,-,-,-,980.1,10232,15398,7766488,918.201
1790423122,s1-short,59835,1081,1302,1302,15.9,109.8,311.3,0.0,-,0,0,0.000
1790423122,s2-long,12,4,0,0,25.7,49.0,100.0,0.0,-,0,0,0.000
1790423122,s3-quic,707044,967,3260416,3260416,1.7,3.8,7.0,0.0,-,0,0,0.000
1790423122,s4-mixed-kcp,10575,23,8023204,8023204,101.0,941.3,1080.2,0.0,-,0,0,0.000
1790423122,s5-vmess-ws,62707,1135,1508,1508,2.5,102.6,252.6,0.0,-,0,0,0.000
1790423122,s6-trojan-grpc,19561,111,0,0,1.9,47.6,195.0,0.0,-,0,0,0.000
1790423122,__proc__,0,0,0,0,-,-,-,980.2,10205,15365,7900126,931.541
1790423152,s1-short,61002,1112,2451,2451,15.5,115.5,311.3,0.0,-,0,0,0.000
1790423152,s2-long,12,4,0,0,25.7,49.0,100.0,0.0,-,0,0,0.000
1790423152,s3-quic,719685,997,3451836,3451836,1.6,5.0,21.8,0.0,-,0,0,0.000
1790423152,s4-mixed-kcp,10685,23,7685925,7685925,110.5,942.1,1080.2,0.0,-,0,0,0.000
1790423152,s5-vmess-ws,63982,1167,2678,2678,2.5,102.6,234.1,0.0,-,0,0,0.000
1790423152,s6-trojan-grpc,19561,111,0,0,1.9,47.6,195.0,0.0,-,0,0,0.000
1790423152,__proc__,0,0,0,0,-,-,-,984.9,8128,12285,8035028,949.253
1790423182,s1-short,62237,1112,2594,2594,21.6,108.3,248.6,0.0,-,0,0,0.000
1790423182,s2-long,12,4,0,0,25.7,49.0,100.0,0.0,-,0,0,0.000
1790423182,s3-quic,732183,997,3412787,3412787,1.5,3.8,17.6,0.0,-,0,0,0.000
1790423182,s4-mixed-kcp,10792,23,7237488,7237488,138.5,943.9,1079.1,0.0,-,0,0,0.000
1790423182,s5-vmess-ws,65272,1167,2709,2709,5.7,83.1,246.4,0.0,-,0,0,0.000
1790423182,s6-trojan-grpc,19561,111,0,0,1.9,47.6,195.0,0.0,-,0,0,0.000
1790423182,__proc__,0,0,0,0,-,-,-,984.9,5416,8177,8173603,967.271
1790423212,s1-short,63518,1112,2690,2690,28.1,56.5,176.0,0.0,-,0,0,0.000
1790423212,s2-long,12,4,0,0,25.7,49.0,100.0,0.0,-,0,0,0.000
1790423212,s3-quic,744662,997,3407599,3407599,1.5,3.5,18.7,0.0,-,0,0,0.000
1790423212,s4-mixed-kcp,10891,23,7283775,7283775,149.7,944.3,1072.6,0.0,-,0,0,0.000
1790423212,s5-vmess-ws,66616,1167,2822,2822,19.2,50.5,156.0,0.0,-,0,0,0.000
1790423212,s6-trojan-grpc,19561,111,0,0,1.9,47.6,195.0,0.0,-,0,0,0.000
1790423212,__proc__,0,0,0,0,-,-,-,984.9,2696,4047,8313221,985.195
1790423242,s1-short,64831,1112,2757,2757,29.6,51.8,135.1,0.0,-,0,0,0.000
1790423242,s2-long,12,4,0,0,25.7,49.0,100.0,0.0,-,0,0,0.000
1790423242,s3-quic,759178,997,3963836,3963836,1.2,2.8,14.3,0.0,-,0,0,0.000
1790423242,s4-mixed-kcp,11034,25,7577163,7577163,154.6,944.6,1079.1,0.0,-,0,0,0.000
1790423242,s5-vmess-ws,67996,1167,2898,2898,22.7,51.3,135.5,0.0,-,0,0,0.000
1790423242,s6-trojan-grpc,19884,118,678,678,1.9,46.3,187.9,0.0,-,0,0,0.000
1790423242,__proc__,0,0,0,0,-,-,-,984.9,1490,2358,8473882,1003.555
1790423272,s1-short,66079,1112,2621,2621,29.0,46.3,68.5,0.0,-,0,0,0.000
1790423272,s2-long,12,4,0,0,25.7,49.0,100.0,0.0,-,0,0,0.000
1790423272,s3-quic,772963,997,3764224,3764224,1.3,2.9,17.0,0.0,-,0,0,0.000
1790423272,s4-mixed-kcp,11419,25,7181638,7181638,149.7,944.5,1079.1,0.0,-,0,0,0.000
1790423272,s5-vmess-ws,69283,1167,2703,2703,23.1,48.1,131.0,0.0,-,0,0,0.000
1790423272,s6-trojan-grpc,21105,118,2564,2564,2.1,45.8,169.8,0.0,-,0,0,0.000
1790423272,__proc__,0,0,0,0,-,-,-,984.9,4084,6504,8628545,1022.793
1790423302,s1-short,67311,1112,2587,2587,27.8,46.2,68.5,0.0,-,0,0,0.000
1790423302,s2-long,12,4,0,0,25.7,49.0,100.0,0.0,-,0,0,0.000
1790423302,s3-quic,788100,997,4133410,4133410,1.4,3.2,18.1,0.0,-,0,0,0.000
1790423302,s4-mixed-kcp,11806,25,7182086,7182086,138.0,944.3,1081.1,0.0,-,0,0,0.000
1790423302,s5-vmess-ws,70555,1167,2671,2671,22.5,47.5,137.0,0.0,-,0,0,0.000
1790423302,s6-trojan-grpc,22412,119,2745,2745,2.1,43.6,169.5,0.0,-,0,0,0.000
1790423302,__proc__,0,0,0,0,-,-,-,971.5,6566,10296,8793889,1042.246
1790423332,s1-short,68427,1112,2344,2344,28.5,49.1,159.0,0.0,-,0,0,0.000
1790423332,s2-long,12,4,0,0,25.7,49.0,100.0,0.0,-,0,0,0.000
1790423332,s3-quic,798985,997,2972331,2972331,1.5,4.0,19.3,0.0,-,0,0,0.000
1790423332,s4-mixed-kcp,12142,25,6447722,6447722,112.8,944.3,1093.3,0.0,-,0,0,0.000
1790423332,s5-vmess-ws,71721,1167,2449,2449,23.2,50.8,217.0,0.0,-,0,0,0.000
1790423332,s6-trojan-grpc,23655,119,2610,2610,2.5,47.7,203.8,0.0,-,0,0,0.000
1790423332,__proc__,0,0,0,0,-,-,-,979.0,8922,13886,8915569,1063.527
1790423362,s1-short,69276,1199,1783,1783,29.5,56.9,259.8,0.0,-,0,0,0.000
1790423362,s2-long,12,4,0,0,25.7,49.0,100.0,0.0,-,0,0,0.000
1790423362,s3-quic,809383,1057,2839347,2839347,1.7,3.7,8.7,0.0,-,0,0,0.000
1790423362,s4-mixed-kcp,12430,36,6780828,6780828,108.0,944.3,1095.5,0.0,-,0,0,0.000
1790423362,s5-vmess-ws,72605,1259,1856,1856,23.5,56.6,261.2,0.0,-,0,0,0.000
1790423362,s6-trojan-grpc,24378,138,1518,1518,2.6,52.9,274.1,0.0,-,0,0,0.000
1790423362,__proc__,0,0,0,0,-,-,-,984.5,10164,15666,9033895,1082.595
1790423392,s1-short,70578,1199,2734,2734,29.8,63.6,259.8,0.0,-,0,0,0.000
1790423392,s2-long,12,4,0,0,25.7,49.0,100.0,0.0,-,0,0,0.000
1790423392,s3-quic,822782,1057,3658820,3658820,1.6,3.8,18.4,0.0,-,0,0,0.000
1790423392,s4-mixed-kcp,12682,36,7741328,7741328,113.2,944.5,1095.5,0.0,-,0,0,0.000
1790423392,s5-vmess-ws,73974,1261,2875,2875,22.2,60.0,261.2,0.0,-,0,0,0.000
1790423392,s6-trojan-grpc,24378,138,0,0,2.6,52.9,274.1,0.0,-,0,0,0.000
1790423392,__proc__,0,0,0,0,-,-,-,985.1,10047,15364,9177543,1101.238
1790423422,s1-short,71876,1199,2726,2726,28.5,64.2,259.8,0.0,-,0,0,0.000
1790423422,s2-long,12,4,0,0,25.7,49.0,100.0,0.0,-,0,0,0.000
1790423422,s3-quic,836763,1057,3817745,3817745,1.4,3.7,16.6,0.0,-,0,0,0.000
1790423422,s4-mixed-kcp,12943,36,7512132,7512132,145.6,944.5,1095.5,0.0,-,0,0,0.000
1790423422,s5-vmess-ws,75343,1261,2875,2875,20.1,56.5,200.6,0.0,-,0,0,0.000
1790423422,s6-trojan-grpc,24378,138,0,0,2.6,52.9,274.1,0.0,-,0,0,0.000
1790423422,__proc__,0,0,0,0,-,-,-,985.1,10062,15404,9334022,1119.497
1790423452,s1-short,73150,1199,2675,2675,27.4,57.3,165.6,0.0,-,0,0,0.000
1790423452,s2-long,12,4,0,0,25.7,49.0,100.0,0.0,-,0,0,0.000
1790423452,s3-quic,849814,1057,3563793,3563793,1.2,3.1,14.1,0.0,-,0,0,0.000
1790423452,s4-mixed-kcp,13193,36,7234784,7234784,149.3,944.5,1093.9,0.0,-,0,0,0.000
1790423452,s5-vmess-ws,76681,1261,2810,2810,18.6,54.3,141.0,0.0,-,0,0,0.000
1790423452,s6-trojan-grpc,24378,138,0,0,2.6,52.9,274.1,0.0,-,0,0,0.000
1790423452,__proc__,0,0,0,0,-,-,-,985.1,10073,15461,9479702,1138.128
1790423482,s1-short,74494,1199,2822,2822,24.9,47.7,77.7,0.0,-,0,0,0.000
1790423482,s2-long,12,4,0,0,25.7,49.0,100.0,0.0,-,0,0,0.000
1790423482,s3-quic,869647,1057,5415731,5415731,1.1,2.3,10.7,0.0,-,0,0,0.000
1790423482,s4-mixed-kcp,13461,36,7739650,7739650,150.1,944.5,1087.6,0.0,-,0,0,0.000
1790423482,s5-vmess-ws,78096,1261,2972,2972,17.5,47.0,119.5,0.0,-,0,0,0.000
1790423482,s6-trojan-grpc,24378,138,0,0,2.6,52.9,274.1,0.0,-,0,0,0.000
1790423482,__proc__,0,0,0,0,-,-,-,985.1,10118,15554,9700566,1155.234
1790423512,s1-short,75840,1199,2827,2827,22.2,49.5,77.2,0.0,-,0,0,0.000
1790423512,s2-long,12,4,0,0,25.7,49.0,100.0,0.0,-,0,0,0.000
1790423512,s3-quic,890403,1057,5667772,5667772,1.1,2.2,9.3,0.0,-,0,0,0.000
1790423512,s4-mixed-kcp,13740,36,7816043,7816043,155.4,944.4,1081.1,0.0,-,0,0,0.000
1790423512,s5-vmess-ws,79510,1261,2969,2969,16.1,44.7,95.8,0.0,-,0,0,0.000
1790423512,s6-trojan-grpc,24378,138,0,0,2.6,52.9,274.1,0.0,-,0,0,0.000
1790423512,__proc__,0,0,0,0,-,-,-,985.1,10110,15525,9930375,1172.310
1790423542,s1-short,77179,1199,2812,2812,19.9,37.7,78.1,0.0,-,0,0,0.000
1790423542,s2-long,12,4,0,0,25.7,49.0,100.0,0.0,-,0,0,0.000
1790423542,s3-quic,911698,1057,5814955,5814955,1.1,2.2,8.2,0.0,-,0,0,0.000
1790423542,s4-mixed-kcp,14018,36,7857116,7857116,170.6,944.1,1060.0,0.0,-,0,0,0.000
1790423542,s5-vmess-ws,80935,1261,2992,2992,14.5,32.5,76.6,0.0,-,0,0,0.000
1790423542,s6-trojan-grpc,24378,138,0,0,2.6,52.9,274.1,0.0,-,0,0,0.000
1790423542,__proc__,0,0,0,0,-,-,-,985.2,9511,14623,10170054,1189.368
1790423572,s1-short,78516,1199,2808,2808,19.2,35.6,81.7,0.0,-,0,0,0.000
1790423572,s2-long,12,4,0,0,25.7,49.0,100.0,0.0,-,0,0,0.000
1790423572,s3-quic,932464,1057,5670502,5670502,1.1,2.1,8.4,0.0,-,0,0,0.000
1790423572,s4-mixed-kcp,14284,36,7670257,7670257,114.7,941.2,1049.6,0.0,-,0,0,0.000
1790423572,s5-vmess-ws,82332,1261,2934,2934,14.7,29.9,85.3,0.0,-,0,0,0.000
1790423572,s6-trojan-grpc,24378,138,0,0,2.6,52.9,274.1,0.0,-,0,0,0.000
1790423572,__proc__,0,0,0,0,-,-,-,985.2,7023,10896,10402129,1206.289
1790423602,s1-short,79821,1199,2740,2740,19.1,34.9,95.6,0.0,-,0,0,0.000
1790423602,s2-long,12,4,0,0,25.7,49.0,100.0,0.0,-,0,0,0.000
1790423602,s3-quic,953290,1057,5686886,5686886,1.0,1.8,7.6,0.0,-,0,0,0.000
1790423602,s4-mixed-kcp,14547,36,7621624,7621624,72.1,938.9,1049.6,0.0,-,0,0,0.000
1790423602,s5-vmess-ws,83708,1261,2890,2890,14.9,28.5,93.3,0.0,-,0,0,0.000
1790423602,s6-trojan-grpc,24378,138,0,0,2.6,52.9,274.1,0.0,-,0,0,0.000
1790423602,__proc__,0,0,0,0,-,-,-,985.2,4411,6964,10631937,1223.476
1790423632,s1-short,81157,1199,2806,2806,19.1,34.8,96.3,0.0,-,0,0,0.000
1790423632,s2-long,12,4,0,0,25.7,49.0,100.0,0.0,-,0,0,0.000
1790423632,s3-quic,974927,1057,5908343,5908343,1.1,1.9,9.1,0.0,-,0,0,0.000
1790423632,s4-mixed-kcp,14824,36,7807933,7807933,61.6,914.1,1046.9,0.0,-,0,0,0.000
1790423632,s5-vmess-ws,85104,1261,2932,2932,15.5,28.4,94.7,0.0,-,0,0,0.000
1790423632,s6-trojan-grpc,24378,138,0,0,2.6,52.9,274.1,0.0,-,0,0,0.000
1790423632,__proc__,0,0,0,0,-,-,-,985.2,1924,3250,10871125,1240.478
1790423662,s1-short,82494,1199,2808,2808,19.0,38.9,95.6,0.0,-,0,0,0.000
1790423662,s2-long,12,4,0,0,25.7,49.0,100.0,0.0,-,0,0,0.000
1790423662,s3-quic,997003,1057,6028220,6028220,1.1,1.6,7.7,0.0,-,0,0,0.000
1790423662,s4-mixed-kcp,15125,37,7985100,7985100,57.3,895.9,1045.0,0.0,-,0,0,0.000
1790423662,s5-vmess-ws,86515,1261,2963,2963,15.3,30.4,91.1,0.0,-,0,0,0.000
1790423662,s6-trojan-grpc,24896,146,1088,1088,2.4,52.7,274.1,0.0,-,0,0,0.000
1790423662,__proc__,0,0,0,0,-,-,-,972.6,1771,3016,11117006,1257.445
1790423692,s1-short,83797,1199,2736,2736,19.2,32.8,83.4,0.0,-,0,0,0.000
1790423692,s2-long,12,4,0,0,25.7,49.0,100.0,0.0,-,0,0,0.000
1790423692,s3-quic,1017896,1057,5705182,5705182,1.1,1.8,8.5,0.0,-,0,0,0.000
1790423692,s4-mixed-kcp,15542,37,7608434,7608434,56.8,895.8,1045.0,0.0,-,0,0,0.000
1790423692,s5-vmess-ws,87878,1261,2862,2862,15.7,30.7,90.2,0.0,-,0,0,0.000
1790423692,s6-trojan-grpc,26363,146,3081,3081,2.3,52.0,274.1,0.0,-,0,0,0.000
1790423692,__proc__,0,0,0,0,-,-,-,970.8,4880,7858,11349792,1275.252
1790423722,s1-short,85039,1199,2608,2608,19.8,33.1,109.5,0.0,-,0,0,0.000
1790423722,s2-long,12,4,0,0,25.7,49.0,100.0,0.0,-,0,0,0.000
1790423722,s3-quic,1037427,1057,5333265,5333265,1.1,1.9,9.6,0.0,-,0,0,0.000
1790423722,s4-mixed-kcp,15943,37,7305532,7305532,56.0,896.0,1044.2,0.0,-,0,0,0.000
1790423722,s5-vmess-ws,89174,1261,2722,2722,16.3,33.1,139.2,0.0,-,0,0,0.000
1790423722,s6-trojan-grpc,27802,146,3022,3022,1.5,36.4,191.3,0.0,-,0,0,0.000
1790423722,__proc__,0,0,0,0,-,-,-,974.8,7745,12222,11567948,1293.528
1790423752,s1-short,86185,1226,2407,2407,20.2,31.9,141.6,0.0,-,0,0,0.000
1790423752,s2-long,12,4,0,0,25.7,49.0,100.0,0.0,-,0,0,0.000
1790423752,s3-quic,1056335,1082,5163145,5163145,1.1,1.7,4.3,0.0,-,0,0,0.000
1790423752,s4-mixed-kcp,16327,40,7323666,7323666,55.0,895.6,998.6,0.0,-,0,0,0.000
1790423752,s5-vmess-ws,89996,1275,1726,1726,16.6,32.8,162.5,0.0,-,0,0,0.000
1790423752,s6-trojan-grpc,29113,153,2753,2753,1.3,27.2,118.8,0.0,-,0,0,0.000
1790423752,__proc__,0,0,0,0,-,-,-,986.2,10222,15833,11777481,1311.123
1790423782,s1-short,87345,1272,2436,2436,20.0,33.6,149.4,0.0,-,0,0,0.000
1790423782,s2-long,12,4,0,0,25.7,49.0,100.0,0.0,-,0,0,0.000
1790423782,s3-quic,1076098,1129,5396617,5396617,1.1,1.9,7.8,0.0,-,0,0,0.000
1790423782,s4-mixed-kcp,16455,46,7882822,7882822,55.7,895.9,998.6,0.0,-,0,0,0.000
1790423782,s5-vmess-ws,91107,1312,2333,2333,16.3,33.1,166.1,0.0,-,0,0,0.000
1790423782,s6-trojan-grpc,29296,171,384,384,1.3,27.4,127.8,0.0,-,0,0,0.000
1790423782,__proc__,0,0,0,0,-,-,-,987.4,10051,15353,11997027,1326.899
1790423812,s1-short,88283,1386,1970,1970,19.4,36.1,149.8,0.0,-,0,0,0.000
1790423812,s2-long,12,4,0,0,25.7,49.0,100.0,0.0,-,0,0,0.000
1790423812,s3-quic,1094130,1238,4923938,4923938,1.1,1.6,2.7,0.0,-,0,0,0.000
1790423812,s4-mixed-kcp,16552,46,7874060,7874060,56.5,896.1,996.8,0.0,-,0,0,0.000
1790423812,s5-vmess-ws,92112,1413,2110,2110,15.1,33.8,189.6,0.0,-,0,0,0.000
1790423812,s6-trojan-grpc,29436,185,294,294,1.3,27.4,149.4,0.0,-,0,0,0.000
1790423812,__proc__,0,0,0,0,-,-,-,988.8,10238,15409,12199173,1340.211
1790423842,s1-short,88478,1687,410,410,19.1,42.4,156.0,0.0,-,0,0,0.000
1790423842,s2-long,12,4,0,0,25.7,49.0,100.0,0.0,-,0,0,0.000
1790423842,s3-quic,1104557,1575,2847266,2847266,1.1,1.5,2.6,0.0,-,0,0,0.000
1790423842,s4-mixed-kcp,16653,46,8234714,8234714,57.8,896.5,996.4,0.0,-,0,0,0.000
1790423842,s5-vmess-ws,92316,1753,428,428,14.7,39.3,225.4,0.0,-,0,0,0.000
1790423842,s6-trojan-grpc,29436,185,0,0,1.3,27.4,149.4,0.0,-,0,0,0.000
1790423842,__proc__,0,0,0,0,-,-,-,988.8,10239,15381,12324818,1347.061
1790423872,s1-short,88651,2019,363,363,18.9,75.4,173.5,0.0,-,0,0,0.000
1790423872,s2-long,12,4,0,0,25.7,49.0,100.0,0.0,-,0,0,0.000
1790423872,s3-quic,1115948,1907,3110502,3110502,1.1,1.5,2.4,0.0,-,0,0,0.000
1790423872,s4-mixed-kcp,16762,46,8080035,8080035,59.1,897.2,996.4,0.0,-,0,0,0.000
1790423872,s5-vmess-ws,92518,2089,424,424,13.8,60.7,235.6,0.0,-,0,0,0.000
1790423872,s6-trojan-grpc,29436,185,0,0,1.3,27.4,149.4,0.0,-,0,0,0.000
1790423872,__proc__,0,0,0,0,-,-,-,988.8,10232,15400,12460478,1353.981
1790423902,s1-short,88818,2349,351,351,18.7,96.3,230.9,0.0,-,0,0,0.000
1790423902,s2-long,12,4,0,0,25.7,49.0,100.0,0.0,-,0,0,0.000
1790423902,s3-quic,1126347,2256,2839620,2839620,1.0,1.5,2.5,0.0,-,0,0,0.000
1790423902,s4-mixed-kcp,16878,46,7966086,7966086,61.1,900.2,996.4,0.0,-,0,0,0.000
1790423902,s5-vmess-ws,92702,2406,386,386,11.8,71.6,281.1,0.0,-,0,0,0.000
1790423902,s6-trojan-grpc,29436,185,0,0,1.3,27.4,149.4,0.0,-,0,0,0.000
1790423902,__proc__,0,0,0,0,-,-,-,988.8,10224,15375,12585674,1360.582
1790423932,s1-short,88992,2679,365,365,18.2,103.3,243.5,0.0,-,0,0,0.000
1790423932,s2-long,12,4,0,0,25.7,49.0,100.0,0.0,-,0,0,0.000
1790423932,s3-quic,1137483,2588,3040870,3040870,1.1,1.7,2.7,0.0,-,0,0,0.000
1790423932,s4-mixed-kcp,16978,46,8169205,8169205,64.3,906.8,996.7,0.0,-,0,0,0.000
1790423932,s5-vmess-ws,92914,2740,445,445,9.3,84.1,293.6,0.0,-,0,0,0.000
1790423932,s6-trojan-grpc,29436,185,0,0,1.3,27.4,149.4,0.0,-,0,0,0.000
1790423932,__proc__,0,0,0,0,-,-,-,988.8,10230,15381,12719073,1367.483
1790423962,s1-short,89712,2878,1512,1512,15.7,102.9,287.6,0.0,-,0,0,0.000
1790423962,s2-long,12,4,0,0,25.7,49.0,100.0,0.0,-,0,0,0.000
1790423962,s3-quic,1154745,2780,4713677,4713677,1.0,1.8,3.6,0.0,-,0,0,0.000
1790423962,s4-mixed-kcp,17084,46,8179439,8179439,67.3,901.4,996.3,0.0,-,0,0,0.000
1790423962,s5-vmess-ws,93667,2922,1581,1581,2.0,79.3,304.2,0.0,-,0,0,0.000
1790423962,s6-trojan-grpc,29436,185,0,0,1.3,27.4,149.4,0.0,-,0,0,0.000
1790423962,__proc__,0,0,0,0,-,-,-,988.9,9213,13918,12908735,1378.620
1790423992,s1-short,91100,2878,2915,2915,10.2,72.4,269.8,0.0,-,0,0,0.000
1790423992,s2-long,12,4,0,0,25.7,49.0,100.0,0.0,-,0,0,0.000
1790423992,s3-quic,1177256,2780,6147004,6147004,1.1,2.0,9.5,0.0,-,0,0,0.000
1790423992,s4-mixed-kcp,17186,46,7688823,7688823,74.3,911.7,996.8,0.0,-,0,0,0.000
1790423992,s5-vmess-ws,95114,2922,3039,3039,1.4,54.1,237.0,0.0,-,0,0,0.000
1790423992,s6-trojan-grpc,29436,185,0,0,1.3,27.4,149.4,0.0,-,0,0,0.000
1790423992,__proc__,0,0,0,0,-,-,-,989.0,6342,9541,13150441,1395.699
1790424022,s1-short,92420,2878,2772,2772,12.2,59.3,216.7,0.0,-,0,0,0.000
1790424022,s2-long,12,4,0,0,25.7,49.0,100.0,0.0,-,0,0,0.000
1790424022,s3-quic,1197871,2780,5629269,5629269,1.1,1.8,8.6,0.0,-,0,0,0.000
1790424022,s4-mixed-kcp,17294,46,7705094,7705094,99.6,942.0,1000.4,0.0,-,0,0,0.000
1790424022,s5-vmess-ws,96506,2922,2923,2923,2.0,33.8,115.5,0.0,-,0,0,0.000
1790424022,s6-trojan-grpc,29436,185,0,0,1.3,27.4,149.4,0.0,-,0,0,0.000
1790424022,__proc__,0,0,0,0,-,-,-,989.0,3387,5158,13381160,1412.560
1790424052,s1-short,93748,2878,2789,2789,18.3,34.2,83.2,0.0,-,0,0,0.000
1790424052,s2-long,12,4,0,0,25.7,49.0,100.0,0.0,-,0,0,0.000
1790424052,s3-quic,1218308,2780,5580663,5580663,1.1,2.1,9.9,0.0,-,0,0,0.000
1790424052,s4-mixed-kcp,17394,46,7799028,7799028,106.7,944.0,1000.9,0.0,-,0,0,0.000
1790424052,s5-vmess-ws,97904,2922,2936,2936,13.3,32.0,99.1,0.0,-,0,0,0.000
1790424052,s6-trojan-grpc,29503,189,141,141,1.3,27.3,149.4,0.0,-,0,0,0.000
1790424052,__proc__,0,0,0,0,-,-,-,989.2,986,1588,13608484,1429.280
1790424082,s1-short,95061,2878,2757,2757,20.7,36.5,84.0,0.0,-,0,0,0.000
1790424082,s2-long,12,4,0,0,25.7,49.0,100.0,0.0,-,0,0,0.000
1790424082,s3-quic,1238112,2780,5407812,5407812,1.1,2.1,12.5,0.0,-,0,0,0.000
1790424082,s4-mixed-kcp,17757,48,7605746,7605746,99.9,944.0,1012.9,0.0,-,0,0,0.000
1790424082,s5-vmess-ws,99275,2922,2879,2879,16.3,33.7,107.5,0.0,-,0,0,0.000
1790424082,s6-trojan-grpc,30716,192,2547,2547,1.4,28.4,132.3,0.0,-,0,0,0.000
1790424082,__proc__,0,0,0,0,-,-,-,989.5,3599,5803,13831143,1446.869
1790424112,s1-short,96309,2878,2621,2621,21.4,38.3,87.3,0.0,-,0,0,0.000
1790424112,s2-long,12,4,0,0,25.7,49.0,100.0,0.0,-,0,0,0.000
1790424112,s3-quic,1256967,2780,5148672,5148672,1.1,2.0,9.8,0.0,-,0,0,0.000
1790424112,s4-mixed-kcp,18128,48,7214939,7214939,98.9,944.2,1044.5,0.0,-,0,0,0.000
1790424112,s5-vmess-ws,100575,2922,2730,2730,17.4,36.9,122.1,0.0,-,0,0,0.000
1790424112,s6-trojan-grpc,31926,192,2541,2541,1.5,29.9,149.4,0.0,-,0,0,0.000
1790424112,__proc__,0,0,0,0,-,-,-,979.9,5755,9103,14044298,1465.481
1790424142,s1-short,97549,2878,2604,2604,21.8,38.2,128.5,0.0,-,0,0,0.000
1790424142,s2-long,12,4,0,0,25.7,49.0,100.0,0.0,-,0,0,0.000
1790424142,s3-quic,1276176,2780,5245338,5245338,1.1,1.9,9.9,0.0,-,0,0,0.000
1790424142,s4-mixed-kcp,18532,48,7321381,7321381,70.0,944.1,1044.9,0.0,-,0,0,0.000
1790424142,s5-vmess-ws,101878,2922,2736,2736,18.1,37.0,144.7,0.0,-,0,0,0.000
1790424142,s6-trojan-grpc,33346,193,2982,2982,1.4,29.9,116.7,0.0,-,0,0,0.000
1790424142,__proc__,0,0,0,0,-,-,-,982.9,8733,13656,14262544,1483.982
1790424172,s1-short,98474,2971,1942,1942,21.9,42.5,149.4,0.0,-,0,0,0.000
1790424172,s2-long,12,4,0,0,25.7,49.0,100.0,0.0,-,0,0,0.000
1790424172,s3-quic,1291943,2871,4305442,4305442,1.1,1.7,3.6,0.0,-,0,0,0.000
1790424172,s4-mixed-kcp,18877,63,7261639,7261639,71.1,944.1,1045.3,0.0,-,0,0,0.000
1790424172,s5-vmess-ws,102372,2948,1037,1037,18.2,39.2,170.3,0.0,-,0,0,0.000
1790424172,s6-trojan-grpc,34211,232,1816,1816,1.5,31.6,153.2,0.0,-,0,0,0.000
1790424172,__proc__,0,0,0,0,-,-,-,988.7,10233,15858,14442823,1499.611
1790424202,s1-short,99880,2975,2953,2953,19.6,37.8,144.1,0.0,-,0,0,0.000
1790424202,s2-long,12,4,0,0,25.7,49.0,100.0,0.0,-,0,0,0.000
1790424202,s3-quic,1313173,2871,5797205,5797205,1.1,2.3,9.6,0.0,-,0,0,0.000
1790424202,s4-mixed-kcp,19157,63,7773176,7773176,72.5,944.1,1045.5,0.0,-,0,0,0.000
1790424202,s5-vmess-ws,103437,2954,2236,2236,16.4,37.7,168.9,0.0,-,0,0,0.000
1790424202,s6-trojan-grpc,34211,232,0,0,1.5,31.6,153.2,0.0,-,0,0,0.000
1790424202,__proc__,0,0,0,0,-,-,-,988.8,10035,15440,14678571,1516.585
1790424232,s1-short,101220,2975,2814,2814,18.5,40.6,140.2,0.0,-,0,0,0.000
1790424232,s2-long,12,4,0,0,25.7,49.0,100.0,0.0,-,0,0,0.000
1790424232,s3-quic,1334329,2871,5776998,5776998,1.1,1.9,9.0,0.0,-,0,0,0.000
1790424232,s4-mixed-kcp,19427,63,7898165,7898165,97.6,944.5,1045.3,0.0,-,0,0,0.000
1790424232,s5-vmess-ws,104854,2954,2976,2976,14.8,33.8,152.7,0.0,-,0,0,0.000
1790424232,s6-trojan-grpc,34211,232,0,0,1.5,31.6,153.2,0.0,-,0,0,0.000
1790424232,__proc__,0,0,0,0,-,-,-,988.9,10089,15429,14912560,1533.505
1790424262,s1-short,102563,2975,2820,2820,18.5,35.0,78.6,0.0,-,0,0,0.000
1790424262,s2-long,12,4,0,0,25.7,49.0,100.0,0.0,-,0,0,0.000
1790424262,s3-quic,1355315,2871,5730577,5730577,1.1,1.9,9.5,0.0,-,0,0,0.000
1790424262,s4-mixed-kcp,19692,63,7898203,7898203,100.0,944.5,1044.9,0.0,-,0,0,0.000
1790424262,s5-vmess-ws,106258,2954,2948,2948,13.9,30.8,94.4,0.0,-,0,0,0.000
1790424262,s6-trojan-grpc,34211,232,0,0,1.5,31.6,153.2,0.0,-,0,0,0.000
1790424262,__proc__,0,0,0,0,-,-,-,989.0,10019,15388,15145552,1550.357
1790424292,s1-short,103899,2975,2806,2806,19.6,45.3,80.9,0.0,-,0,0,0.000
1790424292,s2-long,12,4,0,0,25.7,49.0,100.0,0.0,-,0,0,0.000
1790424292,s3-quic,1376146,2871,5688252,5688252,1.1,2.1,10.9,0.0,-,0,0,0.000
1790424292,s4-mixed-kcp,19962,63,7785690,7785690,102.9,944.1,1044.4,0.0,-,0,0,0.000
1790424292,s5-vmess-ws,107668,2954,2961,2961,15.4,30.9,80.7,0.0,-,0,0,0.000
1790424292,s6-trojan-grpc,34211,232,0,0,1.5,31.6,153.2,0.0,-,0,0,0.000
1790424292,__proc__,0,0,0,0,-,-,-,989.0,10000,15339,15377301,1567.397
1790424322,s1-short,105244,2975,2824,2824,19.8,37.5,75.2,0.0,-,0,0,0.000
1790424322,s2-long,12,4,0,0,25.7,49.0,100.0,0.0,-,0,0,0.000
1790424322,s3-quic,1397473,2871,5823693,5823693,1.1,1.7,8.8,0.0,-,0,0,0.000
1790424322,s4-mixed-kcp,20232,63,7831988,7831988,112.6,944.1,1036.9,0.0,-,0,0,0.000
1790424322,s5-vmess-ws,109068,2954,2940,2940,15.7,30.3,82.5,0.0,-,0,0,0.000
1790424322,s6-trojan-grpc,34211,232,0,0,1.5,31.6,153.2,0.0,-,0,0,0.000
1790424322,__proc__,0,0,0,0,-,-,-,989.1,10019,15385,15615478,1584.382
1790424352,s1-short,106580,2975,2806,2806,19.7,35.9,74.9,0.0,-,0,0,0.000
1790424352,s2-long,12,4,0,0,25.7,49.0,100.0,0.0,-,0,0,0.000
1790424352,s3-quic,1418580,2871,5763618,5763618,1.1,1.9,8.3,0.0,-,0,0,0.000
1790424352,s4-mixed-kcp,20505,63,7831653,7831653,105.9,943.7,1020.4,0.0,-,0,0,0.000
1790424352,s5-vmess-ws,110464,2954,2932,2932,15.6,30.3,86.3,0.0,-,0,0,0.000
1790424352,s6-trojan-grpc,34211,232,0,0,1.5,31.6,153.2,0.0,-,0,0,0.000
1790424352,__proc__,0,0,0,0,-,-,-,989.1,9898,15226,15851406,1601.355
1790424382,s1-short,107916,2975,2806,2806,20.0,34.5,74.8,0.0,-,0,0,0.000
1790424382,s2-long,12,4,0,0,25.7,49.0,100.0,0.0,-,0,0,0.000
1790424382,s3-quic,1439232,2871,5639373,5639373,1.1,1.9,8.0,0.0,-,0,0,0.000
1790424382,s4-mixed-kcp,20774,63,7797897,7797897,70.3,940.5,1035.0,0.0,-,0,0,0.000
1790424382,s5-vmess-ws,111853,2954,2917,2917,16.0,31.4,86.3,0.0,-,0,0,0.000
1790424382,s6-trojan-grpc,34211,232,0,0,1.5,31.6,153.2,0.0,-,0,0,0.000
1790424382,__proc__,0,0,0,0,-,-,-,989.1,7469,11564,16079954,1618.121
1790424412,s1-short,109228,2975,2755,2755,19.9,34.7,86.0,0.0,-,0,0,0.000
1790424412,s2-long,12,4,0,0,25.7,49.0,100.0,0.0,-,0,0,0.000
1790424412,s3-quic,1459667,2871,5580117,5580117,1.1,2.3,9.7,0.0,-,0,0,0.000
1790424412,s4-mixed-kcp,21032,63,7712479,7712479,60.4,939.3,1043.3,0.0,-,0,0,0.000
1790424412,s5-vmess-ws,113231,2954,2894,2894,16.2,31.7,92.5,0.0,-,0,0,0.000
1790424412,s6-trojan-grpc,34211,232,0,0,1.5,31.6,153.2,0.0,-,0,0,0.000
1790424412,__proc__,0,0,0,0,-,-,-,989.1,5011,7841,16309040,1635.294
1790424442,s1-short,110556,2975,2789,2789,19.6,38.1,88.7,0.0,-,0,0,0.000
1790424442,s2-long,12,4,0,0,25.7,49.0,100.0,0.0,-,0,0,0.000
1790424442,s3-quic,1480852,2871,5784917,5784917,1.1,1.8,8.6,0.0,-,0,0,0.000
1790424442,s4-mixed-kcp,21305,63,7659687,7659687,55.8,897.4,1038.5,0.0,-,0,0,0.000
1790424442,s5-vmess-ws,114624,2954,2925,2925,15.9,32.8,94.1,0.0,-,0,0,0.000
1790424442,s6-trojan-grpc,34211,232,0,0,1.5,31.6,153.2,0.0,-,0,0,0.000
1790424442,__proc__,0,0,0,0,-,-,-,989.1,2200,3656,16543936,1652.314
1790424472,s1-short,111900,2975,2822,2822,19.1,37.2,89.5,0.0,-,0,0,0.000
1790424472,s2-long,12,4,0,0,25.7,49.0,100.0,0.0,-,0,0,0.000
1790424472,s3-quic,1503085,2871,6071091,6071091,1.1,1.7,7.6,0.0,-,0,0,0.000
1790424472,s4-mixed-kcp,21577,64,7865570,7865570,54.2,896.0,1008.5,0.0,-,0,0,0.000
1790424472,s5-vmess-ws,116041,2954,2976,2976,15.3,30.5,91.1,0.0,-,0,0,0.000
1790424472,s6-trojan-grpc,34606,240,830,830,1.5,31.2,153.2,0.0,-,0,0,0.000
1790424472,__proc__,0,0,0,0,-,-,-,974.5,1407,2490,16792273,1669.259
1790424502,s1-short,113196,2975,2722,2722,19.3,33.5,84.4,0.0,-,0,0,0.000
1790424502,s2-long,12,4,0,0,25.7,49.0,100.0,0.0,-,0,0,0.000
1790424502,s3-quic,1523962,2871,5700813,5700813,1.1,1.5,8.0,0.0,-,0,0,0.000
1790424502,s4-mixed-kcp,21998,64,7588252,7588252,53.8,895.8,1001.8,0.0,-,0,0,0.000
1790424502,s5-vmess-ws,117401,2954,2856,2856,15.4,30.4,89.7,0.0,-,0,0,0.000
1790424502,s6-trojan-grpc,36056,240,3045,3045,1.4,29.7,128.9,0.0,-,0,0,0.000
1790424502,__proc__,0,0,0,0,-,-,-,971.0,4603,7417,17027967,1687.254
1790424532,s1-short,114428,2975,2587,2587,19.7,33.6,95.8,0.0,-,0,0,0.000
1790424532,s2-long,12,4,0,0,25.7,49.0,100.0,0.0,-,0,0,0.000
1790424532,s3-quic,1543152,2871,5240149,5240149,1.1,2.2,9.6,0.0,-,0,0,0.000
1790424532,s4-mixed-kcp,22389,64,7283108,7283108,53.8,895.9,1009.1,0.0,-,0,0,0.000
1790424532,s5-vmess-ws,118684,2954,2694,2694,16.0,32.4,130.0,0.0,-,0,0,0.000
1790424532,s6-trojan-grpc,37474,240,2978,2978,1.4,30.4,144.5,0.0,-,0,0,0.000
1790424532,__proc__,0,0,0,0,-,-,-,978.1,7425,11619,17241571,1705.637
1790424562,s1-short,115564,2975,2386,2386,21.5,46.2,193.9,0.0,-,0,0,0.000
1790424562,s2-long,12,4,0,0,25.7,49.0,100.0,0.0,-,0,0,0.000
1790424562,s3-quic,1555343,2871,3328956,3328956,1.5,3.9,19.2,0.0,-,0,0,0.000
1790424562,s4-mixed-kcp,22744,64,6605370,6605370,54.2,896.2,1044.7,0.0,-,0,0,0.000
1790424562,s5-vmess-ws,119857,2954,2463,2463,18.0,44.9,176.2,0.0,-,0,0,0.000
1790424562,s6-trojan-grpc,38732,240,2642,2642,1.7,39.3,188.4,0.0,-,0,0,0.000
1790424562,__proc__,0,0,0,0,-,-,-,986.9,9786,15176,17378974,1726.150
1790424592,s1-short,116484,3066,1932,1932,23.5,54.5,217.3,0.0,-,0,0,0.000
1790424592,s2-long,12,4,0,0,25.7,49.0,100.0,0.0,-,0,0,0.000
1790424592,s3-quic,1567066,2916,3201161,3201161,1.5,3.8,21.0,0.0,-,0,0,0.000
1790424592,s4-mixed-kcp,22911,70,7092512,7092512,54.5,911.0,1045.2,0.0,-,0,0,0.000
1790424592,s5-vmess-ws,120777,3053,1932,1932,19.1,50.4,212.4,0.0,-,0,0,0.000
1790424592,s6-trojan-grpc,39110,265,794,794,1.9,41.8,199.3,0.0,-,0,0,0.000
1790424592,__proc__,0,0,0,0,-,-,-,989.6,10095,15420,17506920,1744.150
1790424622,s1-short,117542,3131,2222,2222,23.3,58.2,244.2,0.0,-,0,0,0.000
1790424622,s2-long,12,4,0,0,25.7,49.0,100.0,0.0,-,0,0,0.000
1790424622,s3-quic,1585024,2986,4903731,4903731,1.0,1.5,2.6,0.0,-,0,0,0.000
1790424622,s4-mixed-kcp,23016,70,7955754,7955754,55.2,935.2,1045.2,0.0,-,0,0,0.000
1790424622,s5-vmess-ws,121892,3125,2342,2342,18.1,52.3,227.6,0.0,-,0,0,0.000
1790424622,s6-trojan-grpc,39252,267,298,298,1.8,41.5,199.3,0.0,-,0,0,0.000
1790424622,__proc__,0,0,0,0,-,-,-,989.6,10230,15430,17707591,1758.925
1790424652,s1-short,118162,3293,1302,1302,22.9,82.3,301.0,0.0,-,0,0,0.000
1790424652,s2-long,12,4,0,0,25.7,49.0,100.0,0.0,-,0,0,0.000
1790424652,s3-quic,1602434,3153,4754091,4754091,1.1,1.8,2.9,0.0,-,0,0,0.000
1790424652,s4-mixed-kcp,23133,70,8346711,8346711,56.6,937.8,1045.2,0.0,-,0,0,0.000
1790424652,s5-vmess-ws,122515,3303,1308,1308,16.0,81.2,280.5,0.0,-,0,0,0.000
1790424652,s6-trojan-grpc,39252,267,0,0,1.8,41.5,199.3,0.0,-,0,0,0.000
1790424652,__proc__,0,0,0,0,-,-,-,989.6,10239,15463,17902700,1770.609
1790424682,s1-short,118728,3484,1189,1189,21.2,105.8,333.6,0.0,-,0,0,0.000
1790424682,s2-long,12,4,0,0,25.7,49.0,100.0,0.0,-,0,0,0.000
1790424682,s3-quic,1619928,3333,4777028,4777028,1.1,1.6,2.5,0.0,-,0,0,0.000
1790424682,s4-mixed-kcp,23253,70,8249535,8249535,58.7,935.2,1045.2,0.0,-,0,0,0.000
1790424682,s5-vmess-ws,123058,3491,1140,1140,10.7,102.8,305.0,0.0,-,0,0,0.000
1790424682,s6-trojan-grpc,39252,267,0,0,1.8,41.5,199.3,0.0,-,0,0,0.000
1790424682,__proc__,0,0,0,0,-,-,-,989.6,10217,15392,18102968,1781.968
1790424712,s1-short,119319,3650,1241,1241,16.7,108.1,336.7,0.0,-,0,0,0.000
1790424712,s2-long,12,4,0,0,25.7,49.0,100.0,0.0,-,0,0,0.000
1790424712,s3-quic,1637188,3509,4713131,4713131,1.1,1.5,2.5,0.0,-,0,0,0.000
1790424712,s4-mixed-kcp,23365,70,8372193,8372193,61.0,937.5,1045.2,0.0,-,0,0,0.000
1790424712,s5-vmess-ws,123637,3668,1216,1216,2.9,103.5,333.7,0.0,-,0,0,0.000
1790424712,s6-trojan-grpc,39252,267,0,0,1.8,41.5,199.3,0.0,-,0,0,0.000
1790424712,__proc__,0,0,0,0,-,-,-,990.0,10240,15399,18298360,1793.376
1790424742,s1-short,119852,3827,1119,1119,11.4,109.4,349.0,0.0,-,0,0,0.000
1790424742,s2-long,12,4,0,0,25.7,49.0,100.0,0.0,-,0,0,0.000
1790424742,s3-quic,1653981,3698,4585609,4585609,1.1,1.7,2.8,0.0,-,0,0,0.000
1790424742,s4-mixed-kcp,23472,70,8210922,8210922,64.0,939.3,1045.2,0.0,-,0,0,0.000
1790424742,s5-vmess-ws,124159,3855,1096,1096,1.9,113.2,356.7,0.0,-,0,0,0.000
1790424742,s6-trojan-grpc,39252,267,0,0,1.8,41.5,199.3,0.0,-,0,0,0.000
1790424742,__proc__,0,0,0,0,-,-,-,990.4,10216,15357,18488993,1804.344
1790424772,s1-short,120750,3930,1886,1886,9.4,108.5,351.8,0.0,-,0,0,0.000
1790424772,s2-long,12,4,0,0,25.7,49.0,100.0,0.0,-,0,0,0.000
1790424772,s3-quic,1673629,3805,5365214,5365214,1.1,2.3,9.9,0.0,-,0,0,0.000
1790424772,s4-mixed-kcp,23589,70,8025741,8025741,69.6,941.0,1045.2,0.0,-,0,0,0.000
1790424772,s5-vmess-ws,125141,3962,2062,2062,1.3,103.4,357.3,0.0,-,0,0,0.000
1790424772,s6-trojan-grpc,39252,267,0,0,1.8,41.5,199.3,0.0,-,0,0,0.000
1790424772,__proc__,0,0,0,0,-,-,-,990.5,9442,14273,18707435,1817.726
1790424802,s1-short,122119,3930,2875,2875,13.2,94.9,315.3,0.0,-,0,0,0.000
1790424802,s2-long,12,4,0,0,25.7,49.0,100.0,0.0,-,0,0,0.000
1790424802,s3-quic,1695720,3805,6032316,6032316,1.0,1.8,8.1,0.0,-,0,0,0.000
1790424802,s4-mixed-kcp,23704,70,7742102,7742102,99.3,941.2,1045.4,0.0,-,0,0,0.000
1790424802,s5-vmess-ws,126586,3962,3034,3034,1.5,92.3,305.0,0.0,-,0,0,0.000
1790424802,s6-trojan-grpc,39252,267,0,0,1.8,41.5,199.3,0.0,-,0,0,0.000
1790424802,__proc__,0,0,0,0,-,-,-,990.5,6543,9942,18948417,1833.863
1790424832,s1-short,123439,3930,2772,2772,17.4,40.4,134.8,0.0,-,0,0,0.000
1790424832,s2-long,12,4,0,0,25.7,49.0,100.0,0.0,-,0,0,0.000
1790424832,s3-quic,1717690,3805,5999275,5999275,1.0,1.8,7.9,0.0,-,0,0,0.000
1790424832,s4-mixed-kcp,23813,70,7588667,7588667,102.7,942.6,1045.4,0.0,-,0,0,0.000
1790424832,s5-vmess-ws,127983,3962,2934,2934,9.5,32.6,130.2,0.0,-,0,0,0.000
1790424832,s6-trojan-grpc,39252,267,0,0,1.8,41.5,199.3,0.0,-,0,0,0.000
1790424832,__proc__,0,0,0,0,-,-,-,990.5,3677,5596,19191039,1850.514
1790424862,s1-short,124736,3930,2724,2724,19.2,41.2,94.9,0.0,-,0,0,0.000
1790424862,s2-long,12,4,0,0,25.7,49.0,100.0,0.0,-,0,0,0.000
1790424862,s3-quic,1736119,3805,5032346,5032346,1.6,3.8,20.7,0.0,-,0,0,0.000
1790424862,s4-mixed-kcp,23919,70,7613444,7613444,143.2,944.1,1045.9,0.0,-,0,0,0.000
1790424862,s5-vmess-ws,129347,3962,2864,2864,14.6,35.7,98.5,0.0,-,0,0,0.000
1790424862,s6-trojan-grpc,39252,267,0,0,1.8,41.5,199.3,0.0,-,0,0,0.000
1790424862,__proc__,0,0,0,0,-,-,-,990.5,1139,1758,19394237,1867.345
1790424892,s1-short,126030,3930,2717,2717,21.8,48.5,112.8,0.0,-,0,0,0.000
1790424892,s2-long,12,4,0,0,25.7,49.0,100.0,0.0,-,0,0,0.000
1790424892,s3-quic,1749943,3805,3774874,3774874,1.6,3.8,20.7,0.0,-,0,0,0.000
1790424892,s4-mixed-kcp,24197,72,7660541,7660541,135.2,944.1,1045.9,0.0,-,0,0,0.000
1790424892,s5-vmess-ws,130702,3962,2846,2846,16.3,45.0,115.4,0.0,-,0,0,0.000
1790424892,s6-trojan-grpc,40169,274,1926,1926,2.2,43.6,195.3,0.0,-,0,0,0.000
1790424892,__proc__,0,0,0,0,-,-,-,990.5,2720,4377,19549589,1885.924
1790424922,s1-short,127167,3930,2388,2388,26.1,53.8,134.8,0.0,-,0,0,0.000
1790424922,s2-long,12,4,0,0,25.7,49.0,100.0,0.0,-,0,0,0.000
1790424922,s3-quic,1761050,3805,3032951,3032951,1.7,4.5,24.0,0.0,-,0,0,0.000
1790424922,s4-mixed-kcp,24543,72,6721173,6721173,117.7,945.0,1056.3,0.0,-,0,0,0.000
1790424922,s5-vmess-ws,131882,3962,2478,2478,19.9,52.6,165.8,0.0,-,0,0,0.000
1790424922,s6-trojan-grpc,41313,275,2402,2402,2.9,49.0,227.8,0.0,-,0,0,0.000
1790424922,__proc__,0,0,0,0,-,-,-,978.4,4902,7841,19673460,1906.840
1790424952,s1-short,128330,3930,2442,2442,30.6,56.5,208.3,0.0,-,0,0,0.000
1790424952,s2-long,12,4,0,0,25.7,49.0,100.0,0.0,-,0,0,0.000
1790424952,s3-quic,1774142,3805,3574989,3574989,1.1,2.1,10.5,0.0,-,0,0,0.000
1790424952,s4-mixed-kcp,24895,72,6834841,6834841,106.8,945.2,1092.3,0.0,-,0,0,0.000
1790424952,s5-vmess-ws,133084,3962,2524,2524,24.0,56.2,205.4,0.0,-,0,0,0.000
1790424952,s6-trojan-grpc,42620,275,2745,2745,2.8,50.6,210.6,0.0,-,0,0,0.000
1790424952,__proc__,0,0,0,0,-,-,-,979.4,7509,11757,19818772,1927.537
1790424982,s1-short,129342,3930,2125,2125,32.7,75.2,356.9,0.0,-,0,0,0.000
1790424982,s2-long,12,4,0,0,25.7,49.0,100.0,0.0,-,0,0,0.000
1790424982,s3-quic,1782728,3805,2344550,2344550,1.8,5.4,27.5,0.0,-,0,0,0.000
1790424982,s4-mixed-kcp,25207,72,6226693,6226693,103.0,945.5,1101.5,0.0,-,0,0,0.000
1790424982,s5-vmess-ws,134131,3962,2199,2199,27.6,69.5,319.5,0.0,-,0,0,0.000
1790424982,s6-trojan-grpc,43746,275,2365,2365,3.8,52.1,280.0,0.0,-,0,0,0.000
1790424982,__proc__,0,0,0,0,-,-,-,987.2,9675,14976,19914464,1949.888
1790425012,s1-short,130227,4031,1858,1858,32.3,112.7,361.9,0.0,-,0,0,0.000
1790425012,s2-long,12,4,0,0,25.7,49.0,100.0,0.0,-,0,0,0.000
1790425012,s3-quic,1795824,3877,3576081,3576081,1.2,2.9,10.2,0.0,-,0,0,0.000
1790425012,s4-mixed-kcp,25375,76,7567366,7567366,113.4,946.5,1132.0,0.0,-,0,0,0.000
1790425012,s5-vmess-ws,135051,4061,1932,1932,25.4,91.9,334.1,0.0,-,0,0,0.000
1790425012,s6-trojan-grpc,44182,305,916,916,3.6,56.7,280.8,0.0,-,0,0,0.000
1790425012,__proc__,0,0,0,0,-,-,-,989.7,10144,15458,20059364,1967.145
1790425042,s1-short,131144,4137,1926,1926,29.0,109.1,361.9,0.0,-,0,0,0.000
1790425042,s2-long,12,4,0,0,25.7,49.0,100.0,0.0,-,0,0,0.000
1790425042,s3-quic,1808387,3966,3430537,3430537,2.0,4.6,14.0,0.0,-,0,0,0.000
1790425042,s4-mixed-kcp,25496,76,7635189,7635189,149.4,946.4,1132.0,0.0,-,0,0,0.000
1790425042,s5-vmess-ws,135999,4182,1991,1991,21.2,91.9,306.3,0.0,-,0,0,0.000
1790425042,s6-trojan-grpc,44317,314,284,284,3.5,58.2,280.8,0.0,-,0,0,0.000
1790425042,__proc__,0,0,0,0,-,-,-,989.8,10235,15373,20202898,1982.464
1790425072,s1-short,131313,4450,355,355,28.3,114.6,363.1,0.0,-,0,0,0.000
1790425072,s2-long,12,4,0,0,25.7,49.0,100.0,0.0,-,0,0,0.000
1790425072,s3-quic,1813619,4339,1428685,1428685,1.5,3.5,5.6,0.0,-,0,0,0.000
1790425072,s4-mixed-kcp,25602,76,8036249,8036249,156.8,947.2,1132.0,0.0,-,0,0,0.000
1790425072,s5-vmess-ws,136171,4501,361,361,19.8,102.6,309.1,0.0,-,0,0,0.000
1790425072,s6-trojan-grpc,44317,314,0,0,3.5,58.2,280.8,0.0,-,0,0,0.000
1790425072,__proc__,0,0,0,0,-,-,-,989.8,10238,15335,20276669,1989.959
1790425102,s1-short,131480,4754,351,351,27.4,117.2,363.1,0.0,-,0,0,0.000
1790425102,s2-long,12,4,0,0,25.7,49.0,100.0,0.0,-,0,0,0.000
1790425102,s3-quic,1818663,4755,1377348,1377348,1.1,3.1,4.7,0.0,-,0,0,0.000
1790425102,s4-mixed-kcp,25722,76,8100562,8100562,198.1,946.9,1132.0,0.0,-,0,0,0.000
1790425102,s5-vmess-ws,136360,4821,397,397,18.8,103.5,309.3,0.0,-,0,0,0.000
1790425102,s6-trojan-grpc,44317,314,0,0,3.5,58.2,280.8,0.0,-,0,0,0.000
1790425102,__proc__,0,0,0,0,-,-,-,989.8,10222,15345,20345176,1996.073
1790425132,s1-short,131652,5057,361,361,26.4,118.1,363.2,0.0,-,0,0,0.000
1790425132,s2-long,12,4,0,0,25.7,49.0,100.0,0.0,-,0,0,0.000
1790425132,s3-quic,1823994,5181,1455718,1455718,1.0,3.0,4.5,0.0,-,0,0,0.000
1790425132,s4-mixed-kcp,25836,76,8485707,8485707,201.4,946.9,1132.0,0.0,-,0,0,0.000
1790425132,s5-vmess-ws,136553,5145,405,405,17.5,105.0,315.5,0.0,-,0,0,0.000
1790425132,s6-trojan-grpc,44317,314,0,0,3.5,58.2,280.8,0.0,-,0,0,0.000
1790425132,__proc__,0,0,0,0,-,-,-,989.8,10240,15412,20416945,2001.843
1790425162,s1-short,131900,5376,521,521,25.0,118.8,363.2,0.0,-,0,0,0.000
1790425162,s2-long,12,4,0,0,25.7,49.0,100.0,0.0,-,0,0,0.000
1790425162,s3-quic,1830707,5578,1833097,1833097,1.0,2.4,3.9,0.0,-,0,0,0.000
1790425162,s4-mixed-kcp,25947,76,8145539,8145539,246.9,946.8,1132.0,0.0,-,0,0,0.000
1790425162,s5-vmess-ws,136814,5475,548,548,15.4,105.9,323.3,0.0,-,0,0,0.000
1790425162,s6-trojan-grpc,44317,314,0,0,3.5,58.2,280.8,0.0,-,0,0,0.000
1790425162,__proc__,0,0,0,0,-,-,-,989.8,10202,15311,20502236,2008.120
1790425192,s1-short,133027,5465,2367,2367,17.1,113.6,310.0,0.0,-,0,0,0.000
1790425192,s2-long,12,4,0,0,25.7,49.0,100.0,0.0,-,0,0,0.000
1790425192,s3-quic,1848769,5675,4932130,4932130,1.1,3.6,8.1,0.0,-,0,0,0.000
1790425192,s4-mixed-kcp,26061,76,8290073,8290073,249.8,946.8,1132.0,0.0,-,0,0,0.000
1790425192,s5-vmess-ws,138035,5552,2564,2564,2.9,103.2,281.5,0.0,-,0,0,0.000
1790425192,s6-trojan-grpc,44317,314,0,0,3.5,58.2,280.8,0.0,-,0,0,0.000
1790425192,__proc__,0,0,0,0,-,-,-,989.8,8420,12707,20688671,2023.190
1790425222,s1-short,134294,5465,2661,2661,17.0,85.5,200.6,0.0,-,0,0,0.000
1790425222,s2-long,12,4,0,0,25.7,49.0,100.0,0.0,-,0,0,0.000
1790425222,s3-quic,1864127,5675,4193758,4193758,1.3,3.3,16.0,0.0,-,0,0,0.000
1790425222,s4-mixed-kcp,26161,76,7406501,7406501,292.3,947.2,1139.5,0.0,-,0,0,0.000
1790425222,s5-vmess-ws,139369,5552,2801,2801,2.6,74.5,249.4,0.0,-,0,0,0.000
1790425222,s6-trojan-grpc,44317,314,0,0,3.5,58.2,280.8,0.0,-,0,0,0.000
1790425222,__proc__,0,0,0,0,-,-,-,989.8,6151,9343,20856117,2041.058
1790425252,s1-short,135626,5465,2797,2797,17.3,55.8,120.7,0.0,-,0,0,0.000
1790425252,s2-long,12,4,0,0,25.7,49.0,100.0,0.0,-,0,0,0.000
1790425252,s3-quic,1883386,5675,5258991,5258991,1.1,2.4,10.4,0.0,-,0,0,0.000
1790425252,s4-mixed-kcp,26264,76,7789033,7789033,298.8,949.8,1139.5,0.0,-,0,0,0.000
1790425252,s5-vmess-ws,140776,5552,2955,2955,3.7,49.2,106.7,0.0,-,0,0,0.000
1790425252,s6-trojan-grpc,44317,314,0,0,3.5,58.2,280.8,0.0,-,0,0,0.000
1790425252,__proc__,0,0,0,0,-,-,-,989.8,3500,5310,21065210,2057.979
1790425282,s1-short,136927,5465,2732,2732,21.7,52.1,107.1,0.0,-,0,0,0.000
1790425282,s2-long,12,4,0,0,25.7,49.0,100.0,0.0,-,0,0,0.000
1790425282,s3-quic,1900002,5675,4537276,4537276,1.4,3.2,14.2,0.0,-,0,0,0.000
1790425282,s4-mixed-kcp,26364,76,7787626,7787626,307.0,957.3,1141.8,0.0,-,0,0,0.000
1790425282,s5-vmess-ws,142170,5552,2927,2927,14.3,49.4,111.4,0.0,-,0,0,0.000
1790425282,s6-trojan-grpc,44317,314,0,0,3.5,58.2,280.8,0.0,-,0,0,0.000
1790425282,__proc__,0,0,0,0,-,-,-,989.8,1250,1938,21250024,2075.413
1790425312,s1-short,138184,5465,2640,2640,24.0,49.4,121.7,0.0,-,0,0,0.000
1790425312,s2-long,12,4,0,0,25.7,49.0,100.0,0.0,-,0,0,0.000
1790425312,s3-quic,1913618,5675,3718076,3718076,1.2,3.2,15.6,0.0,-,0,0,0.000
1790425312,s4-mixed-kcp,26655,78,7563828,7563828,334.1,949.0,1110.9,0.0,-,0,0,0.000
1790425312,s5-vmess-ws,143506,5552,2806,2806,15.2,47.2,114.7,0.0,-,0,0,0.000
1790425312,s6-trojan-grpc,45144,321,1737,1737,3.6,56.7,280.4,0.0,-,0,0,0.000
1790425312,__proc__,0,0,0,0,-,-,-,989.9,2570,4153,21401693,2094.300
1790425342,s1-short,139369,5465,2488,2488,27.3,56.7,180.6,0.0,-,0,0,0.000
1790425342,s2-long,12,4,0,0,25.7,49.0,100.0,0.0,-,0,0,0.000
1790425342,s3-quic,1926811,5675,3602569,3602569,1.6,3.8,25.9,0.0,-,0,0,0.000
1790425342,s4-mixed-kcp,27022,78,7205697,7205697,299.4,946.8,1132.0,0.0,-,0,0,0.000
1790425342,s5-vmess-ws,144744,5552,2600,2600,18.7,51.2,163.2,0.0,-,0,0,0.000
1790425342,s6-trojan-grpc,46318,322,2465,2465,3.8,58.0,283.0,0.0,-,0,0,0.000
1790425342,__proc__,0,0,0,0,-,-,-,973.4,4751,7592,21549946,2114.559
1790425372,s1-short,140533,5465,2444,2444,30.9,58.9,225.4,0.0,-,0,0,0.000
1790425372,s2-long,12,4,0,0,25.7,49.0,100.0,0.0,-,0,0,0.000
1790425372,s3-quic,1938044,5675,3067358,3067358,1.6,4.3,21.7,0.0,-,0,0,0.000
1790425372,s4-mixed-kcp,27372,78,7014596,7014596,248.6,948.0,1141.5,0.0,-,0,0,0.000
1790425372,s5-vmess-ws,145931,5552,2493,2493,24.2,53.3,218.2,0.0,-,0,0,0.000
1790425372,s6-trojan-grpc,47604,322,2701,2701,3.2,63.4,267.2,0.0,-,0,0,0.000
1790425372,__proc__,0,0,0,0,-,-,-,978.5,7317,11430,21673780,2135.487
1790425402,s1-short,141621,5465,2285,2285,33.5,60.5,311.7,0.0,-,0,0,0.000
1790425402,s2-long,12,4,0,0,25.7,49.0,100.0,0.0,-,0,0,0.000
1790425402,s3-quic,1947476,5675,2575565,2575565,1.9,4.9,27.0,0.0,-,0,0,0.000
1790425402,s4-mixed-kcp,27693,78,6717838,6717838,196.1,987.1,1144.3,0.0,-,0,0,0.000
1790425402,s5-vmess-ws,147056,5552,2362,2362,28.0,54.6,276.9,0.0,-,0,0,0.000
1790425402,s6-trojan-grpc,48809,322,2530,2530,3.4,56.8,318.0,0.0,-,0,0,0.000
1790425402,__proc__,0,0,0,0,-,-,-,987.5,9702,14986,21777852,2157.263
1790425432,s1-short,142550,5528,1951,1951,34.7,104.8,341.0,0.0,-,0,0,0.000
1790425432,s2-long,12,4,0,0,25.7,49.0,100.0,0.0,-,0,0,0.000
1790425432,s3-quic,1957399,5706,2709641,2709641,1.8,4.8,28.1,0.0,-,0,0,0.000
1790425432,s4-mixed-kcp,27860,80,6956211,6956211,153.4,990.4,1145.7,0.0,-,0,0,0.000
1790425432,s5-vmess-ws,147981,5616,1942,1942,29.0,73.0,308.0,0.0,-,0,0,0.000
1790425432,s6-trojan-grpc,49236,330,897,897,3.8,72.3,327.0,0.0,-,0,0,0.000
1790425432,__proc__,0,0,0,0,-,-,-,989.6,10104,15382,21888692,2176.414
1790425462,s1-short,143527,5598,2052,2052,34.2,126.0,341.0,0.0,-,0,0,0.000
1790425462,s2-long,12,4,0,0,25.7,49.0,100.0,0.0,-,0,0,0.000
1790425462,s3-quic,1967879,5748,2861739,2861739,1.9,4.0,10.7,0.0,-,0,0,0.000
1790425462,s4-mixed-kcp,27961,80,7650167,7650167,152.8,990.6,1145.7,0.0,-,0,0,0.000
1790425462,s5-vmess-ws,148996,5683,2132,2132,27.8,79.0,299.4,0.0,-,0,0,0.000
1790425462,s6-trojan-grpc,49371,334,284,284,3.8,72.3,327.0,0.0,-,0,0,0.000
1790425462,__proc__,0,0,0,0,-,-,-,989.8,10208,15298,22008101,2193.988
1790425492,s1-short,143996,5802,985,985,32.4,133.1,344.8,0.0,-,0,0,0.000
1790425492,s2-long,12,4,0,0,25.7,49.0,100.0,0.0,-,0,0,0.000
1790425492,s3-quic,1977333,5960,2581572,2581572,1.3,3.0,4.7,0.0,-,0,0,0.000
1790425492,s4-mixed-kcp,28063,80,7965997,7965997,157.2,990.4,1145.7,0.0,-,0,0,0.000
1790425492,s5-vmess-ws,149477,5896,1010,1010,25.3,115.6,321.7,0.0,-,0,0,0.000
1790425492,s6-trojan-grpc,49371,334,0,0,3.8,72.3,327.0,0.0,-,0,0,0.000
1790425492,__proc__,0,0,0,0,-,-,-,989.8,10208,15337,22119272,2205.963
1790425522,s1-short,144370,6028,785,785,31.2,152.3,353.3,0.0,-,0,0,0.000
1790425522,s2-long,12,4,0,0,25.7,49.0,100.0,0.0,-,0,0,0.000
1790425522,s3-quic,1986832,6188,2593860,2593860,1.7,3.4,4.8,0.0,-,0,0,0.000
1790425522,s4-mixed-kcp,28175,80,8515718,8515718,198.8,990.2,1145.7,0.0,-,0,0,0.000
1790425522,s5-vmess-ws,149886,6121,859,859,22.5,128.6,332.6,0.0,-,0,0,0.000
1790425522,s6-trojan-grpc,49371,334,0,0,3.8,72.3,327.0,0.0,-,0,0,0.000
1790425522,__proc__,0,0,0,0,-,-,-,989.8,10202,15337,22233115,2217.128
1790425552,s1-short,144873,6250,1056,1056,28.5,155.7,347.8,0.0,-,0,0,0.000
1790425552,s2-long,12,4,0,0,25.7,49.0,100.0,0.0,-,0,0,0.000
1790425552,s3-quic,1997539,6444,2923725,2923725,1.2,2.8,4.5,0.0,-,0,0,0.000
1790425552,s4-mixed-kcp,28297,80,8155356,8155356,213.9,989.8,1145.7,0.0,-,0,0,0.000
1790425552,s5-vmess-ws,150346,6353,966,966,15.3,129.5,326.9,0.0,-,0,0,0.000
1790425552,s6-trojan-grpc,49371,334,0,0,3.8,72.3,327.0,0.0,-,0,0,0.000
1790425552,__proc__,0,0,0,0,-,-,-,989.8,10240,15423,22359044,2227.623
1790425582,s1-short,145271,6466,836,836,26.3,158.3,353.5,0.0,-,0,0,0.000
1790425582,s2-long,12,4,0,0,25.7,49.0,100.0,0.0,-,0,0,0.000
1790425582,s3-quic,2007217,6691,2642739,2642739,1.6,3.3,5.9,0.0,-,0,0,0.000
1790425582,s4-mixed-kcp,28408,80,8267340,8267340,247.5,989.2,1145.7,0.0,-,0,0,0.000
1790425582,s5-vmess-ws,150817,6575,989,989,6.6,138.8,321.7,0.0,-,0,0,0.000
1790425582,s6-trojan-grpc,49371,334,0,0,3.8,72.3,327.0,0.0,-,0,0,0.000
1790425582,__proc__,0,0,0,0,-,-,-,990.7,10233,15348,22471517,2238.583
1790425612,s1-short,146416,6524,2404,2404,18.7,126.8,282.0,0.0,-,0,0,0.000
1790425612,s2-long,12,4,0,0,25.7,49.0,100.0,0.0,-,0,0,0.000
1790425612,s3-quic,2019875,6746,3456478,3456478,1.7,4.5,13.2,0.0,-,0,0,0.000
1790425612,s4-mixed-kcp,28514,80,8118635,8118635,250.2,969.8,1144.8,0.0,-,0,0,0.000
1790425612,s5-vmess-ws,152019,6631,2524,2524,3.4,105.3,262.4,0.0,-,0,0,0.000
1790425612,s6-trojan-grpc,49371,334,0,0,3.8,72.3,327.0,0.0,-,0,0,0.000
1790425612,__proc__,0,0,0,0,-,-,-,990.7,8568,12921,22608359,2255.782
1790425642,s1-short,147685,6524,2665,2665,18.5,104.2,241.3,0.0,-,0,0,0.000
1790425642,s2-long,12,4,0,0,25.7,49.0,100.0,0.0,-,0,0,0.000
1790425642,s3-quic,2033153,6746,3625779,3625779,1.4,3.5,17.5,0.0,-,0,0,0.000
1790425642,s4-mixed-kcp,28617,80,7640600,7640600,291.4,969.8,1144.3,0.0,-,0,0,0.000
1790425642,s5-vmess-ws,153349,6631,2793,2793,3.7,103.6,248.2,0.0,-,0,0,0.000
1790425642,s6-trojan-grpc,49371,334,0,0,3.8,72.3,327.0,0.0,-,0,0,0.000
1790425642,__proc__,0,0,0,0,-,-,-,990.7,6240,9460,22751135,2274.051
1790425672,s1-short,148943,6524,2642,2642,24.7,57.9,182.0,0.0,-,0,0,0.000
1790425672,s2-long,12,4,0,0,25.7,49.0,100.0,0.0,-,0,0,0.000
1790425672,s3-quic,2046649,6746,3685308,3685308,1.3,4.1,16.5,0.0,-,0,0,0.000
1790425672,s4-mixed-kcp,28714,80,7468693,7468693,298.7,969.8,1142.3,0.0,-,0,0,0.000
1790425672,s5-vmess-ws,154681,6631,2797,2797,11.3,51.5,178.4,0.0,-,0,0,0.000
1790425672,s6-trojan-grpc,49371,334,0,0,3.8,72.3,327.0,0.0,-,0,0,0.000
1790425672,__proc__,0,0,0,0,-,-,-,990.7,3657,5575,22898614,2291.497
1790425702,s1-short,150228,6524,2698,2698,27.6,52.1,180.0,0.0,-,0,0,0.000
1790425702,s2-long,12,4,0,0,25.7,49.0,100.0,0.0,-,0,0,0.000
1790425702,s3-quic,2060767,6746,3855155,3855155,1.4,3.3,16.2,0.0,-,0,0,0.000
1790425702,s4-mixed-kcp,28815,80,7760051,7760051,314.2,969.8,1139.0,0.0,-,0,0,0.000
1790425702,s5-vmess-ws,156027,6631,2827,2827,21.1,52.8,180.2,0.0,-,0,0,0.000
1790425702,s6-trojan-grpc,49371,334,0,0,3.8,72.3,327.0,0.0,-,0,0,0.000
1790425702,__proc__,0,0,0,0,-,-,-,990.8,1291,1912,23053244,2309.436
1790425732,s1-short,151495,6524,2661,2661,28.3,52.7,186.4,0.0,-,0,0,0.000
1790425732,s2-long,12,4,0,0,25.7,49.0,100.0,0.0,-,0,0,0.000
1790425732,s3-quic,2073425,6746,3456478,3456478,1.5,3.5,17.9,0.0,-,0,0,0.000
1790425732,s4-mixed-kcp,29119,82,7626225,7626225,337.6,959.0,1128.6,0.0,-,0,0,0.000
1790425732,s5-vmess-ws,157385,6631,2852,2852,20.7,52.0,180.0,0.0,-,0,0,0.000
1790425732,s6-trojan-grpc,50157,341,1651,1651,3.9,85.6,327.0,0.0,-,0,0,0.000
1790425732,__proc__,0,0,0,0,-,-,-,997.8,2442,3963,23196717,2328.438
1790425763,s1-short,152681,6524,2491,2491,28.7,58.4,239.0,0.0,-,0,0,0.000
1790425763,s2-long,12,4,0,0,25.7,49.0,100.0,0.0,-,0,0,0.000
1790425763,s3-quic,2086213,6746,3491977,3491977,1.7,4.0,23.0,0.0,-,0,0,0.000
1790425763,s4-mixed-kcp,29491,82,7103447,7103447,298.9,947.0,1094.8,0.0,-,0,0,0.000
1790425763,s5-vmess-ws,158612,6631,2577,2577,21.5,55.7,220.7,0.0,-,0,0,0.000
1790425763,s6-trojan-grpc,51265,343,2327,2327,3.4,82.7,329.8,0.0,-,0,0,0.000
1790425763,__proc__,0,0,0,0,-,-,-,987.5,4575,7325,23338699,2348.897
1790425792,s1-short,153778,6524,2304,2304,31.2,64.7,279.3,0.0,-,0,0,0.000
1790425792,s2-long,12,4,0,0,25.7,49.0,100.0,0.0,-,0,0,0.000
1790425792,s3-quic,2096597,6746,2835524,2835524,1.3,3.2,19.8,0.0,-,0,0,0.000
1790425792,s4-mixed-kcp,29839,82,6816159,6816159,248.3,947.3,1097.8,0.0,-,0,0,0.000
1790425792,s5-vmess-ws,159755,6631,2400,2400,24.6,60.8,258.0,0.0,-,0,0,0.000
1790425792,s6-trojan-grpc,52493,343,2579,2579,3.7,66.1,330.2,0.0,-,0,0,0.000
1790425792,__proc__,0,0,0,0,-,-,-,987.5,6992,10987,23453070,2369.902
1790425822,s1-short,154977,6524,2518,2518,30.8,63.5,290.2,0.0,-,0,0,0.000
1790425822,s2-long,12,4,0,0,25.7,49.0,100.0,0.0,-,0,0,0.000
1790425822,s3-quic,2112218,6746,4265574,4265574,1.1,2.9,12.1,0.0,-,0,0,0.000
1790425822,s4-mixed-kcp,30213,82,7158543,7158543,154.2,956.8,1130.2,0.0,-,0,0,0.000
1790425822,s5-vmess-ws,161006,6631,2627,2627,25.0,60.8,266.2,0.0,-,0,0,0.000
1790425822,s6-trojan-grpc,53835,343,2818,2818,3.3,52.1,243.4,0.0,-,0,0,0.000
1790425822,__proc__,0,0,0,0,-,-,-,995.3,9779,15077,23626647,2389.600
1790425852,s1-short,155875,6590,1886,1886,30.1,73.2,345.9,0.0,-,0,0,0.000
1790425852,s2-long,12,4,0,0,25.7,49.0,100.0,0.0,-,0,0,0.000
1790425852,s3-quic,2122973,6797,2936832,2936832,1.3,3.5,14.9,0.0,-,0,0,0.000
1790425852,s4-mixed-kcp,30466,89,6916097,6916097,112.1,947.2,1133.8,0.0,-,0,0,0.000
1790425852,s5-vmess-ws,161934,6703,1949,1949,24.5,66.8,294.9,0.0,-,0,0,0.000
1790425852,s6-trojan-grpc,54182,360,729,729,3.5,58.9,313.1,0.0,-,0,0,0.000
1790425852,__proc__,0,0,0,0,-,-,-,997.8,10058,15435,23748473,2408.414
1790425882,s1-short,157168,6590,2715,2715,28.1,69.4,302.9,0.0,-,0,0,0.000
1790425882,s2-long,12,4,0,0,25.7,49.0,100.0,0.0,-,0,0,0.000
1790425882,s3-quic,2137643,6797,4005888,4005888,1.3,3.2,14.8,0.0,-,0,0,0.000
1790425882,s4-mixed-kcp,30727,89,7809431,7809431,116.6,946.5,1133.8,0.0,-,0,0,0.000
1790425882,s5-vmess-ws,163306,6703,2881,2881,20.6,60.2,263.3,0.0,-,0,0,0.000
1790425882,s6-trojan-grpc,54182,360,0,0,3.5,58.9,313.1,0.0,-,0,0,0.000
1790425882,__proc__,0,0,0,0,-,-,-,997.9,10085,15460,23910598,2426.822
1790425912,s1-short,158489,6590,2774,2774,24.4,58.0,240.2,0.0,-,0,0,0.000
1790425912,s2-long,12,4,0,0,25.7,49.0,100.0,0.0,-,0,0,0.000
1790425912,s3-quic,2155684,6797,4926396,4926396,1.1,3.0,13.3,0.0,-,0,0,0.000
1790425912,s4-mixed-kcp,30997,89,7941972,7941972,138.9,945.8,1132.5,0.0,-,0,0,0.000
1790425912,s5-vmess-ws,164685,6703,2896,2896,17.2,52.6,202.0,0.0,-,0,0,0.000
1790425912,s6-trojan-grpc,54182,360,0,0,3.5,58.9,313.1,0.0,-,0,0,0.000
1790425912,__proc__,0,0,0,0,-,-,-,997.9,10084,15466,24112223,2444.526
1790425942,s1-short,159762,6590,2673,2673,23.3,51.1,112.0,0.0,-,0,0,0.000
1790425942,s2-long,12,4,0,0,25.7,49.0,100.0,0.0,-,0,0,0.000
1790425942,s3-quic,2172494,6797,4590251,4590251,1.2,3.3,13.4,0.0,-,0,0,0.000
1790425942,s4-mixed-kcp,31254,89,7663168,7663168,147.9,945.2,1119.8,0.0,-,0,0,0.000
1790425942,s5-vmess-ws,166027,6703,2818,2818,16.8,50.2,130.3,0.0,-,0,0,0.000
1790425942,s6-trojan-grpc,54182,360,0,0,3.5,58.9,313.1,0.0,-,0,0,0.000
1790425942,__proc__,0,0,0,0,-,-,-,998.0,10081,15481,24298710,2462.659
1790425972,s1-short,161074,6590,2755,2755,22.5,49.5,94.6,0.0,-,0,0,0.000
1790425972,s2-long,12,4,0,0,25.7,49.0,100.0,0.0,-,0,0,0.000
1790425972,s3-quic,2189352,6797,4603358,4603358,1.1,2.8,12.4,0.0,-,0,0,0.000
1790425972,s4-mixed-kcp,31507,89,7962790,7962790,149.2,945.2,1101.7,0.0,-,0,0,0.000
1790425972,s5-vmess-ws,167405,6703,2894,2894,16.9,48.8,122.5,0.0,-,0,0,0.000
1790425972,s6-trojan-grpc,54182,360,0,0,3.5,58.9,313.1,0.0,-,0,0,0.000
1790425972,__proc__,0,0,0,0,-,-,-,998.0,10083,15480,24485732,2480.265
1790426002,s1-short,162381,6590,2745,2745,22.5,52.7,102.5,0.0,-,0,0,0.000
1790426002,s2-long,12,4,0,0,25.7,49.0,100.0,0.0,-,0,0,0.000
1790426002,s3-quic,2205883,6797,4514065,4514065,1.1,3.1,14.4,0.0,-,0,0,0.000
1790426002,s4-mixed-kcp,31766,89,7707299,7707299,151.3,944.3,1093.8,0.0,-,0,0,0.000
1790426002,s5-vmess-ws,168775,6703,2877,2877,16.6,51.7,142.0,0.0,-,0,0,0.000
1790426002,s6-trojan-grpc,54182,360,0,0,3.5,58.9,313.1,0.0,-,0,0,0.000
1790426002,__proc__,0,0,0,0,-,-,-,998.0,10106,15545,24666744,2498.233
1790426032,s1-short,163670,6590,2707,2707,23.2,52.1,140.4,0.0,-,0,0,0.000
1790426032,s2-long,12,4,0,0,25.7,49.0,100.0,0.0,-,0,0,0.000
1790426032,s3-quic,2220550,6797,4005069,4005069,1.1,2.8,11.2,0.0,-,0,0,0.000
1790426032,s4-mixed-kcp,32023,89,7725623,7725623,147.5,943.0,1086.2,0.0,-,0,0,0.000
1790426032,s5-vmess-ws,170139,6703,2864,2864,16.6,49.4,142.1,0.0,-,0,0,0.000
1790426032,s6-trojan-grpc,54182,360,0,0,3.5,58.9,313.1,0.0,-,0,0,0.000
1790426032,__proc__,0,0,0,0,-,-,-,998.1,8509,13129,24830800,2516.357
1790426062,s1-short,164966,6590,2722,2722,22.7,51.3,122.6,0.0,-,0,0,0.000
1790426062,s2-long,12,4,0,0,25.7,49.0,100.0,0.0,-,0,0,0.000
1790426062,s3-quic,2238218,6797,4824542,4824542,1.1,2.8,13.9,0.0,-,0,0,0.000
1790426062,s4-mixed-kcp,32277,89,7756529,7756529,99.5,940.2,1066.9,0.0,-,0,0,0.000
1790426062,s5-vmess-ws,171487,6703,2831,2831,17.1,50.9,139.0,0.0,-,0,0,0.000
1790426062,s6-trojan-grpc,54182,360,0,0,3.5,58.9,313.1,0.0,-,0,0,0.000
1790426062,__proc__,0,0,0,0,-,-,-,998.1,6307,9833,25026750,2533.791
1790426092,s1-short,166200,6590,2591,2591,25.1,58.3,168.4,0.0,-,0,0,0.000
1790426092,s2-long,12,4,0,0,25.7,49.0,100.0,0.0,-,0,0,0.000
1790426092,s3-quic,2250683,6797,3403776,3403776,1.6,3.8,19.3,0.0,-,0,0,0.000
1790426092,s4-mixed-kcp,32514,89,7391901,7391901,70.0,941.9,1087.2,0.0,-,0,0,0.000
1790426092,s5-vmess-ws,172768,6703,2690,2690,18.7,57.6,167.1,0.0,-,0,0,0.000
1790426092,s6-trojan-grpc,54182,360,0,0,3.5,58.9,313.1,0.0,-,0,0,0.000
1790426092,__proc__,0,0,0,0,-,-,-,998.1,3808,6051,25167207,2552.908
1790426122,s1-short,167475,6590,2678,2678,26.2,53.9,155.2,0.0,-,0,0,0.000
1790426122,s2-long,12,4,0,0,25.7,49.0,100.0,0.0,-,0,0,0.000
1790426122,s3-quic,2263691,6797,3552051,3552051,1.3,3.2,15.2,0.0,-,0,0,0.000
1790426122,s4-mixed-kcp,32762,89,7479598,7479598,64.0,934.7,1091.6,0.0,-,0,0,0.000
1790426122,s5-vmess-ws,174114,6703,2827,2827,19.8,56.0,147.0,0.0,-,0,0,0.000
1790426122,s6-trojan-grpc,54182,360,0,0,3.5,58.9,313.1,0.0,-,0,0,0.000
1790426122,__proc__,0,0,0,0,-,-,-,998.1,1143,2066,25314669,2571.496
1790426152,s1-short,168770,6590,2720,2720,29.2,55.7,159.7,0.0,-,0,0,0.000
1790426152,s2-long,12,4,0,0,25.7,49.0,100.0,0.0,-,0,0,0.000
1790426152,s3-quic,2277452,6797,3757670,3757670,1.7,3.5,23.0,0.0,-,0,0,0.000
1790426152,s4-mixed-kcp,33102,90,7710510,7710510,60.6,903.7,1087.2,0.0,-,0,0,0.000
1790426152,s5-vmess-ws,175480,6703,2869,2869,20.9,56.9,156.3,0.0,-,0,0,0.000
1790426152,s6-trojan-grpc,55077,368,1880,1880,3.6,57.9,313.1,0.0,-,0,0,0.000
1790426152,__proc__,0,0,0,0,-,-,-,979.5,2522,4155,25472500,2590.599
1790426182,s1-short,169947,6590,2472,2472,30.3,52.7,160.7,0.0,-,0,0,0.000
1790426182,s2-long,12,4,0,0,25.7,49.0,100.0,0.0,-,0,0,0.000
1790426182,s3-quic,2289546,6797,3302468,3302468,1.3,3.3,18.2,0.0,-,0,0,0.000
1790426182,s4-mixed-kcp,33458,90,6863162,6863162,61.0,921.3,1093.8,0.0,-,0,0,0.000
1790426182,s5-vmess-ws,176695,6703,2552,2552,21.9,50.0,170.1,0.0,-,0,0,0.000
1790426182,s6-trojan-grpc,56403,368,2785,2785,2.8,52.4,266.3,0.0,-,0,0,0.000
1790426182,__proc__,0,0,0,0,-,-,-,978.6,5224,8339,25610297,2611.341
1790426212,s1-short,171077,6590,2373,2373,31.6,55.5,157.8,0.0,-,0,0,0.000
1790426212,s2-long,12,4,0,0,25.7,49.0,100.0,0.0,-,0,0,0.000
1790426212,s3-quic,2299632,6797,2754150,2754150,1.7,4.7,26.4,0.0,-,0,0,0.000
1790426212,s4-mixed-kcp,33799,90,6704029,6704029,60.6,910.5,1093.1,0.0,-,0,0,0.000
1790426212,s5-vmess-ws,177864,6703,2455,2455,24.3,57.8,222.4,0.0,-,0,0,0.000
1790426212,s6-trojan-grpc,57656,368,2631,2631,2.9,57.9,293.0,0.0,-,0,0,0.000
1790426212,__proc__,0,0,0,0,-,-,-,987.7,7712,12008,25724809,2632.660
1790426242,s1-short,172203,6595,2365,2365,33.6,59.3,241.7,0.0,-,0,0,0.000
1790426242,s2-long,12,4,0,0,25.7,49.0,100.0,0.0,-,0,0,0.000
1790426242,s3-quic,2310250,6798,2899422,2899422,1.7,4.7,23.6,0.0,-,0,0,0.000
1790426242,s4-mixed-kcp,34143,91,6732742,6732742,60.9,922.3,1094.0,0.0,-,0,0,0.000
1790426242,s5-vmess-ws,179034,6708,2457,2457,26.8,59.5,258.3,0.0,-,0,0,0.000
1790426242,s6-trojan-grpc,58908,371,2629,2629,2.9,59.1,266.0,0.0,-,0,0,0.000
1790426242,__proc__,0,0,0,0,-,-,-,997.1,10161,15711,25845215,2653.723
1790426272,s1-short,173139,6660,1966,1966,32.9,63.8,289.9,0.0,-,0,0,0.000
1790426272,s2-long,12,4,0,0,25.7,49.0,100.0,0.0,-,0,0,0.000
1790426272,s3-quic,2320689,6833,2850543,2850543,1.8,4.8,23.3,0.0,-,0,0,0.000
1790426272,s4-mixed-kcp,34260,93,6719523,6719523,62.1,938.0,1094.3,0.0,-,0,0,0.000
1790426272,s5-vmess-ws,180009,6767,2048,2048,26.1,103.0,269.9,0.0,-,0,0,0.000
1790426272,s6-trojan-grpc,59121,384,447,447,3.0,61.3,266.0,0.0,-,0,0,0.000
1790426272,__proc__,0,0,0,0,-,-,-,997.8,10133,15324,25963191,2672.806
1790426302,s1-short,174084,6735,1984,1984,32.2,103.6,296.8,0.0,-,0,0,0.000
1790426302,s2-long,12,4,0,0,25.7,49.0,100.0,0.0,-,0,0,0.000
1790426302,s3-quic,2331035,6884,2825148,2825148,1.9,4.1,9.9,0.0,-,0,0,0.000
1790426302,s4-mixed-kcp,34360,93,7328716,7328716,64.3,939.3,1093.7,0.0,-,0,0,0.000
1790426302,s5-vmess-ws,180999,6848,2079,2079,24.1,105.1,270.9,0.0,-,0,0,0.000
1790426302,s6-trojan-grpc,59232,387,233,233,3.1,61.3,266.0,0.0,-,0,0,0.000
1790426302,__proc__,0,0,0,0,-,-,-,997.8,10227,15397,26084150,2690.389
1790426332,s1-short,174729,6913,1354,1354,30.1,123.7,296.8,0.0,-,0,0,0.000
1790426332,s2-long,12,4,0,0,25.7,49.0,100.0,0.0,-,0,0,0.000
1790426332,s3-quic,2342248,7054,3061897,3061897,1.5,3.7,6.8,0.0,-,0,0,0.000
1790426332,s4-mixed-kcp,34465,93,7848164,7848164,66.4,940.2,1086.6,0.0,-,0,0,0.000
1790426332,s5-vmess-ws,181580,7027,1220,1220,18.6,111.1,267.8,0.0,-,0,0,0.000
1790426332,s6-trojan-grpc,59232,387,0,0,3.1,61.3,266.0,0.0,-,0,0,0.000
1790426332,__proc__,0,0,0,0,-,-,-,997.8,10213,15391,26213581,2703.522
1790426362,s1-short,175567,7043,1760,1760,24.6,128.0,305.3,0.0,-,0,0,0.000
1790426362,s2-long,12,4,0,0,25.7,49.0,100.0,0.0,-,0,0,0.000
1790426362,s3-quic,2354502,7206,3346159,3346159,1.2,3.1,6.9,0.0,-,0,0,0.000
1790426362,s4-mixed-kcp,34563,93,7947837,7947837,70.2,939.4,1084.7,0.0,-,0,0,0.000
1790426362,s5-vmess-ws,182328,7192,1571,1571,8.6,111.2,264.4,0.0,-,0,0,0.000
1790426362,s6-trojan-grpc,59232,387,0,0,3.1,61.3,266.0,0.0,-,0,0,0.000
1790426362,__proc__,0,0,0,0,-,-,-,997.8,10236,15413,26350444,2717.697
1790426392,s1-short,176192,7206,1312,1312,19.7,132.6,282.1,0.0,-,0,0,0.000
1790426392,s2-long,12,4,0,0,25.7,49.0,100.0,0.0,-,0,0,0.000
1790426392,s3-quic,2366000,7376,3139721,3139721,1.6,3.4,7.0,0.0,-,0,0,0.000
1790426392,s4-mixed-kcp,34673,93,7799326,7799326,78.3,940.7,1084.7,0.0,-,0,0,0.000
1790426392,s5-vmess-ws,183009,7368,1430,1430,3.8,113.4,258.8,0.0,-,0,0,0.000
1790426392,s6-trojan-grpc,59232,387,0,0,3.1,61.3,266.0,0.0,-,0,0,0.000
1790426392,__proc__,0,0,0,0,-,-,-,997.8,10212,15384,26485536,2730.699
1790426422,s1-short,176927,7375,1544,1544,16.8,116.1,247.4,0.0,-,0,0,0.000
1790426422,s2-long,12,4,0,0,25.7,49.0,100.0,0.0,-,0,0,0.000
1790426422,s3-quic,2378392,7476,3383842,3383842,1.6,3.3,5.8,0.0,-,0,0,0.000
1790426422,s4-mixed-kcp,34779,93,7955064,7955064,100.0,942.6,1080.1,0.0,-,0,0,0.000
1790426422,s5-vmess-ws,183807,7531,1676,1676,2.8,104.0,238.4,0.0,-,0,0,0.000
1790426422,s6-trojan-grpc,59232,387,0,0,3.1,61.3,266.0,0.0,-,0,0,0.000
1790426422,__proc__,0,0,0,0,-,-,-,997.8,10211,15357,26621190,2745.947
1790426452,s1-short,178065,7409,2390,2390,16.1,113.2,247.4,0.0,-,0,0,0.000
1790426452,s2-long,12,4,0,0,25.7,49.0,100.0,0.0,-,0,0,0.000
1790426452,s3-quic,2391802,7520,3661824,3661824,1.5,4.0,16.9,0.0,-,0,0,0.000
1790426452,s4-mixed-kcp,34886,93,7766950,7766950,110.7,943.3,1080.1,0.0,-,0,0,0.000
1790426452,s5-vmess-ws,185008,7584,2522,2522,2.5,97.5,208.4,0.0,-,0,0,0.000
1790426452,s6-trojan-grpc,59232,387,0,0,3.1,61.3,266.0,0.0,-,0,0,0.000
1790426452,__proc__,0,0,0,0,-,-,-,997.8,8425,12710,26766078,2762.888
1790426482,s1-short,179352,7409,2703,2703,21.0,78.7,184.2,0.0,-,0,0,0.000
1790426482,s2-long,12,4,0,0,25.7,49.0,100.0,0.0,-,0,0,0.000
1790426482,s3-quic,2405758,7520,3810918,3810918,1.4,3.2,16.8,0.0,-,0,0,0.000
1790426482,s4-mixed-kcp,34986,93,7378976,7378976,142.2,944.2,1086.6,0.0,-,0,0,0.000
1790426482,s5-vmess-ws,186365,7584,2850,2850,4.5,51.8,161.8,0.0,-,0,0,0.000
1790426482,s6-trojan-grpc,59232,387,0,0,3.1,61.3,266.0,0.0,-,0,0,0.000
1790426482,__proc__,0,0,0,0,-,-,-,997.8,5774,8716,26918205,2780.384
1790426512,s1-short,180634,7409,2692,2692,25.9,51.3,155.4,0.0,-,0,0,0.000
1790426512,s2-long,12,4,0,0,25.7,49.0,100.0,0.0,-,0,0,0.000
1790426512,s3-quic,2419797,7520,3833583,3833583,1.4,3.0,15.4,0.0,-,0,0,0.000
1790426512,s4-mixed-kcp,35086,93,7337256,7337256,153.2,944.9,1089.6,0.0,-,0,0,0.000
1790426512,s5-vmess-ws,187703,7584,2810,2810,17.3,46.9,135.1,0.0,-,0,0,0.000
1790426512,s6-trojan-grpc,59232,387,0,0,3.1,61.3,266.0,0.0,-,0,0,0.000
1790426512,__proc__,0,0,0,0,-,-,-,997.8,3263,4960,27071719,2798.250
1790426542,s1-short,181923,7409,2707,2707,27.9,49.2,97.5,0.0,-,0,0,0.000
1790426542,s2-long,12,4,0,0,25.7,49.0,100.0,0.0,-,0,0,0.000
1790426542,s3-quic,2433574,7520,3762039,3762039,1.1,2.6,12.7,0.0,-,0,0,0.000
1790426542,s4-mixed-kcp,35191,93,7344662,7344662,190.7,945.1,1089.6,0.0,-,0,0,0.000
1790426542,s5-vmess-ws,189057,7584,2843,2843,20.9,48.4,131.9,0.0,-,0,0,0.000
1790426542,s6-trojan-grpc,59232,388,0,0,3.1,61.3,266.0,0.0,-,0,0,0.000
1790426542,__proc__,0,0,0,0,-,-,-,997.9,732,1130,27225365,2816.013
1790426572,s1-short,183147,7409,2570,2570,29.5,52.1,145.7,0.0,-,0,0,0.000
1790426572,s2-long,12,4,0,0,25.7,49.0,100.0,0.0,-,0,0,0.000
1790426572,s3-quic,2444843,7520,3077188,3077188,1.2,3.5,18.2,0.0,-,0,0,0.000
1790426572,s4-mixed-kcp,35527,95,7235343,7235343,177.6,945.1,1092.3,0.0,-,0,0,0.000
1790426572,s5-vmess-ws,190342,7584,2698,2698,23.1,53.1,138.8,0.0,-,0,0,0.000
1790426572,s6-trojan-grpc,60295,394,2232,2232,3.2,67.5,239.4,0.0,-,0,0,0.000
1790426572,__proc__,0,0,0,0,-,-,-,999.5,3067,4966,27353050,2835.900
1790426602,s1-short,184375,7409,2579,2579,29.1,53.2,146.4,0.0,-,0,0,0.000
1790426602,s2-long,12,4,0,0,25.7,49.0,100.0,0.0,-,0,0,0.000
1790426602,s3-quic,2460506,7520,4277043,4277043,1.2,2.5,15.6,0.0,-,0,0,0.000
1790426602,s4-mixed-kcp,35904,95,7116420,7116420,150.8,945.3,1094.0,0.0,-,0,0,0.000
1790426602,s5-vmess-ws,191610,7584,2663,2663,23.7,54.5,154.2,0.0,-,0,0,0.000
1790426602,s6-trojan-grpc,61572,395,2682,2682,2.9,60.5,230.9,0.0,-,0,0,0.000
1790426602,__proc__,0,0,0,0,-,-,-,987.5,5536,8865,27525811,2855.359
1790426632,s1-short,185487,7409,2335,2335,29.9,58.5,271.4,0.0,-,0,0,0.000
1790426632,s2-long,12,4,0,0,25.7,49.0,100.0,0.0,-,0,0,0.000
1790426632,s3-quic,2471611,7520,3032405,3032405,1.4,4.1,19.9,0.0,-,0,0,0.000
1790426632,s4-mixed-kcp,36245,95,6546840,6546840,148.0,945.9,1099.1,0.0,-,0,0,0.000
1790426632,s5-vmess-ws,192766,7584,2428,2428,24.1,58.8,238.6,0.0,-,0,0,0.000
1790426632,s6-trojan-grpc,62808,395,2596,2596,2.8,59.4,234.6,0.0,-,0,0,0.000
1790426632,__proc__,0,0,0,0,-,-,-,988.6,8024,12527,27650177,2876.607
1790426662,s1-short,186550,7432,2232,2232,29.9,68.8,278.7,0.0,-,0,0,0.000
1790426662,s2-long,12,4,0,0,25.7,49.0,100.0,0.0,-,0,0,0.000
1790426662,s3-quic,2484562,7533,3536486,3536486,1.2,3.3,14.9,0.0,-,0,0,0.000
1790426662,s4-mixed-kcp,36588,98,6715148,6715148,125.8,947.1,1122.6,0.0,-,0,0,0.000
1790426662,s5-vmess-ws,193869,7608,2316,2316,24.5,68.9,274.7,0.0,-,0,0,0.000
1790426662,s6-trojan-grpc,63998,411,2499,2499,2.9,56.6,234.2,0.0,-,0,0,0.000
1790426662,__proc__,0,0,0,0,-,-,-,996.8,10200,15778,27792507,2896.663
1790426692,s1-short,187586,7495,2176,2176,26.9,72.4,279.5,0.0,-,0,0,0.000
1790426692,s2-long,12,4,0,0,25.7,49.0,100.0,0.0,-,0,0,0.000
1790426692,s3-quic,2500952,7588,4475563,4475563,1.1,2.7,12.2,0.0,-,0,0,0.000
1790426692,s4-mixed-kcp,36832,107,7355700,7355700,130.3,950.5,1108.1,0.0,-,0,0,0.000
1790426692,s5-vmess-ws,194917,7685,2201,2201,21.3,71.2,280.9,0.0,-,0,0,0.000
1790426692,s6-trojan-grpc,64042,416,92,92,2.9,59.6,251.4,0.0,-,0,0,0.000
1790426692,__proc__,0,0,0,0,-,-,-,997.7,10041,15425,27977272,2913.163
1790426722,s1-short,188902,7495,2764,2764,24.2,71.3,257.0,0.0,-,0,0,0.000
1790426722,s2-long,12,4,0,0,25.7,49.0,100.0,0.0,-,0,0,0.000
1790426722,s3-quic,2518150,7588,4696201,4696201,1.2,2.9,11.7,0.0,-,0,0,0.000
1790426722,s4-mixed-kcp,37087,107,7737491,7737491,138.3,952.0,1122.6,0.0,-,0,0,0.000
1790426722,s5-vmess-ws,196308,7685,2921,2921,17.4,67.5,227.7,0.0,-,0,0,0.000
1790426722,s6-trojan-grpc,64042,416,0,0,2.9,59.6,251.4,0.0,-,0,0,0.000
1790426722,__proc__,0,0,0,0,-,-,-,997.8,10072,15445,28171735,2931.228
1790426752,s1-short,190214,7495,2755,2755,21.7,59.2,152.8,0.0,-,0,0,0.000
1790426752,s2-long,12,4,0,0,25.7,49.0,100.0,0.0,-,0,0,0.000
1790426752,s3-quic,2535426,7588,4717500,4717500,1.2,2.9,11.7,0.0,-,0,0,0.000
1790426752,s4-mixed-kcp,37347,107,7610013,7610013,148.4,949.2,1127.9,0.0,-,0,0,0.000
1790426752,s5-vmess-ws,197683,7685,2888,2888,15.7,53.8,139.3,0.0,-,0,0,0.000
1790426752,s6-trojan-grpc,64042,416,0,0,2.9,59.6,251.4,0.0,-,0,0,0.000
1790426752,__proc__,0,0,0,0,-,-,-,997.8,10065,15431,28364644,2949.043
1790426782,s1-short,191524,7495,2751,2751,21.5,50.0,98.4,0.0,-,0,0,0.000
1790426782,s2-long,12,4,0,0,25.7,49.0,100.0,0.0,-,0,0,0.000
1790426782,s3-quic,2552019,7588,4530995,4530995,1.1,2.7,11.5,0.0,-,0,0,0.000
1790426782,s4-mixed-kcp,37610,107,7511082,7511082,149.5,947.9,1102.9,0.0,-,0,0,0.000
1790426782,s5-vmess-ws,199062,7685,2896,2896,15.2,49.9,112.6,0.0,-,0,0,0.000
1790426782,s6-trojan-grpc,64042,416,0,0,2.9,59.6,251.4,0.0,-,0,0,0.000
1790426782,__proc__,0,0,0,0,-,-,-,998.0,10078,15464,28549998,2967.215
1790426812,s1-short,192817,7495,2715,2715,23.0,50.4,93.6,0.0,-,0,0,0.000
1790426812,s2-long,12,4,0,0,25.7,49.0,100.0,0.0,-,0,0,0.000
1790426812,s3-quic,2567289,7588,4169728,4169728,1.1,2.6,9.5,0.0,-,0,0,0.000
1790426812,s4-mixed-kcp,37860,107,7386487,7386487,150.4,947.0,1097.6,0.0,-,0,0,0.000
1790426812,s5-vmess-ws,200417,7685,2846,2846,16.3,51.0,126.3,0.0,-,0,0,0.000
1790426812,s6-trojan-grpc,64042,416,0,0,2.9,59.6,251.4,0.0,-,0,0,0.000
1790426812,__proc__,0,0,0,0,-,-,-,998.1,10069,15444,28721939,2985.889
1790426842,s1-short,194146,7495,2791,2791,22.9,49.8,80.2,0.0,-,0,0,0.000
1790426842,s2-long,12,4,0,0,25.7,49.0,100.0,0.0,-,0,0,0.000
1790426842,s3-quic,2585581,7588,4994935,4994935,1.1,2.7,10.9,0.0,-,0,0,0.000
1790426842,s4-mixed-kcp,38118,107,7794581,7794581,152.2,945.9,1094.9,0.0,-,0,0,0.000
1790426842,s5-vmess-ws,201807,7685,2919,2919,15.9,49.7,118.6,0.0,-,0,0,0.000
1790426842,s6-trojan-grpc,64042,416,0,0,2.9,59.6,251.4,0.0,-,0,0,0.000
1790426842,__proc__,0,0,0,0,-,-,-,998.1,10081,15337,28924872,3003.446
1790426872,s1-short,195363,7495,2556,2556,25.5,57.0,107.0,0.0,-,0,0,0.000
1790426872,s2-long,12,4,0,0,25.7,49.0,100.0,0.0,-,0,0,0.000
1790426872,s3-quic,2597372,7588,3219729,3219729,1.5,4.3,22.9,0.0,-,0,0,0.000
1790426872,s4-mixed-kcp,38358,107,7207980,7207980,149.6,945.3,1094.0,0.0,-,0,0,0.000
1790426872,s5-vmess-ws,203084,7685,2682,2682,18.4,56.5,121.6,0.0,-,0,0,0.000
1790426872,s6-trojan-grpc,64042,416,0,0,2.9,59.6,251.4,0.0,-,0,0,0.000
1790426872,__proc__,0,0,0,0,-,-,-,997.7,7918,12209,29057624,3022.399
1790426902,s1-short,196618,7495,2636,2636,26.5,58.0,108.6,0.0,-,0,0,0.000
1790426902,s2-long,12,4,0,0,25.7,49.0,100.0,0.0,-,0,0,0.000
1790426902,s3-quic,2610298,7588,3529660,3529660,1.3,4.1,21.2,0.0,-,0,0,0.000
1790426902,s4-mixed-kcp,38597,107,7115721,7115721,106.4,945.5,1094.6,0.0,-,0,0,0.000
1790426902,s5-vmess-ws,204385,7685,2732,2732,19.5,57.2,131.4,0.0,-,0,0,0.000
1790426902,s6-trojan-grpc,64042,416,0,0,2.9,59.6,251.4,0.0,-,0,0,0.000
1790426902,__proc__,0,0,0,0,-,-,-,997.5,5337,8289,29203751,3041.080
1790426932,s1-short,197870,7495,2629,2629,30.3,60.8,129.4,0.0,-,0,0,0.000
1790426932,s2-long,12,4,0,0,25.7,49.0,100.0,0.0,-,0,0,0.000
1790426932,s3-quic,2622823,7588,3420160,3420160,1.7,4.5,18.8,0.0,-,0,0,0.000
1790426932,s4-mixed-kcp,38840,107,7242613,7242613,72.9,945.9,1094.8,0.0,-,0,0,0.000
1790426932,s5-vmess-ws,205689,7685,2738,2738,22.9,65.3,156.0,0.0,-,0,0,0.000
1790426932,s6-trojan-grpc,64042,416,0,0,2.9,59.6,251.4,0.0,-,0,0,0.000
1790426932,__proc__,0,0,0,0,-,-,-,997.5,2903,4678,29345052,3060.189
1790426962,s1-short,199179,7495,2749,2749,29.8,53.2,104.9,0.0,-,0,0,0.000
1790426962,s2-long,12,4,0,0,25.7,49.0,100.0,0.0,-,0,0,0.000
1790426962,s3-quic,2635968,7588,3589461,3589461,1.7,3.7,18.7,0.0,-,0,0,0.000
1790426962,s4-mixed-kcp,39088,107,7676034,7676034,65.0,944.9,1094.7,0.0,-,0,0,0.000
1790426962,s5-vmess-ws,207068,7685,2896,2896,21.2,55.2,141.4,0.0,-,0,0,0.000
1790426962,s6-trojan-grpc,64071,419,61,61,2.9,59.4,251.4,0.0,-,0,0,0.000
1790426962,__proc__,0,0,0,0,-,-,-,996.6,622,1256,29494977,3078.920
1790426992,s1-short,200436,7495,2640,2640,29.4,51.1,169.4,0.0,-,0,0,0.000
1790426992,s2-long,12,4,0,0,25.7,49.0,100.0,0.0,-,0,0,0.000
1790426992,s3-quic,2647591,7588,3173854,3173854,1.7,4.3,23.0,0.0,-,0,0,0.000
1790426992,s4-mixed-kcp,39450,108,7310709,7310709,59.9,944.6,1094.8,0.0,-,0,0,0.000
1790426992,s5-vmess-ws,208386,7685,2768,2768,20.5,53.0,162.1,0.0,-,0,0,0.000
1790426992,s6-trojan-grpc,65070,426,2098,2098,3.4,55.9,244.9,0.0,-,0,0,0.000
1790426992,__proc__,0,0,0,0,-,-,-,977.6,2822,4709,29627837,3099.140
1790427022,s1-short,201586,7495,2415,2415,29.6,52.7,222.4,0.0,-,0,0,0.000
1790427022,s2-long,12,4,0,0,25.7,49.0,100.0,0.0,-,0,0,0.000
1790427022,s3-quic,2658308,7588,2926455,2926455,1.5,4.3,23.0,0.0,-,0,0,0.000
1790427022,s4-mixed-kcp,39809,108,6828252,6828252,60.4,944.9,1096.5,0.0,-,0,0,0.000
1790427022,s5-vmess-ws,209586,7685,2520,2520,21.3,53.3,205.8,0.0,-,0,0,0.000
1790427022,s6-trojan-grpc,66336,426,2659,2659,4.1,56.4,220.5,0.0,-,0,0,0.000
1790427022,__proc__,0,0,0,0,-,-,-,979.5,5380,8567,29748867,3120.102
1790427052,s1-short,202725,7495,2392,2392,30.9,62.9,246.6,0.0,-,0,0,0.000
1790427052,s2-long,12,4,0,0,25.7,49.0,100.0,0.0,-,0,0,0.000
1790427052,s3-quic,2670070,7588,3211810,3211810,1.4,4.2,21.0,0.0,-,0,0,0.000
1790427052,s4-mixed-kcp,40160,108,6596288,6596288,61.0,945.8,1096.1,0.0,-,0,0,0.000
1790427052,s5-vmess-ws,210760,7685,2465,2465,23.8,60.7,245.8,0.0,-,0,0,0.000
1790427052,s6-trojan-grpc,67622,426,2701,2701,3.9,56.8,225.6,0.0,-,0,0,0.000
1790427052,__proc__,0,0,0,0,-,-,-,988.9,7981,12358,29881842,3140.763
1790427082,s1-short,203779,7506,2213,2213,32.8,70.3,269.8,0.0,-,0,0,0.000
1790427082,s2-long,12,4,0,0,25.7,49.0,100.0,0.0,-,0,0,0.000
1790427082,s3-quic,2680611,7595,2878396,2878396,1.3,3.3,16.8,0.0,-,0,0,0.000
1790427082,s4-mixed-kcp,40484,110,6566128,6566128,61.5,945.3,1096.7,0.0,-,0,0,0.000
1790427082,s5-vmess-ws,211859,7697,2308,2308,27.0,68.4,275.8,0.0,-,0,0,0.000
1790427082,s6-trojan-grpc,68816,433,2507,2507,4.1,59.1,270.1,0.0,-,0,0,0.000
1790427082,__proc__,0,0,0,0,-,-,-,999.7,10218,15744,30001234,3161.905
1790427112,s1-short,204671,7588,1873,1873,32.3,85.2,285.6,0.0,-,0,0,0.000
1790427112,s2-long,12,4,0,0,25.7,49.0,100.0,0.0,-,0,0,0.000
1790427112,s3-quic,2691718,7665,3032951,3032951,1.3,3.3,18.9,0.0,-,0,0,0.000
1790427112,s4-mixed-kcp,40698,117,7176794,7176794,62.6,945.2,1096.1,0.0,-,0,0,0.000
1790427112,s5-vmess-ws,212738,7799,1846,1846,26.5,87.8,291.3,0.0,-,0,0,0.000
1790427112,s6-trojan-grpc,68905,457,187,187,4.1,62.2,276.0,0.0,-,0,0,0.000
1790427112,__proc__,0,0,0,0,-,-,-,1002.7,10069,15407,30129531,3179.583
1790427142,s1-short,205861,7588,2499,2499,33.2,101.3,287.6,0.0,-,0,0,0.000
1790427142,s2-long,12,4,0,0,25.7,49.0,100.0,0.0,-,0,0,0.000
1790427142,s3-quic,2701830,7665,2761250,2761250,1.5,4.6,21.0,0.0,-,0,0,0.000
1790427142,s4-mixed-kcp,40939,117,7252446,7252446,63.0,945.0,1096.5,0.0,-,0,0,0.000
1790427142,s5-vmess-ws,214016,7799,2684,2684,26.1,92.8,276.9,0.0,-,0,0,0.000
1790427142,s6-trojan-grpc,68905,457,0,0,4.1,62.2,276.0,0.0,-,0,0,0.000
1790427142,__proc__,0,0,0,0,-,-,-,1002.7,10174,15570,30245713,3199.537
1790427172,s1-short,207160,7595,2728,2728,29.1,97.4,263.5,0.0,-,0,0,0.000
1790427172,s2-long,12,4,0,0,25.7,49.0,100.0,0.0,-,0,0,0.000
1790427172,s3-quic,2717446,7665,4264209,4264209,1.2,2.4,9.4,0.0,-,0,0,0.000
1790427172,s4-mixed-kcp,41192,117,7783413,7783413,63.2,945.3,1096.1,0.0,-,0,0,0.000
1790427172,s5-vmess-ws,215380,7811,2864,2864,18.6,81.2,209.6,0.0,-,0,0,0.000
1790427172,s6-trojan-grpc,68905,457,0,0,4.1,62.2,276.0,0.0,-,0,0,0.000
1790427172,__proc__,0,0,0,0,-,-,-,1002.9,10175,15539,30419369,3218.052
1790427202,s1-short,208375,7598,2552,2552,28.7,80.8,203.8,0.0,-,0,0,0.000
1790427202,s2-long,12,4,0,0,25.7,49.0,100.0,0.0,-,0,0,0.000
1790427202,s3-quic,2730067,7666,3446374,3446374,2.1,5.3,28.2,0.0,-,0,0,0.000
1790427202,s4-mixed-kcp,41433,118,7144763,7144763,63.8,945.9,1096.7,0.0,-,0,0,0.000
1790427202,s5-vmess-ws,216647,7817,2661,2661,17.6,74.2,180.5,0.0,-,0,0,0.000
1790427202,s6-trojan-grpc,68905,457,0,0,4.1,62.2,276.0,0.0,-,0,0,0.000
1790427202,__proc__,0,0,0,0,-,-,-,1002.9,10136,15508,30562371,3237.903
1790427232,s1-short,209629,7598,2633,2633,25.7,79.4,197.5,0.0,-,0,0,0.000
1790427232,s2-long,12,4,0,0,25.7,49.0,100.0,0.0,-,0,0,0.000
1790427232,s3-quic,2743439,7666,3651447,3651447,1.3,3.4,12.9,0.0,-,0,0,0.000
1790427232,s4-mixed-kcp,41674,118,7328848,7328848,64.4,945.9,1096.7,0.0,-,0,0,0.000
1790427232,s5-vmess-ws,217960,7818,2757,2757,15.4,70.9,162.3,0.0,-,0,0,0.000
1790427232,s6-trojan-grpc,68905,457,0,0,4.1,62.2,276.0,0.0,-,0,0,0.000
1790427232,__proc__,0,0,0,0,-,-,-,1003.0,10167,15566,30712007,3257.181
1790427262,s1-short,210867,7616,2600,2600,23.8,70.6,214.8,0.0,-,0,0,0.000
1790427262,s2-long,12,4,0,0,25.7,49.0,100.0,0.0,-,0,0,0.000
1790427262,s3-quic,2759352,7670,4345310,4345310,1.7,4.4,21.2,0.0,-,0,0,0.000
1790427262,s4-mixed-kcp,41925,118,7453848,7453848,64.5,946.3,1098.9,0.0,-,0,0,0.000
1790427262,s5-vmess-ws,219225,7851,2656,2656,13.1,64.3,194.4,0.0,-,0,0,0.000
1790427262,s6-trojan-grpc,68905,457,0,0,4.1,62.2,276.0,0.0,-,0,0,0.000
1790427262,__proc__,0,0,0,0,-,-,-,1003.4,10089,15435,30889895,3275.573
1790427292,s1-short,212114,7616,2619,2619,27.3,67.7,204.0,0.0,-,0,0,0.000
1790427292,s2-long,12,4,0,0,25.7,49.0,100.0,0.0,-,0,0,0.000
1790427292,s3-quic,2771968,7670,3445009,3445009,1.5,4.0,18.8,0.0,-,0,0,0.000
1790427292,s4-mixed-kcp,42171,118,7364130,7364130,65.6,946.4,1105.9,0.0,-,0,0,0.000
1790427292,s5-vmess-ws,220544,7851,2770,2770,15.8,62.4,162.3,0.0,-,0,0,0.000
1790427292,s6-trojan-grpc,68905,457,0,0,4.1,62.2,276.0,0.0,-,0,0,0.000
1790427292,__proc__,0,0,0,0,-,-,-,1003.4,8134,12416,31030882,3294.537
1790427322,s1-short,213391,7616,2682,2682,24.4,61.5,189.7,0.0,-,0,0,0.000
1790427322,s2-long,12,4,0,0,25.7,49.0,100.0,0.0,-,0,0,0.000
1790427322,s3-quic,2786972,7670,4097092,4097092,1.2,2.9,12.9,0.0,-,0,0,0.000
1790427322,s4-mixed-kcp,42426,118,7433839,7433839,65.1,946.4,1105.9,0.0,-,0,0,0.000
1790427322,s5-vmess-ws,221873,7851,2791,2791,14.7,60.4,192.0,0.0,-,0,0,0.000
1790427322,s6-trojan-grpc,68905,457,0,0,4.1,62.2,276.0,0.0,-,0,0,0.000
1790427322,__proc__,0,0,0,0,-,-,-,1003.0,5604,8665,31198514,3312.702
1790427352,s1-short,214695,7616,2738,2738,24.7,58.9,190.2,0.0,-,0,0,0.000
1790427352,s2-long,12,4,0,0,25.7,49.0,100.0,0.0,-,0,0,0.000
1790427352,s3-quic,2805114,7670,4953975,4953975,1.1,2.5,10.9,0.0,-,0,0,0.000
1790427352,s4-mixed-kcp,42676,118,7531220,7531220,64.3,945.3,1105.5,0.0,-,0,0,0.000
1790427352,s5-vmess-ws,223240,7851,2871,2871,17.3,57.7,171.7,0.0,-,0,0,0.000
1790427352,s6-trojan-grpc,68905,457,0,0,4.1,62.2,276.0,0.0,-,0,0,0.000
1790427352,__proc__,0,0,0,0,-,-,-,1012.8,2990,4792,31403587,3330.402
1790427382,s1-short,216008,7616,2757,2757,22.4,51.4,115.2,0.0,-,0,0,0.000
1790427382,s2-long,12,4,0,0,25.7,49.0,100.0,0.0,-,0,0,0.000
1790427382,s3-quic,2822605,7670,4776209,4776209,1.1,3.0,13.2,0.0,-,0,0,0.000
1790427382,s4-mixed-kcp,42952,119,7572425,7572425,63.6,944.5,1098.9,0.0,-,0,0,0.000
1790427382,s5-vmess-ws,224628,7851,2915,2915,16.4,48.8,128.1,0.0,-,0,0,0.000
1790427382,s6-trojan-grpc,68905,457,0,0,4.1,62.2,276.0,0.0,-,0,0,0.000
1790427382,__proc__,0,0,0,0,-,-,-,1013.1,655,1332,31600858,3348.034
1790427412,s1-short,217320,7616,2755,2755,21.5,46.9,104.1,0.0,-,0,0,0.000
1790427412,s2-long,12,4,0,0,25.7,49.0,100.0,0.0,-,0,0,0.000
1790427412,s3-quic,2840577,7670,4907554,4907554,1.1,2.6,12.4,0.0,-,0,0,0.000
1790427412,s4-mixed-kcp,43369,119,7469305,7469305,61.6,942.4,1096.7,0.0,-,0,0,0.000
1790427412,s5-vmess-ws,226002,7851,2885,2885,16.0,45.1,94.9,0.0,-,0,0,0.000
1790427412,s6-trojan-grpc,70138,465,2589,2589,3.5,58.1,273.9,0.0,-,0,0,0.000
1790427412,__proc__,0,0,0,0,-,-,-,1023.5,3396,5527,31805001,3366.337
1790427442,s1-short,218480,7616,2436,2436,23.9,50.4,125.0,0.0,-,0,0,0.000
1790427442,s2-long,12,4,0,0,25.7,49.0,100.0,0.0,-,0,0,0.000
1790427442,s3-quic,2853069,7670,3411149,3411149,1.4,3.3,19.9,0.0,-,0,0,0.000
1790427442,s4-mixed-kcp,43727,119,6745496,6745496,61.1,937.8,1094.7,0.0,-,0,0,0.000
1790427442,s5-vmess-ws,227206,7851,2528,2528,18.1,47.3,120.5,0.0,-,0,0,0.000
1790427442,s6-trojan-grpc,71452,465,2759,2759,3.0,53.4,267.6,0.0,-,0,0,0.000
1790427442,__proc__,0,0,0,0,-,-,-,1053.8,5883,9311,31945842,3386.678
1790427472,s1-short,219642,7616,2440,2440,27.1,49.7,148.3,0.0,-,0,0,0.000
1790427472,s2-long,12,4,0,0,25.7,49.0,100.0,0.0,-,0,0,0.000
1790427472,s3-quic,2864675,7670,3169212,3169212,1.3,3.1,19.2,0.0,-,0,0,0.000
1790427472,s4-mixed-kcp,44081,119,6577240,6577240,61.0,931.6,1096.7,0.0,-,0,0,0.000
1790427472,s5-vmess-ws,228399,7851,2505,2505,21.2,50.1,200.4,0.0,-,0,0,0.000
1790427472,s6-trojan-grpc,72745,465,2715,2715,2.5,48.1,255.5,0.0,-,0,0,0.000
1790427472,__proc__,0,0,0,0,-,-,-,1085.9,8465,13200,32076883,3407.181
1790427502,s1-short,220529,7649,1863,1863,30.5,63.7,333.7,0.0,-,0,0,0.000
1790427502,s2-long,12,4,0,0,25.7,49.0,100.0,0.0,-,0,0,0.000
1790427502,s3-quic,2872641,7692,2175249,2175249,1.9,5.2,26.4,0.0,-,0,0,0.000
1790427502,s4-mixed-kcp,44379,123,5985413,5985413,61.2,944.5,1144.3,0.0,-,0,0,0.000
1790427502,s5-vmess-ws,229321,7888,1936,1936,24.9,61.7,325.1,0.0,-,0,0,0.000
1790427502,s6-trojan-grpc,73722,476,2052,2052,3.1,56.2,327.2,0.0,-,0,0,0.000
1790427502,__proc__,0,0,0,0,-,-,-,1113.9,10237,15808,32168560,3428.767
1790427532,s1-short,221595,7704,2239,2239,30.5,83.3,337.4,0.0,-,0,0,0.000
1790427532,s2-long,12,4,0,0,25.7,49.0,100.0,0.0,-,0,0,0.000
1790427532,s3-quic,2886759,7717,3855155,3855155,1.2,2.9,13.4,0.0,-,0,0,0.000
1790427532,s4-mixed-kcp,44509,124,7305498,7305498,63.0,944.8,1140.0,0.0,-,0,0,0.000
1790427532,s5-vmess-ws,230396,7955,2258,2258,24.0,68.8,335.2,0.0,-,0,0,0.000
1790427532,s6-trojan-grpc,73799,483,162,162,3.1,56.7,327.2,0.0,-,0,0,0.000
1790427532,__proc__,0,0,0,0,-,-,-,1116.0,10011,15160,32326341,3446.879
1790427562,s1-short,222776,7704,2480,2480,30.1,102.3,353.6,0.0,-,0,0,0.000
1790427562,s2-long,12,4,0,0,25.7,49.0,100.0,0.0,-,0,0,0.000
1790427562,s3-quic,2897938,7717,3052612,3052612,1.9,6.2,28.5,0.0,-,0,0,0.000
1790427562,s4-mixed-kcp,44607,124,6975175,6975175,64.8,945.0,1143.1,0.0,-,0,0,0.000
1790427562,s5-vmess-ws,231661,7955,2656,2656,21.5,92.1,385.0,0.0,-,0,0,0.000
1790427562,s6-trojan-grpc,73799,483,0,0,3.1,56.7,327.2,0.0,-,0,0,0.000
1790427562,__proc__,0,0,0,0,-,-,-,1116.0,9939,14928,32453869,3465.672
1790427592,s1-short,223946,7704,2457,2457,31.7,111.4,372.9,0.0,-,0,0,0.000
1790427592,s2-long,12,4,0,0,25.7,49.0,100.0,0.0,-,0,0,0.000
1790427592,s3-quic,2907368,7717,2575019,2575019,1.7,4.4,21.3,0.0,-,0,0,0.000
1790427592,s4-mixed-kcp,44697,124,6993532,6993532,66.7,945.7,1149.7,0.0,-,0,0,0.000
1790427592,s5-vmess-ws,232891,7955,2583,2583,20.8,91.6,347.3,0.0,-,0,0,0.000
1790427592,s6-trojan-grpc,73799,483,0,0,3.1,56.7,327.2,0.0,-,0,0,0.000
1790427592,__proc__,0,0,0,0,-,-,-,1116.0,9891,14892,32565923,3484.684
1790427622,s1-short,225172,7704,2575,2575,32.4,73.5,252.5,0.0,-,0,0,0.000
1790427622,s2-long,12,4,0,0,25.7,49.0,100.0,0.0,-,0,0,0.000
1790427622,s3-quic,2917873,7717,2868565,2868565,1.9,4.9,28.0,0.0,-,0,0,0.000
1790427622,s4-mixed-kcp,44789,124,7391354,7391354,69.1,957.3,1149.7,0.0,-,0,0,0.000
1790427622,s5-vmess-ws,234201,7955,2751,2751,22.9,71.2,253.7,0.0,-,0,0,0.000
1790427622,s6-trojan-grpc,73799,483,0,0,3.1,56.7,327.2,0.0,-,0,0,0.000
1790427622,__proc__,0,0,0,0,-,-,-,1116.0,9920,14871,32684978,3503.893
1790427652,s1-short,226352,7704,2478,2478,34.8,89.4,287.5,0.0,-,0,0,0.000
1790427652,s2-long,12,4,0,0,25.7,49.0,100.0,0.0,-,0,0,0.000
1790427652,s3-quic,2927345,7717,2586487,2586487,1.9,4.8,24.3,0.0,-,0,0,0.000
1790427652,s4-mixed-kcp,44884,124,7043635,7043635,72.9,989.2,1151.6,0.0,-,0,0,0.000
1790427652,s5-vmess-ws,235449,7955,2621,2621,27.0,88.1,265.9,0.0,-,0,0,0.000
1790427652,s6-trojan-grpc,73799,483,0,0,3.1,56.7,327.2,0.0,-,0,0,0.000
1790427652,__proc__,0,0,0,0,-,-,-,1116.0,9879,14850,32793259,3523.317
1790427682,s1-short,227613,7704,2648,2648,32.8,67.9,201.8,0.0,-,0,0,0.000
1790427682,s2-long,12,4,0,0,25.7,49.0,100.0,0.0,-,0,0,0.000
1790427682,s3-quic,2939666,7717,3364454,3364454,1.2,3.0,14.7,0.0,-,0,0,0.000
1790427682,s4-mixed-kcp,44981,124,7276771,7276771,85.2,991.3,1151.6,0.0,-,0,0,0.000
1790427682,s5-vmess-ws,236769,7955,2772,2772,24.7,69.6,190.7,0.0,-,0,0,0.000
1790427682,s6-trojan-grpc,73799,483,0,0,3.1,56.7,327.2,0.0,-,0,0,0.000
1790427682,__proc__,0,0,0,0,-,-,-,1116.0,9883,14867,32931997,3541.679
1790427712,s1-short,228806,7704,2505,2505,33.3,75.9,199.0,0.0,-,0,0,0.000
1790427712,s2-long,12,4,0,0,25.7,49.0,100.0,0.0,-,0,0,0.000
1790427712,s3-quic,2949624,7717,2719198,2719198,1.4,4.7,20.1,0.0,-,0,0,0.000
1790427712,s4-mixed-kcp,45082,124,7039887,7039887,102.3,994.1,1148.2,0.0,-,0,0,0.000
1790427712,s5-vmess-ws,238025,7955,2638,2638,25.3,73.5,189.3,0.0,-,0,0,0.000
1790427712,s6-trojan-grpc,73799,483,0,0,3.1,56.7,327.2,0.0,-,0,0,0.000
1790427712,__proc__,0,0,0,0,-,-,-,1116.1,7452,11272,33042053,3560.879
1790427742,s1-short,230070,7704,2654,2654,30.7,74.4,178.6,0.0,-,0,0,0.000
1790427742,s2-long,12,4,0,0,25.7,49.0,100.0,0.0,-,0,0,0.000
1790427742,s3-quic,2965222,7717,4259294,4259294,1.2,3.0,16.3,0.0,-,0,0,0.000
1790427742,s4-mixed-kcp,45186,124,7403704,7403704,110.7,994.3,1148.2,0.0,-,0,0,0.000
1790427742,s5-vmess-ws,239345,7955,2772,2772,23.0,72.9,180.0,0.0,-,0,0,0.000
1790427742,s6-trojan-grpc,73799,483,0,0,3.1,56.7,327.2,0.0,-,0,0,0.000
1790427742,__proc__,0,0,0,0,-,-,-,1116.1,4845,7393,33212941,3578.652
1790427772,s1-short,231341,7704,2669,2669,29.0,66.5,173.0,0.0,-,0,0,0.000
1790427772,s2-long,12,4,0,0,25.7,49.0,100.0,0.0,-,0,0,0.000
1790427772,s3-quic,2978926,7717,3742106,3742106,1.7,4.0,21.5,0.0,-,0,0,0.000
1790427772,s4-mixed-kcp,45284,124,7368784,7368784,146.6,994.9,1148.2,0.0,-,0,0,0.000
1790427772,s5-vmess-ws,240672,7955,2787,2787,21.5,65.7,174.6,0.0,-,0,0,0.000
1790427772,s6-trojan-grpc,73799,483,0,0,3.1,56.7,327.2,0.0,-,0,0,0.000
1790427772,__proc__,0,0,0,0,-,-,-,1116.1,2233,3438,33365312,3596.042
1790427802,s1-short,232621,7704,2688,2688,27.3,58.1,113.8,0.0,-,0,0,0.000
1790427802,s2-long,12,4,0,0,25.7,49.0,100.0,0.0,-,0,0,0.000
1790427802,s3-quic,2994648,7717,4293154,4293154,1.2,3.1,15.1,0.0,-,0,0,0.000
1790427802,s4-mixed-kcp,45389,125,7418638,7418638,150.6,995.1,1149.7,0.0,-,0,0,0.000
1790427802,s5-vmess-ws,242021,7955,2833,2833,19.5,60.1,149.9,0.0,-,0,0,0.000
1790427802,s6-trojan-grpc,73900,489,212,212,3.1,57.1,327.2,0.0,-,0,0,0.000
1790427802,__proc__,0,0,0,0,-,-,-,1116.4,549,888,33539814,3613.925
1790427832,s1-short,233911,7704,2709,2709,27.0,52.5,91.4,0.0,-,0,0,0.000
1790427832,s2-long,12,4,0,0,25.7,49.0,100.0,0.0,-,0,0,0.000
1790427832,s3-quic,3010886,7717,4434057,4434057,1.1,2.5,11.8,0.0,-,0,0,0.000
1790427832,s4-mixed-kcp,45755,126,7544202,7544202,148.3,994.3,1146.4,0.0,-,0,0,0.000
1790427832,s5-vmess-ws,243370,7955,2833,2833,19.2,48.6,129.8,0.0,-,0,0,0.000
1790427832,s6-trojan-grpc,75224,491,2780,2780,2.9,57.9,323.8,0.0,-,0,0,0.000
1790427832,__proc__,0,0,0,0,-,-,-,1097.9,3695,5861,33722909,3632.415
1790427862,s1-short,235071,7704,2436,2436,26.9,50.1,83.3,0.0,-,0,0,0.000
1790427862,s2-long,12,4,0,0,25.7,49.0,100.0,0.0,-,0,0,0.000
1790427862,s3-quic,3025365,7717,3953732,3953732,1.2,2.9,13.2,0.0,-,0,0,0.000
1790427862,s4-mixed-kcp,46116,126,6658307,6658307,129.0,994.3,1154.7,0.0,-,0,0,0.000
1790427862,s5-vmess-ws,244564,7955,2507,2507,19.8,50.7,149.9,0.0,-,0,0,0.000
1790427862,s6-trojan-grpc,76526,491,2734,2734,2.6,54.9,318.2,0.0,-,0,0,0.000
1790427862,__proc__,0,0,0,0,-,-,-,1100.8,6237,9816,33883896,3652.520
1790427892,s1-short,236174,7704,2316,2316,27.5,56.5,200.2,0.0,-,0,0,0.000
1790427892,s2-long,12,4,0,0,25.7,49.0,100.0,0.0,-,0,0,0.000
1790427892,s3-quic,3038195,7717,3503445,3503445,1.2,3.1,15.8,0.0,-,0,0,0.000
1790427892,s4-mixed-kcp,46462,126,6452909,6452909,106.4,994.8,1191.9,0.0,-,0,0,0.000
1790427892,s5-vmess-ws,245702,7955,2390,2390,21.7,53.3,217.3,0.0,-,0,0,0.000
1790427892,s6-trojan-grpc,77765,491,2602,2602,2.4,48.1,194.7,0.0,-,0,0,0.000
1790427892,__proc__,0,0,0,0,-,-,-,1110.3,8692,13548,34027894,3673.132
1790427922,s1-short,237149,7761,2048,2048,27.0,59.5,283.8,0.0,-,0,0,0.000
1790427922,s2-long,12,4,0,0,25.7,49.0,100.0,0.0,-,0,0,0.000
1790427922,s3-quic,3051658,7767,3676297,3676297,1.2,3.4,11.0,0.0,-,0,0,0.000
1790427922,s4-mixed-kcp,46766,133,7119578,7119578,105.5,995.3,1191.9,0.0,-,0,0,0.000
1790427922,s5-vmess-ws,246714,8019,2125,2125,22.1,60.3,278.1,0.0,-,0,0,0.000
1790427922,s6-trojan-grpc,78581,511,1714,1714,2.3,50.5,231.3,0.0,-,0,0,0.000
1790427922,__proc__,0,0,0,0,-,-,-,1119.2,10111,15569,34181465,3691.760
1790427952,s1-short,238376,7761,2577,2577,27.3,66.9,314.9,0.0,-,0,0,0.000
1790427952,s2-long,12,4,0,0,25.7,49.0,100.0,0.0,-,0,0,0.000
1790427952,s3-quic,3065897,7767,3888196,3888196,1.3,4.1,17.7,0.0,-,0,0,0.000
1790427952,s4-mixed-kcp,47006,133,7264284,7264284,105.1,995.9,1193.2,0.0,-,0,0,0.000
1790427952,s5-vmess-ws,247990,8019,2680,2680,22.2,68.5,303.8,0.0,-,0,0,0.000
1790427952,s6-trojan-grpc,78581,511,0,0,2.3,50.5,231.3,0.0,-,0,0,0.000
1790427952,__proc__,0,0,0,0,-,-,-,1119.7,10004,15330,34345236,3710.534
1790427982,s1-short,239652,7761,2680,2680,26.3,62.5,248.9,0.0,-,0,0,0.000
1790427982,s2-long,12,4,0,0,25.7,49.0,100.0,0.0,-,0,0,0.000
1790427982,s3-quic,3080696,7767,4041114,4041114,1.2,2.8,12.7,0.0,-,0,0,0.000
1790427982,s4-mixed-kcp,47253,133,7472937,7472937,111.5,997.3,1193.8,0.0,-,0,0,0.000
1790427982,s5-vmess-ws,249332,8019,2818,2818,19.7,62.5,227.2,0.0,-,0,0,0.000
1790427982,s6-trojan-grpc,78581,511,0,0,2.3,50.5,231.3,0.0,-,0,0,0.000
1790427982,__proc__,0,0,0,0,-,-,-,1119.8,10020,15385,34515844,3729.174
1790428012,s1-short,240894,7761,2608,2608,26.6,65.3,232.4,0.0,-,0,0,0.000
1790428012,s2-long,12,4,0,0,25.7,49.0,100.0,0.0,-,0,0,0.000
1790428012,s3-quic,3093671,7767,3543040,3543040,1.4,3.9,18.9,0.0,-,0,0,0.000
1790428012,s4-mixed-kcp,47499,133,7167471,7167471,146.3,999.7,1194.8,0.0,-,0,0,0.000
1790428012,s5-vmess-ws,250636,8019,2738,2738,19.4,58.4,199.1,0.0,-,0,0,0.000
1790428012,s6-trojan-grpc,78581,511,0,0,2.3,50.5,231.3,0.0,-,0,0,0.000
1790428012,__proc__,0,0,0,0,-,-,-,1119.9,10014,15306,34667110,3748.442
1790428042,s1-short,242138,7761,2612,2612,28.3,56.9,188.5,0.0,-,0,0,0.000
1790428042,s2-long,12,4,0,0,25.7,49.0,100.0,0.0,-,0,0,0.000
1790428042,s3-quic,3105559,7767,3246217,3246217,1.5,4.2,19.1,0.0,-,0,0,0.000
1790428042,s4-mixed-kcp,47735,133,7395074,7395074,149.6,999.7,1193.8,0.0,-,0,0,0.000
1790428042,s5-vmess-ws,251952,8019,2764,2764,19.4,57.5,182.9,0.0,-,0,0,0.000
1790428042,s6-trojan-grpc,78581,511,0,0,2.3,50.5,231.3,0.0,-,0,0,0.000
1790428042,__proc__,0,0,0,0,-,-,-,1120.1,9967,15244,34806022,3767.779
1790428072,s1-short,243406,7761,2663,2663,29.1,56.9,130.3,0.0,-,0,0,0.000
1790428072,s2-long,12,4,0,0,25.7,49.0,100.0,0.0,-,0,0,0.000
1790428072,s3-quic,3118536,7767,3543586,3543586,1.6,4.6,19.9,0.0,-,0,0,0.000
1790428072,s4-mixed-kcp,47981,133,7336508,7336508,151.7,998.3,1193.2,0.0,-,0,0,0.000
1790428072,s5-vmess-ws,253276,8019,2780,2780,20.3,60.4,167.6,0.0,-,0,0,0.000
1790428072,s6-trojan-grpc,78581,511,0,0,2.3,50.5,231.3,0.0,-,0,0,0.000
1790428072,__proc__,0,0,0,0,-,-,-,1120.1,9974,15243,34951166,3786.772
1790428102,s1-short,244614,7761,2537,2537,31.1,57.5,201.1,0.0,-,0,0,0.000
1790428102,s2-long,12,4,0,0,25.7,49.0,100.0,0.0,-,0,0,0.000
1790428102,s3-quic,3129278,7767,2933282,2933282,1.8,5.2,23.3,0.0,-,0,0,0.000
1790428102,s4-mixed-kcp,48216,133,7054098,7054098,157.8,1000.8,1187.9,0.0,-,0,0,0.000
1790428102,s5-vmess-ws,254545,8019,2665,2665,22.0,63.5,228.6,0.0,-,0,0,0.000
1790428102,s6-trojan-grpc,78581,511,0,0,2.3,50.5,231.3,0.0,-,0,0,0.000
1790428102,__proc__,0,0,0,0,-,-,-,1120.1,9766,14938,35074917,3806.401
1790428132,s1-short,245793,7761,2476,2476,32.9,68.8,244.1,0.0,-,0,0,0.000
1790428132,s2-long,12,4,0,0,25.7,49.0,100.0,0.0,-,0,0,0.000
1790428132,s3-quic,3139140,7767,2692983,2692983,1.5,5.0,20.9,0.0,-,0,0,0.000
1790428132,s4-mixed-kcp,48439,133,7434034,7434034,170.5,996.9,1144.9,0.0,-,0,0,0.000
1790428132,s5-vmess-ws,255776,8019,2585,2585,25.1,71.8,228.6,0.0,-,0,0,0.000
1790428132,s6-trojan-grpc,78581,511,0,0,2.3,50.5,231.3,0.0,-,0,0,0.000
1790428132,__proc__,0,0,0,0,-,-,-,1120.2,7125,10984,35186158,3825.853
1790428162,s1-short,246989,7761,2512,2512,34.2,72.2,260.6,0.0,-,0,0,0.000
1790428162,s2-long,12,4,0,0,25.7,49.0,100.0,0.0,-,0,0,0.000
1790428162,s3-quic,3149600,7767,2856277,2856277,1.8,4.6,24.7,0.0,-,0,0,0.000
1790428162,s4-mixed-kcp,48660,133,7196291,7196291,150.0,998.3,1142.9,0.0,-,0,0,0.000
1790428162,s5-vmess-ws,257014,8019,2600,2600,27.3,91.6,255.1,0.0,-,0,0,0.000
1790428162,s6-trojan-grpc,78581,511,0,0,2.3,50.5,231.3,0.0,-,0,0,0.000
1790428162,__proc__,0,0,0,0,-,-,-,1120.2,4509,7060,35308634,3845.405
1790428192,s1-short,248229,7761,2604,2604,34.2,71.8,235.0,0.0,-,0,0,0.000
1790428192,s2-long,12,4,0,0,25.7,49.0,100.0,0.0,-,0,0,0.000
1790428192,s3-quic,3161198,7767,3167027,3167027,1.8,4.6,23.2,0.0,-,0,0,0.000
1790428192,s4-mixed-kcp,48898,133,7468144,7468144,105.7,994.1,1119.1,0.0,-,0,0,0.000
1790428192,s5-vmess-ws,258319,8019,2740,2740,27.2,92.8,230.9,0.0,-,0,0,0.000
1790428192,s6-trojan-grpc,78581,511,0,0,2.3,50.5,231.3,0.0,-,0,0,0.000
1790428192,__proc__,0,0,0,0,-,-,-,1120.2,2038,3329,35442155,3864.947
1790428222,s1-short,249487,7761,2642,2642,32.9,66.4,207.4,0.0,-,0,0,0.000
1790428222,s2-long,12,4,0,0,25.7,49.0,100.0,0.0,-,0,0,0.000
1790428222,s3-quic,3172375,7767,3052066,3052066,1.9,4.1,24.2,0.0,-,0,0,0.000
1790428222,s4-mixed-kcp,49192,134,7506145,7506145,69.7,975.3,1105.2,0.0,-,0,0,0.000
1790428222,s5-vmess-ws,259653,8019,2801,2801,25.4,73.0,213.7,0.0,-,0,0,0.000
1790428222,s6-trojan-grpc,79027,519,937,937,2.5,48.7,231.3,0.0,-,0,0,0.000
1790428222,__proc__,0,0,0,0,-,-,-,1103.8,1518,2608,35570424,3884.373
1790428252,s1-short,250694,7761,2535,2535,32.2,57.7,199.1,0.0,-,0,0,0.000
1790428252,s2-long,12,4,0,0,25.7,49.0,100.0,0.0,-,0,0,0.000
1790428252,s3-quic,3184985,7767,3443371,3443371,1.7,3.9,21.5,0.0,-,0,0,0.000
1790428252,s4-mixed-kcp,49568,134,7158459,7158459,61.9,949.5,1105.2,0.0,-,0,0,0.000
1790428252,s5-vmess-ws,260911,8019,2642,2642,23.9,59.9,195.4,0.0,-,0,0,0.000
1790428252,s6-trojan-grpc,80250,519,2568,2568,3.0,51.9,254.8,0.0,-,0,0,0.000
1790428252,__proc__,0,0,0,0,-,-,-,1101.8,4151,6688,35715245,3904.460
1790428282,s1-short,251817,7761,2358,2358,31.4,58.0,254.4,0.0,-,0,0,0.000
1790428282,s2-long,12,4,0,0,25.7,49.0,100.0,0.0,-,0,0,0.000
1790428282,s3-quic,3196461,7767,3133713,3133713,1.2,2.8,13.8,0.0,-,0,0,0.000
1790428282,s4-mixed-kcp,49925,134,6625790,6625790,62.4,966.7,1137.1,0.0,-,0,0,0.000
1790428282,s5-vmess-ws,262069,8019,2432,2432,24.2,56.7,249.8,0.0,-,0,0,0.000
1790428282,s6-trojan-grpc,81510,519,2646,2646,3.2,54.7,290.2,0.0,-,0,0,0.000
1790428282,__proc__,0,0,0,0,-,-,-,1106.2,6634,10468,35845610,3925.411
1790428312,s1-short,252954,7761,2388,2388,31.0,59.6,322.8,0.0,-,0,0,0.000
1790428312,s2-long,12,4,0,0,25.7,49.0,100.0,0.0,-,0,0,0.000
1790428312,s3-quic,3208449,7767,3273523,3273523,1.8,4.5,24.8,0.0,-,0,0,0.000
1790428312,s4-mixed-kcp,50278,134,6825792,6825792,62.4,957.4,1105.2,0.0,-,0,0,0.000
1790428312,s5-vmess-ws,263250,8019,2480,2480,25.5,57.9,300.5,0.0,-,0,0,0.000
1790428312,s6-trojan-grpc,82807,519,2724,2724,3.3,51.2,294.5,0.0,-,0,0,0.000
1790428312,__proc__,0,0,0,0,-,-,-,1115.8,9228,14328,35980308,3945.925
1790428342,s1-short,253783,7843,1741,1741,30.7,77.5,350.4,0.0,-,0,0,0.000
1790428342,s2-long,12,4,0,0,25.7,49.0,100.0,0.0,-,0,0,0.000
1790428342,s3-quic,3217575,7814,2492006,2492006,1.8,3.9,12.7,0.0,-,0,0,0.000
1790428342,s4-mixed-kcp,50533,144,6591480,6591480,63.1,967.3,1112.5,0.0,-,0,0,0.000
1790428342,s5-vmess-ws,264124,8095,1835,1835,25.4,70.7,350.4,0.0,-,0,0,0.000
1790428342,s6-trojan-grpc,83424,532,1296,1296,3.1,54.6,340.5,0.0,-,0,0,0.000
1790428342,__proc__,0,0,0,0,-,-,-,1119.3,10132,15540,36086465,3965.615
1790428372,s1-short,255064,7843,2690,2690,29.3,80.0,350.4,0.0,-,0,0,0.000
1790428372,s2-long,12,4,0,0,25.7,49.0,100.0,0.0,-,0,0,0.000
1790428372,s3-quic,3229309,7814,3204164,3204164,1.7,4.4,17.1,0.0,-,0,0,0.000
1790428372,s4-mixed-kcp,50777,144,7542185,7542185,64.5,967.4,1105.2,0.0,-,0,0,0.000
1790428372,s5-vmess-ws,265477,8095,2841,2841,22.7,67.5,324.7,0.0,-,0,0,0.000
1790428372,s6-trojan-grpc,83424,532,0,0,3.1,54.6,340.5,0.0,-,0,0,0.000
1790428372,__proc__,0,0,0,0,-,-,-,1120.1,10090,15409,36215773,3984.990
1790428402,s1-short,256312,7843,2621,2621,30.1,67.3,323.5,0.0,-,0,0,0.000
1790428402,s2-long,12,4,0,0,25.7,49.0,100.0,0.0,-,0,0,0.000
1790428402,s3-quic,3241176,7814,3240482,3240482,1.6,3.9,21.0,0.0,-,0,0,0.000
1790428402,s4-mixed-kcp,51016,144,7381186,7381186,64.3,967.4,1098.6,0.0,-,0,0,0.000
1790428402,s5-vmess-ws,266783,8095,2743,2743,22.7,73.3,305.3,0.0,-,0,0,0.000
1790428402,s6-trojan-grpc,83424,532,0,0,3.1,54.6,340.5,0.0,-,0,0,0.000
1790428402,__proc__,0,0,0,0,-,-,-,1120.2,10093,15438,36349219,4004.153
1790428432,s1-short,257561,7843,2623,2623,29.3,60.0,219.2,0.0,-,0,0,0.000
1790428432,s2-long,12,4,0,0,25.7,49.0,100.0,0.0,-,0,0,0.000
1790428432,s3-quic,3253517,7814,3369916,3369916,1.6,4.0,19.5,0.0,-,0,0,0.000
1790428432,s4-mixed-kcp,51260,144,7295696,7295696,64.7,960.6,1098.6,0.0,-,0,0,0.000
1790428432,s5-vmess-ws,268099,8095,2764,2764,20.2,57.4,177.6,0.0,-,0,0,0.000
1790428432,s6-trojan-grpc,83424,532,0,0,3.1,54.6,340.5,0.0,-,0,0,0.000
1790428432,__proc__,0,0,0,0,-,-,-,1120.4,10068,15352,36487795,4023.164
1790428462,s1-short,258844,7843,2694,2694,29.3,57.2,173.0,0.0,-,0,0,0.000
1790428462,s2-long,12,4,0,0,25.7,49.0,100.0,0.0,-,0,0,0.000
1790428462,s3-quic,3267620,7814,3851059,3851059,1.2,2.4,13.2,0.0,-,0,0,0.000
1790428462,s4-mixed-kcp,51502,144,7544756,7544756,64.6,972.5,1102.2,0.0,-,0,0,0.000
1790428462,s5-vmess-ws,269450,8095,2837,2837,21.8,59.8,182.9,0.0,-,0,0,0.000
1790428462,s6-trojan-grpc,83424,532,0,0,3.1,54.6,340.5,0.0,-,0,0,0.000
1790428462,__proc__,0,0,0,0,-,-,-,1120.4,10139,15560,36647369,4041.471
1790428492,s1-short,260188,7843,2822,2822,25.9,54.2,133.1,0.0,-,0,0,0.000
1790428492,s2-long,12,4,0,0,25.7,49.0,100.0,0.0,-,0,0,0.000
1790428492,s3-quic,3287134,7814,5328623,5328623,1.1,2.1,10.5,0.0,-,0,0,0.000
1790428492,s4-mixed-kcp,51761,144,7845963,7845963,63.2,953.1,1095.2,0.0,-,0,0,0.000
1790428492,s5-vmess-ws,270844,8096,2927,2927,18.5,55.6,136.8,0.0,-,0,0,0.000
1790428492,s6-trojan-grpc,83424,532,0,0,3.1,54.6,340.5,0.0,-,0,0,0.000
1790428492,__proc__,0,0,0,0,-,-,-,1120.4,10141,15532,36863465,4058.686
1790428522,s1-short,261516,7843,2789,2789,23.1,48.2,100.3,0.0,-,0,0,0.000
1790428522,s2-long,12,4,0,0,25.7,49.0,100.0,0.0,-,0,0,0.000
1790428522,s3-quic,3305652,7814,5056649,5056649,1.3,3.2,15.8,0.0,-,0,0,0.000
1790428522,s4-mixed-kcp,51900,144,7813509,7813509,64.9,960.6,1094.5,0.0,-,0,0,0.000
1790428522,s5-vmess-ws,272220,8096,2890,2890,17.4,48.1,107.9,0.0,-,0,0,0.000
1790428522,s6-trojan-grpc,83424,532,0,0,3.1,54.6,340.5,0.0,-,0,0,0.000
1790428522,__proc__,0,0,0,0,-,-,-,1120.5,9020,13764,37070844,4075.731
1790428552,s1-short,262844,7843,2789,2789,21.0,41.3,76.9,0.0,-,0,0,0.000
1790428552,s2-long,12,4,0,0,25.7,49.0,100.0,0.0,-,0,0,0.000
1790428552,s3-quic,3326045,7814,5568649,5568649,1.1,2.1,9.7,0.0,-,0,0,0.000
1790428552,s4-mixed-kcp,52011,144,7937902,7937902,67.1,957.4,1094.5,0.0,-,0,0,0.000
1790428552,s5-vmess-ws,273614,8096,2927,2927,16.3,37.7,93.3,0.0,-,0,0,0.000
1790428552,s6-trojan-grpc,83424,532,0,0,3.1,54.6,340.5,0.0,-,0,0,0.000
1790428552,__proc__,0,0,0,0,-,-,-,1120.1,6494,9862,37300444,4092.257
1790428582,s1-short,264165,7843,2774,2774,20.3,41.3,82.7,0.0,-,0,0,0.000
1790428582,s2-long,12,4,0,0,25.7,49.0,100.0,0.0,-,0,0,0.000
1790428582,s3-quic,3346925,7814,5701632,5701632,1.1,1.8,8.5,0.0,-,0,0,0.000
1790428582,s4-mixed-kcp,52122,144,7704447,7704447,70.6,950.2,1094.3,0.0,-,0,0,0.000
1790428582,s5-vmess-ws,275002,8096,2915,2915,16.1,36.9,99.5,0.0,-,0,0,0.000
1790428582,s6-trojan-grpc,83424,532,0,0,3.1,54.6,340.5,0.0,-,0,0,0.000
1790428582,__proc__,0,0,0,0,-,-,-,1120.1,3988,6005,37532290,4108.836
1790428612,s1-short,265501,7843,2806,2806,19.1,35.1,87.5,0.0,-,0,0,0.000
1790428612,s2-long,12,4,0,0,25.7,49.0,100.0,0.0,-,0,0,0.000
1790428612,s3-quic,3368868,7814,5991902,5991902,1.1,1.6,5.8,0.0,-,0,0,0.000
1790428612,s4-mixed-kcp,52223,144,7861779,7861779,75.6,947.4,1093.7,0.0,-,0,0,0.000
1790428612,s5-vmess-ws,276411,8096,2959,2959,15.1,30.5,93.1,0.0,-,0,0,0.000
1790428612,s6-trojan-grpc,83424,532,0,0,3.1,54.6,340.5,0.0,-,0,0,0.000
1790428612,__proc__,0,0,0,0,-,-,-,1120.1,1397,2192,37778233,4125.486
1790428642,s1-short,266830,7843,2791,2791,19.3,43.3,90.9,0.0,-,0,0,0.000
1790428642,s2-long,12,4,0,0,25.7,49.0,100.0,0.0,-,0,0,0.000
1790428642,s3-quic,3387358,7814,5049003,5049003,1.7,3.8,21.5,0.0,-,0,0,0.000
1790428642,s4-mixed-kcp,52393,145,7802406,7802406,81.5,946.1,1094.3,0.0,-,0,0,0.000
1790428642,s5-vmess-ws,277809,8096,2936,2936,14.9,36.6,96.3,0.0,-,0,0,0.000
1790428642,s6-trojan-grpc,83946,540,1096,1096,3.1,54.1,341.1,0.0,-,0,0,0.000
1790428642,__proc__,0,0,0,0,-,-,-,1106.7,1375,2199,37988477,4142.925
1790428672,s1-short,268026,7843,2512,2512,21.1,48.4,106.0,0.0,-,0,0,0.000
1790428672,s2-long,12,4,0,0,25.7,49.0,100.0,0.0,-,0,0,0.000
1790428672,s3-quic,3399547,7814,3328410,3328410,1.3,3.3,16.8,0.0,-,0,0,0.000
1790428672,s4-mixed-kcp,52623,145,6948361,6948361,85.3,946.0,1092.9,0.0,-,0,0,0.000
1790428672,s5-vmess-ws,279040,8096,2585,2585,16.0,45.6,125.5,0.0,-,0,0,0.000
1790428672,s6-trojan-grpc,85296,540,2835,2835,2.8,49.9,313.5,0.0,-,0,0,0.000
1790428672,__proc__,0,0,0,0,-,-,-,1105.7,4226,6504,38126747,4163.075
1790428702,s1-short,269091,7843,2236,2236,27.2,58.7,251.1,0.0,-,0,0,0.000
1790428702,s2-long,12,4,0,0,25.7,49.0,100.0,0.0,-,0,0,0.000
1790428702,s3-quic,3409297,7814,2662400,2662400,1.3,3.4,20.7,0.0,-,0,0,0.000
1790428702,s4-mixed-kcp,52834,145,6489555,6489555,90.6,946.1,1094.9,0.0,-,0,0,0.000
1790428702,s5-vmess-ws,280146,8096,2323,2323,20.7,56.8,290.4,0.0,-,0,0,0.000
1790428702,s6-trojan-grpc,86497,540,2522,2522,3.5,54.1,340.5,0.0,-,0,0,0.000
1790428702,__proc__,0,0,0,0,-,-,-,1106.0,6565,10088,38237832,4184.497
1790428732,s1-short,270340,7843,2623,2623,30.4,58.9,251.1,0.0,-,0,0,0.000
1790428732,s2-long,12,4,0,0,25.7,49.0,100.0,0.0,-,0,0,0.000
1790428732,s3-quic,3425675,7814,4472286,4472286,1.1,2.1,12.1,0.0,-,0,0,0.000
1790428732,s4-mixed-kcp,53088,145,7511478,7511478,85.1,946.0,1098.6,0.0,-,0,0,0.000
1790428732,s5-vmess-ws,281446,8096,2730,2730,25.3,59.2,290.4,0.0,-,0,0,0.000
1790428732,s6-trojan-grpc,87891,540,2927,2927,2.7,49.8,258.1,0.0,-,0,0,0.000
1790428732,__proc__,0,0,0,0,-,-,-,1116.3,9514,14615,38417906,4203.455
1790428762,s1-short,271114,7959,1625,1625,29.4,85.2,311.7,0.0,-,0,0,0.000
1790428762,s2-long,12,4,0,0,25.7,49.0,100.0,0.0,-,0,0,0.000
1790428762,s3-quic,3437769,7914,3302468,3302468,1.3,3.3,7.9,0.0,-,0,0,0.000
1790428762,s4-mixed-kcp,53238,146,7241138,7241138,99.9,960.5,1122.6,0.0,-,0,0,0.000
1790428762,s5-vmess-ws,282202,8229,1588,1588,24.2,88.4,310.3,0.0,-,0,0,0.000
1790428762,s6-trojan-grpc,88390,579,1048,1048,2.7,50.4,279.8,0.0,-,0,0,0.000
1790428762,__proc__,0,0,0,0,-,-,-,1119.1,10150,15406,38555434,4220.092
1790428792,s1-short,272432,7959,2768,2768,26.3,83.1,267.6,0.0,-,0,0,0.000
1790428792,s2-long,12,4,0,0,25.7,49.0,100.0,0.0,-,0,0,0.000
1790428792,s3-quic,3451977,7914,3879731,3879731,1.3,3.6,12.2,0.0,-,0,0,0.000
1790428792,s4-mixed-kcp,53341,146,7957997,7957997,106.5,960.6,1138.5,0.0,-,0,0,0.000
1790428792,s5-vmess-ws,283598,8230,2932,2932,19.7,76.5,268.5,0.0,-,0,0,0.000
1790428792,s6-trojan-grpc,88390,579,0,0,2.7,50.4,279.8,0.0,-,0,0,0.000
1790428792,__proc__,0,0,0,0,-,-,-,1119.5,10055,15167,38708881,4238.625
1790428822,s1-short,273431,8030,2098,2098,24.5,76.7,209.0,0.0,-,0,0,0.000
1790428822,s2-long,12,4,0,0,25.7,49.0,100.0,0.0,-,0,0,0.000
1790428822,s3-quic,3466159,7984,3872631,3872631,1.2,2.6,4.2,0.0,-,0,0,0.000
1790428822,s4-mixed-kcp,53532,150,8093650,8093650,129.4,955.9,1122.6,0.0,-,0,0,0.000
1790428822,s5-vmess-ws,284675,8294,2262,2262,14.3,75.1,209.4,0.0,-,0,0,0.000
1790428822,s6-trojan-grpc,88390,579,0,0,2.7,50.4,279.8,0.0,-,0,0,0.000
1790428822,__proc__,0,0,0,0,-,-,-,1120.2,10235,15496,38867570,4254.300
1790428852,s1-short,274528,8087,2304,2304,22.6,78.6,217.5,0.0,-,0,0,0.000
1790428852,s2-long,12,4,0,0,25.7,49.0,100.0,0.0,-,0,0,0.000
1790428852,s3-quic,3481462,8056,4178739,4178739,1.2,2.9,7.6,0.0,-,0,0,0.000
1790428852,s4-mixed-kcp,53649,150,8062749,8062749,149.9,947.4,1112.5,0.0,-,0,0,0.000
1790428852,s5-vmess-ws,285856,8346,2480,2480,6.0,73.7,212.9,0.0,-,0,0,0.000
1790428852,s6-trojan-grpc,88390,579,0,0,2.7,50.4,279.8,0.0,-,0,0,0.000
1790428852,__proc__,0,0,0,0,-,-,-,1120.2,10044,15176,39033340,4270.117
1790428882,s1-short,275896,8087,2873,2873,21.1,43.6,118.7,0.0,-,0,0,0.000
1790428882,s2-long,12,4,0,0,25.7,49.0,100.0,0.0,-,0,0,0.000
1790428882,s3-quic,3500183,8056,5112081,5112081,1.1,2.3,12.5,0.0,-,0,0,0.000
1790428882,s4-mixed-kcp,53760,150,8183822,8183822,179.0,946.6,1098.6,0.0,-,0,0,0.000
1790428882,s5-vmess-ws,287306,8346,3045,3045,4.7,41.9,125.8,0.0,-,0,0,0.000
1790428882,s6-trojan-grpc,88390,579,0,0,2.7,50.4,279.8,0.0,-,0,0,0.000
1790428882,__proc__,0,0,0,0,-,-,-,1120.2,10099,15171,39234705,4287.565
1790428912,s1-short,277240,8087,2822,2822,21.4,45.0,118.8,0.0,-,0,0,0.000
1790428912,s2-long,12,4,0,0,25.7,49.0,100.0,0.0,-,0,0,0.000
1790428912,s3-quic,3517239,8056,4657425,4657425,1.2,2.9,9.9,0.0,-,0,0,0.000
1790428912,s4-mixed-kcp,53870,150,7974810,7974810,198.6,947.1,1095.3,0.0,-,0,0,0.000
1790428912,s5-vmess-ws,288724,8346,2978,2978,6.1,38.1,104.5,0.0,-,0,0,0.000
1790428912,s6-trojan-grpc,88390,579,0,0,2.7,50.4,279.8,0.0,-,0,0,0.000
1790428912,__proc__,0,0,0,0,-,-,-,1120.3,10011,15038,39418659,4304.726
1790428942,s1-short,278561,8087,2774,2774,22.8,42.1,71.4,0.0,-,0,0,0.000
1790428942,s2-long,12,4,0,0,25.7,49.0,100.0,0.0,-,0,0,0.000
1790428942,s3-quic,3535537,8056,4996574,4996574,1.1,2.6,11.9,0.0,-,0,0,0.000
1790428942,s4-mixed-kcp,53979,150,7983694,7983694,202.3,948.5,1095.3,0.0,-,0,0,0.000
1790428942,s5-vmess-ws,290112,8346,2915,2915,13.9,39.3,88.9,0.0,-,0,0,0.000
1790428942,s6-trojan-grpc,88390,579,0,0,2.7,50.4,279.8,0.0,-,0,0,0.000
1790428942,__proc__,0,0,0,0,-,-,-,1120.3,9017,13621,39615216,4321.697
1790428972,s1-short,279881,8087,2772,2772,23.9,41.7,69.6,0.0,-,0,0,0.000
1790428972,s2-long,12,4,0,0,25.7,49.0,100.0,0.0,-,0,0,0.000
1790428972,s3-quic,3552960,8056,4757641,4757641,1.2,2.7,14.2,0.0,-,0,0,0.000
1790428972,s4-mixed-kcp,54096,150,7824932,7824932,247.6,956.4,1095.3,0.0,-,0,0,0.000
1790428972,s5-vmess-ws,291493,8346,2900,2900,17.7,42.0,94.8,0.0,-,0,0,0.000
1790428972,s6-trojan-grpc,88390,579,0,0,2.7,50.4,279.8,0.0,-,0,0,0.000
1790428972,__proc__,0,0,0,0,-,-,-,1120.3,6319,9571,39804878,4338.597
1790429002,s1-short,281129,8087,2621,2621,25.0,45.3,89.5,0.0,-,0,0,0.000
1790429002,s2-long,12,4,0,0,25.7,49.0,100.0,0.0,-,0,0,0.000
1790429002,s3-quic,3566960,8056,3822933,3822933,1.5,3.7,20.4,0.0,-,0,0,0.000
1790429002,s4-mixed-kcp,54203,150,7528137,7528137,250.4,960.6,1095.7,0.0,-,0,0,0.000
1790429002,s5-vmess-ws,292781,8346,2705,2705,19.5,47.5,133.8,0.0,-,0,0,0.000
1790429002,s6-trojan-grpc,88390,579,0,0,2.7,50.4,279.8,0.0,-,0,0,0.000
1790429002,__proc__,0,0,0,0,-,-,-,1120.9,3885,5877,39958810,4356.561
1790429032,s1-short,282423,8087,2717,2717,25.7,46.6,102.3,0.0,-,0,0,0.000
1790429032,s2-long,12,4,0,0,25.7,49.0,100.0,0.0,-,0,0,0.000
1790429032,s3-quic,3582979,8056,4374255,4374255,1.1,2.7,11.8,0.0,-,0,0,0.000
1790429032,s4-mixed-kcp,54301,150,7822908,7822908,292.5,967.5,1095.7,0.0,-,0,0,0.000
1790429032,s5-vmess-ws,294138,8346,2850,2850,20.0,51.8,144.9,0.0,-,0,0,0.000
1790429032,s6-trojan-grpc,88390,579,0,0,2.7,50.4,279.8,0.0,-,0,0,0.000
1790429032,__proc__,0,0,0,0,-,-,-,1120.9,1110,1735,40137511,4374.168
1790429062,s1-short,283675,8087,2629,2629,28.6,56.9,138.8,0.0,-,0,0,0.000
1790429062,s2-long,12,4,0,0,25.7,49.0,100.0,0.0,-,0,0,0.000
1790429062,s3-quic,3594609,8056,3175765,3175765,1.3,3.5,18.0,0.0,-,0,0,0.000
1790429062,s4-mixed-kcp,54501,151,7779282,7779282,297.9,951.5,1092.8,0.0,-,0,0,0.000
1790429062,s5-vmess-ws,295474,8346,2806,2806,21.7,58.8,149.9,0.0,-,0,0,0.000
1790429062,s6-trojan-grpc,89112,587,1516,1516,2.8,57.8,277.8,0.0,-,0,0,0.000
1790429062,__proc__,0,0,0,0,-,-,-,1101.9,1895,2885,40270333,4393.318
1790429092,s1-short,284907,8087,2587,2587,28.5,57.1,138.4,0.0,-,0,0,0.000
1790429092,s2-long,12,4,0,0,25.7,49.0,100.0,0.0,-,0,0,0.000
1790429092,s3-quic,3610546,8056,4351863,4351863,1.1,2.5,12.7,0.0,-,0,0,0.000
1790429092,s4-mixed-kcp,54741,151,7384478,7384478,297.3,951.5,1092.0,0.0,-,0,0,0.000
1790429092,s5-vmess-ws,296762,8346,2705,2705,21.3,55.0,143.3,0.0,-,0,0,0.000
1790429092,s6-trojan-grpc,90468,587,2848,2848,2.3,51.4,176.3,0.0,-,0,0,0.000
1790429092,__proc__,0,0,0,0,-,-,-,1101.9,4737,7255,40447826,4412.416
1790429122,s1-short,286033,8087,2365,2365,29.9,58.6,169.3,0.0,-,0,0,0.000
1790429122,s2-long,12,4,0,0,25.7,49.0,100.0,0.0,-,0,0,0.000
1790429122,s3-quic,3622320,8056,3215087,3215087,1.7,3.7,25.2,0.0,-,0,0,0.000
1790429122,s4-mixed-kcp,54977,152,6935659,6935659,297.3,979.1,1095.7,0.0,-,0,0,0.000
1790429122,s5-vmess-ws,297925,8346,2442,2442,22.9,56.2,197.7,0.0,-,0,0,0.000
1790429122,s6-trojan-grpc,91727,587,2644,2644,2.7,50.4,239.7,0.0,-,0,0,0.000
1790429122,__proc__,0,0,0,0,-,-,-,1109.2,7218,11080,40579966,4432.935
1790429152,s1-short,287219,8087,2491,2491,29.7,55.4,213.0,0.0,-,0,0,0.000
1790429152,s2-long,12,4,0,0,25.7,49.0,100.0,0.0,-,0,0,0.000
1790429152,s3-quic,3635506,8056,3600657,3600657,1.3,3.7,20.5,0.0,-,0,0,0.000
1790429152,s4-mixed-kcp,55337,152,7007451,7007451,272.6,978.8,1095.7,0.0,-,0,0,0.000
1790429152,s5-vmess-ws,299151,8346,2575,2575,23.6,58.7,256.3,0.0,-,0,0,0.000
1790429152,s6-trojan-grpc,93059,587,2797,2797,2.7,47.6,242.3,0.0,-,0,0,0.000
1790429152,__proc__,0,0,0,0,-,-,-,1119.2,10148,15634,40724490,4453.115
1790429182,s1-short,288294,8128,2258,2258,28.4,67.6,283.8,0.0,-,0,0,0.000
1790429182,s2-long,12,4,0,0,25.7,49.0,100.0,0.0,-,0,0,0.000
1790429182,s3-quic,3652850,8079,4736068,4736068,1.0,2.3,10.0,0.0,-,0,0,0.000
1790429182,s4-mixed-kcp,55595,160,7698458,7698458,276.0,968.4,1095.3,0.0,-,0,0,0.000
1790429182,s5-vmess-ws,300261,8407,2331,2331,21.9,66.2,263.4,0.0,-,0,0,0.000
1790429182,s6-trojan-grpc,93173,598,239,239,2.7,49.6,243.4,0.0,-,0,0,0.000
1790429182,__proc__,0,0,0,0,-,-,-,1122.4,10028,15445,40911926,4470.658
1790429212,s1-short,289595,8128,2732,2732,26.7,64.9,208.7,0.0,-,0,0,0.000
1790429212,s2-long,12,4,0,0,25.7,49.0,100.0,0.0,-,0,0,0.000
1790429212,s3-quic,3670076,8079,4703846,4703846,1.2,3.4,14.9,0.0,-,0,0,0.000
1790429212,s4-mixed-kcp,55857,160,7912270,7912270,278.0,963.7,1095.7,0.0,-,0,0,0.000
1790429212,s5-vmess-ws,301624,8407,2862,2862,19.5,64.2,199.9,0.0,-,0,0,0.000
1790429212,s6-trojan-grpc,93173,598,0,0,2.7,49.6,243.4,0.0,-,0,0,0.000
1790429212,__proc__,0,0,0,0,-,-,-,1122.7,10063,15316,41100306,4488.512
1790429242,s1-short,290907,8128,2755,2755,23.7,55.7,146.8,0.0,-,0,0,0.000
1790429242,s2-long,12,4,0,0,25.7,49.0,100.0,0.0,-,0,0,0.000
1790429242,s3-quic,3686184,8079,4398558,4398558,1.3,3.7,17.5,0.0,-,0,0,0.000
1790429242,s4-mixed-kcp,56114,160,7933814,7933814,248.2,958.2,1095.7,0.0,-,0,0,0.000
1790429242,s5-vmess-ws,303006,8407,2902,2902,17.2,53.9,191.7,0.0,-,0,0,0.000
1790429242,s6-trojan-grpc,93173,598,0,0,2.7,49.6,243.4,0.0,-,0,0,0.000
1790429242,__proc__,0,0,0,0,-,-,-,1122.7,9996,15305,41280233,4506.533
1790429272,s1-short,292148,8128,2606,2606,25.2,52.9,121.3,0.0,-,0,0,0.000
1790429272,s2-long,12,4,0,0,25.7,49.0,100.0,0.0,-,0,0,0.000
1790429272,s3-quic,3698171,8079,3273250,3273250,1.7,4.8,24.4,0.0,-,0,0,0.000
1790429272,s4-mixed-kcp,56356,160,7453891,7453891,199.1,960.9,1099.0,0.0,-,0,0,0.000
1790429272,s5-vmess-ws,304314,8407,2747,2747,17.6,51.7,141.6,0.0,-,0,0,0.000
1790429272,s6-trojan-grpc,93173,598,0,0,2.7,49.6,243.4,0.0,-,0,0,0.000
1790429272,__proc__,0,0,0,0,-,-,-,1122.7,9966,15235,41413589,4525.446
1790429302,s1-short,293432,8128,2696,2696,27.4,51.5,143.3,0.0,-,0,0,0.000
1790429302,s2-long,12,4,0,0,25.7,49.0,100.0,0.0,-,0,0,0.000
1790429302,s3-quic,3711821,8079,3727360,3727360,1.3,3.2,16.1,0.0,-,0,0,0.000
1790429302,s4-mixed-kcp,56605,160,7788715,7788715,198.8,951.4,1101.3,0.0,-,0,0,0.000
1790429302,s5-vmess-ws,305654,8407,2814,2814,19.3,51.3,174.8,0.0,-,0,0,0.000
1790429302,s6-trojan-grpc,93173,598,0,0,2.7,49.6,243.4,0.0,-,0,0,0.000
1790429302,__proc__,0,0,0,0,-,-,-,1122.7,9979,15262,41565281,4543.958
1790429332,s1-short,294729,8128,2724,2724,28.1,49.8,153.3,0.0,-,0,0,0.000
1790429332,s2-long,12,4,0,0,25.7,49.0,100.0,0.0,-,0,0,0.000
1790429332,s3-quic,3726382,8079,3976124,3976124,1.2,3.0,14.5,0.0,-,0,0,0.000
1790429332,s4-mixed-kcp,56858,160,7809245,7809245,198.6,946.1,1094.8,0.0,-,0,0,0.000
1790429332,s5-vmess-ws,307024,8407,2877,2877,20.5,51.2,157.1,0.0,-,0,0,0.000
1790429332,s6-trojan-grpc,93173,598,0,0,2.7,49.6,243.4,0.0,-,0,0,0.000
1790429332,__proc__,0,0,0,0,-,-,-,1122.7,9994,15307,41726182,4562.499
1790429362,s1-short,295964,8128,2594,2594,28.7,55.5,177.6,0.0,-,0,0,0.000
1790429362,s2-long,12,4,0,0,25.7,49.0,100.0,0.0,-,0,0,0.000
1790429362,s3-quic,3738485,8079,3304926,3304926,1.6,5.0,23.4,0.0,-,0,0,0.000
1790429362,s4-mixed-kcp,57107,160,7532478,7532478,198.2,945.6,1094.5,0.0,-,0,0,0.000
1790429362,s5-vmess-ws,308325,8407,2732,2732,20.5,58.2,180.5,0.0,-,0,0,0.000
1790429362,s6-trojan-grpc,93173,598,0,0,2.7,49.6,243.4,0.0,-,0,0,0.000
1790429362,__proc__,0,0,0,0,-,-,-,1122.8,8518,13052,41861232,4581.626
1790429392,s1-short,297126,8128,2440,2440,29.1,61.3,203.2,0.0,-,0,0,0.000
1790429392,s2-long,12,4,0,0,25.7,49.0,100.0,0.0,-,0,0,0.000
1790429392,s3-quic,3748998,8079,2870750,2870750,1.6,4.4,23.2,0.0,-,0,0,0.000
1790429392,s4-mixed-kcp,57333,160,7176856,7176856,196.9,945.5,1093.9,0.0,-,0,0,0.000
1790429392,s5-vmess-ws,309532,8407,2535,2535,21.5,69.5,210.2,0.0,-,0,0,0.000
1790429392,s6-trojan-grpc,93173,598,0,0,2.7,49.6,243.4,0.0,-,0,0,0.000
1790429392,__proc__,0,0,0,0,-,-,-,1122.5,5838,8948,41978725,4600.803
1790429422,s1-short,298284,8128,2432,2432,31.8,76.7,287.8,0.0,-,0,0,0.000
1790429422,s2-long,12,4,0,0,25.7,49.0,100.0,0.0,-,0,0,0.000
1790429422,s3-quic,3758239,8079,2523409,2523409,1.9,5.3,26.2,0.0,-,0,0,0.000
1790429422,s4-mixed-kcp,57561,160,6969767,6969767,164.6,946.0,1094.4,0.0,-,0,0,0.000
1790429422,s5-vmess-ws,310745,8407,2547,2547,25.4,102.9,254.8,0.0,-,0,0,0.000
1790429422,s6-trojan-grpc,93173,598,0,0,2.7,49.6,243.4,0.0,-,0,0,0.000
1790429422,__proc__,0,0,0,0,-,-,-,1122.5,3286,5222,42083138,4621.370
1790429452,s1-short,299530,8128,2617,2617,33.0,81.3,261.6,0.0,-,0,0,0.000
1790429452,s2-long,12,4,0,0,25.7,49.0,100.0,0.0,-,0,0,0.000
1790429452,s3-quic,3768573,8079,2821871,2821871,1.8,4.7,21.0,0.0,-,0,0,0.000
1790429452,s4-mixed-kcp,57796,160,7548322,7548322,148.6,947.3,1094.4,0.0,-,0,0,0.000
1790429452,s5-vmess-ws,312066,8407,2774,2774,26.3,102.0,255.1,0.0,-,0,0,0.000
1790429452,s6-trojan-grpc,93173,598,0,0,2.7,49.6,243.4,0.0,-,0,0,0.000
1790429452,__proc__,0,0,0,0,-,-,-,1122.5,674,1256,42202401,4641.310
1790429482,s1-short,300708,8128,2474,2474,34.1,75.0,251.2,0.0,-,0,0,0.000
1790429482,s2-long,12,4,0,0,25.7,49.0,100.0,0.0,-,0,0,0.000
1790429482,s3-quic,3778763,8079,2782549,2782549,1.8,4.4,26.2,0.0,-,0,0,0.000
1790429482,s4-mixed-kcp,58135,161,7494201,7494201,98.6,946.0,1095.0,0.0,-,0,0,0.000
1790429482,s5-vmess-ws,313311,8407,2614,2614,27.3,74.7,234.3,0.0,-,0,0,0.000
1790429482,s6-trojan-grpc,94281,606,2327,2327,3.4,54.7,243.3,0.0,-,0,0,0.000
1790429482,__proc__,0,0,0,0,-,-,-,1107.2,2943,4764,42317691,4662.088
1790429512,s1-short,301785,8128,2262,2262,34.6,80.9,337.3,0.0,-,0,0,0.000
1790429512,s2-long,12,4,0,0,25.7,49.0,100.0,0.0,-,0,0,0.000
1790429512,s3-quic,3789370,8079,2896418,2896418,1.9,5.0,28.0,0.0,-,0,0,0.000
1790429512,s4-mixed-kcp,58484,161,6697041,6697041,66.7,945.8,1098.9,0.0,-,0,0,0.000
1790429512,s5-vmess-ws,314436,8407,2362,2362,27.2,70.9,303.1,0.0,-,0,0,0.000
1790429512,s6-trojan-grpc,95478,606,2514,2514,4.7,59.6,244.6,0.0,-,0,0,0.000
1790429512,__proc__,0,0,0,0,-,-,-,1106.2,5327,8392,42437407,4683.617
1790429542,s1-short,302906,8128,2354,2354,34.5,77.3,320.4,0.0,-,0,0,0.000
1790429542,s2-long,12,4,0,0,25.7,49.0,100.0,0.0,-,0,0,0.000
1790429542,s3-quic,3801058,8079,3191603,3191603,1.3,2.8,18.3,0.0,-,0,0,0.000
1790429542,s4-mixed-kcp,58835,161,6797544,6797544,65.2,945.8,1110.8,0.0,-,0,0,0.000
1790429542,s5-vmess-ws,315608,8407,2461,2461,27.9,67.9,305.1,0.0,-,0,0,0.000
1790429542,s6-trojan-grpc,96737,606,2644,2644,4.5,60.3,271.4,0.0,-,0,0,0.000
1790429542,__proc__,0,0,0,0,-,-,-,1113.6,7895,12341,42567070,4704.308
1790429572,s1-short,303993,8140,2283,2283,34.0,102.0,365.7,0.0,-,0,0,0.000
1790429572,s2-long,12,4,0,0,25.7,49.0,100.0,0.0,-,0,0,0.000
1790429572,s3-quic,3814034,8090,3543313,3543313,1.3,3.5,14.3,0.0,-,0,0,0.000
1790429572,s4-mixed-kcp,59184,161,6974572,6974572,64.2,944.7,1097.2,0.0,-,0,0,0.000
1790429572,s5-vmess-ws,316725,8422,2346,2346,28.3,78.6,312.8,0.0,-,0,0,0.000
1790429572,s6-trojan-grpc,97938,616,2522,2522,4.4,61.6,290.7,0.0,-,0,0,0.000
1790429572,__proc__,0,0,0,0,-,-,-,1122.1,10223,15730,42709228,4724.463
1790429602,s1-short,304824,8237,1745,1745,32.3,129.6,369.7,0.0,-,0,0,0.000
1790429602,s2-long,12,4,0,0,25.7,49.0,100.0,0.0,-,0,0,0.000
1790429602,s3-quic,3825478,8136,3124975,3124975,1.7,4.7,21.5,0.0,-,0,0,0.000
1790429602,s4-mixed-kcp,59280,161,7208835,7208835,66.3,945.3,1110.8,0.0,-,0,0,0.000
1790429602,s5-vmess-ws,317587,8532,1810,1810,26.2,104.9,322.0,0.0,-,0,0,0.000
1790429602,s6-trojan-grpc,98181,637,510,510,4.3,65.9,305.8,0.0,-,0,0,0.000
1790429602,__proc__,0,0,0,0,-,-,-,1122.9,10173,15465,42838771,4742.295
1790429632,s1-short,305853,8324,2161,2161,27.4,110.5,315.3,0.0,-,0,0,0.000
1790429632,s2-long,12,4,0,0,25.7,49.0,100.0,0.0,-,0,0,0.000
1790429632,s3-quic,3843456,8185,4909193,4909193,1.2,2.9,6.3,0.0,-,0,0,0.000
1790429632,s4-mixed-kcp,59386,161,7938234,7938234,69.1,945.4,1110.8,0.0,-,0,0,0.000
1790429632,s5-vmess-ws,318601,8637,2129,2129,18.2,102.3,280.4,0.0,-,0,0,0.000
1790429632,s6-trojan-grpc,98209,638,59,59,4.3,66.3,305.8,0.0,-,0,0,0.000
1790429632,__proc__,0,0,0,0,-,-,-,1122.9,10178,15326,43033961,4758.081
1790429662,s1-short,307020,8354,2451,2451,21.4,114.8,297.1,0.0,-,0,0,0.000
1790429662,s2-long,12,4,0,0,25.7,49.0,100.0,0.0,-,0,0,0.000
1790429662,s3-quic,3855052,8187,3166481,3166481,2.0,4.7,16.1,0.0,-,0,0,0.000
1790429662,s4-mixed-kcp,59492,161,7457725,7457725,72.8,945.6,1113.3,0.0,-,0,0,0.000
1790429662,s5-vmess-ws,319789,8680,2495,2495,8.5,107.4,255.1,0.0,-,0,0,0.000
1790429662,s6-trojan-grpc,98209,638,0,0,4.3,66.3,305.8,0.0,-,0,0,0.000
1790429662,__proc__,0,0,0,0,-,-,-,1122.9,10186,15352,43164675,4776.908
1790429692,s1-short,308147,8384,2367,2367,19.3,114.0,227.9,0.0,-,0,0,0.000
1790429692,s2-long,12,4,0,0,25.7,49.0,100.0,0.0,-,0,0,0.000
1790429692,s3-quic,3865904,8190,2963319,2963319,1.9,4.7,15.1,0.0,-,0,0,0.000
1790429692,s4-mixed-kcp,59595,161,7276519,7276519,82.4,946.3,1125.9,0.0,-,0,0,0.000
1790429692,s5-vmess-ws,321017,8712,2579,2579,4.3,103.6,183.6,0.0,-,0,0,0.000
1790429692,s6-trojan-grpc,98209,638,0,0,4.3,66.3,305.8,0.0,-,0,0,0.000
1790429692,__proc__,0,0,0,0,-,-,-,1122.9,10188,15359,43283617,4796.202
1790429722,s1-short,309218,8418,2249,2249,19.8,114.8,188.8,0.0,-,0,0,0.000
1790429722,s2-long,12,4,0,0,25.7,49.0,100.0,0.0,-,0,0,0.000
1790429722,s3-quic,3877319,8198,3117056,3117056,1.8,4.2,19.6,0.0,-,0,0,0.000
1790429722,s4-mixed-kcp,59689,161,7429715,7429715,99.4,950.8,1113.3,0.0,-,0,0,0.000
1790429722,s5-vmess-ws,322100,8777,2274,2274,4.5,104.4,155.7,0.0,-,0,0,0.000
1790429722,s6-trojan-grpc,98209,638,0,0,4.3,66.3,305.8,0.0,-,0,0,0.000
1790429722,__proc__,0,0,0,0,-,-,-,1123.3,10212,15361,43407119,4815.198
1790429752,s1-short,310248,8501,2163,2163,20.4,119.0,207.2,0.0,-,0,0,0.000
1790429752,s2-long,12,4,0,0,25.7,49.0,100.0,0.0,-,0,0,0.000
1790429752,s3-quic,3892996,8227,4280866,4280866,1.1,2.3,4.1,0.0,-,0,0,0.000
1790429752,s4-mixed-kcp,59785,161,7753538,7753538,105.8,961.4,1113.3,0.0,-,0,0,0.000
1790429752,s5-vmess-ws,323141,8874,2186,2186,5.1,108.4,164.8,0.0,-,0,0,0.000
1790429752,s6-trojan-grpc,98209,638,0,0,4.3,66.3,305.8,0.0,-,0,0,0.000
1790429752,__proc__,0,0,0,0,-,-,-,1123.3,10208,15406,43575212,4832.644
1790429782,s1-short,311418,8506,2457,2457,23.4,118.6,216.8,0.0,-,0,0,0.000
1790429782,s2-long,12,4,0,0,25.7,49.0,100.0,0.0,-,0,0,0.000
1790429782,s3-quic,3903688,8231,2919629,2919629,1.7,4.8,18.9,0.0,-,0,0,0.000
1790429782,s4-mixed-kcp,59883,161,7477534,7477534,116.9,984.4,1113.3,0.0,-,0,0,0.000
1790429782,s5-vmess-ws,324383,8884,2608,2608,7.3,103.8,173.8,0.0,-,0,0,0.000
1790429782,s6-trojan-grpc,98209,638,0,0,4.3,66.3,305.8,0.0,-,0,0,0.000
1790429782,__proc__,0,0,0,0,-,-,-,1123.4,8014,11974,43692971,4851.697
1790429812,s1-short,312706,8506,2705,2705,25.6,87.2,203.9,0.0,-,0,0,0.000
1790429812,s2-long,12,4,0,0,25.7,49.0,100.0,0.0,-,0,0,0.000
1790429812,s3-quic,3919432,8231,4299162,4299162,1.1,2.4,12.7,0.0,-,0,0,0.000
1790429812,s4-mixed-kcp,59984,161,7379664,7379664,147.9,988.3,1113.3,0.0,-,0,0,0.000
1790429812,s5-vmess-ws,325726,8884,2820,2820,14.6,74.4,161.1,0.0,-,0,0,0.000
1790429812,s6-trojan-grpc,98209,638,0,0,4.3,66.3,305.8,0.0,-,0,0,0.000
1790429812,__proc__,0,0,0,0,-,-,-,1123.4,5559,8386,43865700,4868.927
1790429842,s1-short,313919,8506,2547,2547,28.3,65.3,210.8,0.0,-,0,0,0.000
1790429842,s2-long,12,4,0,0,25.7,49.0,100.0,0.0,-,0,0,0.000
1790429842,s3-quic,3932398,8231,3540582,3540582,1.9,5.4,24.5,0.0,-,0,0,0.000
1790429842,s4-mixed-kcp,60083,161,6950227,6950227,151.4,990.3,1138.3,0.0,-,0,0,0.000
1790429842,s5-vmess-ws,326994,8884,2663,2663,20.3,67.0,192.1,0.0,-,0,0,0.000
1790429842,s6-trojan-grpc,98209,638,0,0,4.3,66.3,305.8,0.0,-,0,0,0.000
1790429842,__proc__,0,0,0,0,-,-,-,1123.4,3060,4651,44009903,4887.165
1790429872,s1-short,315221,8506,2734,2734,27.0,52.2,90.4,0.0,-,0,0,0.000
1790429872,s2-long,12,4,0,0,25.7,49.0,100.0,0.0,-,0,0,0.000
1790429872,s3-quic,3947444,8231,4108561,4108561,1.1,2.9,11.4,0.0,-,0,0,0.000
1790429872,s4-mixed-kcp,60203,163,7678743,7678743,176.6,992.3,1138.3,0.0,-,0,0,0.000
1790429872,s5-vmess-ws,328369,8884,2888,2888,19.9,55.7,152.1,0.0,-,0,0,0.000
1790429872,s6-trojan-grpc,98225,641,34,34,4.3,66.3,305.8,0.0,-,0,0,0.000
1790429872,__proc__,0,0,0,0,-,-,-,1123.4,785,1306,44173999,4905.219
1790429902,s1-short,316542,8506,2774,2774,25.7,48.9,84.8,0.0,-,0,0,0.000
1790429902,s2-long,12,4,0,0,25.7,49.0,100.0,0.0,-,0,0,0.000
1790429902,s3-quic,3965438,8231,4913562,4913562,1.0,2.2,12.2,0.0,-,0,0,0.000
1790429902,s4-mixed-kcp,60608,163,7507214,7507214,149.9,990.3,1103.3,0.0,-,0,0,0.000
1790429902,s5-vmess-ws,329744,8884,2888,2888,17.7,53.3,148.9,0.0,-,0,0,0.000
1790429902,s6-trojan-grpc,99304,645,2266,2266,3.1,65.0,301.9,0.0,-,0,0,0.000
1790429902,__proc__,0,0,0,0,-,-,-,1122.4,3124,5137,44372813,4923.553
1790429932,s1-short,317752,8506,2541,2541,24.4,50.8,113.9,0.0,-,0,0,0.000
1790429932,s2-long,12,4,0,0,25.7,49.0,100.0,0.0,-,0,0,0.000
1790429932,s3-quic,3982132,8231,4558575,4558575,1.1,3.0,13.3,0.0,-,0,0,0.000
1790429932,s4-mixed-kcp,60983,163,7103900,7103900,140.5,992.3,1138.3,0.0,-,0,0,0.000
1790429932,s5-vmess-ws,330998,8884,2633,2633,17.4,50.3,152.8,0.0,-,0,0,0.000
1790429932,s6-trojan-grpc,100649,646,2824,2824,2.4,54.1,266.1,0.0,-,0,0,0.000
1790429932,__proc__,0,0,0,0,-,-,-,1110.7,5694,9015,44555091,4942.924
1790429962,s1-short,318906,8506,2423,2423,23.3,56.0,146.7,0.0,-,0,0,0.000
1790429962,s2-long,12,4,0,0,25.7,49.0,100.0,0.0,-,0,0,0.000
1790429962,s3-quic,3996384,8231,3891746,3891746,1.3,4.0,21.6,0.0,-,0,0,0.000
1790429962,s4-mixed-kcp,61345,163,6787592,6787592,107.7,992.8,1138.3,0.0,-,0,0,0.000
1790429962,s5-vmess-ws,332194,8884,2512,2512,17.9,57.1,187.0,0.0,-,0,0,0.000
1790429962,s6-trojan-grpc,101974,646,2782,2782,2.1,53.0,219.9,0.0,-,0,0,0.000
1790429962,__proc__,0,0,0,0,-,-,-,1115.1,8326,12976,44715568,4963.106
1790429992,s1-short,319858,8539,1999,1999,25.4,66.1,289.3,0.0,-,0,0,0.000
1790429992,s2-long,12,4,0,0,25.7,49.0,100.0,0.0,-,0,0,0.000
1790429992,s3-quic,4006790,8259,2841532,2841532,1.4,4.3,17.1,0.0,-,0,0,0.000
1790429992,s4-mixed-kcp,61654,166,6182309,6182309,103.3,992.5,1144.1,0.0,-,0,0,0.000
1790429992,s5-vmess-ws,333177,8922,2064,2064,20.0,66.9,254.1,0.0,-,0,0,0.000
1790429992,s6-trojan-grpc,103017,662,2190,2190,2.3,54.5,242.6,0.0,-,0,0,0.000
1790429992,__proc__,0,0,0,0,-,-,-,1122.3,10208,15756,44833940,4983.470
1790430022,s1-short,320965,8564,2325,2325,28.4,73.2,306.7,0.0,-,0,0,0.000
1790430022,s2-long,12,4,0,0,25.7,49.0,100.0,0.0,-,0,0,0.000
1790430022,s3-quic,4018835,8268,3289088,3289088,1.9,5.0,25.8,0.0,-,0,0,0.000
1790430022,s4-mixed-kcp,61891,166,7234949,7234949,104.4,992.8,1144.1,0.0,-,0,0,0.000
1790430022,s5-vmess-ws,334380,8941,2526,2526,22.1,75.9,250.0,0.0,-,0,0,0.000
1790430022,s6-trojan-grpc,103028,662,23,23,2.3,55.5,250.5,0.0,-,0,0,0.000
1790430022,__proc__,0,0,0,0,-,-,-,1123.1,10047,15329,44969157,5002.383
1790430052,s1-short,322158,8564,2505,2505,32.9,93.6,311.0,0.0,-,0,0,0.000
1790430052,s2-long,12,4,0,0,25.7,49.0,100.0,0.0,-,0,0,0.000
1790430052,s3-quic,4028377,8268,2605602,2605602,1.9,5.4,27.4,0.0,-,0,0,0.000
1790430052,s4-mixed-kcp,62119,166,7221960,7221960,108.7,994.1,1144.2,0.0,-,0,0,0.000
1790430052,s5-vmess-ws,335630,8941,2625,2625,26.1,94.0,252.3,0.0,-,0,0,0.000
1790430052,s6-trojan-grpc,103028,662,0,0,2.3,55.5,250.5,0.0,-,0,0,0.000
1790430052,__proc__,0,0,0,0,-,-,-,1123.1,10037,15351,45076723,5022.704
1790430082,s1-short,323327,8564,2455,2455,34.9,108.8,244.9,0.0,-,0,0,0.000
1790430082,s2-long,12,4,0,0,25.7,49.0,100.0,0.0,-,0,0,0.000
1790430082,s3-quic,4037568,8268,2509756,2509756,2.0,5.6,28.1,0.0,-,0,0,0.000
1790430082,s4-mixed-kcp,62346,166,7168202,7168202,119.3,994.3,1144.1,0.0,-,0,0,0.000
1790430082,s5-vmess-ws,336869,8941,2602,2602,27.6,95.0,236.6,0.0,-,0,0,0.000
1790430082,s6-trojan-grpc,103028,662,0,0,2.3,55.5,250.5,0.0,-,0,0,0.000
1790430082,__proc__,0,0,0,0,-,-,-,1123.2,10029,15331,45181739,5043.290
1790430112,s1-short,324483,8564,2428,2428,36.0,96.2,239.4,0.0,-,0,0,0.000
1790430112,s2-long,12,4,0,0,25.7,49.0,100.0,0.0,-,0,0,0.000
1790430112,s3-quic,4046975,8268,2568738,2568738,2.0,6.2,30.1,0.0,-,0,0,0.000
1790430112,s4-mixed-kcp,62577,166,6978001,6978001,148.4,994.3,1143.3,0.0,-,0,0,0.000
1790430112,s5-vmess-ws,338097,8941,2579,2579,29.2,89.8,213.1,0.0,-,0,0,0.000
1790430112,s6-trojan-grpc,103028,662,0,0,2.3,55.5,250.5,0.0,-,0,0,0.000
1790430112,__proc__,0,0,0,0,-,-,-,1123.2,10023,15303,45287546,5063.658
1790430142,s1-short,325676,8564,2505,2505,36.3,122.2,239.4,0.0,-,0,0,0.000
1790430142,s2-long,12,4,0,0,25.7,49.0,100.0,0.0,-,0,0,0.000
1790430142,s3-quic,4057741,8268,2939836,2939836,1.7,4.8,21.4,0.0,-,0,0,0.000
1790430142,s4-mixed-kcp,62806,166,7182608,7182608,150.0,994.4,1137.9,0.0,-,0,0,0.000
1790430142,s5-vmess-ws,339360,8941,2652,2652,28.4,93.3,219.1,0.0,-,0,0,0.000
1790430142,s6-trojan-grpc,103028,662,0,0,2.3,55.5,250.5,0.0,-,0,0,0.000
1790430142,__proc__,0,0,0,0,-,-,-,1123.3,10023,15301,45409171,5083.327
1790430172,s1-short,326873,8564,2514,2514,36.2,101.7,244.5,0.0,-,0,0,0.000
1790430172,s2-long,12,4,0,0,25.7,49.0,100.0,0.0,-,0,0,0.000
1790430172,s3-quic,4068105,8268,2830063,2830063,1.7,5.0,23.2,0.0,-,0,0,0.000
1790430172,s4-mixed-kcp,63042,166,7066006,7066006,158.9,994.6,1143.2,0.0,-,0,0,0.000
1790430172,s5-vmess-ws,340620,8941,2646,2646,26.9,93.1,228.6,0.0,-,0,0,0.000
1790430172,s6-trojan-grpc,103028,662,0,0,2.3,55.5,250.5,0.0,-,0,0,0.000
1790430172,__proc__,0,0,0,0,-,-,-,1123.3,10016,15335,45526630,5103.731
1790430202,s1-short,328027,8564,2423,2423,35.5,115.6,258.5,0.0,-,0,0,0.000
1790430202,s2-long,12,4,0,0,25.7,49.0,100.0,0.0,-,0,0,0.000
1790430202,s3-quic,4077886,8268,2670865,2670865,2.1,8.3,34.1,0.0,-,0,0,0.000
1790430202,s4-mixed-kcp,63273,166,7048378,7048378,179.2,994.7,1140.4,0.0,-,0,0,0.000
1790430202,s5-vmess-ws,341857,8941,2598,2598,25.4,86.1,238.6,0.0,-,0,0,0.000
1790430202,s6-trojan-grpc,103028,662,0,0,2.3,55.5,250.5,0.0,-,0,0,0.000
1790430202,__proc__,0,0,0,0,-,-,-,1122.9,7889,12043,45637776,5124.034
1790430232,s1-short,329269,8564,2608,2608,31.6,91.8,257.3,0.0,-,0,0,0.000
1790430232,s2-long,12,4,0,0,25.7,49.0,100.0,0.0,-,0,0,0.000
1790430232,s3-quic,4091745,8268,3784431,3784431,1.1,2.3,12.2,0.0,-,0,0,0.000
1790430232,s4-mixed-kcp,63516,166,7202537,7202537,132.7,994.6,1135.2,0.0,-,0,0,0.000
1790430232,s5-vmess-ws,343156,8941,2728,2728,22.5,81.7,230.8,0.0,-,0,0,0.000
1790430232,s6-trojan-grpc,103028,662,0,0,2.3,55.5,250.5,0.0,-,0,0,0.000
1790430232,__proc__,0,0,0,0,-,-,-,1122.9,5188,7971,45791953,5142.810
1790430262,s1-short,330526,8564,2640,2640,29.8,80.3,229.0,0.0,-,0,0,0.000
1790430262,s2-long,12,4,0,0,25.7,49.0,100.0,0.0,-,0,0,0.000
1790430262,s3-quic,4105089,8268,3643802,3643802,1.9,5.1,27.4,0.0,-,0,0,0.000
1790430262,s4-mixed-kcp,63750,166,7317691,7317691,101.1,993.1,1124.9,0.0,-,0,0,0.000
1790430262,s5-vmess-ws,344465,8941,2749,2749,21.9,77.5,220.8,0.0,-,0,0,0.000
1790430262,s6-trojan-grpc,103028,662,0,0,2.3,55.5,250.5,0.0,-,0,0,0.000
1790430262,__proc__,0,0,0,0,-,-,-,1122.9,2501,4026,45941579,5161.728
1790430292,s1-short,331807,8564,2690,2690,28.4,65.9,196.2,0.0,-,0,0,0.000
1790430292,s2-long,12,4,0,0,25.7,49.0,100.0,0.0,-,0,0,0.000
1790430292,s3-quic,4118500,8268,3662097,3662097,1.4,4.0,19.6,0.0,-,0,0,0.000
1790430292,s4-mixed-kcp,64024,167,7521303,7521303,69.4,988.7,1124.7,0.0,-,0,0,0.000
1790430292,s5-vmess-ws,345822,8941,2850,2850,20.1,67.0,177.5,0.0,-,0,0,0.000
1790430292,s6-trojan-grpc,103118,669,189,189,2.3,54.8,250.5,0.0,-,0,0,0.000
1790430292,__proc__,0,0,0,0,-,-,-,1113.9,739,1419,46095343,5180.673
1790430322,s1-short,333051,8564,2612,2612,28.1,53.1,152.7,0.0,-,0,0,0.000
1790430322,s2-long,12,4,0,0,25.7,49.0,100.0,0.0,-,0,0,0.000
1790430322,s3-quic,4131894,8268,3657455,3657455,1.4,3.6,18.5,0.0,-,0,0,0.000
1790430322,s4-mixed-kcp,64422,167,7131558,7131558,62.9,965.7,1106.5,0.0,-,0,0,0.000
1790430322,s5-vmess-ws,347124,8941,2734,2734,20.7,52.3,153.2,0.0,-,0,0,0.000
1790430322,s6-trojan-grpc,104410,670,2713,2713,2.7,57.9,277.5,0.0,-,0,0,0.000
1790430322,__proc__,0,0,0,0,-,-,-,1107.9,3578,5815,46251776,5200.252
1790430352,s1-short,334157,8564,2323,2323,30.3,53.4,196.4,0.0,-,0,0,0.000
1790430352,s2-long,12,4,0,0,25.7,49.0,100.0,0.0,-,0,0,0.000
1790430352,s3-quic,4142683,8268,2946116,2946116,1.5,4.0,22.8,0.0,-,0,0,0.000
1790430352,s4-mixed-kcp,64758,167,6401981,6401981,63.7,993.1,1144.7,0.0,-,0,0,0.000
1790430352,s5-vmess-ws,348252,8941,2369,2369,23.1,52.3,165.2,0.0,-,0,0,0.000
1790430352,s6-trojan-grpc,105622,670,2545,2545,3.1,61.2,313.1,0.0,-,0,0,0.000
1790430352,__proc__,0,0,0,0,-,-,-,1106.7,5948,9397,46376791,5221.404
1790430382,s1-short,335343,8564,2491,2491,31.9,55.5,218.3,0.0,-,0,0,0.000
1790430382,s2-long,12,4,0,0,25.7,49.0,100.0,0.0,-,0,0,0.000
1790430382,s3-quic,4154355,8268,3187234,3187234,1.7,4.0,25.3,0.0,-,0,0,0.000
1790430382,s4-mixed-kcp,65119,167,7084021,7084021,64.1,992.7,1144.1,0.0,-,0,0,0.000
1790430382,s5-vmess-ws,349490,8941,2600,2600,25.2,53.9,229.2,0.0,-,0,0,0.000
1790430382,s6-trojan-grpc,106953,670,2795,2795,3.1,55.4,282.6,0.0,-,0,0,0.000
1790430382,__proc__,0,0,0,0,-,-,-,1116.4,8637,13425,46505199,5242.158
1790430412,s1-short,336211,8634,1823,1823,33.0,61.4,283.7,0.0,-,0,0,0.000
1790430412,s2-long,12,4,0,0,25.7,49.0,100.0,0.0,-,0,0,0.000
1790430412,s3-quic,4163550,8310,2510848,2510848,1.7,3.6,11.9,0.0,-,0,0,0.000
1790430412,s4-mixed-kcp,65423,175,6371085,6371085,65.2,991.0,1144.9,0.0,-,0,0,0.000
1790430412,s5-vmess-ws,350412,8997,1936,1936,26.7,59.5,283.6,0.0,-,0,0,0.000
1790430412,s6-trojan-grpc,107842,693,1867,1867,3.3,69.8,302.6,0.0,-,0,0,0.000
1790430412,__proc__,0,0,0,0,-,-,-,1122.3,10202,15736,46607744,5262.135
1790430442,s1-short,337460,8638,2623,2623,32.9,65.0,283.7,0.0,-,0,0,0.000
1790430442,s2-long,12,4,0,0,25.7,49.0,100.0,0.0,-,0,0,0.000
1790430442,s3-quic,4175939,8311,3383023,3383023,1.6,3.9,21.2,0.0,-,0,0,0.000
1790430442,s4-mixed-kcp,65661,175,7452230,7452230,65.5,990.2,1144.3,0.0,-,0,0,0.000
1790430442,s5-vmess-ws,351717,9006,2740,2740,25.7,62.3,274.3,0.0,-,0,0,0.000
1790430442,s6-trojan-grpc,107842,693,0,0,3.3,69.8,302.6,0.0,-,0,0,0.000
1790430442,__proc__,0,0,0,0,-,-,-,1123.1,10033,15371,46743530,5281.539
1790430472,s1-short,338728,8638,2663,2663,32.3,61.2,252.4,0.0,-,0,0,0.000
1790430472,s2-long,12,4,0,0,25.7,49.0,100.0,0.0,-,0,0,0.000
1790430472,s3-quic,4188578,8311,3451290,3451290,1.6,3.8,22.3,0.0,-,0,0,0.000
1790430472,s4-mixed-kcp,65905,175,7422355,7422355,65.4,990.1,1144.1,0.0,-,0,0,0.000
1790430472,s5-vmess-ws,353057,9006,2814,2814,23.8,63.2,258.6,0.0,-,0,0,0.000
1790430472,s6-trojan-grpc,107842,693,0,0,3.3,69.8,302.6,0.0,-,0,0,0.000
1790430472,__proc__,0,0,0,0,-,-,-,1123.4,10022,15314,46880426,5300.675
1790430502,s1-short,339965,8638,2598,2598,31.0,63.6,195.4,0.0,-,0,0,0.000
1790430502,s2-long,12,4,0,0,25.7,49.0,100.0,0.0,-,0,0,0.000
1790430502,s3-quic,4199515,8311,2986530,2986530,1.8,4.9,24.4,0.0,-,0,0,0.000
1790430502,s4-mixed-kcp,66142,175,7330164,7330164,65.6,984.6,1144.1,0.0,-,0,0,0.000
1790430502,s5-vmess-ws,354369,9006,2755,2755,22.2,61.8,164.7,0.0,-,0,0,0.000
1790430502,s6-trojan-grpc,107842,693,0,0,3.3,69.8,302.6,0.0,-,0,0,0.000
1790430502,__proc__,0,0,0,0,-,-,-,1123.5,10063,15371,47002066,5320.344
1790430532,s1-short,341199,8638,2591,2591,32.0,60.8,161.8,0.0,-,0,0,0.000
1790430532,s2-long,12,4,0,0,25.7,49.0,100.0,0.0,-,0,0,0.000
1790430532,s3-quic,4210309,8311,2947482,2947482,1.8,4.3,24.3,0.0,-,0,0,0.000
1790430532,s4-mixed-kcp,66380,175,7145280,7145280,65.4,974.7,1140.8,0.0,-,0,0,0.000
1790430532,s5-vmess-ws,355674,9006,2740,2740,23.7,58.6,160.8,0.0,-,0,0,0.000
1790430532,s6-trojan-grpc,107842,693,0,0,3.3,69.8,302.6,0.0,-,0,0,0.000
1790430532,__proc__,0,0,0,0,-,-,-,1123.5,10023,15303,47125328,5339.555
1790430562,s1-short,342431,8638,2587,2587,33.2,69.1,185.0,0.0,-,0,0,0.000
1790430562,s2-long,12,4,0,0,25.7,49.0,100.0,0.0,-,0,0,0.000
1790430562,s3-quic,4220779,8311,2859008,2859008,1.9,5.0,26.8,0.0,-,0,0,0.000
1790430562,s4-mixed-kcp,66624,175,7306981,7306981,65.4,972.6,1140.8,0.0,-,0,0,0.000
1790430562,s5-vmess-ws,356980,9006,2743,2743,24.7,71.2,178.6,0.0,-,0,0,0.000
1790430562,s6-trojan-grpc,107842,693,0,0,3.3,69.8,302.6,0.0,-,0,0,0.000
1790430562,__proc__,0,0,0,0,-,-,-,1123.5,10012,15289,47247080,5359.322
1790430592,s1-short,343689,8638,2642,2642,33.2,58.5,184.8,0.0,-,0,0,0.000
1790430592,s2-long,12,4,0,0,25.7,49.0,100.0,0.0,-,0,0,0.000
1790430592,s3-quic,4231703,8311,2982980,2982980,1.8,4.5,23.9,0.0,-,0,0,0.000
1790430592,s4-mixed-kcp,66865,175,7244274,7244274,65.4,957.5,1140.0,0.0,-,0,0,0.000
1790430592,s5-vmess-ws,358299,9006,2770,2770,24.9,61.8,180.0,0.0,-,0,0,0.000
1790430592,s6-trojan-grpc,107842,693,0,0,3.3,69.8,302.6,0.0,-,0,0,0.000
1790430592,__proc__,0,0,0,0,-,-,-,1123.5,9833,15014,47369326,5378.445
1790430622,s1-short,344874,8638,2488,2488,33.9,69.3,190.4,0.0,-,0,0,0.000
1790430622,s2-long,12,4,0,0,25.7,49.0,100.0,0.0,-,0,0,0.000
1790430622,s3-quic,4241595,8311,2701175,2701175,1.9,5.3,25.5,0.0,-,0,0,0.000
1790430622,s4-mixed-kcp,67093,175,7148323,7148323,65.2,948.8,1136.2,0.0,-,0,0,0.000
1790430622,s5-vmess-ws,359556,9006,2640,2640,25.6,78.1,186.3,0.0,-,0,0,0.000
1790430622,s6-trojan-grpc,107842,693,0,0,3.3,69.8,302.6,0.0,-,0,0,0.000
1790430622,__proc__,0,0,0,0,-,-,-,1123.6,7248,11143,47479975,5398.403
1790430652,s1-short,346105,8638,2585,2585,33.6,59.8,188.3,0.0,-,0,0,0.000
1790430652,s2-long,12,4,0,0,25.7,49.0,100.0,0.0,-,0,0,0.000
1790430652,s3-quic,4252211,8311,2898876,2898876,1.8,4.3,23.5,0.0,-,0,0,0.000
1790430652,s4-mixed-kcp,67321,175,7360086,7360086,65.1,966.7,1136.2,0.0,-,0,0,0.000
1790430652,s5-vmess-ws,360836,9006,2688,2688,26.4,68.8,192.4,0.0,-,0,0,0.000
1790430652,s6-trojan-grpc,107842,693,0,0,3.3,69.8,302.6,0.0,-,0,0,0.000
1790430652,__proc__,0,0,0,0,-,-,-,1123.6,4843,7560,47598430,5417.744
1790430682,s1-short,347352,8638,2619,2619,33.2,60.0,200.3,0.0,-,0,0,0.000
1790430682,s2-long,12,4,0,0,25.7,49.0,100.0,0.0,-,0,0,0.000
1790430682,s3-quic,4262999,8311,2945843,2945843,1.8,4.4,23.5,0.0,-,0,0,0.000
1790430682,s4-mixed-kcp,67561,175,7130489,7130489,64.9,948.8,1133.6,0.0,-,0,0,0.000
1790430682,s5-vmess-ws,362134,9006,2726,2726,27.1,85.0,202.3,0.0,-,0,0,0.000
1790430682,s6-trojan-grpc,107842,693,0,0,3.3,69.8,302.6,0.0,-,0,0,0.000
1790430682,__proc__,0,0,0,0,-,-,-,1123.6,2197,3600,47718241,5436.934
1790430712,s1-short,348633,8638,2690,2690,31.7,59.7,185.4,0.0,-,0,0,0.000
1790430712,s2-long,12,4,0,0,25.7,49.0,100.0,0.0,-,0,0,0.000
1790430712,s3-quic,4274300,8311,3085926,3085926,1.8,4.2,24.4,0.0,-,0,0,0.000
1790430712,s4-mixed-kcp,67819,176,7502190,7502190,65.1,954.6,1106.5,0.0,-,0,0,0.000
1790430712,s5-vmess-ws,363495,9006,2858,2858,25.9,60.4,186.0,0.0,-,0,0,0.000
1790430712,s6-trojan-grpc,108099,701,540,540,3.3,62.6,302.6,0.0,-,0,0,0.000
1790430712,__proc__,0,0,0,0,-,-,-,1110.0,1108,1902,47846201,5456.384
1790430742,s1-short,349860,8638,2577,2577,31.9,57.5,193.3,0.0,-,0,0,0.000
1790430742,s2-long,12,4,0,0,25.7,49.0,100.0,0.0,-,0,0,0.000
1790430742,s3-quic,4284716,8311,2844262,2844262,1.9,4.7,27.7,0.0,-,0,0,0.000
1790430742,s4-mixed-kcp,68195,176,7122350,7122350,64.8,948.2,1103.9,0.0,-,0,0,0.000
1790430742,s5-vmess-ws,364788,9006,2715,2715,25.2,57.5,195.2,0.0,-,0,0,0.000
1790430742,s6-trojan-grpc,109458,701,2854,2854,3.7,61.3,275.6,0.0,-,0,0,0.000
1790430742,__proc__,0,0,0,0,-,-,-,1106.0,4043,6444,47966249,5477.037
1790430772,s1-short,350985,8638,2362,2362,32.6,58.0,222.1,0.0,-,0,0,0.000
1790430772,s2-long,12,4,0,0,25.7,49.0,100.0,0.0,-,0,0,0.000
1790430772,s3-quic,4294155,8311,2577476,2577476,1.8,5.0,26.6,0.0,-,0,0,0.000
1790430772,s4-mixed-kcp,68541,176,6669447,6669447,65.7,954.6,1136.7,0.0,-,0,0,0.000
1790430772,s5-vmess-ws,365956,9006,2453,2453,26.0,58.5,222.8,0.0,-,0,0,0.000
1790430772,s6-trojan-grpc,110720,701,2650,2650,4.1,61.8,275.6,0.0,-,0,0,0.000
1790430772,__proc__,0,0,0,0,-,-,-,1108.6,6504,10212,48070017,5498.324
1790430802,s1-short,352092,8638,2325,2325,34.1,64.6,268.9,0.0,-,0,0,0.000
1790430802,s2-long,12,4,0,0,25.7,49.0,100.0,0.0,-,0,0,0.000
1790430802,s3-quic,4303452,8311,2538701,2538701,1.8,5.0,26.0,0.0,-,0,0,0.000
1790430802,s4-mixed-kcp,68875,176,6556546,6556546,65.6,953.2,1100.8,0.0,-,0,0,0.000
1790430802,s5-vmess-ws,367104,9006,2411,2411,28.4,59.7,268.9,0.0,-,0,0,0.000
1790430802,s6-trojan-grpc,111944,701,2570,2570,4.5,53.9,257.0,0.0,-,0,0,0.000
1790430802,__proc__,0,0,0,0,-,-,-,1118.2,8943,13888,48173368,5519.979
1790430832,s1-short,352994,8714,1894,1894,35.1,103.6,294.6,0.0,-,0,0,0.000
1790430832,s2-long,12,4,0,0,25.7,49.0,100.0,0.0,-,0,0,0.000
1790430832,s3-quic,4312365,8370,2433843,2433843,1.8,4.6,13.9,0.0,-,0,0,0.000
1790430832,s4-mixed-kcp,69160,184,6840050,6840050,66.5,974.6,1132.6,0.0,-,0,0,0.000
1790430832,s5-vmess-ws,368016,9078,1915,1915,29.3,66.8,286.9,0.0,-,0,0,0.000
1790430832,s6-trojan-grpc,112664,731,1512,1512,4.5,55.7,257.7,0.0,-,0,0,0.000
1790430832,__proc__,0,0,0,0,-,-,-,1124.0,10214,15663,48272746,5539.532
1790430862,s1-short,354220,8714,2575,2575,35.5,103.6,292.6,0.0,-,0,0,0.000
1790430862,s2-long,12,4,0,0,25.7,49.0,100.0,0.0,-,0,0,0.000
1790430862,s3-quic,4322899,8370,2876484,2876484,1.9,5.2,24.1,0.0,-,0,0,0.000
1790430862,s4-mixed-kcp,69401,184,7372126,7372126,67.3,969.1,1100.8,0.0,-,0,0,0.000
1790430862,s5-vmess-ws,369318,9078,2734,2734,28.9,78.2,269.6,0.0,-,0,0,0.000
1790430862,s6-trojan-grpc,112664,731,0,0,4.5,55.7,257.7,0.0,-,0,0,0.000
1790430862,__proc__,0,0,0,0,-,-,-,1124.5,10039,15328,48387505,5559.413
1790430892,s1-short,355450,8714,2583,2583,35.0,102.5,290.4,0.0,-,0,0,0.000
1790430892,s2-long,12,4,0,0,25.7,49.0,100.0,0.0,-,0,0,0.000
1790430892,s3-quic,4333304,8370,2841259,2841259,1.9,4.9,24.7,0.0,-,0,0,0.000
1790430892,s4-mixed-kcp,69642,184,7276174,7276174,67.9,957.8,1095.2,0.0,-,0,0,0.000
1790430892,s5-vmess-ws,370615,9078,2724,2724,27.2,88.1,240.0,0.0,-,0,0,0.000
1790430892,s6-trojan-grpc,112664,731,0,0,4.5,55.7,257.7,0.0,-,0,0,0.000
1790430892,__proc__,0,0,0,0,-,-,-,1125.0,10102,15391,48505873,5579.285
1790430922,s1-short,356695,8714,2614,2614,33.5,84.8,207.8,0.0,-,0,0,0.000
1790430922,s2-long,12,4,0,0,25.7,49.0,100.0,0.0,-,0,0,0.000
1790430922,s3-quic,4343592,8370,2809310,2809310,1.8,5.2,22.8,0.0,-,0,0,0.000
1790430922,s4-mixed-kcp,69876,184,7359224,7359224,68.7,967.9,1094.3,0.0,-,0,0,0.000
1790430922,s5-vmess-ws,371921,9078,2743,2743,25.6,85.5,170.7,0.0,-,0,0,0.000
1790430922,s6-trojan-grpc,112664,731,0,0,4.5,55.7,257.7,0.0,-,0,0,0.000
1790430922,__proc__,0,0,0,0,-,-,-,1125.0,10037,15332,48620616,5599.106
1790430952,s1-short,357934,8714,2602,2602,33.3,60.3,184.1,0.0,-,0,0,0.000
1790430952,s2-long,12,4,0,0,25.7,49.0,100.0,0.0,-,0,0,0.000
1790430952,s3-quic,4353890,8370,2812041,2812041,1.8,4.8,25.5,0.0,-,0,0,0.000
1790430952,s4-mixed-kcp,70100,184,7362475,7362475,68.6,977.6,1095.2,0.0,-,0,0,0.000
1790430952,s5-vmess-ws,373215,9078,2717,2717,26.2,82.6,170.1,0.0,-,0,0,0.000
1790430952,s6-trojan-grpc,112664,731,0,0,4.5,55.7,257.7,0.0,-,0,0,0.000
1790430952,__proc__,0,0,0,0,-,-,-,1124.8,10032,15318,48736979,5618.808
1790430982,s1-short,359144,8714,2541,2541,33.5,66.2,220.8,0.0,-,0,0,0.000
1790430982,s2-long,12,4,0,0,25.7,49.0,100.0,0.0,-,0,0,0.000
1790430982,s3-quic,4364081,8370,2782822,2782822,1.9,5.8,27.2,0.0,-,0,0,0.000
1790430982,s4-mixed-kcp,70334,184,7348292,7348292,68.4,984.0,1095.1,0.0,-,0,0,0.000
1790430982,s5-vmess-ws,374502,9078,2703,2703,26.4,77.7,171.0,0.0,-,0,0,0.000
1790430982,s6-trojan-grpc,112664,731,0,0,4.5,55.7,257.7,0.0,-,0,0,0.000
1790430982,__proc__,0,0,0,0,-,-,-,1124.8,10064,15384,48852231,5638.451
1790431012,s1-short,360409,8714,2656,2656,33.4,60.9,197.2,0.0,-,0,0,0.000
1790431012,s2-long,12,4,0,0,25.7,49.0,100.0,0.0,-,0,0,0.000
1790431012,s3-quic,4374200,8370,2763162,2763162,1.9,5.5,24.9,0.0,-,0,0,0.000
1790431012,s4-mixed-kcp,70568,184,7333351,7333351,68.6,979.9,1094.2,0.0,-,0,0,0.000
1790431012,s5-vmess-ws,375840,9078,2810,2810,26.3,61.9,175.5,0.0,-,0,0,0.000
1790431012,s6-trojan-grpc,112664,731,0,0,4.5,55.7,257.7,0.0,-,0,0,0.000
1790431012,__proc__,0,0,0,0,-,-,-,1124.8,9521,14554,48968425,5658.164
1790431042,s1-short,361618,8714,2539,2539,34.2,62.5,204.3,0.0,-,0,0,0.000
1790431042,s2-long,12,4,0,0,25.7,49.0,100.0,0.0,-,0,0,0.000
1790431042,s3-quic,4384213,8370,2734217,2734217,1.8,5.1,23.5,0.0,-,0,0,0.000
1790431042,s4-mixed-kcp,70809,184,7235189,7235189,69.2,968.5,1094.3,0.0,-,0,0,0.000
1790431042,s5-vmess-ws,377106,9078,2659,2659,27.6,62.8,195.6,0.0,-,0,0,0.000
1790431042,s6-trojan-grpc,112664,731,0,0,4.5,55.7,257.7,0.0,-,0,0,0.000
1790431042,__proc__,0,0,0,0,-,-,-,1124.8,6814,10519,49082281,5677.540
1790431072,s1-short,362802,8714,2486,2486,34.2,68.6,220.9,0.0,-,0,0,0.000
1790431072,s2-long,12,4,0,0,25.7,49.0,100.0,0.0,-,0,0,0.000
1790431072,s3-quic,4394260,8370,2743501,2743501,1.8,4.4,23.6,0.0,-,0,0,0.000
1790431072,s4-mixed-kcp,71038,184,7111926,7111926,68.7,983.9,1095.2,0.0,-,0,0,0.000
1790431072,s5-vmess-ws,378354,9078,2621,2621,27.7,80.2,203.6,0.0,-,0,0,0.000
1790431072,s6-trojan-grpc,112664,731,0,0,4.5,55.7,257.7,0.0,-,0,0,0.000
1790431072,__proc__,0,0,0,0,-,-,-,1124.5,4300,6745,49195043,5697.558
1790431102,s1-short,364060,8714,2642,2642,33.4,62.5,203.0,0.0,-,0,0,0.000
1790431102,s2-long,12,4,0,0,25.7,49.0,100.0,0.0,-,0,0,0.000
1790431102,s3-quic,4404844,8370,2890138,2890138,1.8,4.7,27.6,0.0,-,0,0,0.000
1790431102,s4-mixed-kcp,71270,184,7419987,7419987,69.3,971.8,1095.0,0.0,-,0,0,0.000
1790431102,s5-vmess-ws,379667,9078,2757,2757,27.0,80.2,203.1,0.0,-,0,0,0.000
1790431102,s6-trojan-grpc,112664,731,0,0,4.5,55.7,257.7,0.0,-,0,0,0.000
1790431102,__proc__,0,0,0,0,-,-,-,1124.5,1893,3052,49314632,5716.896
1790431132,s1-short,365335,8714,2678,2678,31.9,70.6,202.9,0.0,-,0,0,0.000
1790431132,s2-long,12,4,0,0,25.7,49.0,100.0,0.0,-,0,0,0.000
1790431132,s3-quic,4416161,8370,3090295,3090295,1.8,4.2,22.9,0.0,-,0,0,0.000
1790431132,s4-mixed-kcp,71566,185,7690776,7690776,68.2,951.6,1094.2,0.0,-,0,0,0.000
1790431132,s5-vmess-ws,381019,9078,2839,2839,25.2,69.7,189.0,0.0,-,0,0,0.000
1790431132,s6-trojan-grpc,113144,739,1008,1008,4.6,54.4,256.2,0.0,-,0,0,0.000
1790431132,__proc__,0,0,0,0,-,-,-,1111.5,1590,2751,49443352,5736.231
1790431162,s1-short,366518,8714,2484,2484,32.0,61.2,189.4,0.0,-,0,0,0.000
1790431162,s2-long,12,4,0,0,25.7,49.0,100.0,0.0,-,0,0,0.000
1790431162,s3-quic,4426028,8370,2694349,2694349,1.9,4.6,24.5,0.0,-,0,0,0.000
1790431162,s4-mixed-kcp,71915,185,7100133,7100133,66.2,956.2,1096.7,0.0,-,0,0,0.000
1790431162,s5-vmess-ws,382266,9078,2619,2619,25.3,57.7,183.1,0.0,-,0,0,0.000
1790431162,s6-trojan-grpc,114320,739,2470,2470,4.6,57.1,256.2,0.0,-,0,0,0.000
1790431162,__proc__,0,0,0,0,-,-,-,1109.5,4093,6583,49556957,5757.417
1790431192,s1-short,367647,8714,2371,2371,33.2,62.7,246.3,0.0,-,0,0,0.000
1790431192,s2-long,12,4,0,0,25.7,49.0,100.0,0.0,-,0,0,0.000
1790431192,s3-quic,4435221,8370,2510302,2510302,1.9,5.2,24.9,0.0,-,0,0,0.000
1790431192,s4-mixed-kcp,72249,185,6818779,6818779,66.5,986.7,1106.6,0.0,-,0,0,0.000
1790431192,s5-vmess-ws,383431,9078,2446,2446,27.0,56.6,194.1,0.0,-,0,0,0.000
1790431192,s6-trojan-grpc,115570,739,2625,2625,4.1,58.4,257.0,0.0,-,0,0,0.000
1790431192,__proc__,0,0,0,0,-,-,-,1110.3,6531,10270,49660690,5779.069
1790431222,s1-short,368783,8714,2386,2386,34.5,66.7,257.7,0.0,-,0,0,0.000
1790431222,s2-long,12,4,0,0,25.7,49.0,100.0,0.0,-,0,0,0.000
1790431222,s3-quic,4444293,8370,2477261,2477261,1.9,5.1,27.6,0.0,-,0,0,0.000
1790431222,s4-mixed-kcp,72586,185,6821310,6821310,66.1,989.6,1110.7,0.0,-,0,0,0.000
1790431222,s5-vmess-ws,384600,9078,2455,2455,28.9,56.2,233.7,0.0,-,0,0,0.000
1790431222,s6-trojan-grpc,116830,739,2646,2646,3.6,54.1,251.7,0.0,-,0,0,0.000
1790431222,__proc__,0,0,0,0,-,-,-,1119.4,9069,14041,49763304,5800.912
1790431252,s1-short,369699,8752,1924,1924,34.9,90.6,316.4,0.0,-,0,0,0.000
1790431252,s2-long,12,4,0,0,25.7,49.0,100.0,0.0,-,0,0,0.000
1790431252,s3-quic,4453562,8397,2531055,2531055,1.8,4.3,15.9,0.0,-,0,0,0.000
1790431252,s4-mixed-kcp,72809,186,6574721,6574721,67.2,991.1,1141.9,0.0,-,0,0,0.000
1790431252,s5-vmess-ws,385553,9126,2001,2001,29.1,65.2,270.8,0.0,-,0,0,0.000
1790431252,s6-trojan-grpc,117533,754,1476,1476,3.7,83.6,275.7,0.0,-,0,0,0.000
1790431252,__proc__,0,0,0,0,-,-,-,1124.5,10198,15558,49868503,5821.396
1790431282,s1-short,370940,8756,2606,2606,33.8,90.0,270.0,0.0,-,0,0,0.000
1790431282,s2-long,12,4,0,0,25.7,49.0,100.0,0.0,-,0,0,0.000
1790431282,s3-quic,4466645,8397,3572531,3572531,1.4,3.6,15.4,0.0,-,0,0,0.000
1790431282,s4-mixed-kcp,72907,186,7529032,7529032,70.6,992.3,1142.0,0.0,-,0,0,0.000
1790431282,s5-vmess-ws,386855,9131,2734,2734,25.8,87.4,261.9,0.0,-,0,0,0.000
1790431282,s6-trojan-grpc,117706,755,363,363,3.7,82.9,274.9,0.0,-,0,0,0.000
1790431282,__proc__,0,0,0,0,-,-,-,1124.7,10210,15390,50013710,5840.105
1790431312,s1-short,371250,9004,651,651,32.6,111.9,287.5,0.0,-,0,0,0.000
1790431312,s2-long,12,4,0,0,25.7,49.0,100.0,0.0,-,0,0,0.000
1790431312,s3-quic,4473709,8625,1928943,1928943,1.8,4.1,7.6,0.0,-,0,0,0.000
1790431312,s4-mixed-kcp,73007,186,7612620,7612620,75.7,992.3,1141.9,0.0,-,0,0,0.000
1790431312,s5-vmess-ws,387174,9410,670,670,23.6,108.5,262.6,0.0,-,0,0,0.000
1790431312,s6-trojan-grpc,117724,758,38,38,3.6,83.6,274.9,0.0,-,0,0,0.000
1790431312,__proc__,0,0,0,0,-,-,-,1124.7,10239,15403,50100764,5851.614
1790431342,s1-short,371507,9291,540,540,31.7,119.4,316.9,0.0,-,0,0,0.000
1790431342,s2-long,12,4,0,0,25.7,49.0,100.0,0.0,-,0,0,0.000
1790431342,s3-quic,4482179,8952,2312875,2312875,1.2,2.9,5.8,0.0,-,0,0,0.000
1790431342,s4-mixed-kcp,73116,186,8237632,8237632,100.7,991.4,1140.3,0.0,-,0,0,0.000
1790431342,s5-vmess-ws,387426,9721,529,529,22.2,108.6,263.2,0.0,-,0,0,0.000
1790431342,s6-trojan-grpc,117724,758,0,0,3.6,83.6,274.9,0.0,-,0,0,0.000
1790431342,__proc__,0,0,0,0,-,-,-,1124.7,10229,15355,50207344,5859.951
1790431372,s1-short,371725,9565,458,458,31.2,119.8,314.0,0.0,-,0,0,0.000
1790431372,s2-long,12,4,0,0,25.7,49.0,100.0,0.0,-,0,0,0.000
1790431372,s3-quic,4489514,9280,2002944,2002944,1.2,2.8,4.1,0.0,-,0,0,0.000
1790431372,s4-mixed-kcp,73225,186,8191334,8191334,106.9,990.4,1113.8,0.0,-,0,0,0.000
1790431372,s5-vmess-ws,387651,10018,472,472,20.5,119.5,273.5,0.0,-,0,0,0.000
1790431372,s6-trojan-grpc,117724,758,0,0,3.6,83.6,274.9,0.0,-,0,0,0.000
1790431372,__proc__,0,0,0,0,-,-,-,1124.7,10240,15345,50300495,5868.136
1790431402,s1-short,372057,9824,697,697,29.4,122.4,315.4,0.0,-,0,0,0.000
1790431402,s2-long,12,4,0,0,25.7,49.0,100.0,0.0,-,0,0,0.000
1790431402,s3-quic,4497745,9582,2247612,2247612,1.3,2.9,4.4,0.0,-,0,0,0.000
1790431402,s4-mixed-kcp,73337,186,8226479,8226479,115.8,989.6,1110.7,0.0,-,0,0,0.000
1790431402,s5-vmess-ws,387959,10315,647,647,16.5,119.6,284.1,0.0,-,0,0,0.000
1790431402,s6-trojan-grpc,117724,758,0,0,3.6,83.6,274.9,0.0,-,0,0,0.000
1790431402,__proc__,0,0,0,0,-,-,-,1124.7,10225,15352,50402671,5877.332
1790431432,s1-short,372747,10006,1449,1449,22.8,124.1,315.2,0.0,-,0,0,0.000
1790431432,s2-long,12,4,0,0,25.7,49.0,100.0,0.0,-,0,0,0.000
1790431432,s3-quic,4511366,9779,3719441,3719441,1.1,3.4,8.8,0.0,-,0,0,0.000
1790431432,s4-mixed-kcp,73450,186,8191472,8191472,137.7,988.9,1110.7,0.0,-,0,0,0.000
1790431432,s5-vmess-ws,388711,10505,1579,1579,4.6,110.4,296.1,0.0,-,0,0,0.000
1790431432,s6-trojan-grpc,117724,758,0,0,3.6,83.6,274.9,0.0,-,0,0,0.000
1790431432,__proc__,0,0,0,0,-,-,-,1124.7,9282,13994,50553262,5889.258
1790431462,s1-short,374073,10006,2785,2785,18.8,105.8,306.6,0.0,-,0,0,0.000
1790431462,s2-long,12,4,0,0,25.7,49.0,100.0,0.0,-,0,0,0.000
1790431462,s3-quic,4529201,9779,4870144,4870144,1.2,3.5,16.6,0.0,-,0,0,0.000
1790431462,s4-mixed-kcp,73552,186,7769986,7769986,149.3,989.9,1126.5,0.0,-,0,0,0.000
1790431462,s5-vmess-ws,390114,10505,2946,2946,3.4,83.6,209.6,0.0,-,0,0,0.000
1790431462,s6-trojan-grpc,117724,758,0,0,3.6,83.6,274.9,0.0,-,0,0,0.000
1790431462,__proc__,0,0,0,0,-,-,-,1124.7,6938,10499,50748537,5906.481
1790431492,s1-short,375361,10006,2705,2705,18.7,71.5,249.1,0.0,-,0,0,0.000
1790431492,s2-long,12,4,0,0,25.7,49.0,100.0,0.0,-,0,0,0.000
1790431492,s3-quic,4547918,9779,5110989,5110989,1.1,2.4,10.6,0.0,-,0,0,0.000
1790431492,s4-mixed-kcp,73659,186,7591761,7591761,154.7,990.3,1126.5,0.0,-,0,0,0.000
1790431492,s5-vmess-ws,391467,10505,2841,2841,8.2,57.6,169.6,0.0,-,0,0,0.000
1790431492,s6-trojan-grpc,117724,758,0,0,3.6,83.6,274.9,0.0,-,0,0,0.000
1790431492,__proc__,0,0,0,0,-,-,-,1124.7,4425,6702,50952294,5923.599
1790431522,s1-short,376667,10006,2743,2743,21.2,46.4,83.8,0.0,-,0,0,0.000
1790431522,s2-long,12,4,0,0,25.7,49.0,100.0,0.0,-,0,0,0.000
1790431522,s3-quic,4566044,9779,4949606,4949606,1.1,2.5,10.2,0.0,-,0,0,0.000
1790431522,s4-mixed-kcp,73754,186,7388415,7388415,179.0,991.0,1126.5,0.0,-,0,0,0.000
1790431522,s5-vmess-ws,392829,10505,2860,2860,15.4,45.7,113.9,0.0,-,0,0,0.000
1790431522,s6-trojan-grpc,117724,758,0,0,3.6,83.6,274.9,0.0,-,0,0,0.000
1790431522,__proc__,0,0,0,0,-,-,-,1124.7,1947,2925,51152925,5940.929
1790431552,s1-short,377976,10006,2749,2749,23.2,48.3,101.1,0.0,-,0,0,0.000
1790431552,s2-long,12,4,0,0,25.7,49.0,100.0,0.0,-,0,0,0.000
1790431552,s3-quic,4579866,9779,3774327,3774327,1.3,3.1,16.8,0.0,-,0,0,0.000
1790431552,s4-mixed-kcp,73974,188,7872041,7872041,181.2,990.8,1126.5,0.0,-,0,0,0.000
1790431552,s5-vmess-ws,394218,10505,2917,2917,16.2,48.3,108.2,0.0,-,0,0,0.000
1790431552,s6-trojan-grpc,118229,765,1060,1060,3.7,63.8,270.1,0.0,-,0,0,0.000
1790431552,__proc__,0,0,0,0,-,-,-,1125.0,1903,3080,51307746,5959.496
1790431582,s1-short,379079,10006,2316,2316,26.2,55.9,226.5,0.0,-,0,0,0.000
1790431582,s2-long,12,4,0,0,25.7,49.0,100.0,0.0,-,0,0,0.000
1790431582,s3-quic,4590651,9779,2945024,2945024,1.6,4.1,23.1,0.0,-,0,0,0.000
1790431582,s4-mixed-kcp,74318,188,6621355,6621355,164.9,989.6,1140.9,0.0,-,0,0,0.000
1790431582,s5-vmess-ws,395361,10505,2400,2400,18.6,57.1,207.0,0.0,-,0,0,0.000
1790431582,s6-trojan-grpc,119313,765,2276,2276,4.0,72.5,316.9,0.0,-,0,0,0.000
1790431582,__proc__,0,0,0,0,-,-,-,1125.1,3971,6455,51430221,5980.507
1790431612,s1-short,380255,10006,2470,2470,29.8,58.9,227.0,0.0,-,0,0,0.000
1790431612,s2-long,12,4,0,0,25.7,49.0,100.0,0.0,-,0,0,0.000
1790431612,s3-quic,4601962,9779,3088657,3088657,1.7,3.7,24.1,0.0,-,0,0,0.000
1790431612,s4-mixed-kcp,74674,188,6932066,6932066,152.4,988.6,1142.0,0.0,-,0,0,0.000
1790431612,s5-vmess-ws,396567,10505,2533,2533,23.3,61.2,219.6,0.0,-,0,0,0.000
1790431612,s6-trojan-grpc,120584,766,2669,2669,3.7,59.0,274.9,0.0,-,0,0,0.000
1790431612,__proc__,0,0,0,0,-,-,-,1112.1,6439,10136,51558188,6001.418
1790431642,s1-short,381304,10006,2203,2203,32.8,65.5,338.4,0.0,-,0,0,0.000
1790431642,s2-long,12,4,0,0,25.7,49.0,100.0,0.0,-,0,0,0.000
1790431642,s3-quic,4611637,9779,2641920,2641920,1.7,4.4,21.0,0.0,-,0,0,0.000
1790431642,s4-mixed-kcp,74998,188,6382094,6382094,149.2,991.4,1144.7,0.0,-,0,0,0.000
1790431642,s5-vmess-ws,397662,10505,2300,2300,27.3,68.2,328.1,0.0,-,0,0,0.000
1790431642,s6-trojan-grpc,121755,766,2459,2459,3.8,55.7,296.9,0.0,-,0,0,0.000
1790431642,__proc__,0,0,0,0,-,-,-,1118.2,8787,13667,51668228,6023.145
1790431672,s1-short,382059,10064,1586,1586,35.0,85.2,468.9,0.0,-,0,0,0.000
1790431672,s2-long,12,4,0,0,25.7,49.0,100.0,0.0,-,0,0,0.000
1790431672,s3-quic,4618718,9806,1933585,1933585,2.0,4.9,23.3,0.0,-,0,0,0.000
1790431672,s4-mixed-kcp,75258,190,5772594,5772594,146.8,995.5,1208.3,0.0,-,0,0,0.000
1790431672,s5-vmess-ws,398459,10558,1674,1674,29.7,83.7,465.2,0.0,-,0,0,0.000
1790431672,s6-trojan-grpc,122574,796,1720,1720,4.7,67.2,447.5,0.0,-,0,0,0.000
1790431672,__proc__,0,0,0,0,-,-,-,1123.7,10207,15696,51751498,6045.367
1790431702,s1-short,383064,10082,2110,2110,36.3,117.7,454.6,0.0,-,0,0,0.000
1790431702,s2-long,12,4,0,0,25.7,49.0,100.0,0.0,-,0,0,0.000
1790431702,s3-quic,4625953,9811,1975637,1975637,2.3,8.1,34.8,0.0,-,0,0,0.000
1790431702,s4-mixed-kcp,75476,190,6645066,6645066,146.4,996.2,1229.3,0.0,-,0,0,0.000
1790431702,s5-vmess-ws,399544,10573,2278,2278,30.5,104.1,462.5,0.0,-,0,0,0.000
1790431702,s6-trojan-grpc,122580,796,13,13,4.7,67.2,447.5,0.0,-,0,0,0.000
1790431702,__proc__,0,0,0,0,-,-,-,1124.3,10086,15413,51838077,6066.715
1790431732,s1-short,384111,10082,2199,2199,38.9,234.8,458.8,0.0,-,0,0,0.000
1790431732,s2-long,12,4,0,0,25.7,49.0,100.0,0.0,-,0,0,0.000
1790431732,s3-quic,4633515,9811,2064930,2064930,2.3,6.7,31.3,0.0,-,0,0,0.000
1790431732,s4-mixed-kcp,75686,190,6639912,6639912,149.4,999.9,1236.8,0.0,-,0,0,0.000
1790431732,s5-vmess-ws,400641,10573,2304,2304,32.7,205.7,457.0,0.0,-,0,0,0.000
1790431732,s6-trojan-grpc,122580,796,0,0,4.7,67.2,447.5,0.0,-,0,0,0.000
1790431732,__proc__,0,0,0,0,-,-,-,1124.3,10085,15392,51929365,6088.067
1790431762,s1-short,385212,10082,2312,2312,38.9,233.6,452.7,0.0,-,0,0,0.000
1790431762,s2-long,12,4,0,0,25.7,49.0,100.0,0.0,-,0,0,0.000
1790431762,s3-quic,4641088,9811,2067934,2067934,2.1,6.6,31.6,0.0,-,0,0,0.000
1790431762,s4-mixed-kcp,75898,190,6920295,6920295,153.1,1000.0,1238.4,0.0,-,0,0,0.000
1790431762,s5-vmess-ws,401800,10573,2434,2434,32.2,206.4,433.0,0.0,-,0,0,0.000
1790431762,s6-trojan-grpc,122580,796,0,0,4.7,67.2,447.5,0.0,-,0,0,0.000
1790431762,__proc__,0,0,0,0,-,-,-,1124.4,10087,15384,52016969,6109.383
1790431792,s1-short,386266,10082,2213,2213,40.4,205.3,363.0,0.0,-,0,0,0.000
1790431792,s2-long,12,4,0,0,25.7,49.0,100.0,0.0,-,0,0,0.000
1790431792,s3-quic,4648660,9811,2067661,2067661,2.2,6.8,32.6,0.0,-,0,0,0.000
1790431792,s4-mixed-kcp,76109,190,6867363,6867363,168.7,1007.5,1240.8,0.0,-,0,0,0.000
1790431792,s5-vmess-ws,402901,10573,2312,2312,33.4,157.8,314.9,0.0,-,0,0,0.000
1790431792,s6-trojan-grpc,122580,796,0,0,4.7,67.2,447.5,0.0,-,0,0,0.000
1790431792,__proc__,0,0,0,0,-,-,-,1124.4,10072,15356,52108996,6130.625
1790431822,s1-short,387399,10082,2379,2379,39.1,167.2,363.0,0.0,-,0,0,0.000
1790431822,s2-long,12,4,0,0,25.7,49.0,100.0,0.0,-,0,0,0.000
1790431822,s3-quic,4657371,9811,2378684,2378684,1.8,5.6,30.0,0.0,-,0,0,0.000
1790431822,s4-mixed-kcp,76332,190,6862084,6862084,196.2,1000.3,1239.2,0.0,-,0,0,0.000
1790431822,s5-vmess-ws,404100,10573,2518,2518,31.9,125.2,322.2,0.0,-,0,0,0.000
1790431822,s6-trojan-grpc,122580,796,0,0,4.7,67.2,447.5,0.0,-,0,0,0.000
1790431822,__proc__,0,0,0,0,-,-,-,1124.7,10124,15412,52211733,6151.343
1790431852,s1-short,388481,10082,2272,2272,38.1,135.1,338.1,0.0,-,0,0,0.000
1790431852,s2-long,12,4,0,0,25.7,49.0,100.0,0.0,-,0,0,0.000
1790431852,s3-quic,4665334,9811,2174430,2174430,2.0,7.0,26.5,0.0,-,0,0,0.000
1790431852,s4-mixed-kcp,76500,191,3683923,3683923,196.5,1000.5,1239.2,0.0,-,0,0,0.000
1790431852,s5-vmess-ws,405225,10573,2362,2362,31.8,109.7,323.1,0.0,-,0,0,0.000
1790431852,s6-trojan-grpc,122580,796,0,0,4.7,67.2,447.5,0.0,-,0,0,0.000
1790431852,__proc__,0,0,0,0,-,-,-,1124.8,9057,13845,52306488,6171.644
1790431882,s1-short,389553,10082,2251,2251,38.0,134.5,377.1,0.0,-,0,0,0.000
1790431882,s2-long,12,4,0,0,25.7,49.0,100.0,0.0,-,0,0,0.000
1790431882,s3-quic,4673643,9811,2268911,2268911,2.0,6.2,27.6,0.0,-,0,0,0.000
1790431882,s4-mixed-kcp,76671,191,3417219,3417219,196.4,1001.5,1240.1,0.0,-,0,0,0.000
1790431882,s5-vmess-ws,406337,10573,2335,2335,31.4,139.5,364.1,0.0,-,0,0,0.000
1790431882,s6-trojan-grpc,122580,796,0,0,4.7,67.2,447.5,0.0,-,0,0,0.000
1790431882,__proc__,0,0,0,0,-,-,-,1124.8,6892,10568,52407798,6191.605
1790431912,s1-short,390636,10082,2274,2274,36.8,112.1,369.9,0.0,-,0,0,0.000
1790431912,s2-long,12,4,0,0,25.7,49.0,100.0,0.0,-,0,0,0.000
1790431912,s3-quic,4681770,9811,2219213,2219213,2.2,7.1,29.7,0.0,-,0,0,0.000
1790431912,s4-mixed-kcp,76843,191,3296453,3296453,196.4,999.4,1239.7,0.0,-,0,0,0.000
1790431912,s5-vmess-ws,407477,10573,2394,2394,29.5,157.7,366.1,0.0,-,0,0,0.000
1790431912,s6-trojan-grpc,122580,796,0,0,4.7,67.2,447.5,0.0,-,0,0,0.000
1790431912,__proc__,0,0,0,0,-,-,-,1124.8,4345,6764,52506533,6211.968
1790431942,s1-short,391780,10082,2402,2402,35.6,139.1,369.9,0.0,-,0,0,0.000
1790431942,s2-long,12,4,0,0,25.7,49.0,100.0,0.0,-,0,0,0.000
1790431942,s3-quic,4690370,9811,2348373,2348373,2.1,5.8,26.6,0.0,-,0,0,0.000
1790431942,s4-mixed-kcp,77015,191,3507554,3507554,149.5,996.7,1239.7,0.0,-,0,0,0.000
1790431942,s5-vmess-ws,408681,10573,2528,2528,28.8,183.9,365.0,0.0,-,0,0,0.000
1790431942,s6-trojan-grpc,122580,796,0,0,4.7,67.2,447.5,0.0,-,0,0,0.000
1790431942,__proc__,0,0,0,0,-,-,-,1124.8,2020,3288,52609319,6231.937
1790431972,s1-short,392974,10082,2507,2507,34.8,122.3,354.4,0.0,-,0,0,0.000
1790431972,s2-long,12,4,0,0,25.7,49.0,100.0,0.0,-,0,0,0.000
1790431972,s3-quic,4699794,9811,2573380,2573380,2.0,5.2,27.4,0.0,-,0,0,0.000
1790431972,s4-mixed-kcp,77227,192,3678847,3678847,105.5,997.2,1239.2,0.0,-,0,0,0.000
1790431972,s5-vmess-ws,409953,10573,2671,2671,27.7,138.3,330.8,0.0,-,0,0,0.000
1790431972,s6-trojan-grpc,122689,803,229,229,4.5,66.3,447.5,0.0,-,0,0,0.000
1790431972,__proc__,0,0,0,0,-,-,-,1118.3,757,1432,52719533,6251.658
1790432002,s1-short,394206,10082,2587,2587,34.2,70.0,266.7,0.0,-,0,0,0.000
1790432002,s2-long,12,4,0,0,25.7,49.0,100.0,0.0,-,0,0,0.000
1790432002,s3-quic,4710457,9811,2911710,2911710,1.6,3.7,20.5,0.0,-,0,0,0.000
1790432002,s4-mixed-kcp,77550,192,3557318,3557318,69.0,998.4,1239.2,0.0,-,0,0,0.000
1790432002,s5-vmess-ws,411244,10573,2711,2711,26.8,76.3,265.3,0.0,-,0,0,0.000
1790432002,s6-trojan-grpc,123901,805,2545,2545,4.1,61.3,383.6,0.0,-,0,0,0.000
1790432002,__proc__,0,0,0,0,-,-,-,1107.2,3437,5583,52846136,6271.579
1790432032,s1-short,395288,10082,2272,2272,33.5,66.8,311.1,0.0,-,0,0,0.000
1790432032,s2-long,12,4,0,0,25.7,49.0,100.0,0.0,-,0,0,0.000
1790432032,s3-quic,4721125,9811,2913075,2913075,1.9,4.6,26.3,0.0,-,0,0,0.000
1790432032,s4-mixed-kcp,77843,192,3166781,3166781,62.8,996.6,1242.2,0.0,-,0,0,0.000
1790432032,s5-vmess-ws,412376,10573,2377,2377,26.8,69.6,297.4,0.0,-,0,0,0.000
1790432032,s6-trojan-grpc,125112,805,2543,2543,4.1,69.4,409.6,0.0,-,0,0,0.000
1790432032,__proc__,0,0,0,0,-,-,-,1107.9,5787,9156,52964771,6292.810
1790432062,s1-short,396428,10082,2394,2394,33.2,65.7,336.1,0.0,-,0,0,0.000
1790432062,s2-long,12,4,0,0,25.7,49.0,100.0,0.0,-,0,0,0.000
1790432062,s3-quic,4732710,9811,3163477,3163477,1.3,3.3,19.2,0.0,-,0,0,0.000
1790432062,s4-mixed-kcp,78147,192,3338304,3338304,61.8,996.5,1242.2,0.0,-,0,0,0.000
1790432062,s5-vmess-ws,413557,10573,2480,2480,27.3,63.8,323.8,0.0,-,0,0,0.000
1790432062,s6-trojan-grpc,126385,805,2673,2673,3.3,66.6,405.8,0.0,-,0,0,0.000
1790432062,__proc__,0,0,0,0,-,-,-,1117.1,8408,12988,53094614,6313.426
1790432092,s1-short,397382,10147,2003,2003,30.7,63.5,353.8,0.0,-,0,0,0.000
1790432092,s2-long,12,4,0,0,25.7,49.0,100.0,0.0,-,0,0,0.000
1790432092,s3-quic,4746785,9848,3843413,3843413,1.6,3.6,10.6,0.0,-,0,0,0.000
1790432092,s4-mixed-kcp,78395,195,3531364,3531364,60.9,995.8,1237.2,0.0,-,0,0,0.000
1790432092,s5-vmess-ws,414585,10639,2159,2159,25.5,69.1,345.4,0.0,-,0,0,0.000
1790432092,s6-trojan-grpc,127403,828,2138,2138,2.5,53.8,347.0,0.0,-,0,0,0.000
1790432092,__proc__,0,0,0,0,-,-,-,1124.0,10226,15716,53254518,6331.774
1790432122,s1-short,398583,10151,2522,2522,29.9,70.1,351.7,0.0,-,0,0,0.000
1790432122,s2-long,12,4,0,0,25.7,49.0,100.0,0.0,-,0,0,0.000
1790432122,s3-quic,4759774,9849,3546863,3546863,1.2,2.9,12.7,0.0,-,0,0,0.000
1790432122,s4-mixed-kcp,78448,195,3565403,3565403,61.6,996.5,1237.2,0.0,-,0,0,0.000
1790432122,s5-vmess-ws,415836,10643,2627,2627,24.7,82.7,335.3,0.0,-,0,0,0.000
1790432122,s6-trojan-grpc,127574,829,359,359,2.5,50.8,337.8,0.0,-,0,0,0.000
1790432122,__proc__,0,0,0,0,-,-,-,1124.5,10149,15287,53400281,6350.309
1790432152,s1-short,399211,10312,1319,1319,28.9,83.6,278.0,0.0,-,0,0,0.000
1790432152,s2-long,12,4,0,0,25.7,49.0,100.0,0.0,-,0,0,0.000
1790432152,s3-quic,4771993,10020,3336602,3336602,1.1,2.4,4.0,0.0,-,0,0,0.000
1790432152,s4-mixed-kcp,78503,195,3999731,3999731,62.2,996.5,1237.2,0.0,-,0,0,0.000
1790432152,s5-vmess-ws,416467,10820,1325,1325,22.1,84.3,252.5,0.0,-,0,0,0.000
1790432152,s6-trojan-grpc,127633,835,124,124,2.5,50.9,337.8,0.0,-,0,0,0.000
1790432152,__proc__,0,0,0,0,-,-,-,1124.5,10227,15361,53543064,6362.438
1790432182,s1-short,399551,10545,714,714,27.3,94.0,249.5,0.0,-,0,0,0.000
1790432182,s2-long,12,4,0,0,25.7,49.0,100.0,0.0,-,0,0,0.000
1790432182,s3-quic,4783754,10293,3211537,3211537,1.1,2.3,3.2,0.0,-,0,0,0.000
1790432182,s4-mixed-kcp,78558,195,4090140,4090140,62.9,996.5,1237.2,0.0,-,0,0,0.000
1790432182,s5-vmess-ws,416881,11045,869,869,19.1,102.2,248.3,0.0,-,0,0,0.000
1790432182,s6-trojan-grpc,127633,835,0,0,2.5,50.9,337.8,0.0,-,0,0,0.000
1790432182,__proc__,0,0,0,0,-,-,-,1124.5,10240,15433,53680499,6371.136
1790432212,s1-short,400040,10770,1027,1027,24.3,104.1,276.1,0.0,-,0,0,0.000
1790432212,s2-long,12,4,0,0,25.7,49.0,100.0,0.0,-,0,0,0.000
1790432212,s3-quic,4796543,10513,3492250,3492250,1.0,2.2,3.2,0.0,-,0,0,0.000
1790432212,s4-mixed-kcp,78616,195,4050193,4050193,63.7,996.5,1237.2,0.0,-,0,0,0.000
1790432212,s5-vmess-ws,417442,11253,1178,1178,14.8,104.2,277.0,0.0,-,0,0,0.000
1790432212,s6-trojan-grpc,127633,835,0,0,2.5,50.9,337.8,0.0,-,0,0,0.000
1790432212,__proc__,0,0,0,0,-,-,-,1124.5,10240,15411,53825046,6381.781
1790432242,s1-short,400316,11024,580,580,23.0,109.8,307.8,0.0,-,0,0,0.000
1790432242,s2-long,12,4,0,0,25.7,49.0,100.0,0.0,-,0,0,0.000
1790432242,s3-quic,4809023,10792,3407872,3407872,1.0,2.1,3.0,0.0,-,0,0,0.000
1790432242,s4-mixed-kcp,78676,195,4040349,4040349,64.8,995.8,1237.2,0.0,-,0,0,0.000
1790432242,s5-vmess-ws,417742,11521,630,630,9.8,110.1,279.4,0.0,-,0,0,0.000
1790432242,s6-trojan-grpc,127633,835,0,0,2.5,50.9,337.8,0.0,-,0,0,0.000
1790432242,__proc__,0,0,0,0,-,-,-,1124.6,10231,15410,53968391,6390.158
1790432272,s1-short,400902,11192,1231,1231,19.2,120.5,331.5,0.0,-,0,0,0.000
1790432272,s2-long,12,4,0,0,25.7,49.0,100.0,0.0,-,0,0,0.000
1790432272,s3-quic,4821436,10982,3389577,3389577,1.3,3.0,6.1,0.0,-,0,0,0.000
1790432272,s4-mixed-kcp,78731,195,4078469,4078469,65.6,995.7,1237.2,0.0,-,0,0,0.000
1790432272,s5-vmess-ws,418327,11684,1228,1228,3.3,117.3,306.0,0.0,-,0,0,0.000
1790432272,s6-trojan-grpc,127633,835,0,0,2.5,50.9,337.8,0.0,-,0,0,0.000
1790432272,__proc__,0,0,0,0,-,-,-,1124.6,9991,15052,54105686,6401.840
1790432302,s1-short,402342,11192,3024,3024,12.4,108.0,306.2,0.0,-,0,0,0.000
1790432302,s2-long,12,4,0,0,25.7,49.0,100.0,0.0,-,0,0,0.000
1790432302,s3-quic,4842285,10982,5693167,5693167,1.1,2.6,5.6,0.0,-,0,0,0.000
1790432302,s4-mixed-kcp,78788,195,3946378,3946378,66.8,995.2,1237.2,0.0,-,0,0,0.000
1790432302,s5-vmess-ws,419850,11684,3198,3198,1.9,102.3,253.3,0.0,-,0,0,0.000
1790432302,s6-trojan-grpc,127633,835,0,0,2.5,50.9,337.8,0.0,-,0,0,0.000
1790432302,__proc__,0,0,0,0,-,-,-,1124.6,7610,11545,54326921,6419.178
1790432332,s1-short,403612,11192,2667,2667,14.6,74.3,275.2,0.0,-,0,0,0.000
1790432332,s2-long,12,4,0,0,25.7,49.0,100.0,0.0,-,0,0,0.000
1790432332,s3-quic,4860080,10982,4859221,4859221,1.2,3.3,13.1,0.0,-,0,0,0.000
1790432332,s4-mixed-kcp,78836,195,3745719,3745719,67.3,995.7,1237.2,0.0,-,0,0,0.000
1790432332,s5-vmess-ws,421187,11684,2808,2808,2.5,52.0,238.6,0.0,-,0,0,0.000
1790432332,s6-trojan-grpc,127633,835,0,0,2.5,50.9,337.8,0.0,-,0,0,0.000
1790432332,__proc__,0,0,0,0,-,-,-,1124.6,5163,7834,54523274,6436.498
1790432362,s1-short,404868,11192,2638,2638,19.4,44.4,105.8,0.0,-,0,0,0.000
1790432362,s2-long,12,4,0,0,25.7,49.0,100.0,0.0,-,0,0,0.000
1790432362,s3-quic,4873287,10982,3606391,3606391,1.6,3.7,19.9,0.0,-,0,0,0.000
1790432362,s4-mixed-kcp,78884,195,3693222,3693222,68.5,995.8,1237.2,0.0,-,0,0,0.000
1790432362,s5-vmess-ws,422495,11684,2747,2747,11.0,41.8,128.0,0.0,-,0,0,0.000
1790432362,s6-trojan-grpc,127633,835,0,0,2.5,50.9,337.8,0.0,-,0,0,0.000
1790432362,__proc__,0,0,0,0,-,-,-,1124.6,2608,3879,54672856,6453.983
1790432392,s1-short,406181,11192,2757,2757,24.3,46.3,107.0,0.0,-,0,0,0.000
1790432392,s2-long,12,4,0,0,25.7,49.0,100.0,0.0,-,0,0,0.000
1790432392,s3-quic,4888583,10982,4176828,4176828,1.4,3.1,16.6,0.0,-,0,0,0.000
1790432392,s4-mixed-kcp,79006,197,3737251,3737251,68.9,995.0,1236.5,0.0,-,0,0,0.000
1790432392,s5-vmess-ws,423881,11684,2911,2911,17.5,47.3,148.5,0.0,-,0,0,0.000
1790432392,s6-trojan-grpc,127919,841,601,601,2.5,50.9,337.8,0.0,-,0,0,0.000
1790432392,__proc__,0,0,0,0,-,-,-,1125.3,1349,2177,54844723,6471.486
1790432422,s1-short,407406,11192,2572,2572,27.4,46.3,70.8,0.0,-,0,0,0.000
1790432422,s2-long,12,4,0,0,25.7,49.0,100.0,0.0,-,0,0,0.000
1790432422,s3-quic,4902989,10982,3933798,3933798,1.4,3.2,18.3,0.0,-,0,0,0.000
1790432422,s4-mixed-kcp,79339,197,3608512,3608512,67.1,986.7,1183.2,0.0,-,0,0,0.000
1790432422,s5-vmess-ws,425154,11684,2673,2673,20.2,49.1,166.1,0.0,-,0,0,0.000
1790432422,s6-trojan-grpc,129088,842,2455,2455,2.3,50.8,262.6,0.0,-,0,0,0.000
1790432422,__proc__,0,0,0,0,-,-,-,1126.1,3819,6108,55004699,6490.466
1790432452,s1-short,408531,11192,2362,2362,28.6,49.2,164.9,0.0,-,0,0,0.000
1790432452,s2-long,12,4,0,0,25.7,49.0,100.0,0.0,-,0,0,0.000
1790432452,s3-quic,4914371,10982,3108045,3108045,1.8,4.2,24.4,0.0,-,0,0,0.000
1790432452,s4-mixed-kcp,79639,197,3400628,3400628,64.6,952.0,1155.6,0.0,-,0,0,0.000
1790432452,s5-vmess-ws,426311,11684,2430,2430,21.4,50.8,188.3,0.0,-,0,0,0.000
1790432452,s6-trojan-grpc,130261,843,2463,2463,2.2,44.7,246.3,0.0,-,0,0,0.000
1790432452,__proc__,0,0,0,0,-,-,-,1112.3,6078,9515,55134046,6511.521
1790432482,s1-short,409652,11192,2354,2354,29.7,54.5,308.1,0.0,-,0,0,0.000
1790432482,s2-long,12,4,0,0,25.7,49.0,100.0,0.0,-,0,0,0.000
1790432482,s3-quic,4926011,10982,3178496,3178496,1.3,3.0,17.2,0.0,-,0,0,0.000
1790432482,s4-mixed-kcp,79943,197,3344680,3344680,61.9,945.7,1145.9,0.0,-,0,0,0.000
1790432482,s5-vmess-ws,427474,11684,2442,2442,24.1,56.2,253.2,0.0,-,0,0,0.000
1790432482,s6-trojan-grpc,131514,843,2631,2631,2.6,50.4,323.5,0.0,-,0,0,0.000
1790432482,__proc__,0,0,0,0,-,-,-,1117.9,8530,13302,55264107,6532.042
1790432512,s1-short,410590,11257,1970,1970,30.1,62.7,366.6,0.0,-,0,0,0.000
1790432512,s2-long,12,4,0,0,25.7,49.0,100.0,0.0,-,0,0,0.000
1790432512,s3-quic,4939540,11046,3694319,3694319,1.2,2.8,6.7,0.0,-,0,0,0.000
1790432512,s4-mixed-kcp,80196,203,3599022,3599022,60.3,944.0,1143.0,0.0,-,0,0,0.000
1790432512,s5-vmess-ws,428427,11755,2001,2001,24.6,68.6,324.6,0.0,-,0,0,0.000
1790432512,s6-trojan-grpc,132438,875,1940,1940,2.5,61.0,336.8,0.0,-,0,0,0.000
1790432512,__proc__,0,0,0,0,-,-,-,1124.2,10167,15640,55417336,6549.288
1790432542,s1-short,411828,11257,2600,2600,31.1,64.0,366.6,0.0,-,0,0,0.000
1790432542,s2-long,12,4,0,0,25.7,49.0,100.0,0.0,-,0,0,0.000
1790432542,s3-quic,4951872,11046,3367458,3367458,1.7,4.1,24.6,0.0,-,0,0,0.000
1790432542,s4-mixed-kcp,80392,203,3641473,3641473,59.5,941.3,1137.8,0.0,-,0,0,0.000
1790432542,s5-vmess-ws,429725,11755,2726,2726,24.5,67.9,314.5,0.0,-,0,0,0.000
1790432542,s6-trojan-grpc,132438,875,0,0,2.5,61.0,336.8,0.0,-,0,0,0.000
1790432542,__proc__,0,0,0,0,-,-,-,1124.6,10077,15332,55557393,6567.871
1790432572,s1-short,413119,11257,2711,2711,28.8,55.1,233.5,0.0,-,0,0,0.000
1790432572,s2-long,12,4,0,0,25.7,49.0,100.0,0.0,-,0,0,0.000
1790432572,s3-quic,4965420,11046,3699507,3699507,1.4,3.5,18.7,0.0,-,0,0,0.000
1790432572,s4-mixed-kcp,80594,203,3806827,3806827,58.9,938.3,1100.1,0.0,-,0,0,0.000
1790432572,s5-vmess-ws,431076,11755,2837,2837,21.2,54.3,237.2,0.0,-,0,0,0.000
1790432572,s6-trojan-grpc,132438,875,0,0,2.5,61.0,336.8,0.0,-,0,0,0.000
1790432572,__proc__,0,0,0,0,-,-,-,1124.8,10047,15401,55711316,6586.143
1790432602,s1-short,414316,11257,2514,2514,30.0,53.1,254.8,0.0,-,0,0,0.000
1790432602,s2-long,12,4,0,0,25.7,49.0,100.0,0.0,-,0,0,0.000
1790432602,s3-quic,4976204,11046,2944751,2944751,2.0,4.9,25.2,0.0,-,0,0,0.000
1790432602,s4-mixed-kcp,80779,203,3533126,3533126,58.8,936.0,1095.6,0.0,-,0,0,0.000
1790432602,s5-vmess-ws,432323,11755,2619,2619,22.4,57.1,239.2,0.0,-,0,0,0.000
1790432602,s6-trojan-grpc,132438,875,0,0,2.5,61.0,336.8,0.0,-,0,0,0.000
1790432602,__proc__,0,0,0,0,-,-,-,1124.8,9998,15278,55840266,6605.377
1790432632,s1-short,415535,11257,2560,2560,30.3,49.5,234.8,0.0,-,0,0,0.000
1790432632,s2-long,12,4,0,0,25.7,49.0,100.0,0.0,-,0,0,0.000
1790432632,s3-quic,4986638,11046,2849178,2849178,1.8,4.3,21.5,0.0,-,0,0,0.000
1790432632,s4-mixed-kcp,80967,203,3565342,3565342,58.6,924.2,1094.5,0.0,-,0,0,0.000
1790432632,s5-vmess-ws,433599,11755,2680,2680,23.0,54.8,235.3,0.0,-,0,0,0.000
1790432632,s6-trojan-grpc,132438,875,0,0,2.5,61.0,336.8,0.0,-,0,0,0.000
1790432632,__proc__,0,0,0,0,-,-,-,1124.8,9998,15275,55963092,6624.809
1790432662,s1-short,416774,11257,2602,2602,30.8,46.0,202.2,0.0,-,0,0,0.000
1790432662,s2-long,12,4,0,0,25.7,49.0,100.0,0.0,-,0,0,0.000
1790432662,s3-quic,4997176,11046,2877577,2877577,1.8,4.3,24.2,0.0,-,0,0,0.000
1790432662,s4-mixed-kcp,81159,203,3589861,3589861,58.6,904.6,1092.9,0.0,-,0,0,0.000
1790432662,s5-vmess-ws,434880,11755,2690,2690,24.5,60.5,230.9,0.0,-,0,0,0.000
1790432662,s6-trojan-grpc,132438,875,0,0,2.5,61.0,336.8,0.0,-,0,0,0.000
1790432662,__proc__,0,0,0,0,-,-,-,1124.8,9976,15216,56089918,6643.739
1790432692,s1-short,417998,11257,2570,2570,31.4,48.2,213.4,0.0,-,0,0,0.000
1790432692,s2-long,12,4,0,0,25.7,49.0,100.0,0.0,-,0,0,0.000
1790432692,s3-quic,5007729,11046,2881673,2881673,1.9,4.9,24.3,0.0,-,0,0,0.000
1790432692,s4-mixed-kcp,81341,203,3609054,3609054,58.8,914.5,1093.8,0.0,-,0,0,0.000
1790432692,s5-vmess-ws,436161,11755,2690,2690,25.3,60.4,240.7,0.0,-,0,0,0.000
1790432692,s6-trojan-grpc,132438,875,0,0,2.5,61.0,336.8,0.0,-,0,0,0.000
1790432692,__proc__,0,0,0,0,-,-,-,1124.8,9425,14420,56215093,6662.829
1790432722,s1-short,419215,11257,2556,2556,31.3,48.8,103.2,0.0,-,0,0,0.000
1790432722,s2-long,12,4,0,0,25.7,49.0,100.0,0.0,-,0,0,0.000
1790432722,s3-quic,5017143,11046,2570650,2570650,1.9,5.5,23.5,0.0,-,0,0,0.000
1790432722,s4-mixed-kcp,81521,203,3578833,3578833,58.8,920.3,1093.8,0.0,-,0,0,0.000
1790432722,s5-vmess-ws,437424,11755,2652,2652,25.5,57.7,216.6,0.0,-,0,0,0.000
1790432722,s6-trojan-grpc,132438,875,0,0,2.5,61.0,336.8,0.0,-,0,0,0.000
1790432722,__proc__,0,0,0,0,-,-,-,1124.8,7077,10884,56327624,6681.885
1790432752,s1-short,420398,11257,2484,2484,32.3,49.9,111.1,0.0,-,0,0,0.000
1790432752,s2-long,12,4,0,0,25.7,49.0,100.0,0.0,-,0,0,0.000
1790432752,s3-quic,5026598,11046,2581845,2581845,1.9,5.5,30.3,0.0,-,0,0,0.000
1790432752,s4-mixed-kcp,81690,203,3486929,3486929,58.9,936.7,1095.3,0.0,-,0,0,0.000
1790432752,s5-vmess-ws,438647,11755,2568,2568,26.2,60.4,245.1,0.0,-,0,0,0.000
1790432752,s6-trojan-grpc,132438,875,0,0,2.5,61.0,336.8,0.0,-,0,0,0.000
1790432752,__proc__,0,0,0,0,-,-,-,1124.8,4765,7343,56435133,6701.227
1790432782,s1-short,421525,11257,2367,2367,33.8,54.5,242.0,0.0,-,0,0,0.000
1790432782,s2-long,12,4,0,0,25.7,49.0,100.0,0.0,-,0,0,0.000
1790432782,s3-quic,5035167,11046,2339908,2339908,2.0,5.6,27.5,0.0,-,0,0,0.000
1790432782,s4-mixed-kcp,81861,203,3303509,3303509,59.2,941.4,1096.4,0.0,-,0,0,0.000
1790432782,s5-vmess-ws,439802,11755,2426,2426,28.1,87.4,278.3,0.0,-,0,0,0.000
1790432782,s6-trojan-grpc,132438,875,0,0,2.5,61.0,336.8,0.0,-,0,0,0.000
1790432782,__proc__,0,0,0,0,-,-,-,1124.8,2274,3601,56535178,6721.436
1790432812,s1-short,422816,11257,2711,2711,33.0,54.3,237.0,0.0,-,0,0,0.000
1790432812,s2-long,12,4,0,0,25.7,49.0,100.0,0.0,-,0,0,0.000
1790432812,s3-quic,5045893,11046,2928913,2928913,1.9,4.4,21.1,0.0,-,0,0,0.000
1790432812,s4-mixed-kcp,82114,204,3862426,3862426,58.8,941.4,1094.8,0.0,-,0,0,0.000
1790432812,s5-vmess-ws,441180,11755,2894,2894,26.2,65.6,271.3,0.0,-,0,0,0.000
1790432812,s6-trojan-grpc,132756,883,668,668,2.6,59.7,336.8,0.0,-,0,0,0.000
1790432812,__proc__,0,0,0,0,-,-,-,1106.3,1284,2293,56659600,6740.258
1790432842,s1-short,423931,11257,2342,2342,33.2,60.4,257.2,0.0,-,0,0,0.000
1790432842,s2-long,12,4,0,0,25.7,49.0,100.0,0.0,-,0,0,0.000
1790432842,s3-quic,5054905,11046,2460877,2460877,2.0,5.1,25.1,0.0,-,0,0,0.000
1790432842,s4-mixed-kcp,82416,204,3262972,3262972,59.7,940.5,1096.4,0.0,-,0,0,0.000
1790432842,s5-vmess-ws,442336,11755,2428,2428,26.5,67.3,297.2,0.0,-,0,0,0.000
1790432842,s6-trojan-grpc,134006,883,2625,2625,2.9,63.8,336.8,0.0,-,0,0,0.000
1790432842,__proc__,0,0,0,0,-,-,-,1103.3,3901,6281,56763522,6761.526
1790432872,s1-short,425095,11257,2444,2444,31.9,57.2,181.6,0.0,-,0,0,0.000
1790432872,s2-long,12,4,0,0,25.7,49.0,100.0,0.0,-,0,0,0.000
1790432872,s3-quic,5066815,11046,3252224,3252224,1.5,3.3,18.9,0.0,-,0,0,0.000
1790432872,s4-mixed-kcp,82724,204,3485019,3485019,57.0,898.3,1096.4,0.0,-,0,0,0.000
1790432872,s5-vmess-ws,443550,11755,2549,2549,25.1,59.4,237.5,0.0,-,0,0,0.000
1790432872,s6-trojan-grpc,135321,883,2762,2762,2.6,54.8,238.1,0.0,-,0,0,0.000
1790432872,__proc__,0,0,0,0,-,-,-,1109.9,6538,10275,56900020,6781.648
1790432902,s1-short,426099,11257,2108,2108,31.9,60.4,202.0,0.0,-,0,0,0.000
1790432902,s2-long,12,4,0,0,25.7,49.0,100.0,0.0,-,0,0,0.000
1790432902,s3-quic,5076436,11046,2627174,2627174,1.5,5.1,28.8,0.0,-,0,0,0.000
1790432902,s4-mixed-kcp,82987,204,3087740,3087740,55.4,895.8,1120.2,0.0,-,0,0,0.000
1790432902,s5-vmess-ws,444580,11755,2163,2163,26.1,62.1,343.3,0.0,-,0,0,0.000
1790432902,s6-trojan-grpc,136450,883,2371,2371,2.8,57.2,263.8,0.0,-,0,0,0.000
1790432902,__proc__,0,0,0,0,-,-,-,1118.3,8729,13538,57008644,6803.593
1790432932,s1-short,426930,11353,1745,1745,32.8,64.5,329.7,0.0,-,0,0,0.000
1790432932,s2-long,12,4,0,0,25.7,49.0,100.0,0.0,-,0,0,0.000
1790432932,s3-quic,5087041,11103,2895872,2895872,1.5,3.6,8.0,0.0,-,0,0,0.000
1790432932,s4-mixed-kcp,83211,208,3287199,3287199,55.4,895.8,1134.1,0.0,-,0,0,0.000
1790432932,s5-vmess-ws,445457,11852,1842,1842,27.0,65.6,368.5,0.0,-,0,0,0.000
1790432932,s6-trojan-grpc,137291,913,1766,1766,2.8,58.3,287.8,0.0,-,0,0,0.000
1790432932,__proc__,0,0,0,0,-,-,-,1124.2,10240,15631,57133171,6822.062
1790432962,s1-short,428132,11364,2524,2524,30.8,64.5,281.7,0.0,-,0,0,0.000
1790432962,s2-long,12,4,0,0,25.7,49.0,100.0,0.0,-,0,0,0.000
1790432962,s3-quic,5100154,11107,3580723,3580723,1.9,4.6,21.5,0.0,-,0,0,0.000
1790432962,s4-mixed-kcp,83259,208,3791181,3791181,55.8,897.0,1141.3,0.0,-,0,0,0.000
1790432962,s5-vmess-ws,446755,11860,2726,2726,23.2,64.6,336.6,0.0,-,0,0,0.000
1790432962,s6-trojan-grpc,137458,914,351,351,2.8,57.5,295.4,0.0,-,0,0,0.000
1790432962,__proc__,0,0,0,0,-,-,-,1125.0,10134,15301,57284105,6840.284
1790432992,s1-short,429352,11366,2562,2562,30.7,67.3,280.9,0.0,-,0,0,0.000
1790432992,s2-long,12,4,0,0,25.7,49.0,100.0,0.0,-,0,0,0.000
1790432992,s3-quic,5111662,11107,3142451,3142451,1.4,3.6,17.9,0.0,-,0,0,0.000
1790432992,s4-mixed-kcp,83307,208,3632106,3632106,56.2,898.8,1141.3,0.0,-,0,0,0.000
1790432992,s5-vmess-ws,448037,11860,2692,2692,22.5,65.1,303.2,0.0,-,0,0,0.000
1790432992,s6-trojan-grpc,137458,914,0,0,2.8,57.5,295.4,0.0,-,0,0,0.000
1790432992,__proc__,0,0,0,0,-,-,-,1125.2,10138,15264,57413153,6858.134
1790433022,s1-short,430680,11370,2789,2789,25.5,58.0,144.1,0.0,-,0,0,0.000
1790433022,s2-long,12,4,0,0,25.7,49.0,100.0,0.0,-,0,0,0.000
1790433022,s3-quic,5129512,11109,4874240,4874240,1.3,2.9,10.4,0.0,-,0,0,0.000
1790433022,s4-mixed-kcp,83362,208,3925710,3925710,56.6,899.2,1134.1,0.0,-,0,0,0.000
1790433022,s5-vmess-ws,449429,11874,2923,2923,14.0,53.4,201.1,0.0,-,0,0,0.000
1790433022,s6-trojan-grpc,137458,914,0,0,2.8,57.5,295.4,0.0,-,0,0,0.000
1790433022,__proc__,0,0,0,0,-,-,-,1125.2,10145,15272,57612574,6875.357
1790433052,s1-short,431963,11375,2694,2694,25.6,49.0,110.3,0.0,-,0,0,0.000
1790433052,s2-long,12,4,0,0,25.7,49.0,100.0,0.0,-,0,0,0.000
1790433052,s3-quic,5144516,11110,4097092,4097092,1.7,4.2,22.0,0.0,-,0,0,0.000
1790433052,s4-mixed-kcp,83411,208,3815811,3815811,56.9,915.0,1120.2,0.0,-,0,0,0.000
1790433052,s5-vmess-ws,450739,11887,2751,2751,15.3,49.9,155.9,0.0,-,0,0,0.000
1790433052,s6-trojan-grpc,137458,914,0,0,2.8,57.5,295.4,0.0,-,0,0,0.000
1790433052,__proc__,0,0,0,0,-,-,-,1125.3,10194,15305,57783616,6892.554
1790433082,s1-short,433178,11378,2552,2552,25.1,47.8,122.3,0.0,-,0,0,0.000
1790433082,s2-long,12,4,0,0,25.7,49.0,100.0,0.0,-,0,0,0.000
1790433082,s3-quic,5156532,11111,3281169,3281169,1.9,4.6,25.0,0.0,-,0,0,0.000
1790433082,s4-mixed-kcp,83459,208,3689255,3689255,57.3,933.9,1134.7,0.0,-,0,0,0.000
1790433082,s5-vmess-ws,452020,11889,2690,2690,15.0,48.4,172.6,0.0,-,0,0,0.000
1790433082,s6-trojan-grpc,137458,914,0,0,2.8,57.5,295.4,0.0,-,0,0,0.000
1790433082,__proc__,0,0,0,0,-,-,-,1125.3,10215,15307,57920834,6910.676
1790433112,s1-short,434483,11380,2740,2740,26.9,49.7,145.6,0.0,-,0,0,0.000
1790433112,s2-long,12,4,0,0,25.7,49.0,100.0,0.0,-,0,0,0.000
1790433112,s3-quic,5172384,11111,4328653,4328653,1.3,3.4,16.3,0.0,-,0,0,0.000
1790433112,s4-mixed-kcp,83508,208,3741934,3741934,57.7,941.4,1134.7,0.0,-,0,0,0.000
1790433112,s5-vmess-ws,453416,11890,2932,2932,17.3,52.6,174.7,0.0,-,0,0,0.000
1790433112,s6-trojan-grpc,137458,914,0,0,2.8,57.5,295.4,0.0,-,0,0,0.000
1790433112,__proc__,0,0,0,0,-,-,-,1125.4,9504,14318,58093000,6928.168
1790433142,s1-short,435763,11380,2688,2688,27.7,49.7,148.7,0.0,-,0,0,0.000
1790433142,s2-long,12,4,0,0,25.7,49.0,100.0,0.0,-,0,0,0.000
1790433142,s3-quic,5187542,11111,4139145,4139145,1.8,4.7,22.8,0.0,-,0,0,0.000
1790433142,s4-mixed-kcp,83554,208,3841571,3841571,58.1,944.7,1141.3,0.0,-,0,0,0.000
1790433142,s5-vmess-ws,454757,11890,2816,2816,18.6,51.8,186.7,0.0,-,0,0,0.000
1790433142,s6-trojan-grpc,137458,914,0,0,2.8,57.5,295.4,0.0,-,0,0,0.000
1790433142,__proc__,0,0,0,0,-,-,-,1125.4,7041,10596,58263102,6944.984
1790433172,s1-short,437034,11380,2669,2669,26.5,47.3,94.4,0.0,-,0,0,0.000
1790433172,s2-long,12,4,0,0,25.7,49.0,100.0,0.0,-,0,0,0.000
1790433172,s3-quic,5202247,11111,4015445,4015445,1.4,3.9,17.4,0.0,-,0,0,0.000
1790433172,s4-mixed-kcp,83605,208,3512140,3512140,58.6,945.2,1141.4,0.0,-,0,0,0.000
1790433172,s5-vmess-ws,456082,11890,2782,2782,17.2,49.7,167.4,0.0,-,0,0,0.000
1790433172,s6-trojan-grpc,137458,914,0,0,2.8,57.5,295.4,0.0,-,0,0,0.000
1790433172,__proc__,0,0,0,0,-,-,-,1125.4,4378,6617,58426953,6962.614
1790433202,s1-short,438340,11380,2743,2743,25.0,47.5,88.7,0.0,-,0,0,0.000
1790433202,s2-long,12,4,0,0,25.7,49.0,100.0,0.0,-,0,0,0.000
1790433202,s3-quic,5220153,11111,4889532,4889532,1.1,2.2,9.1,0.0,-,0,0,0.000
1790433202,s4-mixed-kcp,83651,208,3977112,3977112,59.2,945.5,1141.4,0.0,-,0,0,0.000
1790433202,s5-vmess-ws,457456,11890,2885,2885,17.7,49.7,162.4,0.0,-,0,0,0.000
1790433202,s6-trojan-grpc,137458,914,0,0,2.8,57.5,295.4,0.0,-,0,0,0.000
1790433202,__proc__,0,0,0,0,-,-,-,1125.4,2133,3284,58621768,6979.426
1790433232,s1-short,439676,11380,2806,2806,23.1,44.6,78.1,0.0,-,0,0,0.000
1790433232,s2-long,12,4,0,0,25.7,49.0,100.0,0.0,-,0,0,0.000
1790433232,s3-quic,5240256,11111,5489459,5489459,1.1,2.3,8.7,0.0,-,0,0,0.000
1790433232,s4-mixed-kcp,83772,210,3780137,3780137,59.5,945.4,1120.2,0.0,-,0,0,0.000
1790433232,s5-vmess-ws,458865,11890,2959,2959,15.6,45.6,138.4,0.0,-,0,0,0.000
1790433232,s6-trojan-grpc,137803,921,724,724,2.7,56.7,287.8,0.0,-,0,0,0.000
1790433232,__proc__,0,0,0,0,-,-,-,1125.6,1376,2212,58842878,6995.995
1790433262,s1-short,440940,11380,2654,2654,22.1,43.0,80.1,0.0,-,0,0,0.000
1790433262,s2-long,12,4,0,0,25.7,49.0,100.0,0.0,-,0,0,0.000
1790433262,s3-quic,5257677,11111,4757094,4757094,1.1,2.4,12.0,0.0,-,0,0,0.000
1790433262,s4-mixed-kcp,84127,210,3706820,3706820,58.9,945.0,1103.6,0.0,-,0,0,0.000
1790433262,s5-vmess-ws,460176,11890,2753,2753,16.3,41.7,112.6,0.0,-,0,0,0.000
1790433262,s6-trojan-grpc,139018,922,2552,2552,2.5,53.7,205.9,0.0,-,0,0,0.000
1790433262,__proc__,0,0,0,0,-,-,-,1111.6,3957,6403,59038996,7014.239
1790433292,s1-short,442172,11380,2587,2587,21.5,43.2,98.4,0.0,-,0,0,0.000
1790433292,s2-long,12,4,0,0,25.7,49.0,100.0,0.0,-,0,0,0.000
1790433292,s3-quic,5275600,11111,4894174,4894174,1.1,2.4,10.1,0.0,-,0,0,0.000
1790433292,s4-mixed-kcp,84470,210,3528854,3528854,58.2,944.6,1099.4,0.0,-,0,0,0.000
1790433292,s5-vmess-ws,461452,11890,2680,2680,16.7,42.1,136.1,0.0,-,0,0,0.000
1790433292,s6-trojan-grpc,140429,922,2963,2963,2.0,40.5,158.1,0.0,-,0,0,0.000
1790433292,__proc__,0,0,0,0,-,-,-,1112.6,6826,10778,59238261,7032.704
1790433322,s1-short,443301,11380,2371,2371,24.0,49.8,141.7,0.0,-,0,0,0.000
1790433322,s2-long,12,4,0,0,25.7,49.0,100.0,0.0,-,0,0,0.000
1790433322,s3-quic,5288226,11111,3447740,3447740,1.6,4.1,24.3,0.0,-,0,0,0.000
1790433322,s4-mixed-kcp,84772,210,3314667,3314667,58.1,944.6,1127.8,0.0,-,0,0,0.000
1790433322,s5-vmess-ws,462619,11890,2451,2451,19.4,48.4,168.3,0.0,-,0,0,0.000
1790433322,s6-trojan-grpc,141711,922,2692,2692,1.9,40.7,155.6,0.0,-,0,0,0.000
1790433322,__proc__,0,0,0,0,-,-,-,1120.7,9263,14337,59379437,7053.370
1790433352,s1-short,444356,11431,2216,2216,23.6,56.0,173.4,0.0,-,0,0,0.000
1790433352,s2-long,12,4,0,0,25.7,49.0,100.0,0.0,-,0,0,0.000
1790433352,s3-quic,5304776,11134,4519253,4519253,1.1,2.3,9.0,0.0,-,0,0,0.000
1790433352,s4-mixed-kcp,85038,213,3548198,3548198,57.4,944.7,1134.1,0.0,-,0,0,0.000
1790433352,s5-vmess-ws,463692,11943,2253,2253,19.0,54.6,200.2,0.0,-,0,0,0.000
1790433352,s6-trojan-grpc,142228,926,1086,1086,1.9,43.2,169.9,0.0,-,0,0,0.000
1790433352,__proc__,0,0,0,0,-,-,-,1124.7,10128,15654,59563878,7071.404
1790433382,s1-short,445636,11431,2688,2688,24.4,60.2,174.5,0.0,-,0,0,0.000
1790433382,s2-long,12,4,0,0,25.7,49.0,100.0,0.0,-,0,0,0.000
1790433382,s3-quic,5320017,11134,4161809,4161809,1.8,4.3,24.2,0.0,-,0,0,0.000
1790433382,s4-mixed-kcp,85243,213,3753286,3753286,57.4,944.0,1127.8,0.0,-,0,0,0.000
1790433382,s5-vmess-ws,465036,11943,2822,2822,18.7,58.0,193.2,0.0,-,0,0,0.000
1790433382,s6-trojan-grpc,142228,926,0,0,1.9,43.2,169.9,0.0,-,0,0,0.000
1790433382,__proc__,0,0,0,0,-,-,-,1124.9,9966,15282,59737545,7089.355
1790433412,s1-short,446902,11431,2659,2659,25.8,59.6,180.0,0.0,-,0,0,0.000
1790433412,s2-long,12,4,0,0,25.7,49.0,100.0,0.0,-,0,0,0.000
1790433412,s3-quic,5333560,11134,3698142,3698142,1.4,3.6,17.2,0.0,-,0,0,0.000
1790433412,s4-mixed-kcp,85434,213,3721997,3721997,57.1,944.7,1134.7,0.0,-,0,0,0.000
1790433412,s5-vmess-ws,466380,11943,2822,2822,17.5,58.7,184.5,0.0,-,0,0,0.000
1790433412,s6-trojan-grpc,142228,926,0,0,1.9,43.2,169.9,0.0,-,0,0,0.000
1790433412,__proc__,0,0,0,0,-,-,-,1124.9,9960,15253,59891116,7107.649
1790433442,s1-short,448159,11431,2640,2640,26.4,52.7,166.0,0.0,-,0,0,0.000
1790433442,s2-long,12,4,0,0,25.7,49.0,100.0,0.0,-,0,0,0.000
1790433442,s3-quic,5347128,11134,3704969,3704969,1.4,3.8,18.0,0.0,-,0,0,0.000
1790433442,s4-mixed-kcp,85638,213,3718801,3718801,57.0,944.0,1134.1,0.0,-,0,0,0.000
1790433442,s5-vmess-ws,467711,11943,2795,2795,17.5,50.3,163.7,0.0,-,0,0,0.000
1790433442,s6-trojan-grpc,142228,926,0,0,1.9,43.2,169.9,0.0,-,0,0,0.000
1790433442,__proc__,0,0,0,0,-,-,-,1125.1,9936,15168,60045142,7126.103
1790433472,s1-short,449395,11431,2596,2596,29.9,53.3,216.8,0.0,-,0,0,0.000
1790433472,s2-long,12,4,0,0,25.7,49.0,100.0,0.0,-,0,0,0.000
1790433472,s3-quic,5359277,11134,3317487,3317487,1.7,4.1,20.1,0.0,-,0,0,0.000
1790433472,s4-mixed-kcp,85832,213,3704762,3704762,57.0,943.1,1096.6,0.0,-,0,0,0.000
1790433472,s5-vmess-ws,469025,11943,2759,2759,18.8,51.4,167.1,0.0,-,0,0,0.000
1790433472,s6-trojan-grpc,142228,926,0,0,1.9,43.2,169.9,0.0,-,0,0,0.000
1790433472,__proc__,0,0,0,0,-,-,-,1125.1,9943,15216,60183395,7144.789
1790433502,s1-short,450700,11431,2740,2740,28.1,49.3,166.0,0.0,-,0,0,0.000
1790433502,s2-long,12,4,0,0,25.7,49.0,100.0,0.0,-,0,0,0.000
1790433502,s3-quic,5374372,11134,4121941,4121941,1.3,2.7,16.8,0.0,-,0,0,0.000
1790433502,s4-mixed-kcp,86030,213,3908888,3908888,56.8,941.1,1095.3,0.0,-,0,0,0.000
1790433502,s5-vmess-ws,470393,11943,2873,2873,19.1,49.1,159.6,0.0,-,0,0,0.000
1790433502,s6-trojan-grpc,142228,926,0,0,1.9,43.2,169.9,0.0,-,0,0,0.000
1790433502,__proc__,0,0,0,0,-,-,-,1125.1,9976,15300,60354534,7162.673
1790433532,s1-short,451912,11431,2545,2545,29.0,51.6,194.5,0.0,-,0,0,0.000
1790433532,s2-long,12,4,0,0,25.7,49.0,100.0,0.0,-,0,0,0.000
1790433532,s3-quic,5385786,11134,3116783,3116783,1.6,4.8,22.9,0.0,-,0,0,0.000
1790433532,s4-mixed-kcp,86216,213,3613380,3613380,56.9,941.1,1094.4,0.0,-,0,0,0.000
1790433532,s5-vmess-ws,471655,11943,2650,2650,21.5,53.1,173.4,0.0,-,0,0,0.000
1790433532,s6-trojan-grpc,142228,926,0,0,1.9,43.2,169.9,0.0,-,0,0,0.000
1790433532,__proc__,0,0,0,0,-,-,-,1124.9,9234,14139,60486672,7181.818
1790433562,s1-short,453054,11431,2398,2398,30.1,61.4,240.4,0.0,-,0,0,0.000
1790433562,s2-long,12,4,0,0,25.7,49.0,100.0,0.0,-,0,0,0.000
1790433562,s3-quic,5394432,11134,2360934,2360934,2.0,6.6,26.2,0.0,-,0,0,0.000
1790433562,s4-mixed-kcp,86390,213,3499144,3499144,57.0,943.6,1094.4,0.0,-,0,0,0.000
1790433562,s5-vmess-ws,472867,11943,2545,2545,23.0,63.0,219.9,0.0,-,0,0,0.000
1790433562,s6-trojan-grpc,142228,926,0,0,1.9,43.2,169.9,0.0,-,0,0,0.000
1790433562,__proc__,0,0,0,0,-,-,-,1124.9,6800,10482,60587923,7201.904
1790433592,s1-short,454233,11431,2476,2476,32.5,61.4,274.0,0.0,-,0,0,0.000
1790433592,s2-long,12,4,0,0,25.7,49.0,100.0,0.0,-,0,0,0.000
1790433592,s3-quic,5403326,11134,2428655,2428655,2.0,5.3,24.8,0.0,-,0,0,0.000
1790433592,s4-mixed-kcp,86567,213,3494219,3494219,57.3,944.0,1094.4,0.0,-,0,0,0.000
1790433592,s5-vmess-ws,474089,11943,2566,2566,25.8,68.4,267.9,0.0,-,0,0,0.000
1790433592,s6-trojan-grpc,142228,926,0,0,1.9,43.2,169.9,0.0,-,0,0,0.000
1790433592,__proc__,0,0,0,0,-,-,-,1124.9,3976,6245,60694165,7221.497
1790433622,s1-short,455435,11431,2524,2524,34.2,65.7,279.1,0.0,-,0,0,0.000
1790433622,s2-long,12,4,0,0,25.7,49.0,100.0,0.0,-,0,0,0.000
1790433622,s3-quic,5412934,11134,2623625,2623625,1.9,4.6,25.5,0.0,-,0,0,0.000
1790433622,s4-mixed-kcp,86750,213,3667392,3667392,57.8,945.0,1094.4,0.0,-,0,0,0.000
1790433622,s5-vmess-ws,475326,11943,2598,2598,28.2,126.2,275.4,0.0,-,0,0,0.000
1790433622,s6-trojan-grpc,142228,926,0,0,1.9,43.2,169.9,0.0,-,0,0,0.000
1790433622,__proc__,0,0,0,0,-,-,-,1124.9,1418,2405,60806233,7240.912
1790433652,s1-short,456693,11431,2642,2642,33.9,59.6,225.8,0.0,-,0,0,0.000
1790433652,s2-long,12,4,0,0,25.7,49.0,100.0,0.0,-,0,0,0.000
1790433652,s3-quic,5423527,11134,2892595,2892595,1.9,4.1,23.2,0.0,-,0,0,0.000
1790433652,s4-mixed-kcp,86989,214,3802121,3802121,57.8,944.0,1093.8,0.0,-,0,0,0.000
1790433652,s5-vmess-ws,476665,11943,2812,2812,28.0,70.6,255.1,0.0,-,0,0,0.000
1790433652,s6-trojan-grpc,143000,934,1621,1621,2.1,45.3,167.6,0.0,-,0,0,0.000
1790433652,__proc__,0,0,0,0,-,-,-,1104.9,2127,3570,60931884,7260.209
1790433682,s1-short,457778,11431,2278,2278,33.8,64.1,281.7,0.0,-,0,0,0.000
1790433682,s2-long,12,4,0,0,25.7,49.0,100.0,0.0,-,0,0,0.000
1790433682,s3-quic,5432078,11134,2334993,2334993,1.9,5.2,28.5,0.0,-,0,0,0.000
1790433682,s4-mixed-kcp,87276,214,3277133,3277133,57.7,942.8,1092.9,0.0,-,0,0,0.000
1790433682,s5-vmess-ws,477791,11943,2365,2365,28.2,68.2,268.2,0.0,-,0,0,0.000
1790433682,s6-trojan-grpc,144169,934,2455,2455,2.7,51.7,269.2,0.0,-,0,0,0.000
1790433682,__proc__,0,0,0,0,-,-,-,1104.9,4659,7407,61030919,7281.462
1790433712,s1-short,458880,11431,2314,2314,34.0,68.3,306.4,0.0,-,0,0,0.000
1790433712,s2-long,12,4,0,0,25.7,49.0,100.0,0.0,-,0,0,0.000
1790433712,s3-quic,5440874,11134,2401894,2401894,2.0,5.2,27.8,0.0,-,0,0,0.000
1790433712,s4-mixed-kcp,87563,214,3359557,3359557,55.6,900.7,1092.1,0.0,-,0,0,0.000
1790433712,s5-vmess-ws,478931,11943,2394,2394,28.4,64.0,297.0,0.0,-,0,0,0.000
1790433712,s6-trojan-grpc,145388,934,2560,2560,3.0,67.6,331.1,0.0,-,0,0,0.000
1790433712,__proc__,0,0,0,0,-,-,-,1112.5,7051,10986,61133604,7303.178
1790433742,s1-short,459919,11431,2182,2182,35.0,71.7,354.5,0.0,-,0,0,0.000
1790433742,s2-long,12,4,0,0,25.7,49.0,100.0,0.0,-,0,0,0.000
1790433742,s3-quic,5449111,11134,2249250,2249250,1.9,5.4,26.7,0.0,-,0,0,0.000
1790433742,s4-mixed-kcp,87842,214,3167804,3167804,54.6,858.2,1093.9,0.0,-,0,0,0.000
1790433742,s5-vmess-ws,480014,11943,2274,2274,29.9,64.8,331.2,0.0,-,0,0,0.000
1790433742,s6-trojan-grpc,146543,934,2426,2426,3.5,71.5,372.5,0.0,-,0,0,0.000
1790433742,__proc__,0,0,0,0,-,-,-,1121.1,9283,14350,61229474,7324.995
1790433772,s1-short,460759,11502,1764,1764,35.3,94.7,365.3,0.0,-,0,0,0.000
1790433772,s2-long,12,4,0,0,25.7,49.0,100.0,0.0,-,0,0,0.000
1790433772,s3-quic,5457860,11185,2389060,2389060,1.7,4.6,13.9,0.0,-,0,0,0.000
1790433772,s4-mixed-kcp,88008,219,3310681,3310681,55.0,874.2,1105.2,0.0,-,0,0,0.000
1790433772,s5-vmess-ws,480844,12022,1743,1743,30.4,81.4,358.0,0.0,-,0,0,0.000
1790433772,s6-trojan-grpc,147109,952,1189,1189,3.9,104.3,378.0,0.0,-,0,0,0.000
1790433772,__proc__,0,0,0,0,-,-,-,1124.6,10157,15590,61330490,7344.481
1790433802,s1-short,462039,11502,2688,2688,34.0,84.4,354.9,0.0,-,0,0,0.000
1790433802,s2-long,12,4,0,0,25.7,49.0,100.0,0.0,-,0,0,0.000
1790433802,s3-quic,5469579,11185,3200068,3200068,1.7,4.2,18.4,0.0,-,0,0,0.000
1790433802,s4-mixed-kcp,88063,219,3795475,3795475,55.4,885.2,1105.2,0.0,-,0,0,0.000
1790433802,s5-vmess-ws,482204,12022,2856,2856,26.8,73.7,323.2,0.0,-,0,0,0.000
1790433802,s6-trojan-grpc,147109,952,0,0,3.9,104.3,378.0,0.0,-,0,0,0.000
1790433802,__proc__,0,0,0,0,-,-,-,1124.8,9876,14911,61464917,7362.888
1790433832,s1-short,463355,11502,2764,2764,28.9,67.3,305.1,0.0,-,0,0,0.000
1790433832,s2-long,12,4,0,0,25.7,49.0,100.0,0.0,-,0,0,0.000
1790433832,s3-quic,5486032,11185,4492766,4492766,1.1,2.0,9.1,0.0,-,0,0,0.000
1790433832,s4-mixed-kcp,88115,219,3886000,3886000,55.7,894.6,1105.2,0.0,-,0,0,0.000
1790433832,s5-vmess-ws,483600,12022,2932,2932,19.0,63.9,262.2,0.0,-,0,0,0.000
1790433832,s6-trojan-grpc,147109,952,0,0,3.9,104.3,378.0,0.0,-,0,0,0.000
1790433832,__proc__,0,0,0,0,-,-,-,1124.8,9887,14929,61646900,7380.074
1790433862,s1-short,464626,11502,2669,2669,27.1,51.3,128.8,0.0,-,0,0,0.000
1790433862,s2-long,12,4,0,0,25.7,49.0,100.0,0.0,-,0,0,0.000
1790433862,s3-quic,5499244,11185,3607757,3607757,1.9,4.5,24.9,0.0,-,0,0,0.000
1790433862,s4-mixed-kcp,88162,219,3784876,3784876,56.0,896.0,1105.2,0.0,-,0,0,0.000
1790433862,s5-vmess-ws,484930,12022,2793,2793,17.5,48.0,139.7,0.0,-,0,0,0.000
1790433862,s6-trojan-grpc,147109,952,0,0,3.9,104.3,378.0,0.0,-,0,0,0.000
1790433862,__proc__,0,0,0,0,-,-,-,1124.8,9855,14832,61799398,7397.678
1790433892,s1-short,465912,11502,2701,2701,26.0,47.2,96.4,0.0,-,0,0,0.000
1790433892,s2-long,12,4,0,0,25.7,49.0,100.0,0.0,-,0,0,0.000
1790433892,s3-quic,5514404,11185,4139691,4139691,1.4,3.8,18.6,0.0,-,0,0,0.000
1790433892,s4-mixed-kcp,88218,219,3856542,3856542,56.5,897.0,1105.2,0.0,-,0,0,0.000
1790433892,s5-vmess-ws,486306,12022,2890,2890,16.4,46.8,146.2,0.0,-,0,0,0.000
1790433892,s6-trojan-grpc,147109,952,0,0,3.9,104.3,378.0,0.0,-,0,0,0.000
1790433892,__proc__,0,0,0,0,-,-,-,1124.8,9898,14898,61966374,7415.132
1790433922,s1-short,467234,11502,2776,2776,24.4,47.1,114.2,0.0,-,0,0,0.000
1790433922,s2-long,12,4,0,0,25.7,49.0,100.0,0.0,-,0,0,0.000
1790433922,s3-quic,5533288,11185,5156591,5156591,1.1,2.4,10.0,0.0,-,0,0,0.000
1790433922,s4-mixed-kcp,88271,219,3838990,3838990,57.1,901.2,1105.2,0.0,-,0,0,0.000
1790433922,s5-vmess-ws,487693,12022,2913,2913,16.4,45.7,146.2,0.0,-,0,0,0.000
1790433922,s6-trojan-grpc,147109,952,0,0,3.9,104.3,378.0,0.0,-,0,0,0.000
1790433922,__proc__,0,0,0,0,-,-,-,1124.8,9929,14981,62173555,7431.953
1790433952,s1-short,468540,11502,2743,2743,22.7,48.0,114.2,0.0,-,0,0,0.000
1790433952,s2-long,12,4,0,0,25.7,49.0,100.0,0.0,-,0,0,0.000
1790433952,s3-quic,5550329,11185,4653329,4653329,1.1,3.6,14.8,0.0,-,0,0,0.000
1790433952,s4-mixed-kcp,88326,219,3859552,3859552,57.7,905.4,1105.2,0.0,-,0,0,0.000
1790433952,s5-vmess-ws,489077,12022,2906,2906,14.9,46.3,116.6,0.0,-,0,0,0.000
1790433952,s6-trojan-grpc,147109,952,0,0,3.9,104.3,378.0,0.0,-,0,0,0.000
1790433952,__proc__,0,0,0,0,-,-,-,1124.8,8372,12546,62362110,7448.886
1790433982,s1-short,469861,11502,2774,2774,21.5,50.1,114.7,0.0,-,0,0,0.000
1790433982,s2-long,12,4,0,0,25.7,49.0,100.0,0.0,-,0,0,0.000
1790433982,s3-quic,5569068,11185,5116996,5116996,1.1,2.5,10.7,0.0,-,0,0,0.000
1790433982,s4-mixed-kcp,88373,219,3971588,3971588,58.3,926.3,1105.2,0.0,-,0,0,0.000
1790433982,s5-vmess-ws,490452,12022,2888,2888,15.8,45.4,109.5,0.0,-,0,0,0.000
1790433982,s6-trojan-grpc,147109,952,0,0,3.9,104.3,378.0,0.0,-,0,0,0.000
1790433982,__proc__,0,0,0,0,-,-,-,1124.8,5985,9049,62568265,7465.631
1790434012,s1-short,471159,11502,2726,2726,21.4,47.8,97.3,0.0,-,0,0,0.000
1790434012,s2-long,12,4,0,0,25.7,49.0,100.0,0.0,-,0,0,0.000
1790434012,s3-quic,5587780,11185,5109623,5109623,1.1,2.3,8.5,0.0,-,0,0,0.000
1790434012,s4-mixed-kcp,88429,219,3942731,3942731,59.0,933.3,1117.1,0.0,-,0,0,0.000
1790434012,s5-vmess-ws,491809,12022,2850,2850,15.8,49.4,112.1,0.0,-,0,0,0.000
1790434012,s6-trojan-grpc,147109,952,0,0,3.9,104.3,378.0,0.0,-,0,0,0.000
1790434012,__proc__,0,0,0,0,-,-,-,1124.8,3565,5441,62774231,7482.524
1790434042,s1-short,472456,11502,2724,2724,22.4,44.3,91.0,0.0,-,0,0,0.000
1790434042,s2-long,12,4,0,0,25.7,49.0,100.0,0.0,-,0,0,0.000
1790434042,s3-quic,5603964,11185,4419311,4419311,1.0,2.6,9.7,0.0,-,0,0,0.000
1790434042,s4-mixed-kcp,88479,219,3925530,3925530,59.7,938.6,1117.1,0.0,-,0,0,0.000
1790434042,s5-vmess-ws,493163,12022,2843,2843,16.6,47.3,121.0,0.0,-,0,0,0.000
1790434042,s6-trojan-grpc,147109,952,0,0,3.9,104.3,378.0,0.0,-,0,0,0.000
1790434042,__proc__,0,0,0,0,-,-,-,1124.8,1277,2036,62954260,7499.390
1790434072,s1-short,473793,11502,2808,2808,22.7,42.6,82.4,0.0,-,0,0,0.000
1790434072,s2-long,12,4,0,0,25.7,49.0,100.0,0.0,-,0,0,0.000
1790434072,s3-quic,5621726,11185,4850210,4850210,1.4,3.0,14.6,0.0,-,0,0,0.000
1790434072,s4-mixed-kcp,88653,221,4017956,4017956,60.1,939.9,1099.9,0.0,-,0,0,0.000
1790434072,s5-vmess-ws,494576,12022,2967,2967,15.8,44.5,119.9,0.0,-,0,0,0.000
1790434072,s6-trojan-grpc,147747,960,1340,1340,3.5,78.7,376.5,0.0,-,0,0,0.000
1790434072,__proc__,0,0,0,0,-,-,-,1106.5,1745,2848,63152642,7516.746
1790434102,s1-short,474980,11502,2493,2493,25.8,43.0,88.3,0.0,-,0,0,0.000
1790434102,s2-long,12,4,0,0,25.7,49.0,100.0,0.0,-,0,0,0.000
1790434102,s3-quic,5633567,11185,3233382,3233382,1.9,4.2,23.0,0.0,-,0,0,0.000
1790434102,s4-mixed-kcp,88974,221,3498380,3498380,60.3,926.7,1094.1,0.0,-,0,0,0.000
1790434102,s5-vmess-ws,495804,12022,2579,2579,17.4,43.7,124.8,0.0,-,0,0,0.000
1790434102,s6-trojan-grpc,148965,960,2558,2558,3.1,56.8,351.5,0.0,-,0,0,0.000
1790434102,__proc__,0,0,0,0,-,-,-,1106.7,4491,7157,63287624,7536.918
1790434132,s1-short,476077,11502,2304,2304,28.2,48.5,107.3,0.0,-,0,0,0.000
1790434132,s2-long,12,4,0,0,25.7,49.0,100.0,0.0,-,0,0,0.000
1790434132,s3-quic,5643681,11185,2761796,2761796,1.7,3.9,25.1,0.0,-,0,0,0.000
1790434132,s4-mixed-kcp,89261,221,3363595,3363595,60.7,933.3,1099.9,0.0,-,0,0,0.000
1790434132,s5-vmess-ws,496932,12022,2369,2369,21.1,48.0,252.0,0.0,-,0,0,0.000
1790434132,s6-trojan-grpc,150186,960,2564,2564,2.9,52.7,322.5,0.0,-,0,0,0.000
1790434132,__proc__,0,0,0,0,-,-,-,1112.3,6851,10723,63403560,7558.022
1790434162,s1-short,477139,11502,2230,2230,32.0,53.1,360.4,0.0,-,0,0,0.000
1790434162,s2-long,12,4,0,0,25.7,49.0,100.0,0.0,-,0,0,0.000
1790434162,s3-quic,5652895,11185,2516036,2516036,1.8,4.9,25.5,0.0,-,0,0,0.000
1790434162,s4-mixed-kcp,89544,221,3240078,3240078,60.4,933.3,1128.4,0.0,-,0,0,0.000
1790434162,s5-vmess-ws,498028,12022,2302,2302,27.1,55.7,336.9,0.0,-,0,0,0.000
1790434162,s6-trojan-grpc,151375,960,2497,2497,2.9,47.7,314.9,0.0,-,0,0,0.000
1790434162,__proc__,0,0,0,0,-,-,-,1120.6,9271,14365,63506785,7579.552
1790434192,s1-short,478089,11532,1995,1995,34.5,62.7,435.6,0.0,-,0,0,0.000
1790434192,s2-long,12,4,0,0,25.7,49.0,100.0,0.0,-,0,0,0.000
1790434192,s3-quic,5661897,11206,2458146,2458146,1.8,4.3,16.8,0.0,-,0,0,0.000
1790434192,s4-mixed-kcp,89711,224,3166704,3166704,60.7,940.1,1141.3,0.0,-,0,0,0.000
1790434192,s5-vmess-ws,498976,12073,1991,1991,29.5,62.4,407.4,0.0,-,0,0,0.000
1790434192,s6-trojan-grpc,151991,973,1294,1294,3.4,52.8,354.8,0.0,-,0,0,0.000
1790434192,__proc__,0,0,0,0,-,-,-,1124.8,10108,15410,63609631,7599.991
1790434222,s1-short,479227,11553,2390,2390,34.8,67.4,435.6,0.0,-,0,0,0.000
1790434222,s2-long,12,4,0,0,25.7,49.0,100.0,0.0,-,0,0,0.000
1790434222,s3-quic,5672608,11213,2924817,2924817,1.8,4.0,17.8,0.0,-,0,0,0.000
1790434222,s4-mixed-kcp,89761,224,3543310,3543310,61.3,941.4,1141.4,0.0,-,0,0,0.000
1790434222,s5-vmess-ws,500172,12094,2512,2512,28.9,75.3,381.0,0.0,-,0,0,0.000
1790434222,s6-trojan-grpc,152160,974,355,355,3.4,53.5,354.8,0.0,-,0,0,0.000
1790434222,__proc__,0,0,0,0,-,-,-,1125.4,10217,15399,63732327,7618.701
1790434252,s1-short,479670,11769,930,930,34.1,105.4,424.9,0.0,-,0,0,0.000
1790434252,s2-long,12,4,0,0,25.7,49.0,100.0,0.0,-,0,0,0.000
1790434252,s3-quic,5681978,11377,2558635,2558635,1.8,3.7,6.5,0.0,-,0,0,0.000
1790434252,s4-mixed-kcp,89814,224,3725601,3725601,62.1,942.6,1141.4,0.0,-,0,0,0.000
1790434252,s5-vmess-ws,500640,12328,983,983,27.5,107.2,381.0,0.0,-,0,0,0.000
1790434252,s6-trojan-grpc,152166,975,13,13,3.4,53.5,354.8,0.0,-,0,0,0.000
1790434252,__proc__,0,0,0,0,-,-,-,1125.4,10236,15360,63839981,7631.251
1790434282,s1-short,480012,11995,718,718,33.2,118.8,424.3,0.0,-,0,0,0.000
1790434282,s2-long,12,4,0,0,25.7,49.0,100.0,0.0,-,0,0,0.000
1790434282,s3-quic,5691141,11615,2502110,2502110,1.6,3.1,4.7,0.0,-,0,0,0.000
1790434282,s4-mixed-kcp,89866,224,3992841,3992841,63.0,942.7,1141.4,0.0,-,0,0,0.000
1790434282,s5-vmess-ws,501020,12560,798,798,25.5,122.6,381.0,0.0,-,0,0,0.000
1790434282,s6-trojan-grpc,152166,975,0,0,3.4,53.5,354.8,0.0,-,0,0,0.000
1790434282,__proc__,0,0,0,0,-,-,-,1125.4,10235,15369,63948226,7641.525
1790434312,s1-short,480558,12177,1147,1147,30.8,122.7,420.7,0.0,-,0,0,0.000
1790434312,s2-long,12,4,0,0,25.7,49.0,100.0,0.0,-,0,0,0.000
1790434312,s3-quic,5701147,11821,2732305,2732305,1.9,3.8,6.2,0.0,-,0,0,0.000
1790434312,s4-mixed-kcp,89915,224,4026386,4026386,63.7,942.8,1141.3,0.0,-,0,0,0.000
1790434312,s5-vmess-ws,501613,12759,1245,1245,13.7,124.9,336.9,0.0,-,0,0,0.000
1790434312,s6-trojan-grpc,152166,975,0,0,3.4,53.5,354.8,0.0,-,0,0,0.000
1790434312,__proc__,0,0,0,0,-,-,-,1125.5,10234,15401,64062269,7653.599
1790434342,s1-short,480868,12423,651,651,28.5,124.4,380.8,0.0,-,0,0,0.000
1790434342,s2-long,12,4,0,0,25.7,49.0,100.0,0.0,-,0,0,0.000
1790434342,s3-quic,5710769,12109,2627447,2627447,1.1,2.3,3.7,0.0,-,0,0,0.000
1790434342,s4-mixed-kcp,89971,224,3962110,3962110,64.6,942.9,1141.3,0.0,-,0,0,0.000
1790434342,s5-vmess-ws,501930,13008,666,666,7.1,126.8,322.0,0.0,-,0,0,0.000
1790434342,s6-trojan-grpc,152166,975,0,0,3.4,53.5,354.8,0.0,-,0,0,0.000
1790434342,__proc__,0,0,0,0,-,-,-,1125.5,10199,15334,64173099,7662.194
1790434372,s1-short,481804,12545,1966,1966,17.1,111.8,302.8,0.0,-,0,0,0.000
1790434372,s2-long,12,4,0,0,25.7,49.0,100.0,0.0,-,0,0,0.000
1790434372,s3-quic,5728184,12243,4755456,4755456,1.2,2.8,6.0,0.0,-,0,0,0.000
1790434372,s4-mixed-kcp,90030,224,4006762,4006762,66.1,942.9,1141.3,0.0,-,0,0,0.000
1790434372,s5-vmess-ws,502926,13134,2092,2092,2.6,105.5,294.2,0.0,-,0,0,0.000
1790434372,s6-trojan-grpc,152166,975,0,0,3.4,53.5,354.8,0.0,-,0,0,0.000
1790434372,__proc__,0,0,0,0,-,-,-,1125.5,8943,13469,64359065,7675.562
1790434402,s1-short,483000,12545,2512,2512,17.1,113.2,312.8,0.0,-,0,0,0.000
1790434402,s2-long,12,4,0,0,25.7,49.0,100.0,0.0,-,0,0,0.000
1790434402,s3-quic,5738917,12243,2930825,2930825,1.5,3.8,19.7,0.0,-,0,0,0.000
1790434402,s4-mixed-kcp,90074,224,3647717,3647717,67.5,944.0,1141.4,0.0,-,0,0,0.000
1790434402,s5-vmess-ws,504194,13134,2663,2663,2.6,105.0,299.8,0.0,-,0,0,0.000
1790434402,s6-trojan-grpc,152166,975,0,0,3.4,53.5,354.8,0.0,-,0,0,0.000
1790434402,__proc__,0,0,0,0,-,-,-,1125.5,6499,9753,64478727,7694.337
1790434432,s1-short,484302,12545,2734,2734,20.6,84.3,240.3,0.0,-,0,0,0.000
1790434432,s2-long,12,4,0,0,25.7,49.0,100.0,0.0,-,0,0,0.000
1790434432,s3-quic,5757311,12243,5022788,5022788,1.1,2.1,10.4,0.0,-,0,0,0.000
1790434432,s4-mixed-kcp,90124,224,3774194,3774194,69.0,944.4,1141.4,0.0,-,0,0,0.000
1790434432,s5-vmess-ws,505556,13134,2860,2860,6.9,69.5,200.1,0.0,-,0,0,0.000
1790434432,s6-trojan-grpc,152166,975,0,0,3.4,53.5,354.8,0.0,-,0,0,0.000
1790434432,__proc__,0,0,0,0,-,-,-,1125.5,4098,6264,64681221,7711.410
1790434462,s1-short,485582,12545,2688,2688,25.8,58.6,146.3,0.0,-,0,0,0.000
1790434462,s2-long,12,4,0,0,25.7,49.0,100.0,0.0,-,0,0,0.000
1790434462,s3-quic,5771369,12243,3838771,3838771,1.8,4.5,21.4,0.0,-,0,0,0.000
1790434462,s4-mixed-kcp,90171,224,3781527,3781527,70.6,945.0,1141.4,0.0,-,0,0,0.000
1790434462,s5-vmess-ws,506900,13134,2822,2822,18.9,58.7,162.5,0.0,-,0,0,0.000
1790434462,s6-trojan-grpc,152166,975,0,0,3.4,53.5,354.8,0.0,-,0,0,0.000
1790434462,__proc__,0,0,0,0,-,-,-,1125.5,1707,2660,64839945,7728.739
1790434492,s1-short,486918,12545,2806,2806,24.8,44.6,92.5,0.0,-,0,0,0.000
1790434492,s2-long,12,4,0,0,25.7,49.0,100.0,0.0,-,0,0,0.000
1790434492,s3-quic,5788843,12243,4771567,4771567,1.1,2.9,14.8,0.0,-,0,0,0.000
1790434492,s4-mixed-kcp,90362,226,3763101,3763101,70.6,944.0,1141.3,0.0,-,0,0,0.000
1790434492,s5-vmess-ws,508318,13134,2978,2978,16.8,43.4,118.8,0.0,-,0,0,0.000
1790434492,s6-trojan-grpc,152778,982,1285,1285,3.2,52.8,352.1,0.0,-,0,0,0.000
1790434492,__proc__,0,0,0,0,-,-,-,1126.0,2058,3303,65033811,7746.024
1790434522,s1-short,488174,12545,2638,2638,23.9,43.2,84.9,0.0,-,0,0,0.000
1790434522,s2-long,12,4,0,0,25.7,49.0,100.0,0.0,-,0,0,0.000
1790434522,s3-quic,5807214,12243,5016508,5016508,1.1,2.1,8.9,0.0,-,0,0,0.000
1790434522,s4-mixed-kcp,90712,226,3541063,3541063,67.3,942.3,1124.6,0.0,-,0,0,0.000
1790434522,s5-vmess-ws,509626,13134,2747,2747,17.2,42.3,137.9,0.0,-,0,0,0.000
1790434522,s6-trojan-grpc,154025,982,2619,2619,2.7,48.4,335.3,0.0,-,0,0,0.000
1790434522,__proc__,0,0,0,0,-,-,-,1121.8,4605,7482,65235454,7764.287
1790434552,s1-short,489399,12545,2572,2572,22.9,46.3,131.5,0.0,-,0,0,0.000
1790434552,s2-long,12,4,0,0,25.7,49.0,100.0,0.0,-,0,0,0.000
1790434552,s3-quic,5824932,12243,4838195,4838195,1.1,2.6,13.4,0.0,-,0,0,0.000
1790434552,s4-mixed-kcp,91058,226,3597650,3597650,65.3,940.1,1128.3,0.0,-,0,0,0.000
1790434552,s5-vmess-ws,510900,13134,2675,2675,17.1,45.9,146.5,0.0,-,0,0,0.000
1790434552,s6-trojan-grpc,155424,983,2938,2938,1.9,42.6,187.3,0.0,-,0,0,0.000
1790434552,__proc__,0,0,0,0,-,-,-,1114.8,7393,11666,65432072,7782.870
1790434582,s1-short,490559,12545,2436,2436,23.0,47.6,134.8,0.0,-,0,0,0.000
1790434582,s2-long,12,4,0,0,25.7,49.0,100.0,0.0,-,0,0,0.000
1790434582,s3-quic,5840131,12243,4150340,4150340,1.1,2.5,11.1,0.0,-,0,0,0.000
1790434582,s4-mixed-kcp,91370,226,3415303,3415303,64.7,940.9,1128.3,0.0,-,0,0,0.000
1790434582,s5-vmess-ws,512100,13134,2520,2520,18.7,47.3,172.3,0.0,-,0,0,0.000
1790434582,s6-trojan-grpc,156740,983,2764,2764,1.6,37.8,147.5,0.0,-,0,0,0.000
1790434582,__proc__,0,0,0,0,-,-,-,1123.5,9961,15459,65601565,7802.363
1790434612,s1-short,491541,12606,2062,2062,22.2,48.5,192.8,0.0,-,0,0,0.000
1790434612,s2-long,12,4,0,0,25.7,49.0,100.0,0.0,-,0,0,0.000
1790434612,s3-quic,5855900,12305,4305988,4305988,1.2,2.8,11.8,0.0,-,0,0,0.000
1790434612,s4-mixed-kcp,91573,232,3626331,3626331,65.0,940.9,1128.3,0.0,-,0,0,0.000
1790434612,s5-vmess-ws,513137,13206,2178,2178,18.4,47.9,199.7,0.0,-,0,0,0.000
1790434612,s6-trojan-grpc,156950,1000,441,441,1.6,39.3,158.6,0.0,-,0,0,0.000
1790434612,__proc__,0,0,0,0,-,-,-,1125.1,10026,15408,65778569,7818.387
1790434642,s1-short,492824,12606,2694,2694,23.6,49.4,195.6,0.0,-,0,0,0.000
1790434642,s2-long,12,4,0,0,25.7,49.0,100.0,0.0,-,0,0,0.000
1790434642,s3-quic,5870582,12305,4009165,4009165,1.8,4.2,25.3,0.0,-,0,0,0.000
1790434642,s4-mixed-kcp,91774,232,3765956,3765956,65.2,938.5,1096.6,0.0,-,0,0,0.000
1790434642,s5-vmess-ws,514485,13206,2831,2831,18.1,49.6,220.6,0.0,-,0,0,0.000
1790434642,s6-trojan-grpc,156950,1000,0,0,1.6,39.3,158.6,0.0,-,0,0,0.000
1790434642,__proc__,0,0,0,0,-,-,-,1125.8,9956,15198,65945401,7836.895
1790434672,s1-short,494142,12606,2768,2768,22.4,48.5,191.7,0.0,-,0,0,0.000
1790434672,s2-long,12,4,0,0,25.7,49.0,100.0,0.0,-,0,0,0.000
1790434672,s3-quic,5889078,12305,5050641,5050641,1.1,2.5,11.8,0.0,-,0,0,0.000
1790434672,s4-mixed-kcp,91988,232,3823801,3823801,64.6,938.0,1093.9,0.0,-,0,0,0.000
1790434672,s5-vmess-ws,515867,13206,2902,2902,16.5,46.2,164.8,0.0,-,0,0,0.000
1790434672,s6-trojan-grpc,156950,1000,0,0,1.6,39.3,158.6,0.0,-,0,0,0.000
1790434672,__proc__,0,0,0,0,-,-,-,1125.8,9990,15248,66154448,7854.124
1790434702,s1-short,495418,12606,2680,2680,24.0,48.0,133.9,0.0,-,0,0,0.000
1790434702,s2-long,12,4,0,0,25.7,49.0,100.0,0.0,-,0,0,0.000
1790434702,s3-quic,5903072,12305,3821295,3821295,1.6,3.8,19.6,0.0,-,0,0,0.000
1790434702,s4-mixed-kcp,92193,232,3607815,3607815,61.6,926.3,1086.4,0.0,-,0,0,0.000
1790434702,s5-vmess-ws,517210,13206,2820,2820,16.6,46.2,146.8,0.0,-,0,0,0.000
1790434702,s6-trojan-grpc,156950,1000,0,0,1.6,39.3,158.6,0.0,-,0,0,0.000
1790434702,__proc__,0,0,0,0,-,-,-,1125.8,10032,15314,66312203,7872.393
1790434732,s1-short,496697,12606,2686,2686,25.4,48.4,155.7,0.0,-,0,0,0.000
1790434732,s2-long,12,4,0,0,25.7,49.0,100.0,0.0,-,0,0,0.000
1790434732,s3-quic,5916295,12305,3610761,3610761,1.5,3.7,18.5,0.0,-,0,0,0.000
1790434732,s4-mixed-kcp,92384,232,3794031,3794031,59.0,897.8,1086.4,0.0,-,0,0,0.000
1790434732,s5-vmess-ws,518557,13206,2829,2829,17.1,48.2,146.9,0.0,-,0,0,0.000
1790434732,s6-trojan-grpc,156950,1000,0,0,1.6,39.3,158.6,0.0,-,0,0,0.000
1790434732,__proc__,0,0,0,0,-,-,-,1125.8,9972,15251,66464581,7890.990
1790434762,s1-short,497978,12606,2690,2690,27.2,48.3,87.5,0.0,-,0,0,0.000
1790434762,s2-long,12,4,0,0,25.7,49.0,100.0,0.0,-,0,0,0.000
1790434762,s3-quic,5930078,12305,3763678,3763678,1.7,3.8,21.7,0.0,-,0,0,0.000
1790434762,s4-mixed-kcp,92585,232,3667674,3667674,56.6,895.8,1063.7,0.0,-,0,0,0.000
1790434762,s5-vmess-ws,519900,13206,2820,2820,18.9,49.9,154.9,0.0,-,0,0,0.000
1790434762,s6-trojan-grpc,156950,1000,0,0,1.6,39.3,158.6,0.0,-,0,0,0.000
1790434762,__proc__,0,0,0,0,-,-,-,1125.8,9984,15266,66621933,7909.666
1790434792,s1-short,499250,12606,2671,2671,29.2,48.7,80.2,0.0,-,0,0,0.000
1790434792,s2-long,12,4,0,0,25.7,49.0,100.0,0.0,-,0,0,0.000
1790434792,s3-quic,5942436,12305,3374558,3374558,1.4,4.2,18.3,0.0,-,0,0,0.000
1790434792,s4-mixed-kcp,92772,232,3706057,3706057,57.0,896.0,1065.3,0.0,-,0,0,0.000
1790434792,s5-vmess-ws,521232,13206,2797,2797,20.0,52.7,155.5,0.0,-,0,0,0.000
1790434792,s6-trojan-grpc,156950,1000,0,0,1.6,39.3,158.6,0.0,-,0,0,0.000
1790434792,__proc__,0,0,0,0,-,-,-,1125.9,8750,13429,66764340,7927.774
1790434822,s1-short,500469,12606,2560,2560,31.0,49.3,92.1,0.0,-,0,0,0.000
1790434822,s2-long,12,4,0,0,25.7,49.0,100.0,0.0,-,0,0,0.000
1790434822,s3-quic,5953862,12305,3120060,3120060,1.8,4.8,25.6,0.0,-,0,0,0.000
1790434822,s4-mixed-kcp,92954,232,3703836,3703836,57.3,897.0,1089.7,0.0,-,0,0,0.000
1790434822,s5-vmess-ws,522488,13206,2638,2638,23.4,54.1,177.1,0.0,-,0,0,0.000
1790434822,s6-trojan-grpc,156950,1000,0,0,1.6,39.3,158.6,0.0,-,0,0,0.000
1790434822,__proc__,0,0,0,0,-,-,-,1125.9,6248,9667,66896527,7946.850
1790434852,s1-short,501688,12606,2560,2560,32.4,52.3,168.0,0.0,-,0,0,0.000
1790434852,s2-long,12,4,0,0,25.7,49.0,100.0,0.0,-,0,0,0.000
1790434852,s3-quic,5965131,12305,3077188,3077188,1.9,4.8,25.5,0.0,-,0,0,0.000
1790434852,s4-mixed-kcp,93139,232,3580940,3580940,57.4,897.0,1072.4,0.0,-,0,0,0.000
1790434852,s5-vmess-ws,523759,13206,2669,2669,25.5,60.4,193.1,0.0,-,0,0,0.000
1790434852,s6-trojan-grpc,156950,1000,0,0,1.6,39.3,158.6,0.0,-,0,0,0.000
1790434852,__proc__,0,0,0,0,-,-,-,1125.9,3429,5377,67029101,7965.478
1790434882,s1-short,502962,12606,2675,2675,31.5,52.2,155.7,0.0,-,0,0,0.000
1790434882,s2-long,12,4,0,0,25.7,49.0,100.0,0.0,-,0,0,0.000
1790434882,s3-quic,5977063,12305,3258231,3258231,1.7,4.1,21.9,0.0,-,0,0,0.000
1790434882,s4-mixed-kcp,93332,232,3620790,3620790,57.5,897.0,1052.5,0.0,-,0,0,0.000
1790434882,s5-vmess-ws,525098,13206,2812,2812,25.2,58.3,192.7,0.0,-,0,0,0.000
1790434882,s6-trojan-grpc,156950,1000,0,0,1.6,39.3,158.6,0.0,-,0,0,0.000
1790434882,__proc__,0,0,0,0,-,-,-,1125.9,829,1538,67167457,7984.392
1790434912,s1-short,504195,12606,2589,2589,32.0,55.7,192.1,0.0,-,0,0,0.000
1790434912,s2-long,12,4,0,0,25.7,49.0,100.0,0.0,-,0,0,0.000
1790434912,s3-quic,5988053,12305,3001003,3001003,1.9,4.2,24.8,0.0,-,0,0,0.000
1790434912,s4-mixed-kcp,93628,233,3760227,3760227,57.4,896.6,1045.2,0.0,-,0,0,0.000
1790434912,s5-vmess-ws,526409,13206,2753,2753,24.1,57.5,196.8,0.0,-,0,0,0.000
1790434912,s6-trojan-grpc,158021,1008,2249,2249,2.2,42.9,158.6,0.0,-,0,0,0.000
1790434912,__proc__,0,0,0,0,-,-,-,1109.9,2857,4678,67296985,8004.232
1790434942,s1-short,505371,12606,2470,2470,31.3,51.7,175.0,0.0,-,0,0,0.000
1790434942,s2-long,12,4,0,0,25.7,49.0,100.0,0.0,-,0,0,0.000
1790434942,s3-quic,6000761,12305,3470131,3470131,1.5,3.1,19.1,0.0,-,0,0,0.000
1790434942,s4-mixed-kcp,93946,233,3495440,3495440,55.8,895.4,1044.6,0.0,-,0,0,0.000
1790434942,s5-vmess-ws,527627,13206,2558,2558,23.5,53.3,212.8,0.0,-,0,0,0.000
1790434942,s6-trojan-grpc,159358,1008,2808,2808,2.5,43.8,240.5,0.0,-,0,0,0.000
1790434942,__proc__,0,0,0,0,-,-,-,1108.1,5612,8925,67443795,8024.317
1790434972,s1-short,506524,12606,2421,2421,30.2,54.4,194.6,0.0,-,0,0,0.000
1790434972,s2-long,12,4,0,0,25.7,49.0,100.0,0.0,-,0,0,0.000
1790434972,s3-quic,6014119,12305,3647625,3647625,1.2,3.2,13.8,0.0,-,0,0,0.000
1790434972,s4-mixed-kcp,94259,233,3350015,3350015,54.2,845.8,1044.0,0.0,-,0,0,0.000
1790434972,s5-vmess-ws,528832,13206,2530,2530,22.0,56.9,226.8,0.0,-,0,0,0.000
1790434972,s6-trojan-grpc,160671,1008,2757,2757,2.7,44.7,191.0,0.0,-,0,0,0.000
1790434972,__proc__,0,0,0,0,-,-,-,1117.6,8245,12801,67595821,8044.113
1790435002,s1-short,507511,12669,2073,2073,29.3,57.1,244.2,0.0,-,0,0,0.000
1790435002,s2-long,12,4,0,0,25.7,49.0,100.0,0.0,-,0,0,0.000
1790435002,s3-quic,6026984,12353,3513003,3513003,1.2,2.9,7.9,0.0,-,0,0,0.000
1790435002,s4-mixed-kcp,94535,238,3419762,3419762,53.9,844.8,1045.3,0.0,-,0,0,0.000
1790435002,s5-vmess-ws,529851,13274,2140,2140,23.1,57.6,252.7,0.0,-,0,0,0.000
1790435002,s6-trojan-grpc,161754,1044,2274,2274,2.5,44.9,262.4,0.0,-,0,0,0.000
1790435002,__proc__,0,0,0,0,-,-,-,1124.8,10228,15783,67744946,8062.129
1790435032,s1-short,508669,12699,2432,2432,27.1,60.0,221.5,0.0,-,0,0,0.000
1790435032,s2-long,12,4,0,0,25.7,49.0,100.0,0.0,-,0,0,0.000
1790435032,s3-quic,6041031,12380,3835767,3835767,1.7,4.1,19.5,0.0,-,0,0,0.000
1790435032,s4-mixed-kcp,94720,241,3864973,3864973,54.1,846.3,1045.2,0.0,-,0,0,0.000
1790435032,s5-vmess-ws,531030,13314,2476,2476,19.9,57.6,225.7,0.0,-,0,0,0.000
1790435032,s6-trojan-grpc,161763,1046,19,19,2.5,45.2,262.4,0.0,-,0,0,0.000
1790435032,__proc__,0,0,0,0,-,-,-,1125.5,10034,15378,67903412,8079.786
1790435062,s1-short,509944,12699,2678,2678,27.6,59.9,197.6,0.0,-,0,0,0.000
1790435062,s2-long,12,4,0,0,25.7,49.0,100.0,0.0,-,0,0,0.000
1790435062,s3-quic,6053240,12380,3333871,3333871,1.7,3.7,21.5,0.0,-,0,0,0.000
1790435062,s4-mixed-kcp,94916,241,3670988,3670988,54.3,857.8,1045.2,0.0,-,0,0,0.000
1790435062,s5-vmess-ws,532376,13314,2827,2827,18.4,57.9,174.8,0.0,-,0,0,0.000
1790435062,s6-trojan-grpc,161763,1046,0,0,2.5,45.2,262.4,0.0,-,0,0,0.000
1790435062,__proc__,0,0,0,0,-,-,-,1125.5,10080,15379,68043627,8098.720
1790435092,s1-short,511209,12699,2656,2656,28.9,53.2,165.6,0.0,-,0,0,0.000
1790435092,s2-long,12,4,0,0,25.7,49.0,100.0,0.0,-,0,0,0.000
1790435092,s3-quic,6065200,12380,3265877,3265877,1.7,3.9,22.4,0.0,-,0,0,0.000
1790435092,s4-mixed-kcp,95113,241,3780129,3780129,54.5,863.8,1044.8,0.0,-,0,0,0.000
1790435092,s5-vmess-ws,533693,13314,2766,2766,19.8,54.6,162.2,0.0,-,0,0,0.000
1790435092,s6-trojan-grpc,161763,1046,0,0,2.5,45.2,262.4,0.0,-,0,0,0.000
1790435092,__proc__,0,0,0,0,-,-,-,1125.6,10028,15336,68182860,8116.985
1790435122,s1-short,512434,12699,2572,2572,31.8,51.5,152.7,0.0,-,0,0,0.000
1790435122,s2-long,12,4,0,0,25.7,49.0,100.0,0.0,-,0,0,0.000
1790435122,s3-quic,6076317,12380,3035682,3035682,1.8,3.6,23.3,0.0,-,0,0,0.000
1790435122,s4-mixed-kcp,95306,241,3731379,3731379,54.6,859.2,1044.6,0.0,-,0,0,0.000
1790435122,s5-vmess-ws,534972,13314,2686,2686,23.7,53.9,166.4,0.0,-,0,0,0.000
1790435122,s6-trojan-grpc,161763,1046,0,0,2.5,45.2,262.4,0.0,-,0,0,0.000
1790435122,__proc__,0,0,0,0,-,-,-,1125.6,10049,15260,68312917,8135.852
1790435152,s1-short,513678,12699,2612,2612,32.2,50.0,152.1,0.0,-,0,0,0.000
1790435152,s2-long,12,4,0,0,25.7,49.0,100.0,0.0,-,0,0,0.000
1790435152,s3-quic,6087647,12380,3093845,3093845,1.8,3.9,23.2,0.0,-,0,0,0.000
1790435152,s4-mixed-kcp,95498,241,3759397,3759397,55.0,867.5,1044.6,0.0,-,0,0,0.000
1790435152,s5-vmess-ws,536285,13314,2757,2757,25.2,54.8,175.4,0.0,-,0,0,0.000
1790435152,s6-trojan-grpc,161763,1046,0,0,2.5,45.2,262.4,0.0,-,0,0,0.000
1790435152,__proc__,0,0,0,0,-,-,-,1125.8,10090,15352,68445657,8154.853
1790435182,s1-short,514961,12699,2694,2694,30.9,48.9,166.1,0.0,-,0,0,0.000
1790435182,s2-long,12,4,0,0,25.7,49.0,100.0,0.0,-,0,0,0.000
1790435182,s3-quic,6100363,12380,3472316,3472316,1.6,4.0,18.2,0.0,-,0,0,0.000
1790435182,s4-mixed-kcp,95688,241,3852353,3852353,55.0,858.2,1044.7,0.0,-,0,0,0.000
1790435182,s5-vmess-ws,537622,13314,2808,2808,23.8,55.2,174.8,0.0,-,0,0,0.000
1790435182,s6-trojan-grpc,161763,1046,0,0,2.5,45.2,262.4,0.0,-,0,0,0.000
1790435182,__proc__,0,0,0,0,-,-,-,1125.9,10043,15377,68588522,8173.242
1790435212,s1-short,516298,12699,2808,2808,26.9,45.1,80.1,0.0,-,0,0,0.000
1790435212,s2-long,12,4,0,0,25.7,49.0,100.0,0.0,-,0,0,0.000
1790435212,s3-quic,6120029,12380,5370129,5370129,1.1,1.9,8.6,0.0,-,0,0,0.000
1790435212,s4-mixed-kcp,95900,241,4092310,4092310,54.8,849.9,1044.6,0.0,-,0,0,0.000
1790435212,s5-vmess-ws,539025,13314,2946,2946,19.0,45.5,150.7,0.0,-,0,0,0.000
1790435212,s6-trojan-grpc,161763,1046,0,0,2.5,45.2,262.4,0.0,-,0,0,0.000
1790435212,__proc__,0,0,0,0,-,-,-,1125.9,7933,12163,68808070,8189.768
1790435242,s1-short,517619,12699,2774,2774,22.4,42.6,91.9,0.0,-,0,0,0.000
1790435242,s2-long,12,4,0,0,25.7,49.0,100.0,0.0,-,0,0,0.000
1790435242,s3-quic,6140759,12380,5660672,5660672,1.1,1.7,9.1,0.0,-,0,0,0.000
1790435242,s4-mixed-kcp,96123,241,3931645,3931645,54.8,846.0,1044.5,0.0,-,0,0,0.000
1790435242,s5-vmess-ws,540409,13314,2906,2906,17.0,40.9,114.5,0.0,-,0,0,0.000
1790435242,s6-trojan-grpc,161763,1046,0,0,2.5,45.2,262.4,0.0,-,0,0,0.000
1790435242,__proc__,0,0,0,0,-,-,-,1125.5,5286,8295,69041567,8206.506
1790435272,s1-short,518947,12699,2789,2789,20.0,35.4,92.2,0.0,-,0,0,0.000
1790435272,s2-long,12,4,0,0,25.7,49.0,100.0,0.0,-,0,0,0.000
1790435272,s3-quic,6161901,12380,5773175,5773175,1.1,1.7,7.6,0.0,-,0,0,0.000
1790435272,s4-mixed-kcp,96339,241,4047845,4047845,54.6,846.7,1044.0,0.0,-,0,0,0.000
1790435272,s5-vmess-ws,541814,13314,2950,2950,16.0,29.4,92.5,0.0,-,0,0,0.000
1790435272,s6-trojan-grpc,161763,1046,0,0,2.5,45.2,262.4,0.0,-,0,0,0.000
1790435272,__proc__,0,0,0,0,-,-,-,1125.5,2603,4187,69279883,8223.062
1790435302,s1-short,520283,12699,2806,2806,19.1,31.4,92.2,0.0,-,0,0,0.000
1790435302,s2-long,12,4,0,0,25.7,49.0,100.0,0.0,-,0,0,0.000
1790435302,s3-quic,6183804,12380,5980979,5980979,1.1,1.5,9.2,0.0,-,0,0,0.000
1790435302,s4-mixed-kcp,96584,242,4097185,4097185,54.2,845.7,1043.5,0.0,-,0,0,0.000
1790435302,s5-vmess-ws,543221,13314,2955,2955,15.5,26.9,90.1,0.0,-,0,0,0.000
1790435302,s6-trojan-grpc,161901,1052,290,290,2.4,45.6,262.4,0.0,-,0,0,0.000
1790435302,__proc__,0,0,0,0,-,-,-,1119.7,937,1705,69527319,8239.537
1790435332,s1-short,521595,12699,2755,2755,19.4,31.9,90.9,0.0,-,0,0,0.000
1790435332,s2-long,12,4,0,0,25.7,49.0,100.0,0.0,-,0,0,0.000
1790435332,s3-quic,6204661,12380,5695351,5695351,1.1,1.6,9.3,0.0,-,0,0,0.000
1790435332,s4-mixed-kcp,96954,242,3894055,3894055,53.4,843.7,1041.5,0.0,-,0,0,0.000
1790435332,s5-vmess-ws,544580,13314,2854,2854,15.8,26.9,83.3,0.0,-,0,0,0.000
1790435332,s6-trojan-grpc,163331,1054,3003,3003,2.2,44.9,206.4,0.0,-,0,0,0.000
1790435332,__proc__,0,0,0,0,-,-,-,1105.7,4044,6609,69764165,8257.018
1790435362,s1-short,522835,12699,2604,2604,19.6,30.3,108.1,0.0,-,0,0,0.000
1790435362,s2-long,12,4,0,0,25.7,49.0,100.0,0.0,-,0,0,0.000
1790435362,s3-quic,6224716,12380,5476352,5476352,1.1,1.7,8.8,0.0,-,0,0,0.000
1790435362,s4-mixed-kcp,97312,242,3788107,3788107,52.7,835.6,1027.7,0.0,-,0,0,0.000
1790435362,s5-vmess-ws,545880,13314,2730,2730,16.1,28.3,119.4,0.0,-,0,0,0.000
1790435362,s6-trojan-grpc,164758,1054,2997,2997,1.5,32.2,165.2,0.0,-,0,0,0.000
1790435362,__proc__,0,0,0,0,-,-,-,1112.5,6882,10923,69991169,8275.015
1790435392,s1-short,524075,12699,2604,2604,20.4,32.2,146.6,0.0,-,0,0,0.000
1790435392,s2-long,12,4,0,0,25.7,49.0,100.0,0.0,-,0,0,0.000
1790435392,s3-quic,6243769,12380,5202739,5202739,1.1,1.8,8.2,0.0,-,0,0,0.000
1790435392,s4-mixed-kcp,97663,242,3762900,3762900,52.2,818.4,1030.6,0.0,-,0,0,0.000
1790435392,s5-vmess-ws,547127,13314,2619,2619,17.0,30.6,149.7,0.0,-,0,0,0.000
1790435392,s6-trojan-grpc,166178,1054,2982,2982,1.3,27.1,130.4,0.0,-,0,0,0.000
1790435392,__proc__,0,0,0,0,-,-,-,1123.1,9746,15152,70203707,8293.215
1790435422,s1-short,525208,12750,2379,2379,19.4,35.4,151.1,0.0,-,0,0,0.000
1790435422,s2-long,12,4,0,0,25.7,49.0,100.0,0.0,-,0,0,0.000
1790435422,s3-quic,6262526,12402,5121911,5121911,1.1,2.1,7.6,0.0,-,0,0,0.000
1790435422,s4-mixed-kcp,97780,243,3715029,3715029,52.2,839.4,1030.6,0.0,-,0,0,0.000
1790435422,s5-vmess-ws,547811,13331,1436,1436,16.4,31.6,161.3,0.0,-,0,0,0.000
1790435422,s6-trojan-grpc,166650,1074,991,991,1.3,27.5,153.1,0.0,-,0,0,0.000
1790435422,__proc__,0,0,0,0,-,-,-,1126.1,10065,15405,70413079,8310.057
1790435452,s1-short,526397,12789,2497,2497,19.4,40.9,151.2,0.0,-,0,0,0.000
1790435452,s2-long,12,4,0,0,25.7,49.0,100.0,0.0,-,0,0,0.000
1790435452,s3-quic,6281041,12442,5055829,5055829,1.2,2.1,4.5,0.0,-,0,0,0.000
1790435452,s4-mixed-kcp,97830,243,4159370,4159370,52.3,844.5,1030.6,0.0,-,0,0,0.000
1790435452,s5-vmess-ws,549041,13379,2583,2583,15.3,32.5,168.0,0.0,-,0,0,0.000
1790435452,s6-trojan-grpc,166816,1079,349,349,1.3,27.6,156.6,0.0,-,0,0,0.000
1790435452,__proc__,0,0,0,0,-,-,-,1126.1,10226,15372,70628135,8325.508
1790435482,s1-short,526678,13053,590,590,19.1,72.8,162.4,0.0,-,0,0,0.000
1790435482,s2-long,12,4,0,0,25.7,49.0,100.0,0.0,-,0,0,0.000
1790435482,s3-quic,6292837,12716,3221094,3221094,1.2,1.8,2.8,0.0,-,0,0,0.000
1790435482,s4-mixed-kcp,97883,243,4127992,4127992,52.5,845.2,1005.0,0.0,-,0,0,0.000
1790435482,s5-vmess-ws,549351,13640,651,651,14.3,38.0,180.9,0.0,-,0,0,0.000
1790435482,s6-trojan-grpc,166817,1082,2,2,1.3,27.6,156.6,0.0,-,0,0,0.000
1790435482,__proc__,0,0,0,0,-,-,-,1126.1,10238,15448,70768153,8333.903
1790435512,s1-short,527058,13301,798,798,18.3,102.3,186.6,0.0,-,0,0,0.000
1790435512,s2-long,12,4,0,0,25.7,49.0,100.0,0.0,-,0,0,0.000
1790435512,s3-quic,6305439,12991,3441186,3441186,1.1,2.0,3.3,0.0,-,0,0,0.000
1790435512,s4-mixed-kcp,97934,243,4404218,4404218,52.7,845.7,1003.8,0.0,-,0,0,0.000
1790435512,s5-vmess-ws,549713,13899,760,760,10.6,59.4,234.2,0.0,-,0,0,0.000
1790435512,s6-trojan-grpc,166817,1082,0,0,1.3,27.6,156.6,0.0,-,0,0,0.000
1790435512,__proc__,0,0,0,0,-,-,-,1126.1,10218,15398,70919167,8342.437
1790435542,s1-short,527321,13562,552,552,17.6,108.3,280.3,0.0,-,0,0,0.000
1790435542,s2-long,12,4,0,0,25.7,49.0,100.0,0.0,-,0,0,0.000
1790435542,s3-quic,6316949,13302,3142997,3142997,1.1,1.5,2.4,0.0,-,0,0,0.000
1790435542,s4-mixed-kcp,97994,243,4214795,4214795,52.9,845.8,1002.3,0.0,-,0,0,0.000
1790435542,s5-vmess-ws,549969,14162,538,538,7.8,81.2,277.5,0.0,-,0,0,0.000
1790435542,s6-trojan-grpc,166817,1082,0,0,1.3,27.6,156.6,0.0,-,0,0,0.000
1790435542,__proc__,0,0,0,0,-,-,-,1126.1,10228,15372,71055514,8349.718
1790435572,s1-short,527527,13821,433,433,16.7,110.5,305.9,0.0,-,0,0,0.000
1790435572,s2-long,12,4,0,0,25.7,49.0,100.0,0.0,-,0,0,0.000
1790435572,s3-quic,6329353,13609,3387119,3387119,1.1,1.5,2.5,0.0,-,0,0,0.000
1790435572,s4-mixed-kcp,98048,243,4331412,4331412,53.2,846.2,1001.8,0.0,-,0,0,0.000
1790435572,s5-vmess-ws,550194,14469,472,472,4.1,102.3,303.5,0.0,-,0,0,0.000
1790435572,s6-trojan-grpc,166817,1082,0,0,1.3,27.6,156.6,0.0,-,0,0,0.000
1790435572,__proc__,0,0,0,0,-,-,-,1126.1,10211,15367,71201372,8357.023
1790435602,s1-short,527975,14045,941,941,12.8,114.2,310.2,0.0,-,0,0,0.000
1790435602,s2-long,12,4,0,0,25.7,49.0,100.0,0.0,-,0,0,0.000
1790435602,s3-quic,6344011,13860,4002611,4002611,1.1,2.1,3.8,0.0,-,0,0,0.000
1790435602,s4-mixed-kcp,98104,243,4409915,4409915,53.4,846.4,998.6,0.0,-,0,0,0.000
1790435602,s5-vmess-ws,550666,14715,991,991,2.3,103.6,306.0,0.0,-,0,0,0.000
1790435602,s6-trojan-grpc,166817,1082,0,0,1.3,27.6,156.6,0.0,-,0,0,0.000
1790435602,__proc__,0,0,0,0,-,-,-,1126.1,9947,15001,71364459,8366.037
1790435632,s1-short,529451,14045,3100,3100,9.8,104.8,309.7,0.0,-,0,0,0.000
1790435632,s2-long,12,4,0,0,25.7,49.0,100.0,0.0,-,0,0,0.000
1790435632,s3-quic,6367821,13860,6501717,6501717,1.1,2.1,7.4,0.0,-,0,0,0.000
1790435632,s4-mixed-kcp,98165,243,4225198,4225198,53.8,846.7,998.6,0.0,-,0,0,0.000
1790435632,s5-vmess-ws,552207,14715,3236,3236,1.4,90.4,262.3,0.0,-,0,0,0.000
1790435632,s6-trojan-grpc,166817,1082,0,0,1.3,27.6,156.6,0.0,-,0,0,0.000
1790435632,__proc__,0,0,0,0,-,-,-,1126.2,7090,10720,71618728,8382.687
1790435662,s1-short,530755,14045,2738,2738,10.7,93.1,289.8,0.0,-,0,0,0.000
1790435662,s2-long,12,4,0,0,25.7,49.0,100.0,0.0,-,0,0,0.000
1790435662,s3-quic,6389287,13860,5861649,5861649,1.1,1.9,8.2,0.0,-,0,0,0.000
1790435662,s4-mixed-kcp,98218,243,3969830,3969830,54.1,852.7,1000.0,0.0,-,0,0,0.000
1790435662,s5-vmess-ws,553581,14715,2885,2885,2.0,30.1,222.3,0.0,-,0,0,0.000
1790435662,s6-trojan-grpc,166817,1082,0,0,1.3,27.6,156.6,0.0,-,0,0,0.000
1790435662,__proc__,0,0,0,0,-,-,-,1126.2,4242,6457,71858799,8399.116
1790435692,s1-short,532091,14045,2806,2806,16.5,30.2,93.1,0.0,-,0,0,0.000
1790435692,s2-long,12,4,0,0,25.7,49.0,100.0,0.0,-,0,0,0.000
1790435692,s3-quic,6411490,13860,6062899,6062899,1.0,1.5,7.0,0.0,-,0,0,0.000
1790435692,s4-mixed-kcp,98277,243,3974829,3974829,54.5,858.2,1000.0,0.0,-,0,0,0.000
1790435692,s5-vmess-ws,554986,14715,2950,2950,10.2,25.5,93.1,0.0,-,0,0,0.000
1790435692,s6-trojan-grpc,166817,1082,0,0,1.3,27.6,156.6,0.0,-,0,0,0.000
1790435692,__proc__,0,0,0,0,-,-,-,1126.2,1405,2204,72104282,8415.339
1790435722,s1-short,533421,14045,2793,2793,18.5,32.2,96.3,0.0,-,0,0,0.000
1790435722,s2-long,12,4,0,0,25.7,49.0,100.0,0.0,-,0,0,0.000
1790435722,s3-quic,6434097,13860,6173218,6173218,1.0,1.4,7.3,0.0,-,0,0,0.000
1790435722,s4-mixed-kcp,98562,245,4078024,4078024,53.8,854.8,996.0,0.0,-,0,0,0.000
1790435722,s5-vmess-ws,556393,14715,2955,2955,14.8,26.8,93.7,0.0,-,0,0,0.000
1790435722,s6-trojan-grpc,167690,1089,1833,1833,1.3,27.3,135.5,0.0,-,0,0,0.000
1790435722,__proc__,0,0,0,0,-,-,-,1127.0,2813,4548,72358442,8432.000
1790435752,s1-short,534685,14045,2654,2654,19.0,34.1,98.4,0.0,-,0,0,0.000
1790435752,s2-long,12,4,0,0,25.7,49.0,100.0,0.0,-,0,0,0.000
1790435752,s3-quic,6454444,13860,5556087,5556087,1.1,1.6,8.0,0.0,-,0,0,0.000
1790435752,s4-mixed-kcp,98920,245,3832977,3832977,53.3,847.2,995.9,0.0,-,0,0,0.000
1790435752,s5-vmess-ws,557706,14715,2757,2757,15.5,29.7,94.0,0.0,-,0,0,0.000
1790435752,s6-trojan-grpc,168934,1089,2612,2612,1.4,30.0,156.6,0.0,-,0,0,0.000
1790435752,__proc__,0,0,0,0,-,-,-,1120.5,5120,8299,72586018,8449.890
1790435782,s1-short,535933,14045,2621,2621,19.7,33.3,135.7,0.0,-,0,0,0.000
1790435782,s2-long,12,4,0,0,25.7,49.0,100.0,0.0,-,0,0,0.000
1790435782,s3-quic,6474416,13860,5453687,5453687,1.1,1.8,9.0,0.0,-,0,0,0.000
1790435782,s4-mixed-kcp,99276,245,3631329,3631329,52.7,846.7,997.7,0.0,-,0,0,0.000
1790435782,s5-vmess-ws,559015,14715,2749,2749,16.3,30.5,143.6,0.0,-,0,0,0.000
1790435782,s6-trojan-grpc,170366,1090,3007,3007,1.3,28.9,114.8,0.0,-,0,0,0.000
1790435782,__proc__,0,0,0,0,-,-,-,1117.5,7979,12537,72810346,8468.043
1790435812,s1-short,537049,14083,2344,2344,20.6,34.7,153.9,0.0,-,0,0,0.000
1790435812,s2-long,12,4,0,0,25.7,49.0,100.0,0.0,-,0,0,0.000
1790435812,s3-quic,6493287,13874,5153041,5153041,1.1,1.9,4.1,0.0,-,0,0,0.000
1790435812,s4-mixed-kcp,99584,247,3841901,3841901,52.1,846.5,996.0,0.0,-,0,0,0.000
1790435812,s5-vmess-ws,559762,14720,1569,1569,16.9,32.2,167.5,0.0,-,0,0,0.000
1790435812,s6-trojan-grpc,171573,1102,2535,2535,1.3,26.8,109.9,0.0,-,0,0,0.000
1790435812,__proc__,0,0,0,0,-,-,-,1125.1,10168,15649,73021990,8485.504
1790435842,s1-short,538391,14090,2818,2818,19.8,35.7,153.9,0.0,-,0,0,0.000
1790435842,s2-long,12,4,0,0,25.7,49.0,100.0,0.0,-,0,0,0.000
1790435842,s3-quic,6514585,13875,5815774,5815774,1.1,2.0,9.3,0.0,-,0,0,0.000
1790435842,s4-mixed-kcp,99641,247,4044466,4044466,52.2,846.9,996.0,0.0,-,0,0,0.000
1790435842,s5-vmess-ws,560690,14728,1949,1949,16.7,32.4,167.5,0.0,-,0,0,0.000
1790435842,s6-trojan-grpc,171757,1103,386,386,1.3,27.4,108.3,0.0,-,0,0,0.000
1790435842,__proc__,0,0,0,0,-,-,-,1125.2,10047,15207,73262717,8501.932
1790435872,s1-short,539449,14139,2222,2222,20.0,76.5,176.8,0.0,-,0,0,0.000
1790435872,s2-long,12,4,0,0,25.7,49.0,100.0,0.0,-,0,0,0.000
1790435872,s3-quic,6527597,13892,3553143,3553143,1.8,4.2,12.1,0.0,-,0,0,0.000
1790435872,s4-mixed-kcp,99678,247,3732202,3732202,52.5,863.4,997.7,0.0,-,0,0,0.000
1790435872,s5-vmess-ws,561787,14789,2304,2304,16.1,42.0,184.5,0.0,-,0,0,0.000
1790435872,s6-trojan-grpc,171861,1103,218,218,1.4,27.8,113.0,0.0,-,0,0,0.000
1790435872,__proc__,0,0,0,0,-,-,-,1125.5,10238,15373,73410521,8519.635
1790435902,s1-short,540361,14222,1915,1915,19.4,114.2,199.0,0.0,-,0,0,0.000
1790435902,s2-long,12,4,0,0,25.7,49.0,100.0,0.0,-,0,0,0.000
1790435902,s3-quic,6538716,13933,3036228,3036228,1.8,4.2,11.6,0.0,-,0,0,0.000
1790435902,s4-mixed-kcp,99731,247,3871465,3871465,52.9,879.4,997.8,0.0,-,0,0,0.000
1790435902,s5-vmess-ws,562695,14875,1907,1907,14.0,96.2,191.6,0.0,-,0,0,0.000
1790435902,s6-trojan-grpc,171861,1103,0,0,1.4,27.8,113.0,0.0,-,0,0,0.000
1790435902,__proc__,0,0,0,0,-,-,-,1125.5,10209,15337,73535303,8536.769
1790435932,s1-short,541468,14272,2325,2325,19.4,108.9,214.7,0.0,-,0,0,0.000
1790435932,s2-long,12,4,0,0,25.7,49.0,100.0,0.0,-,0,0,0.000
1790435932,s3-quic,6551202,13954,3409510,3409510,1.8,3.8,10.0,0.0,-,0,0,0.000
1790435932,s4-mixed-kcp,99789,247,3808281,3808281,53.2,890.1,1000.0,0.0,-,0,0,0.000
1790435932,s5-vmess-ws,563803,14955,2327,2327,5.6,92.4,182.0,0.0,-,0,0,0.000
1790435932,s6-trojan-grpc,171861,1103,0,0,1.4,27.8,113.0,0.0,-,0,0,0.000
1790435932,__proc__,0,0,0,0,-,-,-,1125.8,10188,15339,73671194,8554.462
1790435962,s1-short,542342,14375,1835,1835,19.1,115.6,229.9,0.0,-,0,0,0.000
1790435962,s2-long,12,4,0,0,25.7,49.0,100.0,0.0,-,0,0,0.000
1790435962,s3-quic,6564964,13996,3757943,3757943,1.3,2.4,4.1,0.0,-,0,0,0.000
1790435962,s4-mixed-kcp,99843,247,3744379,3744379,53.6,893.6,998.6,0.0,-,0,0,0.000
1790435962,s5-vmess-ws,564759,15059,2008,2008,4.1,104.5,185.7,0.0,-,0,0,0.000
1790435962,s6-trojan-grpc,171861,1103,0,0,1.4,27.8,113.0,0.0,-,0,0,0.000
1790435962,__proc__,0,0,0,0,-,-,-,1126.1,10229,15350,73819904,8570.990
1790435992,s1-short,543401,14457,2224,2224,15.8,112.4,205.0,0.0,-,0,0,0.000
1790435992,s2-long,12,4,0,0,25.7,49.0,100.0,0.0,-,0,0,0.000
1790435992,s3-quic,6581943,14046,4636399,4636399,1.3,2.6,3.6,0.0,-,0,0,0.000
1790435992,s4-mixed-kcp,99900,247,3872816,3872816,54.0,894.8,998.6,0.0,-,0,0,0.000
1790435992,s5-vmess-ws,565771,15163,2125,2125,2.8,103.6,171.4,0.0,-,0,0,0.000
1790435992,s6-trojan-grpc,171861,1103,0,0,1.4,27.8,113.0,0.0,-,0,0,0.000
1790435992,__proc__,0,0,0,0,-,-,-,1126.2,10200,15378,73996114,8587.118
1790436022,s1-short,544587,14492,2491,2491,17.0,98.9,174.3,0.0,-,0,0,0.000
1790436022,s2-long,12,4,0,0,25.7,49.0,100.0,0.0,-,0,0,0.000
1790436022,s3-quic,6596968,14069,4102827,4102827,1.4,3.6,16.5,0.0,-,0,0,0.000
1790436022,s4-mixed-kcp,99949,247,3905044,3905044,54.6,895.2,998.6,0.0,-,0,0,0.000
1790436022,s5-vmess-ws,567044,15192,2673,2673,2.7,79.5,162.4,0.0,-,0,0,0.000
1790436022,s6-trojan-grpc,171861,1103,0,0,1.4,27.8,113.0,0.0,-,0,0,0.000
1790436022,__proc__,0,0,0,0,-,-,-,1126.2,8467,12731,74161203,8603.772
1790436052,s1-short,545847,14492,2646,2646,21.7,64.6,142.1,0.0,-,0,0,0.000
1790436052,s2-long,12,4,0,0,25.7,49.0,100.0,0.0,-,0,0,0.000
1790436052,s3-quic,6611068,14069,3850240,3850240,1.3,2.8,13.5,0.0,-,0,0,0.000
1790436052,s4-mixed-kcp,100003,247,3671659,3671659,55.0,895.3,1000.0,0.0,-,0,0,0.000
1790436052,s5-vmess-ws,568364,15192,2772,2772,4.4,57.1,162.4,0.0,-,0,0,0.000
1790436052,s6-trojan-grpc,171861,1103,0,0,1.4,27.8,113.0,0.0,-,0,0,0.000
1790436052,__proc__,0,0,0,0,-,-,-,1126.2,6022,9053,74316789,8621.056
1790436082,s1-short,547142,14492,2720,2720,25.7,46.3,113.9,0.0,-,0,0,0.000
1790436082,s2-long,12,4,0,0,25.7,49.0,100.0,0.0,-,0,0,0.000
1790436082,s3-quic,6626786,14069,4292062,4292062,1.2,2.6,13.7,0.0,-,0,0,0.000
1790436082,s4-mixed-kcp,100057,247,3755950,3755950,55.6,895.5,1002.3,0.0,-,0,0,0.000
1790436082,s5-vmess-ws,569713,15192,2833,2833,18.2,51.2,152.8,0.0,-,0,0,0.000
1790436082,s6-trojan-grpc,171861,1103,0,0,1.4,27.8,113.0,0.0,-,0,0,0.000
1790436082,__proc__,0,0,0,0,-,-,-,1126.3,3113,4761,74484703,8638.374
1790436112,s1-short,548454,14492,2755,2755,26.9,44.2,99.6,0.0,-,0,0,0.000
1790436112,s2-long,12,4,0,0,25.7,49.0,100.0,0.0,-,0,0,0.000
1790436112,s3-quic,6642849,14069,4386270,4386270,1.3,2.4,15.8,0.0,-,0,0,0.000
1790436112,s4-mixed-kcp,100134,249,3838059,3838059,56.1,895.8,1014.9,0.0,-,0,0,0.000
1790436112,s5-vmess-ws,571096,15192,2904,2904,21.1,51.0,143.1,0.0,-,0,0,0.000
1790436112,s6-trojan-grpc,172021,1109,336,336,1.4,28.0,113.0,0.0,-,0,0,0.000
1790436112,__proc__,0,0,0,0,-,-,-,1126.3,1169,1878,74655708,8655.559
1790436142,s1-short,549750,14492,2722,2722,26.9,43.5,68.1,0.0,-,0,0,0.000
1790436142,s2-long,12,4,0,0,25.7,49.0,100.0,0.0,-,0,0,0.000
1790436142,s3-quic,6657878,14069,4103919,4103919,1.3,2.7,17.9,0.0,-,0,0,0.000
1790436142,s4-mixed-kcp,100477,249,3794312,3794312,56.2,895.8,1040.0,0.0,-,0,0,0.000
1790436142,s5-vmess-ws,572464,15192,2873,2873,20.6,47.1,127.7,0.0,-,0,0,0.000
1790436142,s6-trojan-grpc,173277,1110,2638,2638,1.7,30.5,106.0,0.0,-,0,0,0.000
1790436142,__proc__,0,0,0,0,-,-,-,1126.6,3851,6177,74820017,8673.802
1790436172,s1-short,550957,14492,2535,2535,27.8,43.2,68.1,0.0,-,0,0,0.000
1790436172,s2-long,12,4,0,0,25.7,49.0,100.0,0.0,-,0,0,0.000
1790436172,s3-quic,6671781,14069,3796446,3796446,1.3,3.1,21.1,0.0,-,0,0,0.000
1790436172,s4-mixed-kcp,100801,249,3485606,3485606,56.6,896.0,1044.5,0.0,-,0,0,0.000
1790436172,s5-vmess-ws,573710,15192,2617,2617,21.9,44.9,142.8,0.0,-,0,0,0.000
1790436172,s6-trojan-grpc,174529,1111,2629,2629,1.9,37.7,162.5,0.0,-,0,0,0.000
1790436172,__proc__,0,0,0,0,-,-,-,1110.1,6098,9686,74970311,8693.332
1790436202,s1-short,552165,14492,2537,2537,28.8,43.0,67.1,0.0,-,0,0,0.000
1790436202,s2-long,12,4,0,0,25.7,49.0,100.0,0.0,-,0,0,0.000
1790436202,s3-quic,6685694,14069,3799177,3799177,1.3,2.9,17.9,0.0,-,0,0,0.000
1790436202,s4-mixed-kcp,101113,249,3461291,3461291,57.5,896.0,1044.8,0.0,-,0,0,0.000
1790436202,s5-vmess-ws,574956,15192,2617,2617,23.8,44.4,161.7,0.0,-,0,0,0.000
1790436202,s6-trojan-grpc,175892,1111,2862,2862,2.0,39.5,178.9,0.0,-,0,0,0.000
1790436202,__proc__,0,0,0,0,-,-,-,1120.2,8857,13804,75119875,8712.991
1790436232,s1-short,553124,14544,2014,2014,29.7,46.5,116.0,0.0,-,0,0,0.000
1790436232,s2-long,12,4,0,0,25.7,49.0,100.0,0.0,-,0,0,0.000
1790436232,s3-quic,6696216,14108,2873207,2873207,1.8,3.7,14.7,0.0,-,0,0,0.000
1790436232,s4-mixed-kcp,101307,253,3550875,3550875,58.5,897.1,1045.9,0.0,-,0,0,0.000
1790436232,s5-vmess-ws,575921,15249,2026,2026,25.7,51.6,223.5,0.0,-,0,0,0.000
1790436232,s6-trojan-grpc,176714,1133,1726,1726,2.1,42.1,204.8,0.0,-,0,0,0.000
1790436232,__proc__,0,0,0,0,-,-,-,1125.9,10175,15584,75239570,8731.996
1790436262,s1-short,554360,14544,2596,2596,30.8,51.5,174.0,0.0,-,0,0,0.000
1790436262,s2-long,12,4,0,0,25.7,49.0,100.0,0.0,-,0,0,0.000
1790436262,s3-quic,6707174,14108,2992265,2992265,1.8,4.0,21.5,0.0,-,0,0,0.000
1790436262,s4-mixed-kcp,101358,253,3695985,3695985,59.5,898.4,1045.9,0.0,-,0,0,0.000
1790436262,s5-vmess-ws,577221,15252,2730,2730,25.6,56.4,219.3,0.0,-,0,0,0.000
1790436262,s6-trojan-grpc,176889,1133,368,368,2.1,42.3,208.0,0.0,-,0,0,0.000
1790436262,__proc__,0,0,0,0,-,-,-,1126.3,10189,15380,75363197,8750.561
1790436292,s1-short,555201,14634,1766,1766,29.2,78.5,219.5,0.0,-,0,0,0.000
1790436292,s2-long,12,4,0,0,25.7,49.0,100.0,0.0,-,0,0,0.000
1790436292,s3-quic,6718678,14151,3141359,3141359,1.8,3.6,10.5,0.0,-,0,0,0.000
1790436292,s4-mixed-kcp,101410,253,3858811,3858811,60.5,900.6,1046.3,0.0,-,0,0,0.000
1790436292,s5-vmess-ws,578184,15330,2022,2022,21.7,101.6,235.6,0.0,-,0,0,0.000
1790436292,s6-trojan-grpc,176906,1133,36,36,2.1,42.3,208.0,0.0,-,0,0,0.000
1790436292,__proc__,0,0,0,0,-,-,-,1126.3,10172,15257,75492609,8767.396
1790436322,s1-short,556192,14705,2081,2081,26.9,116.0,222.2,0.0,-,0,0,0.000
1790436322,s2-long,12,4,0,0,25.7,49.0,100.0,0.0,-,0,0,0.000
1790436322,s3-quic,6730226,14168,3153374,3153374,1.9,3.9,11.1,0.0,-,0,0,0.000
1790436322,s4-mixed-kcp,101460,253,3914236,3914236,61.5,902.2,1046.3,0.0,-,0,0,0.000
1790436322,s5-vmess-ws,579285,15406,2312,2312,9.9,109.9,243.9,0.0,-,0,0,0.000
1790436322,s6-trojan-grpc,176906,1133,0,0,2.1,42.3,208.0,0.0,-,0,0,0.000
1790436322,__proc__,0,0,0,0,-,-,-,1126.3,10195,15351,75622662,8784.657
1790436352,s1-short,557201,14771,2119,2119,22.1,123.0,222.2,0.0,-,0,0,0.000
1790436352,s2-long,12,4,0,0,25.7,49.0,100.0,0.0,-,0,0,0.000
1790436352,s3-quic,6741565,14200,3096303,3096303,1.9,4.3,12.3,0.0,-,0,0,0.000
1790436352,s4-mixed-kcp,101516,253,3959782,3959782,63.6,908.0,1046.3,0.0,-,0,0,0.000
1790436352,s5-vmess-ws,580308,15475,2148,2148,4.5,110.1,210.5,0.0,-,0,0,0.000
1790436352,s6-trojan-grpc,176906,1133,0,0,2.1,42.3,208.0,0.0,-,0,0,0.000
1790436352,__proc__,0,0,0,0,-,-,-,1126.3,10186,15321,75752748,8801.920
1790436382,s1-short,558067,14892,1819,1819,17.5,125.2,246.3,0.0,-,0,0,0.000
1790436382,s2-long,12,4,0,0,25.7,49.0,100.0,0.0,-,0,0,0.000
1790436382,s3-quic,6755611,14266,3835494,3835494,1.4,3.2,7.6,0.0,-,0,0,0.000
1790436382,s4-mixed-kcp,101568,253,4061127,4061127,65.8,924.9,1046.3,0.0,-,0,0,0.000
1790436382,s5-vmess-ws,581156,15598,1781,1781,3.7,114.3,223.1,0.0,-,0,0,0.000
1790436382,s6-trojan-grpc,176906,1133,0,0,2.1,42.3,208.0,0.0,-,0,0,0.000
1790436382,__proc__,0,0,0,0,-,-,-,1126.3,10221,15425,75907214,8817.244
1790436412,s1-short,559047,14989,2058,2058,15.4,117.3,235.3,0.0,-,0,0,0.000
1790436412,s2-long,12,4,0,0,25.7,49.0,100.0,0.0,-,0,0,0.000
1790436412,s3-quic,6771646,14325,4378624,4378624,1.4,3.1,6.3,0.0,-,0,0,0.000
1790436412,s4-mixed-kcp,101623,253,4081401,4081401,68.6,929.3,1045.9,0.0,-,0,0,0.000
1790436412,s5-vmess-ws,582183,15697,2157,2157,3.0,104.6,205.2,0.0,-,0,0,0.000
1790436412,s6-trojan-grpc,176906,1133,0,0,2.1,42.3,208.0,0.0,-,0,0,0.000
1790436412,__proc__,0,0,0,0,-,-,-,1126.3,9891,14927,76073858,8832.777
1790436442,s1-short,560371,14989,2780,2780,17.5,104.9,199.7,0.0,-,0,0,0.000
1790436442,s2-long,12,4,0,0,25.7,49.0,100.0,0.0,-,0,0,0.000
1790436442,s3-quic,6787072,14325,4212326,4212326,1.4,3.5,15.0,0.0,-,0,0,0.000
1790436442,s4-mixed-kcp,101672,253,4098553,4098553,73.1,937.3,1046.3,0.0,-,0,0,0.000
1790436442,s5-vmess-ws,583600,15697,2976,2976,3.2,70.2,191.7,0.0,-,0,0,0.000
1790436442,s6-trojan-grpc,176906,1133,0,0,2.1,42.3,208.0,0.0,-,0,0,0.000
1790436442,__proc__,0,0,0,0,-,-,-,1126.3,7359,11100,76239831,8849.901
1790436472,s1-short,561636,14989,2656,2656,23.3,55.4,134.8,0.0,-,0,0,0.000
1790436472,s2-long,12,4,0,0,25.7,49.0,100.0,0.0,-,0,0,0.000
1790436472,s3-quic,6801647,14325,3979947,3979947,1.4,3.3,17.6,0.0,-,0,0,0.000
1790436472,s4-mixed-kcp,101732,253,3755030,3755030,100.0,939.2,1046.8,0.0,-,0,0,0.000
1790436472,s5-vmess-ws,584914,15697,2759,2759,8.2,50.1,136.3,0.0,-,0,0,0.000
1790436472,s6-trojan-grpc,176906,1133,0,0,2.1,42.3,208.0,0.0,-,0,0,0.000
1790436472,__proc__,0,0,0,0,-,-,-,1126.3,4925,7391,76396243,8867.345
1790436502,s1-short,562964,14989,2789,2789,26.4,42.5,60.0,0.0,-,0,0,0.000
1790436502,s2-long,12,4,0,0,25.7,49.0,100.0,0.0,-,0,0,0.000
1790436502,s3-quic,6817812,14325,4414123,4414123,1.3,2.7,15.0,0.0,-,0,0,0.000
1790436502,s4-mixed-kcp,101787,253,3863759,3863759,104.9,939.2,1046.8,0.0,-,0,0,0.000
1790436502,s5-vmess-ws,586309,15697,2930,2930,18.6,45.4,118.1,0.0,-,0,0,0.000
1790436502,s6-trojan-grpc,176906,1133,0,0,2.1,42.3,208.0,0.0,-,0,0,0.000
1790436502,__proc__,0,0,0,0,-,-,-,1126.3,2130,3258,76570175,8884.248
1790436532,s1-short,564280,14989,2764,2764,27.0,41.6,57.6,0.0,-,0,0,0.000
1790436532,s2-long,12,4,0,0,25.7,49.0,100.0,0.0,-,0,0,0.000
1790436532,s3-quic,6834195,14325,4473651,4473651,1.3,2.4,14.7,0.0,-,0,0,0.000
1790436532,s4-mixed-kcp,101942,255,4010736,4010736,99.1,935.9,1046.3,0.0,-,0,0,0.000
1790436532,s5-vmess-ws,587711,15697,2944,2944,20.4,44.2,118.6,0.0,-,0,0,0.000
1790436532,s6-trojan-grpc,177338,1140,907,907,2.2,42.1,208.0,0.0,-,0,0,0.000
1790436532,__proc__,0,0,0,0,-,-,-,1127.3,1683,2721,76745140,8901.353
1790436562,s1-short,565552,14989,2671,2671,27.3,40.5,52.8,0.0,-,0,0,0.000
1790436562,s2-long,12,4,0,0,25.7,49.0,100.0,0.0,-,0,0,0.000
1790436562,s3-quic,6849106,14325,4071697,4071697,1.4,2.9,18.9,0.0,-,0,0,0.000
1790436562,s4-mixed-kcp,102274,255,3824616,3824616,60.3,929.3,1046.3,0.0,-,0,0,0.000
1790436562,s5-vmess-ws,589028,15697,2766,2766,20.8,41.3,111.0,0.0,-,0,0,0.000
1790436562,s6-trojan-grpc,178571,1140,2589,2589,2.2,42.6,181.4,0.0,-,0,0,0.000
1790436562,__proc__,0,0,0,0,-,-,-,1124.3,4176,6757,76906670,8920.222
1790436592,s1-short,566770,14989,2558,2558,28.0,43.1,62.1,0.0,-,0,0,0.000
1790436592,s2-long,12,4,0,0,25.7,49.0,100.0,0.0,-,0,0,0.000
1790436592,s3-quic,6862719,14325,3717257,3717257,1.5,3.3,20.9,0.0,-,0,0,0.000
1790436592,s4-mixed-kcp,102596,255,3619596,3619596,59.5,900.9,1050.8,0.0,-,0,0,0.000
1790436592,s5-vmess-ws,590286,15697,2642,2642,23.0,44.2,152.7,0.0,-,0,0,0.000
1790436592,s6-trojan-grpc,179921,1141,2835,2835,2.4,42.6,181.7,0.0,-,0,0,0.000
1790436592,__proc__,0,0,0,0,-,-,-,1114.5,6913,10830,77054964,8939.900
1790436622,s1-short,567965,14989,2510,2510,29.8,46.0,65.3,0.0,-,0,0,0.000
1790436622,s2-long,12,4,0,0,25.7,49.0,100.0,0.0,-,0,0,0.000
1790436622,s3-quic,6875820,14325,3577446,3577446,1.4,3.2,19.4,0.0,-,0,0,0.000
1790436622,s4-mixed-kcp,102914,255,3632007,3632007,60.2,901.8,1064.7,0.0,-,0,0,0.000
1790436622,s5-vmess-ws,591519,15697,2589,2589,25.5,47.7,176.1,0.0,-,0,0,0.000
1790436622,s6-trojan-grpc,181279,1141,2852,2852,2.3,40.2,175.4,0.0,-,0,0,0.000
1790436622,__proc__,0,0,0,0,-,-,-,1123.0,9521,14734,77196014,8959.571
1790436652,s1-short,568783,15094,1718,1718,29.9,52.5,155.9,0.0,-,0,0,0.000
1790436652,s2-long,12,4,0,0,25.7,49.0,100.0,0.0,-,0,0,0.000
1790436652,s3-quic,6888984,14381,3594650,3594650,1.4,2.8,8.6,0.0,-,0,0,0.000
1790436652,s4-mixed-kcp,103146,264,3679407,3679407,61.2,909.6,1060.3,0.0,-,0,0,0.000
1790436652,s5-vmess-ws,592350,15802,1745,1745,25.5,59.8,220.8,0.0,-,0,0,0.000
1790436652,s6-trojan-grpc,181744,1159,976,976,2.3,42.5,187.5,0.0,-,0,0,0.000
1790436652,__proc__,0,0,0,0,-,-,-,1125.8,10194,15722,77343298,8976.598
1790436682,s1-short,570113,15095,2793,2793,28.1,53.9,164.1,0.0,-,0,0,0.000
1790436682,s2-long,12,4,0,0,25.7,49.0,100.0,0.0,-,0,0,0.000
1790436682,s3-quic,6903486,14381,3960013,3960013,1.4,2.9,16.7,0.0,-,0,0,0.000
1790436682,s4-mixed-kcp,103342,264,4119955,4119955,62.1,909.6,1050.8,0.0,-,0,0,0.000
1790436682,s5-vmess-ws,593774,15802,2990,2990,21.0,54.8,209.7,0.0,-,0,0,0.000
1790436682,s6-trojan-grpc,181744,1159,0,0,2.3,42.5,187.5,0.0,-,0,0,0.000
1790436682,__proc__,0,0,0,0,-,-,-,1125.9,10105,15472,77502908,8994.804
1790436712,s1-short,571426,15095,2757,2757,27.2,48.3,149.3,0.0,-,0,0,0.000
1790436712,s2-long,12,4,0,0,25.7,49.0,100.0,0.0,-,0,0,0.000
1790436712,s3-quic,6917863,14381,3925879,3925879,1.4,3.1,16.4,0.0,-,0,0,0.000
1790436712,s4-mixed-kcp,103539,264,3880278,3880278,62.6,920.2,1060.3,0.0,-,0,0,0.000
1790436712,s5-vmess-ws,595161,15802,2913,2913,17.3,51.3,155.3,0.0,-,0,0,0.000
1790436712,s6-trojan-grpc,181744,1159,0,0,2.3,42.5,187.5,0.0,-,0,0,0.000
1790436712,__proc__,0,0,0,0,-,-,-,1126.0,10113,15508,77661714,9012.649
1790436742,s1-short,572705,15095,2686,2686,27.1,44.7,111.5,0.0,-,0,0,0.000
1790436742,s2-long,12,4,0,0,25.7,49.0,100.0,0.0,-,0,0,0.000
1790436742,s3-quic,6931937,14381,3843140,3843140,1.4,3.6,19.9,0.0,-,0,0,0.000
1790436742,s4-mixed-kcp,103733,264,3874018,3874018,61.8,910.0,1060.3,0.0,-,0,0,0.000
1790436742,s5-vmess-ws,596503,15802,2818,2818,18.8,42.5,118.9,0.0,-,0,0,0.000
1790436742,s6-trojan-grpc,181744,1159,0,0,2.3,42.5,187.5,0.0,-,0,0,0.000
1790436742,__proc__,0,0,0,0,-,-,-,1126.0,10106,15484,77814426,9030.550
1790436772,s1-short,574002,15095,2724,2724,27.8,42.2,84.2,0.0,-,0,0,0.000
1790436772,s2-long,12,4,0,0,25.7,49.0,100.0,0.0,-,0,0,0.000
1790436772,s3-quic,6946379,14381,3943629,3943629,1.4,3.0,17.7,0.0,-,0,0,0.000
1790436772,s4-mixed-kcp,103932,264,3999547,3999547,58.7,897.1,1047.2,0.0,-,0,0,0.000
1790436772,s5-vmess-ws,597877,15802,2885,2885,21.0,43.0,126.6,0.0,-,0,0,0.000
1790436772,s6-trojan-grpc,181744,1159,0,0,2.3,42.5,187.5,0.0,-,0,0,0.000
1790436772,__proc__,0,0,0,0,-,-,-,1126.5,10120,15373,77973659,9048.398
1790436802,s1-short,575324,15095,2776,2776,27.8,42.6,88.4,0.0,-,0,0,0.000
1790436802,s2-long,12,4,0,0,25.7,49.0,100.0,0.0,-,0,0,0.000
1790436802,s3-quic,6961232,14381,4055859,4055859,1.4,3.0,17.3,0.0,-,0,0,0.000
1790436802,s4-mixed-kcp,104135,264,3889239,3889239,56.8,895.3,1046.8,0.0,-,0,0,0.000
1790436802,s5-vmess-ws,599271,15802,2927,2927,20.7,42.7,127.5,0.0,-,0,0,0.000
1790436802,s6-trojan-grpc,181744,1159,0,0,2.3,42.5,187.5,0.0,-,0,0,0.000
1790436802,__proc__,0,0,0,0,-,-,-,1126.5,10090,15432,78135894,9066.127
1790436832,s1-short,576605,15095,2690,2690,27.9,43.8,86.0,0.0,-,0,0,0.000
1790436832,s2-long,12,4,0,0,25.7,49.0,100.0,0.0,-,0,0,0.000
1790436832,s3-quic,6975243,14381,3825937,3825937,1.4,3.8,18.4,0.0,-,0,0,0.000
1790436832,s4-mixed-kcp,104331,264,3800081,3800081,56.6,894.7,1045.9,0.0,-,0,0,0.000
1790436832,s5-vmess-ws,600635,15802,2864,2864,19.4,43.0,125.8,0.0,-,0,0,0.000
1790436832,s6-trojan-grpc,181744,1159,0,0,2.3,42.5,187.5,0.0,-,0,0,0.000
1790436832,__proc__,0,0,0,0,-,-,-,1126.5,9285,14209,78289610,9083.892
1790436862,s1-short,577921,15095,2764,2764,26.8,44.2,79.4,0.0,-,0,0,0.000
1790436862,s2-long,12,4,0,0,25.7,49.0,100.0,0.0,-,0,0,0.000
1790436862,s3-quic,6991723,14381,4500139,4500139,1.2,2.4,12.0,0.0,-,0,0,0.000
1790436862,s4-mixed-kcp,104530,264,3908791,3908791,56.8,895.0,1046.3,0.0,-,0,0,0.000
1790436862,s5-vmess-ws,602011,15802,2890,2890,18.8,45.6,120.6,0.0,-,0,0,0.000
1790436862,s6-trojan-grpc,181744,1159,0,0,2.3,42.5,187.5,0.0,-,0,0,0.000
1790436862,__proc__,0,0,0,0,-,-,-,1126.5,6787,10513,78475123,9101.346
1790436892,s1-short,579151,15095,2583,2583,26.7,48.6,126.1,0.0,-,0,0,0.000
1790436892,s2-long,12,4,0,0,25.7,49.0,100.0,0.0,-,0,0,0.000
1790436892,s3-quic,7005558,14381,3777877,3777877,1.9,5.5,26.4,0.0,-,0,0,0.000
1790436892,s4-mixed-kcp,104728,264,3797841,3797841,57.2,895.1,1045.9,0.0,-,0,0,0.000
1790436892,s5-vmess-ws,603286,15802,2678,2678,19.5,49.8,145.8,0.0,-,0,0,0.000
1790436892,s6-trojan-grpc,181744,1159,0,0,2.3,42.5,187.5,0.0,-,0,0,0.000
1790436892,__proc__,0,0,0,0,-,-,-,1126.2,4053,6372,78632783,9119.580
1790436922,s1-short,580369,15095,2558,2558,27.2,52.9,176.4,0.0,-,0,0,0.000
1790436922,s2-long,12,4,0,0,25.7,49.0,100.0,0.0,-,0,0,0.000
1790436922,s3-quic,7017056,14381,3139721,3139721,1.3,3.2,17.3,0.0,-,0,0,0.000
1790436922,s4-mixed-kcp,104920,264,3698249,3698249,57.7,895.4,1045.0,0.0,-,0,0,0.000
1790436922,s5-vmess-ws,604548,15802,2650,2650,21.0,53.8,197.9,0.0,-,0,0,0.000
1790436922,s6-trojan-grpc,181744,1159,0,0,2.3,42.5,187.5,0.0,-,0,0,0.000
1790436922,__proc__,0,0,0,0,-,-,-,1126.2,1307,2229,78764550,9138.333
1790436952,s1-short,581683,15095,2759,2759,26.5,51.9,187.8,0.0,-,0,0,0.000
1790436952,s2-long,12,4,0,0,25.7,49.0,100.0,0.0,-,0,0,0.000
1790436952,s3-quic,7034359,14381,4724873,4724873,1.1,2.7,12.3,0.0,-,0,0,0.000
1790436952,s4-mixed-kcp,105200,265,4008089,4008089,57.7,895.3,1044.5,0.0,-,0,0,0.000
1790436952,s5-vmess-ws,605923,15802,2888,2888,20.4,52.2,216.3,0.0,-,0,0,0.000
1790436952,s6-trojan-grpc,182589,1167,1774,1774,2.4,41.8,189.3,0.0,-,0,0,0.000
1790436952,__proc__,0,0,0,0,-,-,-,1108.7,2401,4022,78962656,9156.067
1790436982,s1-short,582860,15095,2472,2472,29.6,52.3,210.6,0.0,-,0,0,0.000
1790436982,s2-long,12,4,0,0,25.7,49.0,100.0,0.0,-,0,0,0.000
1790436982,s3-quic,7045714,14381,3100672,3100672,1.2,2.8,14.1,0.0,-,0,0,0.000
1790436982,s4-mixed-kcp,105510,265,3443052,3443052,56.7,893.1,1037.3,0.0,-,0,0,0.000
1790436982,s5-vmess-ws,607136,15802,2547,2547,22.8,53.3,244.2,0.0,-,0,0,0.000
1790436982,s6-trojan-grpc,183889,1167,2730,2730,2.8,47.1,211.6,0.0,-,0,0,0.000
1790436982,__proc__,0,0,0,0,-,-,-,1107.7,5037,8010,79091575,9176.471
1790437012,s1-short,584003,15095,2400,2400,27.9,50.1,162.5,0.0,-,0,0,0.000
1790437012,s2-long,12,4,0,0,25.7,49.0,100.0,0.0,-,0,0,0.000
1790437012,s3-quic,7058333,14381,3445828,3445828,1.4,3.2,17.4,0.0,-,0,0,0.000
1790437012,s4-mixed-kcp,105827,265,3417262,3417262,54.4,846.3,1014.8,0.0,-,0,0,0.000
1790437012,s5-vmess-ws,608318,15802,2482,2482,21.0,48.9,196.6,0.0,-,0,0,0.000
1790437012,s6-trojan-grpc,185184,1167,2720,2720,2.7,50.2,211.6,0.0,-,0,0,0.000
1790437012,__proc__,0,0,0,0,-,-,-,1116.0,7604,11924,79235187,9196.234
1790437042,s1-short,585140,15110,2388,2388,26.8,51.4,204.3,0.0,-,0,0,0.000
1790437042,s2-long,12,4,0,0,25.7,49.0,100.0,0.0,-,0,0,0.000
1790437042,s3-quic,7073952,14389,4265028,4265028,1.1,2.7,11.0,0.0,-,0,0,0.000
1790437042,s4-mixed-kcp,106146,269,3586473,3586473,53.9,841.7,1043.8,0.0,-,0,0,0.000
1790437042,s5-vmess-ws,609506,15816,2495,2495,22.0,52.1,228.0,0.0,-,0,0,0.000
1790437042,s6-trojan-grpc,186494,1177,2751,2751,2.5,48.0,239.4,0.0,-,0,0,0.000
1790437042,__proc__,0,0,0,0,-,-,-,1125.3,10233,15776,79414977,9215.415
1790437072,s1-short,586055,15212,1922,1922,25.5,53.0,215.8,0.0,-,0,0,0.000
1790437072,s2-long,12,4,0,0,25.7,49.0,100.0,0.0,-,0,0,0.000
1790437072,s3-quic,7088847,14470,4067328,4067328,1.2,2.9,13.9,0.0,-,0,0,0.000
1790437072,s4-mixed-kcp,106210,277,3810553,3810553,54.1,846.2,1044.5,0.0,-,0,0,0.000
1790437072,s5-vmess-ws,610486,15914,2058,2058,20.1,55.4,227.7,0.0,-,0,0,0.000
1790437072,s6-trojan-grpc,186600,1224,223,223,2.5,50.2,256.4,0.0,-,0,0,0.000
1790437072,__proc__,0,0,0,0,-,-,-,1125.8,9843,14968,79589083,9230.709
1790437102,s1-short,587396,15212,2816,2816,22.9,52.2,189.2,0.0,-,0,0,0.000
1790437102,s2-long,12,4,0,0,25.7,49.0,100.0,0.0,-,0,0,0.000
1790437102,s3-quic,7106262,14470,4755456,4755456,1.2,2.5,11.0,0.0,-,0,0,0.000
1790437102,s4-mixed-kcp,106267,277,3992377,3992377,54.5,851.9,1044.5,0.0,-,0,0,0.000
1790437102,s5-vmess-ws,611893,15914,2955,2955,16.6,50.3,184.6,0.0,-,0,0,0.000
1790437102,s6-trojan-grpc,186600,1224,0,0,2.5,50.2,256.4,0.0,-,0,0,0.000
1790437102,__proc__,0,0,0,0,-,-,-,1126.1,9851,14893,79786379,9247.824
1790437132,s1-short,588709,15212,2757,2757,20.9,48.3,133.3,0.0,-,0,0,0.000
1790437132,s2-long,12,4,0,0,25.7,49.0,100.0,0.0,-,0,0,0.000
1790437132,s3-quic,7123326,14470,4659610,4659610,1.1,2.5,10.1,0.0,-,0,0,0.000
1790437132,s4-mixed-kcp,106317,277,3911007,3911007,54.8,866.9,1044.6,0.0,-,0,0,0.000
1790437132,s5-vmess-ws,613286,15914,2925,2925,14.5,44.6,121.7,0.0,-,0,0,0.000
1790437132,s6-trojan-grpc,186600,1224,0,0,2.5,50.2,256.4,0.0,-,0,0,0.000
1790437132,__proc__,0,0,0,0,-,-,-,1126.1,9876,14888,79978631,9264.885
1790437162,s1-short,590015,15212,2743,2743,21.4,46.1,88.9,0.0,-,0,0,0.000
1790437162,s2-long,12,4,0,0,25.7,49.0,100.0,0.0,-,0,0,0.000
1790437162,s3-quic,7139187,14470,4331110,4331110,1.2,2.7,12.0,0.0,-,0,0,0.000
1790437162,s4-mixed-kcp,106370,277,3942108,3942108,55.3,888.4,1044.6,0.0,-,0,0,0.000
1790437162,s5-vmess-ws,614666,15914,2898,2898,15.0,44.3,103.7,0.0,-,0,0,0.000
1790437162,s6-trojan-grpc,186600,1224,0,0,2.5,50.2,256.4,0.0,-,0,0,0.000
1790437162,__proc__,0,0,0,0,-,-,-,1126.1,9819,14797,80156157,9282.036
1790437192,s1-short,591329,15212,2759,2759,22.0,45.6,85.0,0.0,-,0,0,0.000
1790437192,s2-long,12,4,0,0,25.7,49.0,100.0,0.0,-,0,0,0.000
1790437192,s3-quic,7157106,14470,4893082,4893082,1.4,3.2,18.2,0.0,-,0,0,0.000
1790437192,s4-mixed-kcp,106422,277,4033529,4033529,55.6,891.7,1044.6,0.0,-,0,0,0.000
1790437192,s5-vmess-ws,616057,15914,2921,2921,15.0,44.2,117.2,0.0,-,0,0,0.000
1790437192,s6-trojan-grpc,186600,1224,0,0,2.5,50.2,256.4,0.0,-,0,0,0.000
1790437192,__proc__,0,0,0,0,-,-,-,1126.1,9821,14804,80354589,9298.987
1790437222,s1-short,592604,15212,2678,2678,24.2,48.6,105.6,0.0,-,0,0,0.000
1790437222,s2-long,12,4,0,0,25.7,49.0,100.0,0.0,-,0,0,0.000
1790437222,s3-quic,7170911,14470,3769685,3769685,1.2,3.1,15.6,0.0,-,0,0,0.000
1790437222,s4-mixed-kcp,106479,277,3851441,3851441,56.2,895.0,1044.9,0.0,-,0,0,0.000
1790437222,s5-vmess-ws,617418,15914,2858,2858,15.8,46.5,133.2,0.0,-,0,0,0.000
1790437222,s6-trojan-grpc,186600,1224,0,0,2.5,50.2,256.4,0.0,-,0,0,0.000
1790437222,__proc__,0,0,0,0,-,-,-,1126.1,9845,14759,80508928,9316.890
1790437252,s1-short,593863,15212,2644,2644,26.0,51.6,152.9,0.0,-,0,0,0.000
1790437252,s2-long,12,4,0,0,25.7,49.0,100.0,0.0,-,0,0,0.000
1790437252,s3-quic,7184609,14470,3740467,3740467,1.1,3.3,14.9,0.0,-,0,0,0.000
1790437252,s4-mixed-kcp,106529,277,3833704,3833704,56.6,895.3,1044.9,0.0,-,0,0,0.000
1790437252,s5-vmess-ws,618753,15914,2804,2804,16.4,51.3,168.1,0.0,-,0,0,0.000
1790437252,s6-trojan-grpc,186600,1224,0,0,2.5,50.2,256.4,0.0,-,0,0,0.000
1790437252,__proc__,0,0,0,0,-,-,-,1126.1,8113,12216,80658612,9334.459
1790437282,s1-short,595127,15212,2654,2654,29.5,52.2,158.2,0.0,-,0,0,0.000
1790437282,s2-long,12,4,0,0,25.7,49.0,100.0,0.0,-,0,0,0.000
1790437282,s3-quic,7197623,14470,3553690,3553690,1.5,3.6,17.8,0.0,-,0,0,0.000
1790437282,s4-mixed-kcp,106576,277,3752260,3752260,56.8,895.7,1045.0,0.0,-,0,0,0.000
1790437282,s5-vmess-ws,620071,15914,2768,2768,19.3,53.7,173.1,0.0,-,0,0,0.000
1790437282,s6-trojan-grpc,186600,1224,0,0,2.5,50.2,256.4,0.0,-,0,0,0.000
1790437282,__proc__,0,0,0,0,-,-,-,1126.1,5534,8326,80803631,9351.789
1790437312,s1-short,596383,15212,2638,2638,29.2,50.4,149.9,0.0,-,0,0,0.000
1790437312,s2-long,12,4,0,0,25.7,49.0,100.0,0.0,-,0,0,0.000
1790437312,s3-quic,7210805,14470,3599565,3599565,1.6,4.0,20.4,0.0,-,0,0,0.000
1790437312,s4-mixed-kcp,106630,277,3768381,3768381,57.5,896.1,1046.4,0.0,-,0,0,0.000
1790437312,s5-vmess-ws,621381,15914,2751,2751,20.9,53.1,181.5,0.0,-,0,0,0.000
1790437312,s6-trojan-grpc,186600,1224,0,0,2.5,50.2,256.4,0.0,-,0,0,0.000
1790437312,__proc__,0,0,0,0,-,-,-,1126.1,2955,4524,80949594,9369.577
1790437342,s1-short,597698,15212,2762,2762,28.0,46.3,67.9,0.0,-,0,0,0.000
1790437342,s2-long,12,4,0,0,25.7,49.0,100.0,0.0,-,0,0,0.000
1790437342,s3-quic,7224028,14470,3610761,3610761,1.6,3.3,16.4,0.0,-,0,0,0.000
1790437342,s4-mixed-kcp,106687,278,3910933,3910933,57.9,896.4,1045.9,0.0,-,0,0,0.000
1790437342,s5-vmess-ws,622764,15914,2904,2904,21.1,48.0,150.2,0.0,-,0,0,0.000
1790437342,s6-trojan-grpc,186600,1225,0,0,2.5,50.2,256.4,0.0,-,0,0,0.000
1790437342,__proc__,0,0,0,0,-,-,-,1126.4,314,535,81098676,9386.929
1790437372,s1-short,598975,15212,2682,2682,29.0,45.6,90.4,0.0,-,0,0,0.000
1790437372,s2-long,12,4,0,0,25.7,49.0,100.0,0.0,-,0,0,0.000
1790437372,s3-quic,7237243,14470,3608576,3608576,1.7,3.6,21.8,0.0,-,0,0,0.000
1790437372,s4-mixed-kcp,106994,279,3815130,3815130,57.9,896.4,1045.5,0.0,-,0,0,0.000
1790437372,s5-vmess-ws,624111,15914,2829,2829,21.7,45.5,129.2,0.0,-,0,0,0.000
1790437372,s6-trojan-grpc,187695,1232,2300,2300,2.2,42.2,207.1,0.0,-,0,0,0.000
1790437372,__proc__,0,0,0,0,-,-,-,1105.8,2984,4751,81250448,9405.595
1790437402,s1-short,600085,15212,2331,2331,30.6,48.9,159.6,0.0,-,0,0,0.000
1790437402,s2-long,12,4,0,0,25.7,49.0,100.0,0.0,-,0,0,0.000
1790437402,s3-quic,7247721,14470,2861193,2861193,1.7,3.7,22.7,0.0,-,0,0,0.000
1790437402,s4-mixed-kcp,107288,279,3256993,3256993,57.7,896.4,1048.5,0.0,-,0,0,0.000
1790437402,s5-vmess-ws,625265,15914,2423,2423,23.1,47.8,205.0,0.0,-,0,0,0.000
1790437402,s6-trojan-grpc,188933,1232,2600,2600,2.3,47.4,276.8,0.0,-,0,0,0.000
1790437402,__proc__,0,0,0,0,-,-,-,1107.3,5445,8566,81368886,9426.593
1790437432,s1-short,601253,15212,2453,2453,31.4,50.0,223.6,0.0,-,0,0,0.000
1790437432,s2-long,12,4,0,0,25.7,49.0,100.0,0.0,-,0,0,0.000
1790437432,s3-quic,7259688,14470,3267789,3267789,1.3,3.1,16.1,0.0,-,0,0,0.000
1790437432,s4-mixed-kcp,107599,279,3398176,3398176,57.7,896.5,1049.5,0.0,-,0,0,0.000
1790437432,s5-vmess-ws,626475,15914,2541,2541,24.1,50.8,256.6,0.0,-,0,0,0.000
1790437432,s6-trojan-grpc,190237,1232,2738,2738,2.7,47.7,285.0,0.0,-,0,0,0.000
1790437432,__proc__,0,0,0,0,-,-,-,1117.8,8060,12540,81504029,9447.013
1790437462,s1-short,602258,15242,2110,2110,33.0,52.5,283.8,0.0,-,0,0,0.000
1790437462,s2-long,12,4,0,0,25.7,49.0,100.0,0.0,-,0,0,0.000
1790437462,s3-quic,7270559,14493,2968508,2968508,1.6,3.6,20.6,0.0,-,0,0,0.000
1790437462,s4-mixed-kcp,107872,282,3263925,3263925,57.9,896.2,1075.2,0.0,-,0,0,0.000
1790437462,s5-vmess-ws,627511,15952,2176,2176,26.9,56.3,308.1,0.0,-,0,0,0.000
1790437462,s6-trojan-grpc,191411,1253,2465,2465,2.9,49.4,340.7,0.0,-,0,0,0.000
1790437462,__proc__,0,0,0,0,-,-,-,1125.4,10235,15809,81626622,9467.349
1790437492,s1-short,603310,15310,2209,2209,31.3,53.4,284.0,0.0,-,0,0,0.000
1790437492,s2-long,12,4,0,0,25.7,49.0,100.0,0.0,-,0,0,0.000
1790437492,s3-quic,7285926,14554,4196215,4196215,1.2,2.8,14.4,0.0,-,0,0,0.000
1790437492,s4-mixed-kcp,107931,287,3843901,3843901,58.3,897.4,1079.6,0.0,-,0,0,0.000
1790437492,s5-vmess-ws,628602,16026,2291,2291,23.8,57.1,284.1,0.0,-,0,0,0.000
1790437492,s6-trojan-grpc,191456,1283,94,94,2.9,52.2,340.7,0.0,-,0,0,0.000
1790437492,__proc__,0,0,0,0,-,-,-,1125.8,9835,14925,81799265,9483.085
1790437522,s1-short,604564,15310,2633,2633,29.0,57.2,167.3,0.0,-,0,0,0.000
1790437522,s2-long,12,4,0,0,25.7,49.0,100.0,0.0,-,0,0,0.000
1790437522,s3-quic,7298045,14554,3309295,3309295,1.8,3.9,23.4,0.0,-,0,0,0.000
1790437522,s4-mixed-kcp,107977,287,3665373,3665373,58.8,898.8,1093.0,0.0,-,0,0,0.000
1790437522,s5-vmess-ws,629950,16026,2831,2831,19.9,57.9,192.9,0.0,-,0,0,0.000
1790437522,s6-trojan-grpc,191456,1283,0,0,2.9,52.2,340.7,0.0,-,0,0,0.000
1790437522,__proc__,0,0,0,0,-,-,-,1125.8,9827,14808,81936520,9501.227
1790437552,s1-short,605846,15310,2692,2692,28.7,54.8,164.3,0.0,-,0,0,0.000
1790437552,s2-long,12,4,0,0,25.7,49.0,100.0,0.0,-,0,0,0.000
1790437552,s3-quic,7311072,14554,3557239,3557239,1.5,3.6,19.0,0.0,-,0,0,0.000
1790437552,s4-mixed-kcp,108029,287,3706706,3706706,59.3,900.8,1093.0,0.0,-,0,0,0.000
1790437552,s5-vmess-ws,631301,16026,2837,2837,18.9,52.3,150.1,0.0,-,0,0,0.000
1790437552,s6-trojan-grpc,191456,1283,0,0,2.9,52.2,340.7,0.0,-,0,0,0.000
1790437552,__proc__,0,0,0,0,-,-,-,1125.8,9868,14823,82084902,9518.804
1790437582,s1-short,607150,15310,2738,2738,28.8,48.9,145.4,0.0,-,0,0,0.000
1790437582,s2-long,12,4,0,0,25.7,49.0,100.0,0.0,-,0,0,0.000
1790437582,s3-quic,7325424,14554,3919053,3919053,1.4,3.2,16.6,0.0,-,0,0,0.000
1790437582,s4-mixed-kcp,108076,287,3828203,3828203,60.0,920.2,1093.0,0.0,-,0,0,0.000
1790437582,s5-vmess-ws,632681,16026,2898,2898,18.9,50.0,144.8,0.0,-,0,0,0.000
1790437582,s6-trojan-grpc,191456,1283,0,0,2.9,52.2,340.7,0.0,-,0,0,0.000
1790437582,__proc__,0,0,0,0,-,-,-,1125.8,9808,14761,82242452,9536.170
1790437612,s1-short,608422,15310,2671,2671,28.5,49.2,131.7,0.0,-,0,0,0.000
1790437612,s2-long,12,4,0,0,25.7,49.0,100.0,0.0,-,0,0,0.000
1790437612,s3-quic,7339999,14554,3979947,3979947,1.4,2.8,14.7,0.0,-,0,0,0.000
1790437612,s4-mixed-kcp,108129,287,3655269,3655269,60.7,931.0,1093.1,0.0,-,0,0,0.000
1790437612,s5-vmess-ws,634025,16026,2822,2822,19.4,50.1,135.8,0.0,-,0,0,0.000
1790437612,s6-trojan-grpc,191456,1283,0,0,2.9,52.2,340.7,0.0,-,0,0,0.000
1790437612,__proc__,0,0,0,0,-,-,-,1125.8,9818,14794,82401461,9553.722
1790437642,s1-short,609735,15310,2757,2757,27.3,44.5,85.7,0.0,-,0,0,0.000
1790437642,s2-long,12,4,0,0,25.7,49.0,100.0,0.0,-,0,0,0.000
1790437642,s3-quic,7356079,14554,4390912,4390912,1.1,1.7,8.5,0.0,-,0,0,0.000
1790437642,s4-mixed-kcp,108181,287,3758654,3758654,61.4,934.8,1094.1,0.0,-,0,0,0.000
1790437642,s5-vmess-ws,635405,16026,2898,2898,18.9,47.4,129.2,0.0,-,0,0,0.000
1790437642,s6-trojan-grpc,191456,1283,0,0,2.9,52.2,340.7,0.0,-,0,0,0.000
1790437642,__proc__,0,0,0,0,-,-,-,1125.8,9842,14858,82580328,9570.978
1790437672,s1-short,611008,15310,2673,2673,25.1,52.6,113.7,0.0,-,0,0,0.000
1790437672,s2-long,12,4,0,0,25.7,49.0,100.0,0.0,-,0,0,0.000
1790437672,s3-quic,7373773,14554,4831642,4831642,1.4,4.3,19.7,0.0,-,0,0,0.000
1790437672,s4-mixed-kcp,108235,287,3745835,3745835,62.4,935.6,1094.1,0.0,-,0,0,0.000
1790437672,s5-vmess-ws,636738,16026,2799,2799,17.8,54.6,135.8,0.0,-,0,0,0.000
1790437672,s6-trojan-grpc,191456,1283,0,0,2.9,52.2,340.7,0.0,-,0,0,0.000
1790437672,__proc__,0,0,0,0,-,-,-,1125.8,7610,11459,82776942,9588.248
1790437702,s1-short,612231,15310,2568,2568,25.4,52.4,112.2,0.0,-,0,0,0.000
1790437702,s2-long,12,4,0,0,25.7,49.0,100.0,0.0,-,0,0,0.000
1790437702,s3-quic,7386871,14554,3576627,3576627,1.7,4.1,21.1,0.0,-,0,0,0.000
1790437702,s4-mixed-kcp,108287,287,3511162,3511162,63.5,941.9,1094.6,0.0,-,0,0,0.000
1790437702,s5-vmess-ws,638031,16026,2715,2715,18.0,54.4,144.7,0.0,-,0,0,0.000
1790437702,s6-trojan-grpc,191456,1283,0,0,2.9,52.2,340.7,0.0,-,0,0,0.000
1790437702,__proc__,0,0,0,0,-,-,-,1125.8,5148,7702,82923219,9606.407
1790437732,s1-short,613479,15310,2621,2621,25.9,53.3,136.6,0.0,-,0,0,0.000
1790437732,s2-long,12,4,0,0,25.7,49.0,100.0,0.0,-,0,0,0.000
1790437732,s3-quic,7399663,14554,3493069,3493069,1.3,2.9,13.1,0.0,-,0,0,0.000
1790437732,s4-mixed-kcp,108333,287,3616481,3616481,64.5,944.0,1095.3,0.0,-,0,0,0.000
1790437732,s5-vmess-ws,639349,16026,2768,2768,18.0,56.7,179.6,0.0,-,0,0,0.000
1790437732,s6-trojan-grpc,191456,1283,0,0,2.9,52.2,340.7,0.0,-,0,0,0.000
1790437732,__proc__,0,0,0,0,-,-,-,1125.8,2535,3859,83065607,9624.132
1790437762,s1-short,614824,15310,2824,2824,24.8,49.0,110.4,0.0,-,0,0,0.000
1790437762,s2-long,12,4,0,0,25.7,49.0,100.0,0.0,-,0,0,0.000
1790437762,s3-quic,7421866,14554,6062899,6062899,1.1,2.0,9.6,0.0,-,0,0,0.000
1790437762,s4-mixed-kcp,108398,288,3878913,3878913,65.6,944.0,1094.8,0.0,-,0,0,0.000
1790437762,s5-vmess-ws,640770,16026,2984,2984,16.3,49.8,169.8,0.0,-,0,0,0.000
1790437762,s6-trojan-grpc,191479,1285,48,48,2.9,52.3,340.7,0.0,-,0,0,0.000
1790437762,__proc__,0,0,0,0,-,-,-,1126.3,318,617,83308432,9640.435
1790437792,s1-short,616112,15310,2705,2705,24.2,45.1,87.6,0.0,-,0,0,0.000
1790437792,s2-long,12,4,0,0,25.7,49.0,100.0,0.0,-,0,0,0.000
1790437792,s3-quic,7437961,14554,4395008,4395008,1.8,4.0,25.8,0.0,-,0,0,0.000
1790437792,s4-mixed-kcp,108723,289,3634424,3634424,64.5,943.8,1095.3,0.0,-,0,0,0.000
1790437792,s5-vmess-ws,642125,16026,2846,2846,15.9,42.7,150.3,0.0,-,0,0,0.000
1790437792,s6-trojan-grpc,192731,1291,2629,2629,2.7,46.2,266.3,0.0,-,0,0,0.000
1790437792,__proc__,0,0,0,0,-,-,-,1105.9,3325,5303,83491564,9658.666
1790437822,s1-short,617265,15310,2421,2421,23.5,46.5,86.9,0.0,-,0,0,0.000
1790437822,s2-long,12,4,0,0,25.7,49.0,100.0,0.0,-,0,0,0.000
1790437822,s3-quic,7450703,14554,3479415,3479415,1.3,3.5,17.7,0.0,-,0,0,0.000
1790437822,s4-mixed-kcp,109038,289,3451057,3451057,62.7,942.4,1095.3,0.0,-,0,0,0.000
1790437822,s5-vmess-ws,643317,16026,2503,2503,16.9,45.2,180.4,0.0,-,0,0,0.000
1790437822,s6-trojan-grpc,194029,1291,2726,2726,2.7,45.5,252.2,0.0,-,0,0,0.000
1790437822,__proc__,0,0,0,0,-,-,-,1109.7,5899,9327,83632698,9678.763
1790437852,s1-short,618457,15310,2503,2503,26.3,47.3,96.5,0.0,-,0,0,0.000
1790437852,s2-long,12,4,0,0,25.7,49.0,100.0,0.0,-,0,0,0.000
1790437852,s3-quic,7465311,14554,3988958,3988958,1.1,2.9,14.1,0.0,-,0,0,0.000
1790437852,s4-mixed-kcp,109355,289,3479243,3479243,62.6,943.7,1096.1,0.0,-,0,0,0.000
1790437852,s5-vmess-ws,644538,16026,2564,2564,20.9,47.2,213.0,0.0,-,0,0,0.000
1790437852,s6-trojan-grpc,195370,1291,2816,2816,2.5,45.2,238.5,0.0,-,0,0,0.000
1790437852,__proc__,0,0,0,0,-,-,-,1119.6,8677,13573,83796925,9698.230
1790437882,s1-short,619463,15376,2113,2113,27.5,50.6,181.6,0.0,-,0,0,0.000
1790437882,s2-long,12,4,0,0,25.7,49.0,100.0,0.0,-,0,0,0.000
1790437882,s3-quic,7482292,14574,4636945,4636945,1.1,2.7,6.4,0.0,-,0,0,0.000
1790437882,s4-mixed-kcp,109631,291,3554975,3554975,62.2,944.0,1095.3,0.0,-,0,0,0.000
1790437882,s5-vmess-ws,645559,16108,2144,2144,22.8,53.3,245.9,0.0,-,0,0,0.000
1790437882,s6-trojan-grpc,196241,1303,1829,1829,2.3,43.6,231.7,0.0,-,0,0,0.000
1790437882,__proc__,0,0,0,0,-,-,-,1125.9,10204,15810,83982754,9716.425
1790437912,s1-short,620743,15377,2688,2688,24.1,51.7,186.5,0.0,-,0,0,0.000
1790437912,s2-long,12,4,0,0,25.7,49.0,100.0,0.0,-,0,0,0.000
1790437912,s3-quic,7499901,14575,4808431,4808431,1.2,3.1,11.1,0.0,-,0,0,0.000
1790437912,s4-mixed-kcp,109832,291,3786729,3786729,61.9,944.7,1095.3,0.0,-,0,0,0.000
1790437912,s5-vmess-ws,646886,16111,2787,2787,18.3,52.4,234.3,0.0,-,0,0,0.000
1790437912,s6-trojan-grpc,196241,1303,0,0,2.3,43.6,231.7,0.0,-,0,0,0.000
1790437912,__proc__,0,0,0,0,-,-,-,1126.3,10010,15357,84178787,9734.292
1790437942,s1-short,622055,15377,2755,2755,21.9,49.4,160.7,0.0,-,0,0,0.000
1790437942,s2-long,12,4,0,0,25.7,49.0,100.0,0.0,-,0,0,0.000
1790437942,s3-quic,7517543,14575,4817442,4817442,1.2,3.0,13.5,0.0,-,0,0,0.000
1790437942,s4-mixed-kcp,110037,291,3810448,3810448,62.1,944.4,1094.5,0.0,-,0,0,0.000
1790437942,s5-vmess-ws,648262,16111,2890,2890,16.8,47.3,149.3,0.0,-,0,0,0.000
1790437942,s6-trojan-grpc,196241,1303,0,0,2.3,43.6,231.7,0.0,-,0,0,0.000
1790437942,__proc__,0,0,0,0,-,-,-,1126.3,9967,15221,84378050,9751.477
1790437972,s1-short,623338,15377,2694,2694,22.1,53.1,129.1,0.0,-,0,0,0.000
1790437972,s2-long,12,4,0,0,25.7,49.0,100.0,0.0,-,0,0,0.000
1790437972,s3-quic,7533418,14575,4334933,4334933,1.5,3.6,18.4,0.0,-,0,0,0.000
1790437972,s4-mixed-kcp,110236,291,3706265,3706265,62.5,944.4,1094.1,0.0,-,0,0,0.000
1790437972,s5-vmess-ws,649614,16111,2839,2839,16.2,46.8,112.1,0.0,-,0,0,0.000
1790437972,s6-trojan-grpc,196241,1303,0,0,2.3,43.6,231.7,0.0,-,0,0,0.000
1790437972,__proc__,0,0,0,0,-,-,-,1126.3,10048,15261,84556612,9769.355
1790438002,s1-short,624654,15377,2764,2764,22.2,48.7,96.4,0.0,-,0,0,0.000
1790438002,s2-long,12,4,0,0,25.7,49.0,100.0,0.0,-,0,0,0.000
1790438002,s3-quic,7551656,14575,4980190,4980190,1.2,2.8,13.1,0.0,-,0,0,0.000
1790438002,s4-mixed-kcp,110441,291,3831789,3831789,59.5,941.9,1094.1,0.0,-,0,0,0.000
1790438002,s5-vmess-ws,651014,16111,2940,2940,16.0,47.1,109.9,0.0,-,0,0,0.000
1790438002,s6-trojan-grpc,196241,1303,0,0,2.3,43.6,231.7,0.0,-,0,0,0.000
1790438002,__proc__,0,0,0,0,-,-,-,1126.3,10016,15358,84760613,9786.962
1790438032,s1-short,625903,15377,2623,2623,24.2,52.4,123.0,0.0,-,0,0,0.000
1790438032,s2-long,12,4,0,0,25.7,49.0,100.0,0.0,-,0,0,0.000
1790438032,s3-quic,7564274,14575,3445555,3445555,1.7,4.1,23.4,0.0,-,0,0,0.000
1790438032,s4-mixed-kcp,110628,291,3640328,3640328,57.6,930.2,1093.0,0.0,-,0,0,0.000
1790438032,s5-vmess-ws,652320,16111,2743,2743,16.8,50.7,139.6,0.0,-,0,0,0.000
1790438032,s6-trojan-grpc,196241,1303,0,0,2.3,43.6,231.7,0.0,-,0,0,0.000
1790438032,__proc__,0,0,0,0,-,-,-,1126.3,10013,15379,84904087,9805.546
1790438062,s1-short,627185,15377,2692,2692,24.9,51.7,126.1,0.0,-,0,0,0.000
1790438062,s2-long,12,4,0,0,25.7,49.0,100.0,0.0,-,0,0,0.000
1790438062,s3-quic,7578885,14575,3989777,3989777,1.2,3.2,15.3,0.0,-,0,0,0.000
1790438062,s4-mixed-kcp,110828,291,3695532,3695532,55.9,897.4,1093.0,0.0,-,0,0,0.000
1790438062,s5-vmess-ws,653676,16111,2848,2848,17.3,49.9,146.2,0.0,-,0,0,0.000
1790438062,s6-trojan-grpc,196241,1303,0,0,2.3,43.6,231.7,0.0,-,0,0,0.000
1790438062,__proc__,0,0,0,0,-,-,-,1126.3,9941,15219,85070327,9823.700
1790438092,s1-short,628462,15377,2682,2682,26.7,53.9,143.3,0.0,-,0,0,0.000
1790438092,s2-long,12,4,0,0,25.7,49.0,100.0,0.0,-,0,0,0.000
1790438092,s3-quic,7592856,14575,3815014,3815014,1.2,4.1,16.7,0.0,-,0,0,0.000
1790438092,s4-mixed-kcp,111027,291,3749850,3749850,56.2,900.7,1092.2,0.0,-,0,0,0.000
1790438092,s5-vmess-ws,655017,16111,2816,2816,18.8,51.7,154.0,0.0,-,0,0,0.000
1790438092,s6-trojan-grpc,196241,1303,0,0,2.3,43.6,231.7,0.0,-,0,0,0.000
1790438092,__proc__,0,0,0,0,-,-,-,1126.4,7449,11472,85228038,9841.962
1790438122,s1-short,629661,15377,2518,2518,29.7,53.6,158.9,0.0,-,0,0,0.000
1790438122,s2-long,12,4,0,0,25.7,49.0,100.0,0.0,-,0,0,0.000
1790438122,s3-quic,7603152,14575,2811494,2811494,1.9,4.9,24.3,0.0,-,0,0,0.000
1790438122,s4-mixed-kcp,111210,291,3435129,3435129,56.3,900.8,1093.6,0.0,-,0,0,0.000
1790438122,s5-vmess-ws,656259,16111,2608,2608,21.2,53.8,170.9,0.0,-,0,0,0.000
1790438122,s6-trojan-grpc,196241,1303,0,0,2.3,43.6,231.7,0.0,-,0,0,0.000
1790438122,__proc__,0,0,0,0,-,-,-,1126.4,4819,7513,85349401,9861.293
1790438152,s1-short,630935,15377,2675,2675,30.4,52.0,142.0,0.0,-,0,0,0.000
1790438152,s2-long,12,4,0,0,25.7,49.0,100.0,0.0,-,0,0,0.000
1790438152,s3-quic,7615557,14575,3387392,3387392,1.8,4.6,22.7,0.0,-,0,0,0.000
1790438152,s4-mixed-kcp,111399,291,3587477,3587477,56.9,900.7,1079.6,0.0,-,0,0,0.000
1790438152,s5-vmess-ws,657583,16111,2780,2780,23.8,53.8,186.2,0.0,-,0,0,0.000
1790438152,s6-trojan-grpc,196241,1303,0,0,2.3,43.6,231.7,0.0,-,0,0,0.000
1790438152,__proc__,0,0,0,0,-,-,-,1126.4,2133,3467,85492640,9879.917
1790438182,s1-short,632218,15377,2694,2694,30.9,49.8,158.4,0.0,-,0,0,0.000
1790438182,s2-long,12,4,0,0,25.7,49.0,100.0,0.0,-,0,0,0.000
1790438182,s3-quic,7627602,14575,3289088,3289088,1.7,3.8,22.5,0.0,-,0,0,0.000
1790438182,s4-mixed-kcp,111645,292,3834089,3834089,57.0,900.8,1054.4,0.0,-,0,0,0.000
1790438182,s5-vmess-ws,658939,16111,2848,2848,24.3,53.5,190.8,0.0,-,0,0,0.000
1790438182,s6-trojan-grpc,196710,1311,985,985,2.3,44.2,223.2,0.0,-,0,0,0.000
1790438182,__proc__,0,0,0,0,-,-,-,1114.0,1573,2714,85630265,9898.673
1790438212,s1-short,633408,15377,2499,2499,30.8,48.1,165.5,0.0,-,0,0,0.000
1790438212,s2-long,12,4,0,0,25.7,49.0,100.0,0.0,-,0,0,0.000
1790438212,s3-quic,7639350,14575,3207987,3207987,1.6,3.6,21.6,0.0,-,0,0,0.000
1790438212,s4-mixed-kcp,111955,292,3509352,3509352,56.8,901.8,1054.2,0.0,-,0,0,0.000
1790438212,s5-vmess-ws,660174,16111,2594,2594,23.5,48.9,191.0,0.0,-,0,0,0.000
1790438212,s6-trojan-grpc,198035,1311,2782,2782,2.2,45.4,208.8,0.0,-,0,0,0.000
1790438212,__proc__,0,0,0,0,-,-,-,1110.0,4375,7080,85766021,9918.673
1790438242,s1-short,634559,15377,2417,2417,30.6,49.8,213.6,0.0,-,0,0,0.000
1790438242,s2-long,12,4,0,0,25.7,49.0,100.0,0.0,-,0,0,0.000
1790438242,s3-quic,7651262,14575,3252770,3252770,1.4,3.6,17.8,0.0,-,0,0,0.000
1790438242,s4-mixed-kcp,112270,292,3293185,3293185,54.2,893.7,1045.8,0.0,-,0,0,0.000
1790438242,s5-vmess-ws,661367,16111,2505,2505,24.1,51.1,207.4,0.0,-,0,0,0.000
1790438242,s6-trojan-grpc,199337,1311,2734,2734,2.4,45.2,189.6,0.0,-,0,0,0.000
1790438242,__proc__,0,0,0,0,-,-,-,1113.9,6976,10904,85899569,9938.967
1790438272,s1-short,635665,15377,2323,2323,31.6,54.1,340.1,0.0,-,0,0,0.000
1790438272,s2-long,12,4,0,0,25.7,49.0,100.0,0.0,-,0,0,0.000
1790438272,s3-quic,7661711,14575,2853274,2853274,1.3,3.1,16.4,0.0,-,0,0,0.000
1790438272,s4-mixed-kcp,112567,292,3402086,3402086,53.4,845.9,1045.6,0.0,-,0,0,0.000
1790438272,s5-vmess-ws,662508,16111,2396,2396,26.2,53.9,276.3,0.0,-,0,0,0.000
1790438272,s6-trojan-grpc,200580,1311,2610,2610,2.9,47.3,246.8,0.0,-,0,0,0.000
1790438272,__proc__,0,0,0,0,-,-,-,1122.6,9394,14546,86019204,9960.019
1790438302,s1-short,636370,15503,1480,1480,31.6,64.8,417.5,0.0,-,0,0,0.000
1790438302,s2-long,12,4,0,0,25.7,49.0,100.0,0.0,-,0,0,0.000
1790438302,s3-quic,7671325,14665,2625263,2625263,1.3,3.5,8.5,0.0,-,0,0,0.000
1790438302,s4-mixed-kcp,112758,300,3336060,3336060,53.8,850.4,1048.6,0.0,-,0,0,0.000
1790438302,s5-vmess-ws,663271,16230,1602,1602,25.6,68.4,317.2,0.0,-,0,0,0.000
1790438302,s6-trojan-grpc,201114,1345,1121,1121,2.9,49.0,280.5,0.0,-,0,0,0.000
1790438302,__proc__,0,0,0,0,-,-,-,1126.1,10134,15516,86133326,9977.582
1790438332,s1-short,637648,15503,2684,2684,30.1,77.6,375.1,0.0,-,0,0,0.000
1790438332,s2-long,12,4,0,0,25.7,49.0,100.0,0.0,-,0,0,0.000
1790438332,s3-quic,7683179,14665,3236932,3236932,2.1,6.0,21.7,0.0,-,0,0,0.000
1790438332,s4-mixed-kcp,112952,301,3822640,3822640,53.9,846.8,1047.0,0.0,-,0,0,0.000
1790438332,s5-vmess-ws,664617,16231,2827,2827,22.8,72.9,299.6,0.0,-,0,0,0.000
1790438332,s6-trojan-grpc,201114,1345,0,0,2.9,49.0,280.5,0.0,-,0,0,0.000
1790438332,__proc__,0,0,0,0,-,-,-,1126.6,10132,15443,86267879,9996.544
1790438362,s1-short,638913,15514,2656,2656,27.3,83.7,318.8,0.0,-,0,0,0.000
1790438362,s2-long,12,4,0,0,25.7,49.0,100.0,0.0,-,0,0,0.000
1790438362,s3-quic,7699070,14665,4339302,4339302,1.2,2.5,8.9,0.0,-,0,0,0.000
1790438362,s4-mixed-kcp,113152,301,3793622,3793622,53.8,850.9,1046.4,0.0,-,0,0,0.000
1790438362,s5-vmess-ws,665930,16253,2757,2757,15.1,73.3,260.5,0.0,-,0,0,0.000
1790438362,s6-trojan-grpc,201114,1345,0,0,2.9,49.0,280.5,0.0,-,0,0,0.000
1790438362,__proc__,0,0,0,0,-,-,-,1126.8,10183,15608,86446432,10014.621
1790438392,s1-short,640137,15535,2570,2570,23.2,75.9,218.5,0.0,-,0,0,0.000
1790438392,s2-long,12,4,0,0,25.7,49.0,100.0,0.0,-,0,0,0.000
1790438392,s3-quic,7713768,14670,4013534,4013534,1.9,4.4,24.7,0.0,-,0,0,0.000
1790438392,s4-mixed-kcp,113347,303,3826841,3826841,54.0,852.4,1046.2,0.0,-,0,0,0.000
1790438392,s5-vmess-ws,667187,16285,2640,2640,9.0,54.5,147.4,0.0,-,0,0,0.000
1790438392,s6-trojan-grpc,201114,1345,0,0,2.9,49.0,280.5,0.0,-,0,0,0.000
1790438392,__proc__,0,0,0,0,-,-,-,1127.2,10140,15479,86610556,10032.672
1790438422,s1-short,641370,15556,2589,2589,21.6,54.4,170.3,0.0,-,0,0,0.000
1790438422,s2-long,12,4,0,0,25.7,49.0,100.0,0.0,-,0,0,0.000
1790438422,s3-quic,7728954,14673,4146790,4146790,1.3,3.3,11.1,0.0,-,0,0,0.000
1790438422,s4-mixed-kcp,113559,303,3900424,3900424,54.2,852.4,1046.2,0.0,-,0,0,0.000
1790438422,s5-vmess-ws,668483,16312,2722,2722,6.9,51.4,149.3,0.0,-,0,0,0.000
1790438422,s6-trojan-grpc,201114,1345,0,0,2.9,49.0,280.5,0.0,-,0,0,0.000
1790438422,__proc__,0,0,0,0,-,-,-,1127.2,10169,15561,86781045,10050.745
1790438452,s1-short,642657,15570,2703,2703,19.3,53.7,131.7,0.0,-,0,0,0.000
1790438452,s2-long,12,4,0,0,25.7,49.0,100.0,0.0,-,0,0,0.000
1790438452,s3-quic,7746204,14675,4710400,4710400,1.1,2.6,10.8,0.0,-,0,0,0.000
1790438452,s4-mixed-kcp,113688,304,3799232,3799232,54.4,852.4,1046.2,0.0,-,0,0,0.000
1790438452,s5-vmess-ws,669815,16338,2797,2797,5.9,48.1,147.4,0.0,-,0,0,0.000
1790438452,s6-trojan-grpc,201114,1345,0,0,2.9,49.0,280.5,0.0,-,0,0,0.000
1790438452,__proc__,0,0,0,0,-,-,-,1127.7,10039,15326,86970399,10068.428
1790438482,s1-short,643987,15570,2793,2793,20.8,47.6,117.9,0.0,-,0,0,0.000
1790438482,s2-long,12,4,0,0,25.7,49.0,100.0,0.0,-,0,0,0.000
1790438482,s3-quic,7765611,14675,5299405,5299405,1.1,2.7,11.3,0.0,-,0,0,0.000
1790438482,s4-mixed-kcp,113739,304,3982622,3982622,54.8,852.6,1046.2,0.0,-,0,0,0.000
1790438482,s5-vmess-ws,671198,16338,2904,2904,12.4,45.1,116.4,0.0,-,0,0,0.000
1790438482,s6-trojan-grpc,201114,1345,0,0,2.9,49.0,280.5,0.0,-,0,0,0.000
1790438482,__proc__,0,0,0,0,-,-,-,1127.0,8916,13434,87186992,10084.929
1790438512,s1-short,645279,15570,2713,2713,20.5,46.8,109.0,0.0,-,0,0,0.000
1790438512,s2-long,12,4,0,0,25.7,49.0,100.0,0.0,-,0,0,0.000
1790438512,s3-quic,7782718,14675,4671351,4671351,1.2,2.9,11.5,0.0,-,0,0,0.000
1790438512,s4-mixed-kcp,113788,304,3828892,3828892,55.2,858.1,1045.8,0.0,-,0,0,0.000
1790438512,s5-vmess-ws,672560,16338,2860,2860,14.4,45.2,115.6,0.0,-,0,0,0.000
1790438512,s6-trojan-grpc,201114,1345,0,0,2.9,49.0,280.5,0.0,-,0,0,0.000
1790438512,__proc__,0,0,0,0,-,-,-,1127.0,6300,9573,87378201,10102.000
1790438542,s1-short,646591,15570,2755,2755,20.5,43.9,97.5,0.0,-,0,0,0.000
1790438542,s2-long,12,4,0,0,25.7,49.0,100.0,0.0,-,0,0,0.000
1790438542,s3-quic,7801891,14675,5235507,5235507,1.1,2.3,9.0,0.0,-,0,0,0.000
1790438542,s4-mixed-kcp,113837,304,3916957,3916957,55.6,893.7,1045.2,0.0,-,0,0,0.000
1790438542,s5-vmess-ws,673944,16338,2906,2906,15.4,44.3,106.4,0.0,-,0,0,0.000
1790438542,s6-trojan-grpc,201114,1345,0,0,2.9,49.0,280.5,0.0,-,0,0,0.000
1790438542,__proc__,0,0,0,0,-,-,-,1127.0,3656,5543,87592917,10118.702
1790438572,s1-short,647887,15570,2722,2722,22.2,45.9,97.5,0.0,-,0,0,0.000
1790438572,s2-long,12,4,0,0,25.7,49.0,100.0,0.0,-,0,0,0.000
1790438572,s3-quic,7816921,14675,4104192,4104192,1.4,3.1,14.9,0.0,-,0,0,0.000
1790438572,s4-mixed-kcp,113894,304,3763962,3763962,56.0,894.2,1045.8,0.0,-,0,0,0.000
1790438572,s5-vmess-ws,675298,16338,2843,2843,16.1,46.3,117.1,0.0,-,0,0,0.000
1790438572,s6-trojan-grpc,201114,1345,0,0,2.9,49.0,280.5,0.0,-,0,0,0.000
1790438572,__proc__,0,0,0,0,-,-,-,1127.0,1157,1773,87762818,10136.108
1790438602,s1-short,649215,15570,2789,2789,23.2,43.3,77.0,0.0,-,0,0,0.000
1790438602,s2-long,12,4,0,0,25.7,49.0,100.0,0.0,-,0,0,0.000
1790438602,s3-quic,7834126,14675,4698112,4698112,1.1,1.9,9.8,0.0,-,0,0,0.000
1790438602,s4-mixed-kcp,114046,305,3874165,3874165,56.3,895.1,1045.8,0.0,-,0,0,0.000
1790438602,s5-vmess-ws,676713,16338,2972,2972,16.4,42.7,101.5,0.0,-,0,0,0.000
1790438602,s6-trojan-grpc,201788,1353,1415,1415,2.8,48.6,277.2,0.0,-,0,0,0.000
1790438602,__proc__,0,0,0,0,-,-,-,1115.1,1759,2837,87956562,10153.077
1790438632,s1-short,650414,15570,2518,2518,25.1,43.8,70.7,0.0,-,0,0,0.000
1790438632,s2-long,12,4,0,0,25.7,49.0,100.0,0.0,-,0,0,0.000
1790438632,s3-quic,7847952,14675,3775420,3775420,1.7,3.7,24.2,0.0,-,0,0,0.000
1790438632,s4-mixed-kcp,114229,305,3609068,3609068,56.4,895.1,1046.0,0.0,-,0,0,0.000
1790438632,s5-vmess-ws,677948,16338,2594,2594,19.1,44.6,148.7,0.0,-,0,0,0.000
1790438632,s6-trojan-grpc,203034,1353,2617,2617,2.6,45.6,277.9,0.0,-,0,0,0.000
1790438632,__proc__,0,0,0,0,-,-,-,1115.5,4336,6769,88114468,10172.505
1790438662,s1-short,651542,15570,2369,2369,27.0,46.6,85.4,0.0,-,0,0,0.000
1790438662,s2-long,12,4,0,0,25.7,49.0,100.0,0.0,-,0,0,0.000
1790438662,s3-quic,7859345,14675,3111049,3111049,1.3,3.5,16.3,0.0,-,0,0,0.000
1790438662,s4-mixed-kcp,114400,305,3293236,3293236,56.7,895.2,1048.3,0.0,-,0,0,0.000
1790438662,s5-vmess-ws,679117,16338,2455,2455,20.8,47.6,219.2,0.0,-,0,0,0.000
1790438662,s6-trojan-grpc,204299,1353,2656,2656,2.4,47.2,286.8,0.0,-,0,0,0.000
1790438662,__proc__,0,0,0,0,-,-,-,1115.5,6845,10496,88242798,10192.973
1790438692,s1-short,652790,15570,2621,2621,27.1,47.7,92.4,0.0,-,0,0,0.000
1790438692,s2-long,12,4,0,0,25.7,49.0,100.0,0.0,-,0,0,0.000
1790438692,s3-quic,7876420,14675,4662613,4662613,1.1,2.3,11.7,0.0,-,0,0,0.000
1790438692,s4-mixed-kcp,114596,305,3685830,3685830,56.7,895.5,1056.2,0.0,-,0,0,0.000
1790438692,s5-vmess-ws,680413,16338,2722,2722,22.1,49.3,223.5,0.0,-,0,0,0.000
1790438692,s6-trojan-grpc,205708,1353,2959,2959,2.2,45.2,273.2,0.0,-,0,0,0.000
1790438692,__proc__,0,0,0,0,-,-,-,1124.3,9726,14848,88433194,10211.302
1790438722,s1-short,653270,15760,1008,1008,28.4,55.3,252.0,0.0,-,0,0,0.000
1790438722,s2-long,12,4,0,0,25.7,49.0,100.0,0.0,-,0,0,0.000
1790438722,s3-quic,7886156,14822,2658577,2658577,1.2,2.7,4.4,0.0,-,0,0,0.000
1790438722,s4-mixed-kcp,114690,310,3378227,3378227,56.9,896.4,1091.9,0.0,-,0,0,0.000
1790438722,s5-vmess-ws,680976,16524,1182,1182,22.6,62.0,305.7,0.0,-,0,0,0.000
1790438722,s6-trojan-grpc,206105,1407,834,834,2.2,47.8,287.7,0.0,-,0,0,0.000
1790438722,__proc__,0,0,0,0,-,-,-,1126.5,10213,15512,88547715,10226.123
1790438752,s1-short,654187,15865,1926,1926,26.4,68.3,298.9,0.0,-,0,0,0.000
1790438752,s2-long,12,4,0,0,25.7,49.0,100.0,0.0,-,0,0,0.000
1790438752,s3-quic,7901212,14915,4111292,4111292,1.2,2.8,5.0,0.0,-,0,0,0.000
1790438752,s4-mixed-kcp,114763,311,4090581,4090581,57.2,898.1,1091.8,0.0,-,0,0,0.000
1790438752,s5-vmess-ws,681912,16644,1966,1966,18.2,79.0,303.4,0.0,-,0,0,0.000
1790438752,s6-trojan-grpc,206130,1409,52,52,2.2,47.8,295.8,0.0,-,0,0,0.000
1790438752,__proc__,0,0,0,0,-,-,-,1126.6,10196,15366,88711206,10241.120
1790438782,s1-short,655215,15932,2159,2159,22.3,79.6,294.1,0.0,-,0,0,0.000
1790438782,s2-long,12,4,0,0,25.7,49.0,100.0,0.0,-,0,0,0.000
1790438782,s3-quic,7916012,14962,4041387,4041387,1.4,3.4,15.9,0.0,-,0,0,0.000
1790438782,s4-mixed-kcp,114811,311,3855432,3855432,57.5,907.9,1091.9,0.0,-,0,0,0.000
1790438782,s5-vmess-ws,682982,16723,2247,2247,9.4,66.9,230.6,0.0,-,0,0,0.000
1790438782,s6-trojan-grpc,206130,1409,0,0,2.2,47.8,295.8,0.0,-,0,0,0.000
1790438782,__proc__,0,0,0,0,-,-,-,1126.7,10139,15309,88876521,10257.486
1790438812,s1-short,656487,15932,2671,2671,23.7,88.4,294.1,0.0,-,0,0,0.000
1790438812,s2-long,12,4,0,0,25.7,49.0,100.0,0.0,-,0,0,0.000
1790438812,s3-quic,7928498,14962,3409510,3409510,1.2,3.0,15.7,0.0,-,0,0,0.000
1790438812,s4-mixed-kcp,114858,311,3822342,3822342,58.0,932.9,1091.9,0.0,-,0,0,0.000
1790438812,s5-vmess-ws,684341,16723,2854,2854,5.8,66.5,233.0,0.0,-,0,0,0.000
1790438812,s6-trojan-grpc,206130,1409,0,0,2.2,47.8,295.8,0.0,-,0,0,0.000
1790438812,__proc__,0,0,0,0,-,-,-,1127.3,10127,15241,89014142,10275.578
1790438842,s1-short,657822,15935,2804,2804,23.4,58.1,137.3,0.0,-,0,0,0.000
1790438842,s2-long,12,4,0,0,25.7,49.0,100.0,0.0,-,0,0,0.000
1790438842,s3-quic,7947233,14962,5115904,5115904,1.1,1.8,5.8,0.0,-,0,0,0.000
1790438842,s4-mixed-kcp,114913,311,3815240,3815240,58.5,937.9,1091.9,0.0,-,0,0,0.000
1790438842,s5-vmess-ws,685724,16731,2904,2904,9.5,51.3,152.3,0.0,-,0,0,0.000
1790438842,s6-trojan-grpc,206130,1409,0,0,2.2,47.8,295.8,0.0,-,0,0,0.000
1790438842,__proc__,0,0,0,0,-,-,-,1127.4,10167,15362,89219627,10292.593
1790438872,s1-short,659106,15935,2696,2696,27.4,55.6,133.4,0.0,-,0,0,0.000
1790438872,s2-long,12,4,0,0,25.7,49.0,100.0,0.0,-,0,0,0.000
1790438872,s3-quic,7961165,14962,3804365,3804365,1.1,2.8,11.6,0.0,-,0,0,0.000
1790438872,s4-mixed-kcp,114967,311,3699555,3699555,59.0,940.8,1091.9,0.0,-,0,0,0.000
1790438872,s5-vmess-ws,687079,16732,2846,2846,15.5,50.6,150.6,0.0,-,0,0,0.000
1790438872,s6-trojan-grpc,206130,1409,0,0,2.2,47.8,295.8,0.0,-,0,0,0.000
1790438872,__proc__,0,0,0,0,-,-,-,1127.5,10130,15252,89369930,10310.675
1790438902,s1-short,660414,15935,2747,2747,23.7,51.1,114.2,0.0,-,0,0,0.000
1790438902,s2-long,12,4,0,0,25.7,49.0,100.0,0.0,-,0,0,0.000
1790438902,s3-quic,7976401,14962,4160444,4160444,1.3,3.6,11.5,0.0,-,0,0,0.000
1790438902,s4-mixed-kcp,115018,311,3830445,3830445,59.8,940.8,1091.9,0.0,-,0,0,0.000
1790438902,s5-vmess-ws,688460,16732,2900,2900,13.1,48.4,152.3,0.0,-,0,0,0.000
1790438902,s6-trojan-grpc,206130,1409,0,0,2.2,47.8,295.8,0.0,-,0,0,0.000
1790438902,__proc__,0,0,0,0,-,-,-,1127.2,8801,13259,89536804,10328.368
1790438932,s1-short,661723,15935,2749,2749,22.2,47.0,139.4,0.0,-,0,0,0.000
1790438932,s2-long,12,4,0,0,25.7,49.0,100.0,0.0,-,0,0,0.000
1790438932,s3-quic,7996338,14962,5444130,5444130,1.0,2.4,9.0,0.0,-,0,0,0.000
1790438932,s4-mixed-kcp,115067,311,3761639,3761639,60.8,943.1,1091.9,0.0,-,0,0,0.000
1790438932,s5-vmess-ws,689829,16732,2875,2875,15.3,45.7,152.4,0.0,-,0,0,0.000
1790438932,s6-trojan-grpc,206130,1409,0,0,2.2,47.8,295.8,0.0,-,0,0,0.000
1790438932,__proc__,0,0,0,0,-,-,-,1127.2,6294,9502,89756121,10344.905
1790438962,s1-short,662995,15935,2671,2671,21.6,47.9,126.6,0.0,-,0,0,0.000
1790438962,s2-long,12,4,0,0,25.7,49.0,100.0,0.0,-,0,0,0.000
1790438962,s3-quic,8013170,14962,4596258,4596258,1.5,3.7,19.4,0.0,-,0,0,0.000
1790438962,s4-mixed-kcp,115119,311,3676320,3676320,61.5,943.7,1092.3,0.0,-,0,0,0.000
1790438962,s5-vmess-ws,691171,16732,2818,2818,15.7,44.9,141.1,0.0,-,0,0,0.000
1790438962,s6-trojan-grpc,206130,1409,0,0,2.2,47.8,295.8,0.0,-,0,0,0.000
1790438962,__proc__,0,0,0,0,-,-,-,1127.2,3823,5745,89943364,10361.563
1790438992,s1-short,664268,15935,2673,2673,22.6,46.7,111.9,0.0,-,0,0,0.000
1790438992,s2-long,12,4,0,0,25.7,49.0,100.0,0.0,-,0,0,0.000
1790438992,s3-quic,8026375,14962,3605845,3605845,1.6,4.0,17.7,0.0,-,0,0,0.000
1790438992,s4-mixed-kcp,115169,311,3657565,3657565,62.5,943.8,1091.9,0.0,-,0,0,0.000
1790438992,s5-vmess-ws,692495,16732,2780,2780,16.7,47.2,136.5,0.0,-,0,0,0.000
1790438992,s6-trojan-grpc,206130,1409,0,0,2.2,47.8,295.8,0.0,-,0,0,0.000
1790438992,__proc__,0,0,0,0,-,-,-,1127.2,936,1446,90093665,10378.932
1790439022,s1-short,665572,15935,2738,2738,25.4,47.5,106.2,0.0,-,0,0,0.000
1790439022,s2-long,12,4,0,0,25.7,49.0,100.0,0.0,-,0,0,0.000
1790439022,s3-quic,8040297,14962,3801634,3801634,1.4,3.1,17.7,0.0,-,0,0,0.000
1790439022,s4-mixed-kcp,115294,312,3794338,3794338,62.6,943.7,1088.5,0.0,-,0,0,0.000
1790439022,s5-vmess-ws,693869,16732,2885,2885,18.1,48.5,132.6,0.0,-,0,0,0.000
1790439022,s6-trojan-grpc,206880,1416,1575,1575,2.3,48.6,287.7,0.0,-,0,0,0.000
1790439022,__proc__,0,0,0,0,-,-,-,1126.8,1912,3039,90250244,10396.605
1790439052,s1-short,666812,15935,2604,2604,26.0,46.3,111.9,0.0,-,0,0,0.000
1790439052,s2-long,12,4,0,0,25.7,49.0,100.0,0.0,-,0,0,0.000
1790439052,s3-quic,8056372,14962,4389547,4389547,1.1,2.9,14.7,0.0,-,0,0,0.000
1790439052,s4-mixed-kcp,115532,313,3571602,3571602,61.7,943.7,1091.8,0.0,-,0,0,0.000
1790439052,s5-vmess-ws,695165,16732,2722,2722,19.5,47.0,156.5,0.0,-,0,0,0.000
1790439052,s6-trojan-grpc,208255,1417,2888,2888,2.0,45.6,160.9,0.0,-,0,0,0.000
1790439052,__proc__,0,0,0,0,-,-,-,1107.8,4875,7676,90429961,10414.960
1790439082,s1-short,667917,15935,2320,2320,26.5,50.3,134.6,0.0,-,0,0,0.000
1790439082,s2-long,12,4,0,0,25.7,49.0,100.0,0.0,-,0,0,0.000
1790439082,s3-quic,8068769,14962,3385207,3385207,1.4,3.7,19.3,0.0,-,0,0,0.000
1790439082,s4-mixed-kcp,115833,313,3322981,3322981,61.4,943.9,1093.7,0.0,-,0,0,0.000
1790439082,s5-vmess-ws,696315,16732,2415,2415,20.3,49.5,164.4,0.0,-,0,0,0.000
1790439082,s6-trojan-grpc,209513,1417,2642,2642,2.3,47.3,187.8,0.0,-,0,0,0.000
1790439082,__proc__,0,0,0,0,-,-,-,1116.0,7528,11718,90570873,10435.128
1790439112,s1-short,668892,15935,2048,2048,29.7,56.6,394.3,0.0,-,0,0,0.000
1790439112,s2-long,12,4,0,0,25.7,49.0,100.0,0.0,-,0,0,0.000
1790439112,s3-quic,8076841,14962,2204194,2204194,2.0,5.1,30.0,0.0,-,0,0,0.000
1790439112,s4-mixed-kcp,116095,313,2977015,2977015,62.4,944.0,1095.9,0.0,-,0,0,0.000
1790439112,s5-vmess-ws,697325,16732,2121,2121,23.1,54.6,338.6,0.0,-,0,0,0.000
1790439112,s6-trojan-grpc,210583,1417,2247,2247,2.6,49.9,327.8,0.0,-,0,0,0.000
1790439112,__proc__,0,0,0,0,-,-,-,1123.9,9545,14744,90664046,10457.695
1790439142,s1-short,669457,16063,1186,1186,30.5,103.0,536.6,0.0,-,0,0,0.000
1790439142,s2-long,12,4,0,0,25.7,49.0,100.0,0.0,-,0,0,0.000
1790439142,s3-quic,8083022,15062,1687825,1687825,2.0,5.1,15.1,0.0,-,0,0,0.000
1790439142,s4-mixed-kcp,116248,325,3056372,3056372,63.1,945.2,1114.9,0.0,-,0,0,0.000
1790439142,s5-vmess-ws,697862,16860,1128,1128,24.2,79.8,400.1,0.0,-,0,0,0.000
1790439142,s6-trojan-grpc,211046,1466,972,972,3.1,63.8,413.4,0.0,-,0,0,0.000
1790439142,__proc__,0,0,0,0,-,-,-,1126.9,10196,15542,90738955,10476.382
1790439172,s1-short,670704,16068,2619,2619,33.5,116.7,536.6,0.0,-,0,0,0.000
1790439172,s2-long,12,4,0,0,25.7,49.0,100.0,0.0,-,0,0,0.000
1790439172,s3-quic,8095986,15063,3540036,3540036,1.9,4.4,25.1,0.0,-,0,0,0.000
1790439172,s4-mixed-kcp,116304,325,3808451,3808451,64.5,945.0,1113.0,0.0,-,0,0,0.000
1790439172,s5-vmess-ws,699194,16866,2797,2797,26.2,80.7,400.1,0.0,-,0,0,0.000
1790439172,s6-trojan-grpc,211053,1466,15,15,3.1,63.8,413.4,0.0,-,0,0,0.000
1790439172,__proc__,0,0,0,0,-,-,-,1127.4,9939,14981,90882889,10494.583
1790439202,s1-short,671978,16068,2675,2675,33.5,109.2,533.8,0.0,-,0,0,0.000
1790439202,s2-long,12,4,0,0,25.7,49.0,100.0,0.0,-,0,0,0.000
1790439202,s3-quic,8108970,15063,3545498,3545498,1.3,2.9,14.7,0.0,-,0,0,0.000
1790439202,s4-mixed-kcp,116353,325,3613590,3613590,65.9,945.2,1114.9,0.0,-,0,0,0.000
1790439202,s5-vmess-ws,700536,16866,2818,2818,24.7,83.0,354.5,0.0,-,0,0,0.000
1790439202,s6-trojan-grpc,211053,1466,0,0,3.1,63.8,413.4,0.0,-,0,0,0.000
1790439202,__proc__,0,0,0,0,-,-,-,1127.4,9963,15031,91029403,10512.657
1790439232,s1-short,673284,16068,2743,2743,27.6,54.0,203.0,0.0,-,0,0,0.000
1790439232,s2-long,12,4,0,0,25.7,49.0,100.0,0.0,-,0,0,0.000
1790439232,s3-quic,8126025,15063,4657152,4657152,1.5,3.5,17.9,0.0,-,0,0,0.000
1790439232,s4-mixed-kcp,116403,325,3919799,3919799,68.5,945.4,1114.9,0.0,-,0,0,0.000
1790439232,s5-vmess-ws,701918,16866,2902,2902,19.0,47.5,150.4,0.0,-,0,0,0.000
1790439232,s6-trojan-grpc,211053,1466,0,0,3.1,63.8,413.4,0.0,-,0,0,0.000
1790439232,__proc__,0,0,0,0,-,-,-,1127.4,9985,15028,91221287,10529.846
1790439262,s1-short,674564,16068,2688,2688,27.1,46.7,141.8,0.0,-,0,0,0.000
1790439262,s2-long,12,4,0,0,25.7,49.0,100.0,0.0,-,0,0,0.000
1790439262,s3-quic,8140538,15063,3963017,3963017,1.2,2.8,12.2,0.0,-,0,0,0.000
1790439262,s4-mixed-kcp,116459,325,3603178,3603178,70.9,945.3,1113.0,0.0,-,0,0,0.000
1790439262,s5-vmess-ws,703255,16866,2808,2808,18.3,47.1,145.8,0.0,-,0,0,0.000
1790439262,s6-trojan-grpc,211053,1466,0,0,3.1,63.8,413.4,0.0,-,0,0,0.000
1790439262,__proc__,0,0,0,0,-,-,-,1127.4,9982,15085,91383364,10547.370
1790439292,s1-short,675876,16068,2755,2755,25.1,44.0,87.6,0.0,-,0,0,0.000
1790439292,s2-long,12,4,0,0,25.7,49.0,100.0,0.0,-,0,0,0.000
1790439292,s3-quic,8157605,15063,4660429,4660429,1.1,2.6,12.7,0.0,-,0,0,0.000
1790439292,s4-mixed-kcp,116511,325,3822090,3822090,74.3,945.2,1113.0,0.0,-,0,0,0.000
1790439292,s5-vmess-ws,704641,16866,2911,2911,17.0,44.5,129.8,0.0,-,0,0,0.000
1790439292,s6-trojan-grpc,211053,1466,0,0,3.1,63.8,413.4,0.0,-,0,0,0.000
1790439292,__proc__,0,0,0,0,-,-,-,1127.4,9956,15006,91572333,10564.572
1790439322,s1-short,677207,16068,2795,2795,24.2,44.5,92.9,0.0,-,0,0,0.000
1790439322,s2-long,12,4,0,0,25.7,49.0,100.0,0.0,-,0,0,0.000
1790439322,s3-quic,8177343,15063,5389790,5389790,1.1,2.8,10.0,0.0,-,0,0,0.000
1790439322,s4-mixed-kcp,116563,325,3794910,3794910,94.1,945.4,1106.2,0.0,-,0,0,0.000
1790439322,s5-vmess-ws,706050,16866,2959,2959,15.7,44.0,120.4,0.0,-,0,0,0.000
1790439322,s6-trojan-grpc,211053,1466,0,0,3.1,63.8,413.4,0.0,-,0,0,0.000
1790439322,__proc__,0,0,0,0,-,-,-,1127.6,8479,12827,91788315,10581.110
1790439352,s1-short,678496,16068,2707,2707,21.8,44.3,81.5,0.0,-,0,0,0.000
1790439352,s2-long,12,4,0,0,25.7,49.0,100.0,0.0,-,0,0,0.000
1790439352,s3-quic,8194753,15063,4754091,4754091,1.1,2.6,10.8,0.0,-,0,0,0.000
1790439352,s4-mixed-kcp,116613,325,3667724,3667724,101.0,945.7,1106.2,0.0,-,0,0,0.000
1790439352,s5-vmess-ws,707401,16866,2837,2837,15.0,43.0,119.9,0.0,-,0,0,0.000
1790439352,s6-trojan-grpc,211053,1466,0,0,3.1,63.8,413.4,0.0,-,0,0,0.000
1790439352,__proc__,0,0,0,0,-,-,-,1127.6,5693,8592,91982064,10598.098
1790439382,s1-short,679793,16068,2724,2724,20.6,44.4,103.6,0.0,-,0,0,0.000
1790439382,s2-long,12,4,0,0,25.7,49.0,100.0,0.0,-,0,0,0.000
1790439382,s3-quic,8214256,15063,5325619,5325619,1.1,2.3,10.0,0.0,-,0,0,0.000
1790439382,s4-mixed-kcp,116660,325,3807493,3807493,103.2,945.8,1103.5,0.0,-,0,0,0.000
1790439382,s5-vmess-ws,708759,16866,2852,2852,15.2,43.4,114.3,0.0,-,0,0,0.000
1790439382,s6-trojan-grpc,211053,1466,0,0,3.1,63.8,413.4,0.0,-,0,0,0.000
1790439382,__proc__,0,0,0,0,-,-,-,1127.6,3231,4978,92196681,10615.093
1790439412,s1-short,681106,16068,2757,2757,21.2,43.8,106.6,0.0,-,0,0,0.000
1790439412,s2-long,12,4,0,0,25.7,49.0,100.0,0.0,-,0,0,0.000
1790439412,s3-quic,8231948,15063,4831095,4831095,1.3,2.9,12.4,0.0,-,0,0,0.000
1790439412,s4-mixed-kcp,116711,325,3899366,3899366,108.9,946.0,1100.1,0.0,-,0,0,0.000
1790439412,s5-vmess-ws,710148,16866,2917,2917,15.7,44.0,124.4,0.0,-,0,0,0.000
1790439412,s6-trojan-grpc,211053,1466,0,0,3.1,63.8,413.4,0.0,-,0,0,0.000
1790439412,__proc__,0,0,0,0,-,-,-,1127.6,1089,1763,92392395,10632.149
1790439442,s1-short,682443,16068,2808,2808,22.5,40.3,81.8,0.0,-,0,0,0.000
1790439442,s2-long,12,4,0,0,25.7,49.0,100.0,0.0,-,0,0,0.000
1790439442,s3-quic,8248397,15063,4491674,4491674,1.2,2.6,11.7,0.0,-,0,0,0.000
1790439442,s4-mixed-kcp,116869,327,3828443,3828443,108.3,945.6,1097.2,0.0,-,0,0,0.000
1790439442,s5-vmess-ws,711559,16866,2963,2963,15.9,39.9,102.2,0.0,-,0,0,0.000
1790439442,s6-trojan-grpc,211585,1473,1117,1117,3.1,63.6,413.4,0.0,-,0,0,0.000
1790439442,__proc__,0,0,0,0,-,-,-,1119.7,1500,2415,92575494,10649.404
1790439472,s1-short,683635,16068,2503,2503,25.4,43.8,83.7,0.0,-,0,0,0.000
1790439472,s2-long,12,4,0,0,25.7,49.0,100.0,0.0,-,0,0,0.000
1790439472,s3-quic,8260573,15063,3324860,3324860,1.7,3.7,24.2,0.0,-,0,0,0.000
1790439472,s4-mixed-kcp,117187,327,3397511,3397511,104.8,945.6,1100.3,0.0,-,0,0,0.000
1790439472,s5-vmess-ws,712788,16866,2581,2581,18.5,44.7,127.0,0.0,-,0,0,0.000
1790439472,s6-trojan-grpc,212917,1474,2797,2797,3.7,66.9,435.6,0.0,-,0,0,0.000
1790439472,__proc__,0,0,0,0,-,-,-,1113.0,4481,7201,92715058,10669.016
1790439502,s1-short,684766,16068,2375,2375,28.8,47.0,94.4,0.0,-,0,0,0.000
1790439502,s2-long,12,4,0,0,25.7,49.0,100.0,0.0,-,0,0,0.000
1790439502,s3-quic,8271021,15063,2853001,2853001,1.7,3.7,23.4,0.0,-,0,0,0.000
1790439502,s4-mixed-kcp,117484,327,3325386,3325386,102.5,946.2,1106.2,0.0,-,0,0,0.000
1790439502,s5-vmess-ws,713949,16866,2438,2438,23.2,48.5,207.1,0.0,-,0,0,0.000
1790439502,s6-trojan-grpc,214181,1474,2654,2654,3.3,68.6,420.5,0.0,-,0,0,0.000
1790439502,__proc__,0,0,0,0,-,-,-,1115.0,6972,10935,92832309,10690.005
1790439532,s1-short,685855,16068,2287,2287,31.7,50.5,265.5,0.0,-,0,0,0.000
1790439532,s2-long,12,4,0,0,25.7,49.0,100.0,0.0,-,0,0,0.000
1790439532,s3-quic,8281280,15063,2801391,2801391,1.5,3.7,22.2,0.0,-,0,0,0.000
1790439532,s4-mixed-kcp,117778,327,3193289,3193289,99.7,946.4,1126.4,0.0,-,0,0,0.000
1790439532,s5-vmess-ws,715071,16866,2356,2356,26.7,51.5,279.7,0.0,-,0,0,0.000
1790439532,s6-trojan-grpc,215412,1474,2585,2585,2.8,46.7,295.2,0.0,-,0,0,0.000
1790439532,__proc__,0,0,0,0,-,-,-,1123.8,9492,14730,92949209,10711.105
1790439562,s1-short,686805,16123,1995,1995,32.7,52.8,273.6,0.0,-,0,0,0.000
1790439562,s2-long,12,4,0,0,25.7,49.0,100.0,0.0,-,0,0,0.000
1790439562,s3-quic,8291830,15099,2880853,2880853,1.8,4.0,22.3,0.0,-,0,0,0.000
1790439562,s4-mixed-kcp,117946,337,742748,742748,68.5,945.2,1126.4,0.0,-,0,0,0.000
1790439562,s5-vmess-ws,716048,16930,2052,2052,27.8,54.2,291.9,0.0,-,0,0,0.000
1790439562,s6-trojan-grpc,215874,1492,970,970,2.7,48.1,305.4,0.0,-,0,0,0.000
1790439562,__proc__,0,0,0,0,-,-,-,1127.3,10091,15509,93068889,10729.519
1790439592,s1-short,687942,16123,2388,2388,33.0,56.8,273.6,0.0,-,0,0,0.000
1790439592,s2-long,12,4,0,0,25.7,49.0,100.0,0.0,-,0,0,0.000
1790439592,s3-quic,8301698,15099,2694622,2694622,1.9,4.3,25.6,0.0,-,0,0,0.000
1790439592,s4-mixed-kcp,118076,337,273,273,65.4,944.7,1126.4,0.0,-,0,0,0.000
1790439592,s5-vmess-ws,717241,16930,2505,2505,27.7,61.2,270.8,0.0,-,0,0,0.000
1790439592,s6-trojan-grpc,215874,1492,0,0,2.7,48.1,305.4,0.0,-,0,0,0.000
1790439592,__proc__,0,0,0,0,-,-,-,1127.4,9971,15148,93183934,10746.903
1790439622,s1-short,687942,16123,0,0,33.0,56.8,273.6,0.0,-,0,0,0.000
1790439622,s2-long,12,4,0,0,25.7,49.0,100.0,0.0,-,0,0,0.000
1790439622,s3-quic,8301698,15099,0,0,1.9,4.3,25.6,0.0,-,0,0,0.000
1790439622,s4-mixed-kcp,118076,337,0,0,65.4,944.7,1126.4,0.0,-,0,0,0.000
1790439622,s5-vmess-ws,717241,16930,0,0,27.7,61.2,270.8,0.0,-,0,0,0.000
1790439622,s6-trojan-grpc,215874,1492,0,0,2.7,48.1,305.4,0.0,-,0,0,0.000
1790439622,__drain__,0,0,0,0,-,-,-,1127.4,9693,14580,93194029,10747.393
1790439652,s1-short,687942,16123,0,0,33.0,56.8,273.6,0.0,-,0,0,0.000
1790439652,s2-long,12,4,0,0,25.7,49.0,100.0,0.0,-,0,0,0.000
1790439652,s3-quic,8301698,15099,0,0,1.9,4.3,25.6,0.0,-,0,0,0.000
1790439652,s4-mixed-kcp,118076,337,0,0,65.4,944.7,1126.4,0.0,-,0,0,0.000
1790439652,s5-vmess-ws,717241,16930,0,0,27.7,61.2,270.8,0.0,-,0,0,0.000
1790439652,s6-trojan-grpc,215874,1492,0,0,2.7,48.1,305.4,0.0,-,0,0,0.000
1790439652,__drain__,0,0,0,0,-,-,-,1127.4,9669,14489,93194091,10747.399
1790439682,s1-short,687942,16123,0,0,33.0,56.8,273.6,0.0,-,0,0,0.000
1790439682,s2-long,12,4,0,0,25.7,49.0,100.0,0.0,-,0,0,0.000
1790439682,s3-quic,8301698,15099,0,0,1.9,4.3,25.6,0.0,-,0,0,0.000
1790439682,s4-mixed-kcp,118076,337,0,0,65.4,944.7,1126.4,0.0,-,0,0,0.000
1790439682,s5-vmess-ws,717241,16930,0,0,27.7,61.2,270.8,0.0,-,0,0,0.000
1790439682,s6-trojan-grpc,215874,1492,0,0,2.7,48.1,305.4,0.0,-,0,0,0.000
1790439682,__drain__,0,0,0,0,-,-,-,1127.4,9669,14489,93194103,10747.399
1790439712,s1-short,687942,16123,0,0,33.0,56.8,273.6,0.0,-,0,0,0.000
1790439712,s2-long,12,4,0,0,25.7,49.0,100.0,0.0,-,0,0,0.000
1790439712,s3-quic,8301698,15099,0,0,1.9,4.3,25.6,0.0,-,0,0,0.000
1790439712,s4-mixed-kcp,118076,337,0,0,65.4,944.7,1126.4,0.0,-,0,0,0.000
1790439712,s5-vmess-ws,717241,16930,0,0,27.7,61.2,270.8,0.0,-,0,0,0.000
1790439712,s6-trojan-grpc,215874,1492,0,0,2.7,48.1,305.4,0.0,-,0,0,0.000
1790439712,__drain__,0,0,0,0,-,-,-,1127.4,9669,14489,93194116,10747.399
1790439742,s1-short,687942,16123,0,0,33.0,56.8,273.6,0.0,-,0,0,0.000
1790439742,s2-long,12,4,0,0,25.7,49.0,100.0,0.0,-,0,0,0.000
1790439742,s3-quic,8301698,15099,0,0,1.9,4.3,25.6,0.0,-,0,0,0.000
1790439742,s4-mixed-kcp,118076,337,0,0,65.4,944.7,1126.4,0.0,-,0,0,0.000
1790439742,s5-vmess-ws,717241,16930,0,0,27.7,61.2,270.8,0.0,-,0,0,0.000
1790439742,s6-trojan-grpc,215874,1492,0,0,2.7,48.1,305.4,0.0,-,0,0,0.000
1790439742,__drain__,0,0,0,0,-,-,-,1127.4,8605,12893,93194708,10747.482
1790439772,s1-short,687942,16123,0,0,33.0,56.8,273.6,0.0,-,0,0,0.000
1790439772,s2-long,12,4,0,0,25.7,49.0,100.0,0.0,-,0,0,0.000
1790439772,s3-quic,8301698,15099,0,0,1.9,4.3,25.6,0.0,-,0,0,0.000
1790439772,s4-mixed-kcp,118076,337,0,0,65.4,944.7,1126.4,0.0,-,0,0,0.000
1790439772,s5-vmess-ws,717241,16930,0,0,27.7,61.2,270.8,0.0,-,0,0,0.000
1790439772,s6-trojan-grpc,215874,1492,0,0,2.7,48.1,305.4,0.0,-,0,0,0.000
1790439772,__drain__,0,0,0,0,-,-,-,1127.4,5941,8897,93195970,10747.634
1790439802,s1-short,687942,16123,0,0,33.0,56.8,273.6,0.0,-,0,0,0.000
1790439802,s2-long,12,4,0,0,25.7,49.0,100.0,0.0,-,0,0,0.000
1790439802,s3-quic,8301698,15099,0,0,1.9,4.3,25.6,0.0,-,0,0,0.000
1790439802,s4-mixed-kcp,118076,337,0,0,65.4,944.7,1126.4,0.0,-,0,0,0.000
1790439802,s5-vmess-ws,717241,16930,0,0,27.7,61.2,270.8,0.0,-,0,0,0.000
1790439802,s6-trojan-grpc,215874,1492,0,0,2.7,48.1,305.4,0.0,-,0,0,0.000
1790439802,__drain__,0,0,0,0,-,-,-,1127.4,3413,5105,93197209,10747.810
1790439832,s1-short,687942,16123,0,0,33.0,56.8,273.6,0.0,-,0,0,0.000
1790439832,s2-long,12,4,0,0,25.7,49.0,100.0,0.0,-,0,0,0.000
1790439832,s3-quic,8301698,15099,0,0,1.9,4.3,25.6,0.0,-,0,0,0.000
1790439832,s4-mixed-kcp,118076,337,0,0,65.4,944.7,1126.4,0.0,-,0,0,0.000
1790439832,s5-vmess-ws,717241,16930,0,0,27.7,61.2,270.8,0.0,-,0,0,0.000
1790439832,s6-trojan-grpc,215874,1492,0,0,2.7,48.1,305.4,0.0,-,0,0,0.000
1790439832,__drain__,0,0,0,0,-,-,-,1127.4,949,1409,93198446,10747.969
1790439862,s1-short,687942,16123,0,0,33.0,56.8,273.6,0.0,-,0,0,0.000
1790439862,s2-long,12,4,0,0,25.7,49.0,100.0,0.0,-,0,0,0.000
1790439862,s3-quic,8301698,15099,0,0,1.9,4.3,25.6,0.0,-,0,0,0.000
1790439862,s4-mixed-kcp,118076,338,0,0,65.4,944.7,1126.4,0.0,-,0,0,0.000
1790439862,s5-vmess-ws,717241,16930,0,0,27.7,61.2,270.8,0.0,-,0,0,0.000
1790439862,s6-trojan-grpc,215874,1492,0,0,2.7,48.1,305.4,0.0,-,0,0,0.000
1790439862,__drain__,0,0,0,0,-,-,-,1101.9,24,22,93198943,10748.031
1790439892,s1-short,687942,16123,0,0,33.0,56.8,273.6,0.0,-,0,0,0.000
1790439892,s2-long,12,4,0,0,25.7,49.0,100.0,0.0,-,0,0,0.000
1790439892,s3-quic,8301698,15099,0,0,1.9,4.3,25.6,0.0,-,0,0,0.000
1790439892,s4-mixed-kcp,118076,338,0,0,65.4,944.7,1126.4,0.0,-,0,0,0.000
1790439892,s5-vmess-ws,717241,16930,0,0,27.7,61.2,270.8,0.0,-,0,0,0.000
1790439892,s6-trojan-grpc,215874,1492,0,0,2.7,48.1,305.4,0.0,-,0,0,0.000
1790439892,__drain__,0,0,0,0,-,-,-,1100.1,24,21,93198943,10748.031
1790439922,s1-short,687942,16123,0,0,33.0,56.8,273.6,0.0,-,0,0,0.000
1790439922,s2-long,12,4,0,0,25.7,49.0,100.0,0.0,-,0,0,0.000
1790439922,s3-quic,8301698,15099,0,0,1.9,4.3,25.6,0.0,-,0,0,0.000
1790439922,s4-mixed-kcp,118076,338,0,0,65.4,944.7,1126.4,0.0,-,0,0,0.000
1790439922,s5-vmess-ws,717241,16930,0,0,27.7,61.2,270.8,0.0,-,0,0,0.000
1790439922,s6-trojan-grpc,215874,1492,0,0,2.7,48.1,305.4,0.0,-,0,0,0.000
1790439922,__drain__,0,0,0,0,-,-,-,1100.1,24,21,93198943,10748.031
1790439952,s1-short,687942,16123,0,0,33.0,56.8,273.6,0.0,-,0,0,0.000
1790439952,s2-long,12,4,0,0,25.7,49.0,100.0,0.0,-,0,0,0.000
1790439952,s3-quic,8301698,15099,0,0,1.9,4.3,25.6,0.0,-,0,0,0.000
1790439952,s4-mixed-kcp,118076,338,0,0,65.4,944.7,1126.4,0.0,-,0,0,0.000
1790439952,s5-vmess-ws,717241,16930,0,0,27.7,61.2,270.8,0.0,-,0,0,0.000
1790439952,s6-trojan-grpc,215874,1492,0,0,2.7,48.1,305.4,0.0,-,0,0,0.000
1790439952,__drain__,0,0,0,0,-,-,-,1100.1,24,21,93198943,10748.031
1790439982,s1-short,687942,16123,0,0,33.0,56.8,273.6,0.0,-,0,0,0.000
1790439982,s2-long,12,4,0,0,25.7,49.0,100.0,0.0,-,0,0,0.000
1790439982,s3-quic,8301698,15099,0,0,1.9,4.3,25.6,0.0,-,0,0,0.000
1790439982,s4-mixed-kcp,118076,338,0,0,65.4,944.7,1126.4,0.0,-,0,0,0.000
1790439982,s5-vmess-ws,717241,16930,0,0,27.7,61.2,270.8,0.0,-,0,0,0.000
1790439982,s6-trojan-grpc,215874,1492,0,0,2.7,48.1,305.4,0.0,-,0,0,0.000
1790439982,__drain__,0,0,0,0,-,-,-,1100.1,24,21,93198943,10748.031
