ts,scenario,conn_ok,conn_fail,tx_bps,rx_bps,p50_ms,p95_ms,p99_ms,rss_mb,fd_count,alive_tasks,worker_park,busy_s
1790421976,s1-short,0,0,0,0,-,-,-,0.0,-,0,0,0.000
1790421976,s2-long,0,0,0,0,-,-,-,0.0,-,0,0,0.000
1790421976,s3-quic,0,0,0,0,-,-,-,0.0,-,0,0,0.000
1790421976,s4-mixed-kcp,0,0,0,0,-,-,-,0.0,-,0,0,0.000
1790421976,s5-vmess-ws,0,0,0,0,-,-,-,0.0,-,0,0,0.000
1790421976,s6-trojan-grpc,0,0,0,0,-,-,-,0.0,-,0,0,0.000
1790421976,s7-ss-tcp,0,0,0,0,-,-,-,0.0,-,0,0,0.000
1790421976,s8-tuic,0,0,0,0,-,-,-,0.0,-,0,0,0.000
1790421976,s9-anytls,0,0,0,0,-,-,-,0.0,-,0,0,0.000
1790421976,s10-vless-xhttp,0,0,0,0,-,-,-,0.0,-,0,0,0.000
1790421976,s11-http-proxy,0,0,0,0,-,-,-,0.0,-,0,0,0.000
1790421976,s12-vmess-h3,0,0,0,0,-,-,-,0.0,-,0,0,0.000
1790421976,__proc__,0,0,0,0,-,-,-,24.3,380,263,257,0.029
1790422006,s1-short,1383,0,2904,2904,15.0,62.5,79.0,0.0,-,0,0,0.000
1790422006,s2-long,7,0,646477,646477,36.5,112.7,112.7,0.0,-,0,0,0.000
1790422006,s3-quic,7105,0,1940139,1940139,3.0,15.4,35.2,0.0,-,0,0,0.000
1790422006,s4-mixed-kcp,362,0,6465077,6465077,69.9,997.0,1140.7,0.0,-,0,0,0.000
1790422006,s5-vmess-ws,1421,0,2984,2984,10.4,59.5,78.4,0.0,-,0,0,0.000
1790422006,s6-trojan-grpc,1440,0,3024,3024,8.6,52.7,70.5,0.0,-,0,0,0.000
1790422006,s7-ss-tcp,1446,0,3037,3037,8.3,53.1,66.1,0.0,-,0,0,0.000
1790422006,s8-tuic,1457,0,3060,3060,7.1,49.8,66.0,0.0,-,0,0,0.000
1790422006,s9-anytls,1420,0,2982,2982,10.3,59.7,75.2,0.0,-,0,0,0.000
1790422006,s10-vless-xhttp,1290,0,2709,2709,36.2,71.7,83.7,0.0,-,0,0,0.000
1790422006,s11-http-proxy,1343,0,2820,2820,14.2,90.4,102.3,0.0,-,0,0,0.000
1790422006,s12-vmess-h3,1410,0,2961,2961,10.9,63.0,80.8,0.0,-,0,0,0.000
1790422006,__proc__,0,0,0,0,-,-,-,945.5,10019,28507,81147,25.368
1790422036,s1-short,2302,0,1930,1930,27.6,177.9,210.7,0.0,-,0,0,0.000
1790422036,s2-long,7,0,0,0,36.5,112.7,112.7,0.0,-,0,0,0.000
1790422036,s3-quic,9395,0,625323,625323,3.1,44.7,102.3,0.0,-,0,0,0.000
1790422036,s4-mixed-kcp,663,0,6410869,6410869,113.1,997.0,1120.3,0.0,-,0,0,0.000
1790422036,s5-vmess-ws,2353,0,1957,1957,22.9,176.8,209.5,0.0,-,0,0,0.000
1790422036,s6-trojan-grpc,2419,0,2056,2056,20.3,162.5,201.4,0.0,-,0,0,0.000
1790422036,s7-ss-tcp,2452,0,2113,2113,18.2,152.7,186.7,0.0,-,0,0,0.000
1790422036,s8-tuic,2449,0,2083,2083,16.3,161.0,196.5,0.0,-,0,0,0.000
1790422036,s9-anytls,2350,0,1953,1953,22.8,177.6,210.6,0.0,-,0,0,0.000
1790422036,s10-vless-xhttp,2219,0,1951,1951,46.3,169.1,211.7,0.0,-,0,0,0.000
1790422036,s11-http-proxy,2131,0,1655,1655,39.5,196.9,225.6,0.0,-,0,0,0.000
1790422036,s12-vmess-h3,2303,0,1875,1875,24.0,191.0,222.6,0.0,-,0,0,0.000
1790422036,__proc__,0,0,0,0,-,-,-,1096.8,14341,27196,102138,53.242
1790422066,s1-short,2680,8,794,794,35.5,210.7,1707.6,0.0,-,0,0,0.000
1790422066,s2-long,7,0,0,0,36.5,112.7,112.7,0.0,-,0,0,0.000
1790422066,s3-quic,10177,0,213538,213538,3.2,60.3,144.5,0.0,-,0,0,0.000
1790422066,s4-mixed-kcp,803,0,2839220,2839220,123.1,1086.9,1807.6,0.0,-,0,0,0.000
1790422066,s5-vmess-ws,2734,4,800,800,31.7,211.2,1609.5,0.0,-,0,0,0.000
1790422066,s6-trojan-grpc,2832,3,867,867,28.2,201.0,1495.8,0.0,-,0,0,0.000
1790422066,s7-ss-tcp,2875,7,888,888,24.9,192.6,1399.5,0.0,-,0,0,0.000
1790422066,s8-tuic,2862,2,867,867,23.3,203.1,1509.4,0.0,-,0,0,0.000
1790422066,s9-anytls,2671,0,674,674,29.7,196.3,232.0,0.0,-,0,0,0.000
1790422066,s10-vless-xhttp,2585,5,769,769,53.0,205.2,1542.2,0.0,-,0,0,0.000
1790422066,s11-http-proxy,2457,8,685,685,61.5,223.3,1881.5,0.0,-,0,0,0.000
1790422066,s12-vmess-h3,2652,1,733,733,33.7,219.5,1817.8,0.0,-,0,0,0.000
1790422066,__proc__,0,0,0,0,-,-,-,1043.9,15533,22000,110115,82.331
1790422096,s1-short,2807,21,267,267,40.4,1322.0,1911.2,0.0,-,0,0,0.000
1790422096,s2-long,7,0,0,0,36.5,112.7,112.7,0.0,-,0,0,0.000
1790422096,s3-quic,10212,0,9557,9557,3.2,67.2,787.6,0.0,-,0,0,0.000
1790422096,s4-mixed-kcp,864,0,1467802,1467802,134.3,1240.7,4276.1,0.0,-,0,0,0.000
1790422096,s5-vmess-ws,2871,17,288,288,35.8,1298.4,1864.0,0.0,-,0,0,0.000
1790422096,s6-trojan-grpc,2978,12,307,307,32.0,1262.9,1752.4,0.0,-,0,0,0.000
1790422096,s7-ss-tcp,3023,27,311,311,28.7,1167.4,1630.3,0.0,-,0,0,0.000
1790422096,s8-tuic,3006,20,302,302,27.6,1216.5,1705.4,0.0,-,0,0,0.000
1790422096,s9-anytls,2671,0,0,0,29.7,196.3,232.0,0.0,-,0,0,0.000
1790422096,s10-vless-xhttp,2616,8,65,65,53.5,213.1,1664.8,0.0,-,0,0,0.000
1790422096,s11-http-proxy,2558,24,212,212,67.2,1593.0,2202.0,0.0,-,0,0,0.000
1790422096,s12-vmess-h3,2755,5,216,216,37.4,1263.3,1962.5,0.0,-,0,0,0.000
1790422096,__proc__,0,0,0,0,-,-,-,942.0,15499,18887,110126,112.120
1790422126,s1-short,3647,24,1764,1764,44.4,1179.7,1895.2,0.0,-,0,0,0.000
1790422126,s2-long,7,0,0,0,36.5,112.7,112.7,0.0,-,0,0,0.000
1790422126,s3-quic,13378,0,864529,864529,3.5,47.1,801.9,0.0,-,0,0,0.000
1790422126,s4-mixed-kcp,1020,0,4799237,4799237,134.4,1265.5,4866.7,0.0,-,0,0,0.000
1790422126,s5-vmess-ws,3735,18,1814,1814,38.7,1174.9,1858.7,0.0,-,0,0,0.000
1790422126,s6-trojan-grpc,3778,12,1680,1680,30.9,1108.6,1734.1,0.0,-,0,0,0.000
1790422126,s7-ss-tcp,3948,28,1942,1942,26.2,1019.9,1580.5,0.0,-,0,0,0.000
1790422126,s8-tuic,3938,20,1957,1957,24.9,1083.9,1697.4,0.0,-,0,0,0.000
1790422126,s9-anytls,2671,0,0,0,29.7,196.3,232.0,0.0,-,0,0,0.000
1790422126,s10-vless-xhttp,2720,8,218,218,53.8,211.7,1651.2,0.0,-,0,0,0.000
1790422126,s11-http-proxy,3340,25,1642,1642,63.3,1401.2,2211.4,0.0,-,0,0,0.000
1790422126,s12-vmess-h3,3295,11,1134,1134,42.1,1056.3,1955.0,0.0,-,0,0,0.000
1790422126,__proc__,0,0,0,0,-,-,-,1151.6,18769,27565,150902,136.707
1790422156,s1-short,4235,24,1235,1235,58.1,988.5,1862.4,0.0,-,0,0,0.000
1790422156,s2-long,7,0,0,0,36.5,112.7,112.7,0.0,-,0,0,0.000
1790422156,s3-quic,15371,0,544222,544222,3.5,31.0,126.8,0.0,-,0,0,0.000
1790422156,s4-mixed-kcp,1141,0,3415457,3415457,138.7,1370.3,4308.3,0.0,-,0,0,0.000
1790422156,s5-vmess-ws,4322,18,1233,1233,56.9,1078.4,1822.7,0.0,-,0,0,0.000
1790422156,s6-trojan-grpc,4325,12,1149,1149,45.0,1054.1,1687.2,0.0,-,0,0,0.000
1790422156,s7-ss-tcp,4579,28,1325,1325,47.1,984.2,1576.3,0.0,-,0,0,0.000
1790422156,s8-tuic,4564,20,1315,1315,47.0,1048.6,1686.2,0.0,-,0,0,0.000
1790422156,s9-anytls,2671,0,0,0,29.7,196.3,232.0,0.0,-,0,0,0.000
1790422156,s10-vless-xhttp,2793,8,153,153,55.4,211.7,1630.5,0.0,-,0,0,0.000
1790422156,s11-http-proxy,3907,25,1191,1191,73.9,597.5,2119.3,0.0,-,0,0,0.000
1790422156,s12-vmess-h3,3871,11,1210,1210,56.4,540.7,1858.7,0.0,-,0,0,0.000
1790422156,__proc__,0,0,0,0,-,-,-,1271.9,20225,29812,176716,160.271
1790422186,s1-short,5025,24,1659,1659,87.0,988.5,1862.4,0.0,-,0,0,0.000
1790422186,s2-long,7,0,0,0,36.5,112.7,112.7,0.0,-,0,0,0.000
1790422186,s3-quic,17172,0,491793,491793,3.6,57.5,274.7,0.0,-,0,0,0.000
1790422186,s4-mixed-kcp,1304,0,5256421,5256421,143.8,1368.3,4125.0,0.0,-,0,0,0.000
1790422186,s5-vmess-ws,5113,18,1661,1661,85.8,1078.4,1822.7,0.0,-,0,0,0.000
1790422186,s6-trojan-grpc,5063,12,1550,1550,67.6,1054.1,1687.2,0.0,-,0,0,0.000
1790422186,s7-ss-tcp,5442,28,1812,1812,72.3,984.2,1576.3,0.0,-,0,0,0.000
1790422186,s8-tuic,5431,20,1821,1821,73.1,1048.6,1686.2,0.0,-,0,0,0.000
1790422186,s9-anytls,2671,0,0,0,29.7,196.3,232.0,0.0,-,0,0,0.000
1790422186,s10-vless-xhttp,2895,8,214,214,56.8,211.4,1604.0,0.0,-,0,0,0.000
1790422186,s11-http-proxy,4608,25,1472,1472,102.7,608.5,2089.5,0.0,-,0,0,0.000
1790422186,s12-vmess-h3,4653,11,1642,1642,82.2,539.5,1850.6,0.0,-,0,0,0.000
1790422186,__proc__,0,0,0,0,-,-,-,1423.8,22971,35091,195711,186.063
1790422216,s1-short,5818,24,1665,1665,107.7,988.5,1862.4,0.0,-,0,0,0.000
1790422216,s2-long,7,0,0,0,36.5,112.7,112.7,0.0,-,0,0,0.000
1790422216,s3-quic,18656,0,405231,405231,4.1,81.4,187.5,0.0,-,0,0,0.000
1790422216,s4-mixed-kcp,1479,0,5849597,5849597,150.8,1292.9,3720.9,0.0,-,0,0,0.000
1790422216,s5-vmess-ws,5908,18,1670,1670,107.2,1078.4,1822.7,0.0,-,0,0,0.000
1790422216,s6-trojan-grpc,5810,12,1569,1569,89.8,1054.1,1687.2,0.0,-,0,0,0.000
1790422216,s7-ss-tcp,6323,28,1850,1850,82.6,984.2,1576.3,0.0,-,0,0,0.000
1790422216,s8-tuic,6308,20,1842,1842,83.4,1048.6,1686.2,0.0,-,0,0,0.000
1790422216,s9-anytls,2671,0,0,0,29.7,196.3,232.0,0.0,-,0,0,0.000
1790422216,s10-vless-xhttp,2997,8,214,214,58.6,214.7,1598.4,0.0,-,0,0,0.000
1790422216,s11-http-proxy,5338,25,1533,1533,132.2,608.5,2089.5,0.0,-,0,0,0.000
1790422216,s12-vmess-h3,5433,11,1638,1638,107.7,539.5,1850.6,0.0,-,0,0,0.000
1790422216,__proc__,0,0,0,0,-,-,-,1527.9,25183,37667,210942,213.699
1790422246,s1-short,6702,24,1856,1856,93.0,1049.1,1868.4,0.0,-,0,0,0.000
1790422246,s2-long,7,0,0,0,36.5,112.7,112.7,0.0,-,0,0,0.000
1790422246,s3-quic,20501,0,503808,503808,5.2,80.7,164.9,0.0,-,0,0,0.000
1790422246,s4-mixed-kcp,1647,0,5474321,5474321,152.8,1285.4,3720.9,0.0,-,0,0,0.000
1790422246,s5-vmess-ws,6800,18,1873,1873,90.2,614.8,1630.2,0.0,-,0,0,0.000
1790422246,s6-trojan-grpc,6635,12,1732,1732,74.5,1055.0,1696.3,0.0,-,0,0,0.000
1790422246,s7-ss-tcp,7278,28,2006,2006,62.9,201.3,522.4,0.0,-,0,0,0.000
1790422246,s8-tuic,7270,20,2020,2020,62.8,203.4,543.4,0.0,-,0,0,0.000
1790422246,s9-anytls,2671,0,0,0,29.7,196.3,232.0,0.0,-,0,0,0.000
1790422246,s10-vless-xhttp,3103,8,223,223,59.2,214.7,1598.4,0.0,-,0,0,0.000
1790422246,s11-http-proxy,6151,25,1707,1707,117.9,683.9,2089.5,0.0,-,0,0,0.000
1790422246,s12-vmess-h3,6322,11,1867,1867,99.8,611.7,1863.0,0.0,-,0,0,0.000
1790422246,__proc__,0,0,0,0,-,-,-,1621.8,27978,41922,231096,240.866
1790422276,s1-short,7296,31,1247,1247,96.8,423.2,606.2,0.0,-,0,0,0.000
1790422276,s2-long,7,0,0,0,36.5,112.7,112.7,0.0,-,0,0,0.000
1790422276,s3-quic,21968,0,400589,400589,5.1,67.1,211.2,0.0,-,0,0,0.000
1790422276,s4-mixed-kcp,1780,0,4543810,4543810,155.9,1349.0,3189.8,0.0,-,0,0,0.000
1790422276,s5-vmess-ws,7400,22,1260,1260,96.2,439.8,628.8,0.0,-,0,0,0.000
1790422276,s6-trojan-grpc,7209,18,1205,1205,72.2,288.3,592.2,0.0,-,0,0,0.000
1790422276,s7-ss-tcp,7956,38,1424,1424,79.9,309.7,594.2,0.0,-,0,0,0.000
1790422276,s8-tuic,7944,25,1415,1415,80.4,341.6,610.9,0.0,-,0,0,0.000
1790422276,s9-anytls,2671,0,0,0,29.7,196.3,232.0,0.0,-,0,0,0.000
1790422276,s10-vless-xhttp,3182,8,166,166,60.4,221.7,1589.7,0.0,-,0,0,0.000
1790422276,s11-http-proxy,6708,28,1170,1170,110.7,456.1,680.9,0.0,-,0,0,0.000
1790422276,s12-vmess-h3,6907,14,1228,1228,98.1,429.6,623.4,0.0,-,0,0,0.000
1790422276,__proc__,0,0,0,0,-,-,-,1614.3,29208,39689,248474,267.979
1790422306,s1-short,7705,33,859,859,106.9,537.4,769.1,0.0,-,0,0,0.000
1790422306,s2-long,7,4,0,0,36.5,112.7,112.7,0.0,-,0,0,0.000
1790422306,s3-quic,22810,0,229922,229922,5.0,72.7,483.5,0.0,-,0,0,0.000
1790422306,s4-mixed-kcp,1873,0,3213923,3213923,158.6,1402.2,3025.3,0.0,-,0,0,0.000
1790422306,s5-vmess-ws,7812,23,865,865,106.8,545.5,788.9,0.0,-,0,0,0.000
1790422306,s6-trojan-grpc,7603,18,827,827,84.7,487.8,759.5,0.0,-,0,0,0.000
1790422306,s7-ss-tcp,8419,41,972,972,87.9,491.4,752.1,0.0,-,0,0,0.000
1790422306,s8-tuic,8402,27,962,962,89.1,507.7,764.0,0.0,-,0,0,0.000
1790422306,s9-anytls,2671,0,0,0,29.7,196.3,232.0,0.0,-,0,0,0.000
1790422306,s10-vless-xhttp,3236,8,113,113,61.5,234.8,1589.7,0.0,-,0,0,0.000
1790422306,s11-http-proxy,7076,29,773,773,122.9,567.8,817.1,0.0,-,0,0,0.000
1790422306,s12-vmess-h3,7303,15,832,832,108.6,546.0,788.1,0.0,-,0,0,0.000
1790422306,__proc__,0,0,0,0,-,-,-,1281.6,23280,30522,257416,296.747
1790422336,s1-short,8097,33,823,823,118.8,646.3,801.5,0.0,-,0,0,0.000
1790422336,s2-long,7,4,0,0,36.5,112.7,112.7,0.0,-,0,0,0.000
1790422336,s3-quic,23687,0,239479,239479,4.6,79.7,602.8,0.0,-,0,0,0.000
1790422336,s4-mixed-kcp,1966,0,3234509,3234509,163.1,1543.0,3011.3,0.0,-,0,0,0.000
1790422336,s5-vmess-ws,8201,23,817,817,117.3,657.2,807.6,0.0,-,0,0,0.000
1790422336,s6-trojan-grpc,7977,18,785,785,98.1,597.3,777.7,0.0,-,0,0,0.000
1790422336,s7-ss-tcp,8856,41,918,918,92.2,589.5,795.7,0.0,-,0,0,0.000
1790422336,s8-tuic,8834,27,907,907,92.3,594.1,779.9,0.0,-,0,0,0.000
1790422336,s9-anytls,2671,0,0,0,29.7,196.3,232.0,0.0,-,0,0,0.000
1790422336,s10-vless-xhttp,3288,8,109,109,62.3,280.7,1574.8,0.0,-,0,0,0.000
1790422336,s11-http-proxy,7452,29,790,790,135.0,699.0,844.0,0.0,-,0,0,0.000
1790422336,s12-vmess-h3,7694,15,821,821,119.4,673.5,812.0,0.0,-,0,0,0.000
1790422336,__proc__,0,0,0,0,-,-,-,1290.9,19205,25871,266842,323.947
1790422366,s1-short,8762,33,1396,1396,127.0,672.0,807.5,0.0,-,0,0,0.000
1790422366,s2-long,7,4,0,0,36.5,112.7,112.7,0.0,-,0,0,0.000
1790422366,s3-quic,25558,0,510908,510908,3.9,95.8,629.3,0.0,-,0,0,0.000
1790422366,s4-mixed-kcp,2113,0,5293759,5293759,171.9,1536.7,3007.0,0.0,-,0,0,0.000
1790422366,s5-vmess-ws,8875,23,1415,1415,124.3,683.0,819.6,0.0,-,0,0,0.000
1790422366,s6-trojan-grpc,8632,18,1376,1376,100.1,613.6,795.2,0.0,-,0,0,0.000
1790422366,s7-ss-tcp,9618,41,1600,1600,97.7,632.0,803.4,0.0,-,0,0,0.000
1790422366,s8-tuic,9587,27,1581,1581,99.7,621.2,806.0,0.0,-,0,0,0.000
1790422366,s9-anytls,3078,8,855,855,35.9,209.6,249.6,0.0,-,0,0,0.000
1790422366,s10-vless-xhttp,3494,12,433,433,63.5,252.4,1562.3,0.0,-,0,0,0.000
1790422366,s11-http-proxy,8075,29,1308,1308,149.8,710.2,844.4,0.0,-,0,0,0.000
1790422366,s12-vmess-h3,8350,15,1378,1378,131.2,689.5,819.8,0.0,-,0,0,0.000
1790422366,__proc__,0,0,0,0,-,-,-,1345.8,19841,29766,288417,350.807
1790422396,s1-short,9580,33,1718,1718,115.1,672.0,807.5,0.0,-,0,0,0.000
1790422396,s2-long,7,4,0,0,36.5,112.7,112.7,0.0,-,0,0,0.000
1790422396,s3-quic,27652,0,571802,571802,3.8,69.4,203.4,0.0,-,0,0,0.000
1790422396,s4-mixed-kcp,2306,1,5378454,5378454,172.4,1506.2,2861.9,0.0,-,0,0,0.000
1790422396,s5-vmess-ws,9703,23,1739,1739,110.4,683.0,819.6,0.0,-,0,0,0.000
1790422396,s6-trojan-grpc,9412,19,1638,1638,96.3,613.6,795.2,0.0,-,0,0,0.000
1790422396,s7-ss-tcp,10528,41,1911,1911,87.4,632.0,803.4,0.0,-,0,0,0.000
1790422396,s8-tuic,10494,27,1905,1905,91.9,621.2,806.0,0.0,-,0,0,0.000
1790422396,s9-anytls,3906,8,1739,1739,49.3,223.7,411.9,0.0,-,0,0,0.000
1790422396,s10-vless-xhttp,4211,15,1506,1506,72.2,311.2,1534.2,0.0,-,0,0,0.000
1790422396,s11-http-proxy,8818,29,1560,1560,142.4,710.2,844.4,0.0,-,0,0,0.000
1790422396,s12-vmess-h3,9146,15,1672,1672,118.6,689.5,819.8,0.0,-,0,0,0.000
1790422396,__proc__,0,0,0,0,-,-,-,1532.3,23597,35747,312791,377.432
1790422426,s1-short,10175,33,1250,1250,122.3,671.7,803.7,0.0,-,0,0,0.000
1790422426,s2-long,7,4,0,0,36.5,112.7,112.7,0.0,-,0,0,0.000
1790422426,s3-quic,28732,0,294912,294912,4.1,72.5,274.4,0.0,-,0,0,0.000
1790422426,s4-mixed-kcp,2520,1,4563060,4563060,173.6,1419.7,2821.6,0.0,-,0,0,0.000
1790422426,s5-vmess-ws,10296,23,1245,1245,120.3,681.3,807.2,0.0,-,0,0,0.000
1790422426,s6-trojan-grpc,10062,21,1365,1365,100.5,616.7,787.2,0.0,-,0,0,0.000
1790422426,s7-ss-tcp,11200,42,1411,1411,101.2,626.6,795.7,0.0,-,0,0,0.000
1790422426,s8-tuic,11151,28,1380,1380,105.4,622.7,796.2,0.0,-,0,0,0.000
1790422426,s9-anytls,4506,8,1260,1260,72.9,321.2,517.1,0.0,-,0,0,0.000
1790422426,s10-vless-xhttp,4838,15,1317,1317,95.3,466.3,1534.2,0.0,-,0,0,0.000
1790422426,s11-http-proxy,9340,29,1096,1096,145.2,720.6,844.6,0.0,-,0,0,0.000
1790422426,s12-vmess-h3,9718,15,1201,1201,127.3,690.5,814.0,0.0,-,0,0,0.000
1790422426,__proc__,0,0,0,0,-,-,-,1544.2,24109,33866,323532,405.235
1790422456,s1-short,10512,37,708,708,143.2,721.8,828.3,0.0,-,0,0,0.000
1790422456,s2-long,7,4,0,0,36.5,112.7,112.7,0.0,-,0,0,0.000
1790422456,s3-quic,29101,0,100762,100762,4.2,90.8,404.9,0.0,-,0,0,0.000
1790422456,s4-mixed-kcp,2662,1,3113735,3113735,181.5,1508.8,2787.9,0.0,-,0,0,0.000
1790422456,s5-vmess-ws,10639,24,720,720,139.9,728.3,834.1,0.0,-,0,0,0.000
1790422456,s6-trojan-grpc,10434,25,781,781,114.9,698.1,812.9,0.0,-,0,0,0.000
1790422456,s7-ss-tcp,11590,48,819,819,114.5,693.6,829.2,0.0,-,0,0,0.000
1790422456,s8-tuic,11534,31,804,804,119.6,696.8,816.5,0.0,-,0,0,0.000
1790422456,s9-anytls,4656,8,315,315,84.8,404.3,788.1,0.0,-,0,0,0.000
1790422456,s10-vless-xhttp,5152,15,659,659,108.4,656.3,1534.2,0.0,-,0,0,0.000
1790422456,s11-http-proxy,9647,31,645,645,151.3,764.5,862.3,0.0,-,0,0,0.000
1790422456,s12-vmess-h3,10045,15,687,687,147.8,736.0,850.5,0.0,-,0,0,0.000
1790422456,__proc__,0,0,0,0,-,-,-,1451.1,23993,30910,326579,433.831
1790422486,s1-short,10829,37,666,666,160.6,764.5,960.5,0.0,-,0,0,0.000
1790422486,s2-long,7,4,0,0,36.5,112.7,112.7,0.0,-,0,0,0.000
1790422486,s3-quic,29412,0,84924,84924,4.3,117.2,583.4,0.0,-,0,0,0.000
1790422486,s4-mixed-kcp,2791,1,3137676,3137676,189.6,1523.4,2850.2,0.0,-,0,0,0.000
1790422486,s5-vmess-ws,10949,24,651,651,158.1,771.5,963.7,0.0,-,0,0,0.000
1790422486,s6-trojan-grpc,10782,25,731,731,131.5,740.8,936.8,0.0,-,0,0,0.000
1790422486,s7-ss-tcp,11951,48,758,758,126.9,733.4,939.7,0.0,-,0,0,0.000
1790422486,s8-tuic,11880,31,727,727,132.7,734.8,929.5,0.0,-,0,0,0.000
1790422486,s9-anytls,4696,8,84,84,88.0,414.3,815.4,0.0,-,0,0,0.000
1790422486,s10-vless-xhttp,5406,15,533,533,119.4,727.8,1534.2,0.0,-,0,0,0.000
1790422486,s11-http-proxy,9921,31,575,575,171.2,812.6,1001.9,0.0,-,0,0,0.000
1790422486,s12-vmess-h3,10354,15,649,649,165.0,785.1,973.5,0.0,-,0,0,0.000
1790422486,__proc__,0,0,0,0,-,-,-,1248.2,23352,30006,328897,463.332
1790422516,s1-short,11587,37,1592,1592,154.7,759.0,960.5,0.0,-,0,0,0.000
1790422516,s2-long,7,4,0,0,36.5,112.7,112.7,0.0,-,0,0,0.000
1790422516,s3-quic,31381,0,537668,537668,4.4,129.2,587.0,0.0,-,0,0,0.000
1790422516,s4-mixed-kcp,3034,1,5409657,5409657,186.7,1506.2,2798.2,0.0,-,0,0,0.000
1790422516,s5-vmess-ws,11715,24,1609,1609,152.1,767.1,963.7,0.0,-,0,0,0.000
1790422516,s6-trojan-grpc,11610,25,1739,1739,121.0,733.2,919.8,0.0,-,0,0,0.000
1790422516,s7-ss-tcp,12804,48,1791,1791,104.7,654.3,938.6,0.0,-,0,0,0.000
1790422516,s8-tuic,12728,31,1781,1781,111.4,658.7,929.5,0.0,-,0,0,0.000
1790422516,s9-anytls,4795,8,208,208,91.2,414.4,815.4,0.0,-,0,0,0.000
1790422516,s10-vless-xhttp,5978,15,1201,1201,123.3,727.8,1534.2,0.0,-,0,0,0.000
1790422516,s11-http-proxy,10630,31,1489,1489,172.2,810.5,1001.9,0.0,-,0,0,0.000
1790422516,s12-vmess-h3,11100,15,1567,1567,160.9,777.3,973.5,0.0,-,0,0,0.000
1790422516,__proc__,0,0,0,0,-,-,-,1412.3,25185,37475,353912,489.471
1790422546,s1-short,12144,37,1170,1170,145.2,703.7,960.5,0.0,-,0,0,0.000
1790422546,s2-long,7,4,0,0,36.5,112.7,112.7,0.0,-,0,0,0.000
1790422546,s3-quic,32754,0,374921,374921,4.2,117.2,600.9,0.0,-,0,0,0.000
1790422546,s4-mixed-kcp,3232,1,4260604,4260604,184.0,1481.7,2721.2,0.0,-,0,0,0.000
1790422546,s5-vmess-ws,12260,24,1144,1144,142.8,711.3,963.7,0.0,-,0,0,0.000
1790422546,s6-trojan-grpc,12216,25,1273,1273,113.8,649.3,919.8,0.0,-,0,0,0.000
1790422546,s7-ss-tcp,13428,48,1310,1310,98.7,618.7,938.6,0.0,-,0,0,0.000
1790422546,s8-tuic,13327,31,1258,1258,106.4,620.3,929.5,0.0,-,0,0,0.000
1790422546,s9-anytls,4864,8,145,145,95.7,419.8,815.4,0.0,-,0,0,0.000
1790422546,s10-vless-xhttp,6413,15,914,914,121.6,729.7,1534.2,0.0,-,0,0,0.000
1790422546,s11-http-proxy,11135,31,1060,1060,168.8,808.6,1001.9,0.0,-,0,0,0.000
1790422546,s12-vmess-h3,11640,15,1134,1134,155.1,731.4,973.5,0.0,-,0,0,0.000
1790422546,__proc__,0,0,0,0,-,-,-,1358.8,25022,35027,369896,515.098
1790422576,s1-short,12727,37,1224,1224,132.5,674.2,960.5,0.0,-,0,0,0.000
1790422576,s2-long,7,4,0,0,36.5,112.7,112.7,0.0,-,0,0,0.000
1790422576,s3-quic,33917,0,317577,317577,4.0,74.8,398.4,0.0,-,0,0,0.000
1790422576,s4-mixed-kcp,3442,1,4856518,4856518,184.8,1495.4,2632.3,0.0,-,0,0,0.000
1790422576,s5-vmess-ws,12845,24,1228,1228,133.1,681.5,963.7,0.0,-,0,0,0.000
1790422576,s6-trojan-grpc,12856,25,1344,1344,118.2,631.0,919.8,0.0,-,0,0,0.000
1790422576,s7-ss-tcp,14086,48,1382,1382,114.0,621.6,938.6,0.0,-,0,0,0.000
1790422576,s8-tuic,13984,31,1380,1380,118.3,622.7,929.5,0.0,-,0,0,0.000
1790422576,s9-anytls,4940,8,160,160,99.0,428.9,815.4,0.0,-,0,0,0.000
1790422576,s10-vless-xhttp,6869,15,958,958,123.9,624.7,886.3,0.0,-,0,0,0.000
1790422576,s11-http-proxy,11666,31,1115,1115,161.2,730.3,1001.9,0.0,-,0,0,0.000
1790422576,s12-vmess-h3,12215,15,1208,1208,138.4,700.2,973.5,0.0,-,0,0,0.000
1790422576,__proc__,0,0,0,0,-,-,-,1288.5,26250,36878,382789,542.840
1790422606,s1-short,13099,37,781,781,154.0,730.6,973.0,0.0,-,0,0,0.000
1790422606,s2-long,7,4,0,0,36.5,112.7,112.7,0.0,-,0,0,0.000
1790422606,s3-quic,34178,0,71270,71270,4.1,106.9,501.3,0.0,-,0,0,0.000
1790422606,s4-mixed-kcp,3596,1,3590684,3590684,192.2,1505.0,2632.3,0.0,-,0,0,0.000
1790422606,s5-vmess-ws,13209,24,764,764,155.0,738.9,978.6,0.0,-,0,0,0.000
1790422606,s6-trojan-grpc,13259,25,846,846,137.1,692.1,944.4,0.0,-,0,0,0.000
1790422606,s7-ss-tcp,14505,48,880,880,127.9,673.2,948.2,0.0,-,0,0,0.000
1790422606,s8-tuic,14388,31,848,848,133.4,679.4,947.2,0.0,-,0,0,0.000
1790422606,s9-anytls,4986,8,97,97,101.8,442.3,819.8,0.0,-,0,0,0.000
1790422606,s10-vless-xhttp,7169,15,630,630,132.9,658.9,891.0,0.0,-,0,0,0.000
1790422606,s11-http-proxy,11992,31,685,685,161.8,793.6,1013.8,0.0,-,0,0,0.000
1790422606,s12-vmess-h3,12560,15,724,724,160.0,765.2,997.5,0.0,-,0,0,0.000
1790422606,__proc__,0,0,0,0,-,-,-,1200.5,26171,34242,384191,572.154
1790422636,s1-short,13771,37,1411,1411,157.4,750.3,981.2,0.0,-,0,0,0.000
1790422636,s2-long,7,4,0,0,36.5,112.7,112.7,0.0,-,0,0,0.000
1790422636,s3-quic,35600,0,388301,388301,4.3,127.7,508.1,0.0,-,0,0,0.000
1790422636,s4-mixed-kcp,3823,1,4989191,4989191,192.3,1481.7,2632.3,0.0,-,0,0,0.000
1790422636,s5-vmess-ws,13881,24,1411,1411,158.8,759.4,1006.4,0.0,-,0,0,0.000
1790422636,s6-trojan-grpc,13995,25,1546,1546,131.1,710.1,963.8,0.0,-,0,0,0.000
1790422636,s7-ss-tcp,15257,48,1579,1579,118.9,700.4,960.5,0.0,-,0,0,0.000
1790422636,s8-tuic,15133,31,1564,1564,126.0,701.0,964.0,0.0,-,0,0,0.000
1790422636,s9-anytls,5071,8,178,178,104.6,444.7,827.4,0.0,-,0,0,0.000
1790422636,s10-vless-xhttp,7676,15,1065,1065,133.0,650.9,912.2,0.0,-,0,0,0.000
1790422636,s11-http-proxy,12593,31,1262,1262,180.6,807.6,1032.2,0.0,-,0,0,0.000
1790422636,s12-vmess-h3,13208,15,1361,1361,169.6,778.7,1015.3,0.0,-,0,0,0.000
1790422636,__proc__,0,0,0,0,-,-,-,1338.7,28936,41064,400024,599.776
1790422666,s1-short,14346,37,1208,1208,152.5,736.5,981.2,0.0,-,0,0,0.000
1790422666,s2-long,7,4,0,0,36.5,112.7,112.7,0.0,-,0,0,0.000
1790422666,s3-quic,37002,0,382839,382839,4.5,124.6,470.9,0.0,-,0,0,0.000
1790422666,s4-mixed-kcp,4021,1,4572885,4572885,192.0,1475.7,2562.3,0.0,-,0,0,0.000
1790422666,s5-vmess-ws,14466,24,1228,1228,152.2,744.0,1006.4,0.0,-,0,0,0.000
1790422666,s6-trojan-grpc,14648,25,1371,1371,115.1,569.5,946.3,0.0,-,0,0,0.000
1790422666,s7-ss-tcp,15921,48,1394,1394,106.3,518.2,842.1,0.0,-,0,0,0.000
1790422666,s8-tuic,15788,31,1376,1376,111.9,565.3,953.9,0.0,-,0,0,0.000
1790422666,s9-anytls,5144,8,153,153,107.7,451.3,827.4,0.0,-,0,0,0.000
1790422666,s10-vless-xhttp,8135,15,964,964,141.5,652.6,912.2,0.0,-,0,0,0.000
1790422666,s11-http-proxy,13129,31,1126,1126,177.1,807.6,1032.2,0.0,-,0,0,0.000
1790422666,s12-vmess-h3,13770,15,1180,1180,163.6,778.7,1015.3,0.0,-,0,0,0.000
1790422666,__proc__,0,0,0,0,-,-,-,1497.6,29359,40620,416341,625.807
1790422696,s1-short,14903,37,1170,1170,141.7,590.3,825.8,0.0,-,0,0,0.000
1790422696,s2-long,7,4,0,0,36.5,112.7,112.7,0.0,-,0,0,0.000
1790422696,s3-quic,38269,0,345975,345975,4.4,93.0,407.5,0.0,-,0,0,0.000
1790422696,s4-mixed-kcp,4229,1,4711386,4711386,198.6,1502.6,2490.2,0.0,-,0,0,0.000
1790422696,s5-vmess-ws,15017,24,1157,1157,139.9,590.8,824.1,0.0,-,0,0,0.000
1790422696,s6-trojan-grpc,15268,25,1302,1302,115.2,552.9,761.4,0.0,-,0,0,0.000
1790422696,s7-ss-tcp,16563,48,1348,1348,111.0,536.4,747.8,0.0,-,0,0,0.000
1790422696,s8-tuic,16408,31,1302,1302,114.8,562.3,768.7,0.0,-,0,0,0.000
1790422696,s9-anytls,5213,8,145,145,109.3,459.1,827.4,0.0,-,0,0,0.000
1790422696,s10-vless-xhttp,8577,15,928,928,143.3,661.0,912.2,0.0,-,0,0,0.000
1790422696,s11-http-proxy,13642,31,1077,1077,173.3,734.7,1032.2,0.0,-,0,0,0.000
1790422696,s12-vmess-h3,14310,15,1134,1134,153.0,624.1,1005.4,0.0,-,0,0,0.000
1790422696,__proc__,0,0,0,0,-,-,-,1527.2,28157,39024,430769,652.028
1790422726,s1-short,15340,37,918,918,151.8,625.0,865.0,0.0,-,0,0,0.000
1790422726,s2-long,7,4,0,0,36.5,112.7,112.7,0.0,-,0,0,0.000
1790422726,s3-quic,38921,0,178039,178039,4.4,101.3,443.3,0.0,-,0,0,0.000
1790422726,s4-mixed-kcp,4402,1,3723687,3723687,209.9,1521.0,2562.3,0.0,-,0,0,0.000
1790422726,s5-vmess-ws,15458,24,926,926,151.4,627.9,862.9,0.0,-,0,0,0.000
1790422726,s6-trojan-grpc,15746,25,1004,1004,131.7,586.4,819.4,0.0,-,0,0,0.000
1790422726,s7-ss-tcp,17056,48,1035,1035,124.7,576.5,841.4,0.0,-,0,0,0.000
1790422726,s8-tuic,16880,31,991,991,129.1,592.3,846.6,0.0,-,0,0,0.000
1790422726,s9-anytls,5272,10,124,124,111.6,479.8,834.7,0.0,-,0,0,0.000
1790422726,s10-vless-xhttp,8917,15,714,714,147.6,682.7,919.0,0.0,-,0,0,0.000
1790422726,s11-http-proxy,14044,31,844,844,166.2,656.1,903.7,0.0,-,0,0,0.000
1790422726,s12-vmess-h3,14738,15,899,899,155.7,637.5,888.5,0.0,-,0,0,0.000
1790422726,__proc__,0,0,0,0,-,-,-,1625.1,26744,36211,437736,679.977
1790422756,s1-short,15602,37,550,550,168.8,671.1,1035.9,0.0,-,0,0,0.000
1790422756,s2-long,7,4,0,0,36.5,112.7,112.7,0.0,-,0,0,0.000
1790422756,s3-quic,39012,0,24849,24849,4.4,144.8,520.3,0.0,-,0,0,0.000
1790422756,s4-mixed-kcp,4521,1,2950526,2950526,225.4,1584.1,2712.2,0.0,-,0,0,0.000
1790422756,s5-vmess-ws,15718,24,546,546,168.2,678.1,1054.4,0.0,-,0,0,0.000
1790422756,s6-trojan-grpc,16032,25,601,601,142.8,642.3,986.2,0.0,-,0,0,0.000
1790422756,s7-ss-tcp,17354,48,626,626,134.2,629.6,1009.8,0.0,-,0,0,0.000
1790422756,s8-tuic,17163,31,594,594,139.1,647.3,1040.2,0.0,-,0,0,0.000
1790422756,s9-anytls,5456,15,386,386,121.9,587.0,1040.6,0.0,-,0,0,0.000
1790422756,s10-vless-xhttp,9165,17,521,521,151.4,685.0,1059.3,0.0,-,0,0,0.000
1790422756,s11-http-proxy,14268,31,470,470,174.6,724.1,1199.0,0.0,-,0,0,0.000
1790422756,s12-vmess-h3,14982,15,512,512,173.1,673.7,1045.8,0.0,-,0,0,0.000
1790422756,__proc__,0,0,0,0,-,-,-,1504.3,25919,33032,438074,709.630
1790422786,s1-short,16210,37,1277,1277,172.9,670.5,1035.9,0.0,-,0,0,0.000
1790422786,s2-long,7,4,0,0,36.5,112.7,112.7,0.0,-,0,0,0.000
1790422786,s3-quic,39956,0,257775,257775,4.6,173.2,520.3,0.0,-,0,0,0.000
1790422786,s4-mixed-kcp,4730,1,4584174,4584174,237.1,1616.2,2712.2,0.0,-,0,0,0.000
1790422786,s5-vmess-ws,16320,24,1264,1264,171.9,678.1,1054.4,0.0,-,0,0,0.000
1790422786,s6-trojan-grpc,16692,25,1386,1386,139.8,643.7,986.2,0.0,-,0,0,0.000
1790422786,s7-ss-tcp,18048,48,1457,1457,134.4,629.1,1009.8,0.0,-,0,0,0.000
1790422786,s8-tuic,17832,31,1405,1405,136.0,647.3,1040.2,0.0,-,0,0,0.000
1790422786,s9-anytls,6077,15,1304,1304,140.5,591.2,1040.6,0.0,-,0,0,0.000
1790422786,s10-vless-xhttp,9788,17,1308,1308,141.9,611.8,980.9,0.0,-,0,0,0.000
1790422786,s11-http-proxy,14810,31,1138,1138,192.3,724.3,1199.0,0.0,-,0,0,0.000
1790422786,s12-vmess-h3,15561,15,1216,1216,182.0,673.7,1045.8,0.0,-,0,0,0.000
1790422786,__proc__,0,0,0,0,-,-,-,1625.2,28419,39940,447546,737.270
1790422816,s1-short,16651,37,926,926,189.7,681.9,1035.9,0.0,-,0,0,0.000
1790422816,s2-long,7,4,0,0,36.5,112.7,112.7,0.0,-,0,0,0.000
1790422816,s3-quic,40627,0,183228,183228,4.6,194.3,570.1,0.0,-,0,0,0.000
1790422816,s4-mixed-kcp,4909,1,4409153,4409153,239.8,1600.2,2481.7,0.0,-,0,0,0.000
1790422816,s5-vmess-ws,16762,24,928,928,186.1,696.0,1054.4,0.0,-,0,0,0.000
1790422816,s6-trojan-grpc,17182,25,1029,1029,148.3,618.4,986.2,0.0,-,0,0,0.000
1790422816,s7-ss-tcp,18553,48,1060,1060,135.9,610.6,1009.8,0.0,-,0,0,0.000
1790422816,s8-tuic,18323,31,1031,1031,145.6,625.6,1040.2,0.0,-,0,0,0.000
1790422816,s9-anytls,6522,15,934,934,148.1,618.0,1040.6,0.0,-,0,0,0.000
1790422816,s10-vless-xhttp,10262,17,995,995,164.3,623.9,980.9,0.0,-,0,0,0.000
1790422816,s11-http-proxy,15223,31,867,867,217.3,744.2,1199.0,0.0,-,0,0,0.000
1790422816,s12-vmess-h3,15995,15,911,911,195.4,695.3,1045.8,0.0,-,0,0,0.000
1790422816,__proc__,0,0,0,0,-,-,-,1632.0,27111,36586,454202,765.467
1790422846,s1-short,17258,37,1275,1275,171.8,631.1,1035.9,0.0,-,0,0,0.000
1790422846,s2-long,7,4,0,0,36.5,112.7,112.7,0.0,-,0,0,0.000
1790422846,s3-quic,41968,0,366182,366182,4.6,195.8,526.4,0.0,-,0,0,0.000
1790422846,s4-mixed-kcp,5116,1,4565284,4565284,235.9,1567.0,2168.4,0.0,-,0,0,0.000
1790422846,s5-vmess-ws,17365,24,1266,1266,169.9,633.8,1026.6,0.0,-,0,0,0.000
1790422846,s6-trojan-grpc,17837,25,1376,1376,140.3,600.0,925.5,0.0,-,0,0,0.000
1790422846,s7-ss-tcp,19226,48,1413,1413,134.9,592.5,1003.7,0.0,-,0,0,0.000
1790422846,s8-tuic,18995,31,1411,1411,136.9,603.9,1040.2,0.0,-,0,0,0.000
1790422846,s9-anytls,7125,15,1266,1266,150.4,611.1,882.6,0.0,-,0,0,0.000
1790422846,s10-vless-xhttp,10882,17,1302,1302,165.4,626.8,980.9,0.0,-,0,0,0.000
1790422846,s11-http-proxy,15783,31,1176,1176,215.2,741.6,1199.0,0.0,-,0,0,0.000
1790422846,s12-vmess-h3,16583,15,1235,1235,187.4,666.8,1045.8,0.0,-,0,0,0.000
1790422846,__proc__,0,0,0,0,-,-,-,1582.1,27727,39114,469264,793.099
1790422876,s1-short,17675,37,876,876,190.0,660.4,1035.9,0.0,-,0,0,0.000
1790422876,s2-long,7,4,0,0,36.5,112.7,112.7,0.0,-,0,0,0.000
1790422876,s3-quic,42542,0,156740,156740,4.7,221.9,576.4,0.0,-,0,0,0.000
1790422876,s4-mixed-kcp,5286,1,4096611,4096611,242.4,1552.7,2159.0,0.0,-,0,0,0.000
1790422876,s5-vmess-ws,17776,24,863,863,186.6,662.7,1026.6,0.0,-,0,0,0.000
1790422876,s6-trojan-grpc,18303,25,979,979,163.5,636.2,925.5,0.0,-,0,0,0.000
1790422876,s7-ss-tcp,19713,48,1023,1023,157.5,619.7,1003.7,0.0,-,0,0,0.000
1790422876,s8-tuic,19458,31,972,972,163.7,637.7,1040.2,0.0,-,0,0,0.000
1790422876,s9-anytls,7540,15,872,872,177.3,662.5,894.1,0.0,-,0,0,0.000
1790422876,s10-vless-xhttp,11322,17,924,924,168.1,627.8,951.3,0.0,-,0,0,0.000
1790422876,s11-http-proxy,16167,31,806,806,209.2,700.9,1199.0,0.0,-,0,0,0.000
1790422876,s12-vmess-h3,16971,15,815,815,194.2,679.0,915.2,0.0,-,0,0,0.000
1790422876,__proc__,0,0,0,0,-,-,-,1504.5,26950,35888,474287,821.387
1790422906,s1-short,18300,37,1312,1312,195.9,668.0,1035.9,0.0,-,0,0,0.000
1790422906,s2-long,7,4,0,0,36.5,112.7,112.7,0.0,-,0,0,0.000
1790422906,s3-quic,43965,0,388574,388574,4.1,147.7,507.8,0.0,-,0,0,0.000
1790422906,s4-mixed-kcp,5499,1,4711469,4711469,243.6,1555.4,2168.4,0.0,-,0,0,0.000
1790422906,s5-vmess-ws,18390,24,1289,1289,197.2,674.1,1042.5,0.0,-,0,0,0.000
1790422906,s6-trojan-grpc,18971,25,1403,1403,158.6,625.7,925.5,0.0,-,0,0,0.000
1790422906,s7-ss-tcp,20394,48,1430,1430,145.3,615.8,1003.7,0.0,-,0,0,0.000
1790422906,s8-tuic,20128,31,1407,1407,154.9,625.6,1040.2,0.0,-,0,0,0.000
1790422906,s9-anytls,8169,15,1321,1321,182.7,665.8,894.1,0.0,-,0,0,0.000
1790422906,s10-vless-xhttp,11949,17,1317,1317,174.6,639.9,951.3,0.0,-,0,0,0.000
1790422906,s11-http-proxy,16726,31,1174,1174,213.3,708.7,1199.0,0.0,-,0,0,0.000
1790422906,s12-vmess-h3,17567,15,1252,1252,206.7,686.5,1035.8,0.0,-,0,0,0.000
1790422906,__proc__,0,0,0,0,-,-,-,1418.9,29008,40575,490450,848.199
1790422936,s1-short,18728,37,899,899,197.4,676.2,1041.5,0.0,-,0,0,0.000
1790422936,s2-long,7,4,0,0,36.5,112.7,112.7,0.0,-,0,0,0.000
1790422936,s3-quic,44595,0,172032,172032,4.1,134.0,532.6,0.0,-,0,0,0.000
1790422936,s4-mixed-kcp,5661,1,3517503,3517503,244.9,1585.1,2178.7,0.0,-,0,0,0.000
1790422936,s5-vmess-ws,18819,24,901,901,204.5,683.1,1042.5,0.0,-,0,0,0.000
1790422936,s6-trojan-grpc,19441,25,987,987,170.0,652.4,928.0,0.0,-,0,0,0.000
1790422936,s7-ss-tcp,20883,48,1027,1027,159.0,639.0,1003.7,0.0,-,0,0,0.000
1790422936,s8-tuic,20601,31,993,993,168.0,646.4,1040.2,0.0,-,0,0,0.000
1790422936,s9-anytls,8607,15,920,920,192.0,682.0,906.0,0.0,-,0,0,0.000
1790422936,s10-vless-xhttp,12400,17,947,947,182.3,640.4,976.8,0.0,-,0,0,0.000
1790422936,s11-http-proxy,17119,31,825,825,228.8,727.9,1199.0,0.0,-,0,0,0.000
1790422936,s12-vmess-h3,17986,15,880,880,216.3,692.5,1042.6,0.0,-,0,0,0.000
1790422936,__proc__,0,0,0,0,-,-,-,1370.9,27660,37003,496145,876.783
1790422966,s1-short,19229,37,1052,1052,204.5,684.0,1041.5,0.0,-,0,0,0.000
1790422966,s2-long,7,4,0,0,36.5,112.7,112.7,0.0,-,0,0,0.000
1790422966,s3-quic,45810,0,331776,331776,4.0,139.0,550.8,0.0,-,0,0,0.000
1790422966,s4-mixed-kcp,5845,1,3960979,3960979,246.2,1600.2,2256.6,0.0,-,0,0,0.000
1790422966,s5-vmess-ws,19314,24,1040,1040,210.0,687.7,1042.5,0.0,-,0,0,0.000
1790422966,s6-trojan-grpc,19979,25,1130,1130,156.2,602.9,797.1,0.0,-,0,0,0.000
1790422966,s7-ss-tcp,21441,48,1172,1172,136.7,550.1,766.3,0.0,-,0,0,0.000
1790422966,s8-tuic,21146,31,1144,1144,150.1,595.5,781.4,0.0,-,0,0,0.000
1790422966,s9-anytls,9111,15,1058,1058,185.6,639.4,875.7,0.0,-,0,0,0.000
1790422966,s10-vless-xhttp,12911,17,1073,1073,182.6,641.7,946.3,0.0,-,0,0,0.000
1790422966,s11-http-proxy,17598,31,1006,1006,228.9,725.9,1199.0,0.0,-,0,0,0.000
1790422966,s12-vmess-h3,18471,15,1018,1018,216.7,695.3,1042.6,0.0,-,0,0,0.000
1790422966,__proc__,0,0,0,0,-,-,-,1304.2,27733,37781,509895,903.463
1790422996,s1-short,19577,37,731,731,200.5,672.3,863.9,0.0,-,0,0,0.000
1790422996,s2-long,7,4,0,0,36.5,112.7,112.7,0.0,-,0,0,0.000
1790422996,s3-quic,46389,0,158106,158106,3.9,140.7,619.1,0.0,-,0,0,0.000
1790422996,s4-mixed-kcp,5993,1,3407062,3407062,247.6,1556.3,2168.4,0.0,-,0,0,0.000
1790422996,s5-vmess-ws,19659,24,724,724,208.1,702.1,923.4,0.0,-,0,0,0.000
1790422996,s6-trojan-grpc,20366,25,813,813,163.8,631.0,821.3,0.0,-,0,0,0.000
1790422996,s7-ss-tcp,21844,48,846,846,153.6,619.4,824.6,0.0,-,0,0,0.000
1790422996,s8-tuic,21529,31,804,804,160.7,626.8,828.2,0.0,-,0,0,0.000
1790422996,s9-anytls,9452,15,716,716,197.0,665.8,852.8,0.0,-,0,0,0.000
1790422996,s10-vless-xhttp,13276,17,766,766,178.5,630.1,815.6,0.0,-,0,0,0.000
1790422996,s11-http-proxy,17918,31,672,672,245.9,744.4,1199.0,0.0,-,0,0,0.000
1790422996,s12-vmess-h3,18796,15,682,682,226.1,720.7,1000.3,0.0,-,0,0,0.000
1790422996,__proc__,0,0,0,0,-,-,-,1320.1,26708,34762,515341,931.380
1790423026,s1-short,20131,37,1163,1163,197.4,659.4,862.4,0.0,-,0,0,0.000
1790423026,s2-long,7,4,0,0,36.5,112.7,112.7,0.0,-,0,0,0.000
1790423026,s3-quic,47767,0,376286,376286,3.8,131.1,604.6,0.0,-,0,0,0.000
1790423026,s4-mixed-kcp,6190,1,4336419,4336419,247.9,1523.4,2168.4,0.0,-,0,0,0.000
1790423026,s5-vmess-ws,20216,24,1170,1170,204.5,662.3,860.2,0.0,-,0,0,0.000
1790423026,s6-trojan-grpc,20985,25,1300,1300,154.1,653.3,835.4,0.0,-,0,0,0.000
1790423026,s7-ss-tcp,22476,48,1327,1327,136.2,619.4,831.8,0.0,-,0,0,0.000
1790423026,s8-tuic,22146,31,1296,1296,147.7,633.6,855.1,0.0,-,0,0,0.000
1790423026,s9-anytls,10016,15,1184,1184,196.9,656.0,849.8,0.0,-,0,0,0.000
1790423026,s10-vless-xhttp,13841,17,1186,1186,186.1,644.8,831.0,0.0,-,0,0,0.000
1790423026,s11-http-proxy,18423,31,1060,1060,223.3,698.1,848.3,0.0,-,0,0,0.000
1790423026,s12-vmess-h3,19339,15,1140,1140,210.5,692.0,887.2,0.0,-,0,0,0.000
1790423026,__proc__,0,0,0,0,-,-,-,1328.1,28098,38971,531211,958.029
1790423056,s1-short,20648,37,1086,1086,183.7,664.8,862.3,0.0,-,0,0,0.000
1790423056,s2-long,7,4,0,0,36.5,112.7,112.7,0.0,-,0,0,0.000
1790423056,s3-quic,48845,0,294366,294366,3.8,116.9,521.3,0.0,-,0,0,0.000
1790423056,s4-mixed-kcp,6385,1,4144568,4144568,251.0,1554.5,2168.4,0.0,-,0,0,0.000
1790423056,s5-vmess-ws,20719,24,1056,1056,194.8,676.3,860.2,0.0,-,0,0,0.000
1790423056,s6-trojan-grpc,21545,25,1176,1176,148.2,655.9,834.9,0.0,-,0,0,0.000
1790423056,s7-ss-tcp,23058,48,1222,1222,140.5,647.8,831.8,0.0,-,0,0,0.000
1790423056,s8-tuic,22712,31,1189,1189,141.3,639.7,855.1,0.0,-,0,0,0.000
1790423056,s9-anytls,10533,15,1086,1086,181.2,665.5,849.8,0.0,-,0,0,0.000
1790423056,s10-vless-xhttp,14376,17,1124,1124,171.5,655.3,831.0,0.0,-,0,0,0.000
1790423056,s11-http-proxy,18895,31,991,991,230.6,710.1,848.3,0.0,-,0,0,0.000
1790423056,s12-vmess-h3,19830,15,1031,1031,208.7,703.8,887.2,0.0,-,0,0,0.000
1790423056,__proc__,0,0,0,0,-,-,-,1400.3,29190,39802,543230,986.108
1790423086,s1-short,20988,37,714,714,196.2,681.1,879.4,0.0,-,0,0,0.000
1790423086,s2-long,7,4,0,0,36.5,112.7,112.7,0.0,-,0,0,0.000
1790423086,s3-quic,49189,0,93935,93935,3.8,153.6,574.0,0.0,-,0,0,0.000
1790423086,s4-mixed-kcp,6523,1,3476351,3476351,255.8,1579.4,2247.6,0.0,-,0,0,0.000
1790423086,s5-vmess-ws,21056,24,708,708,202.6,691.7,879.2,0.0,-,0,0,0.000
1790423086,s6-trojan-grpc,21930,25,808,808,167.8,668.5,853.2,0.0,-,0,0,0.000
1790423086,s7-ss-tcp,23448,48,819,819,149.8,652.4,849.9,0.0,-,0,0,0.000
1790423086,s8-tuic,23104,31,823,823,162.2,654.5,875.0,0.0,-,0,0,0.000
1790423086,s9-anytls,10880,15,729,729,195.5,683.3,861.0,0.0,-,0,0,0.000
1790423086,s10-vless-xhttp,14736,17,756,756,190.2,675.9,852.6,0.0,-,0,0,0.000
1790423086,s11-http-proxy,19212,31,666,666,237.2,721.2,928.4,0.0,-,0,0,0.000
1790423086,s12-vmess-h3,20159,15,691,691,209.5,702.8,901.1,0.0,-,0,0,0.000
1790423086,__proc__,0,0,0,0,-,-,-,1430.4,27748,36175,546253,1015.201
1790423116,s1-short,21537,37,1153,1153,185.9,675.7,879.4,0.0,-,0,0,0.000
1790423116,s2-long,7,4,0,0,36.5,112.7,112.7,0.0,-,0,0,0.000
1790423116,s3-quic,50380,0,325222,325222,3.9,146.5,548.0,0.0,-,0,0,0.000
1790423116,s4-mixed-kcp,6716,1,4351128,4351128,251.5,1578.9,2208.3,0.0,-,0,0,0.000
1790423116,s5-vmess-ws,21610,24,1163,1163,197.3,689.1,879.2,0.0,-,0,0,0.000
1790423116,s6-trojan-grpc,22544,25,1289,1289,145.4,644.6,849.1,0.0,-,0,0,0.000
1790423116,s7-ss-tcp,24070,48,1306,1306,137.7,633.8,848.9,0.0,-,0,0,0.000
1790423116,s8-tuic,23706,31,1264,1264,139.4,633.6,867.3,0.0,-,0,0,0.000
1790423116,s9-anytls,11436,15,1168,1168,183.2,676.1,861.0,0.0,-,0,0,0.000
1790423116,s10-vless-xhttp,15309,17,1203,1203,172.2,656.5,852.6,0.0,-,0,0,0.000
1790423116,s11-http-proxy,19710,31,1046,1046,234.0,727.6,928.4,0.0,-,0,0,0.000
1790423116,s12-vmess-h3,20693,15,1121,1121,210.5,710.1,901.1,0.0,-,0,0,0.000
1790423116,__proc__,0,0,0,0,-,-,-,1370.2,28737,39724,559211,1042.925
1790423146,s1-short,21975,37,920,920,182.8,699.0,918.9,0.0,-,0,0,0.000
1790423146,s2-long,7,4,0,0,36.5,112.7,112.7,0.0,-,0,0,0.000
1790423146,s3-quic,51217,0,228557,228557,3.9,149.6,559.9,0.0,-,0,0,0.000
1790423146,s4-mixed-kcp,6887,1,3729593,3729593,251.5,1554.7,2159.0,0.0,-,0,0,0.000
1790423146,s5-vmess-ws,22040,24,903,903,190.1,717.2,919.4,0.0,-,0,0,0.000
1790423146,s6-trojan-grpc,23027,25,1014,1014,161.0,688.4,896.0,0.0,-,0,0,0.000
1790423146,s7-ss-tcp,24578,48,1067,1067,146.0,671.7,886.8,0.0,-,0,0,0.000
1790423146,s8-tuic,24199,31,1035,1035,154.3,670.5,898.9,0.0,-,0,0,0.000
1790423146,s9-anytls,11872,15,916,916,181.8,701.4,880.7,0.0,-,0,0,0.000
1790423146,s10-vless-xhttp,15762,17,951,951,177.4,681.9,876.6,0.0,-,0,0,0.000
1790423146,s11-http-proxy,20109,31,838,838,226.5,768.4,1012.6,0.0,-,0,0,0.000
1790423146,s12-vmess-h3,21116,15,888,888,193.0,722.6,934.8,0.0,-,0,0,0.000
1790423146,__proc__,0,0,0,0,-,-,-,1277.0,27747,37208,568394,1071.568
1790423176,s1-short,22458,37,1014,1014,196.7,726.8,918.9,0.0,-,0,0,0.000
1790423176,s2-long,7,4,0,0,36.5,112.7,112.7,0.0,-,0,0,0.000
1790423176,s3-quic,52407,0,324949,324949,3.9,168.8,582.7,0.0,-,0,0,0.000
1790423176,s4-mixed-kcp,7057,1,3920555,3920555,256.4,1585.1,2168.4,0.0,-,0,0,0.000
1790423176,s5-vmess-ws,22526,24,1021,1021,197.7,731.0,919.4,0.0,-,0,0,0.000
1790423176,s6-trojan-grpc,23553,25,1105,1105,151.3,693.1,893.0,0.0,-,0,0,0.000
1790423176,s7-ss-tcp,25123,48,1144,1144,134.7,671.3,849.7,0.0,-,0,0,0.000
1790423176,s8-tuic,24723,31,1100,1100,146.2,683.9,891.9,0.0,-,0,0,0.000
1790423176,s9-anytls,12359,15,1023,1023,193.1,728.4,894.3,0.0,-,0,0,0.000
1790423176,s10-vless-xhttp,16272,17,1071,1071,181.2,698.4,877.6,0.0,-,0,0,0.000
1790423176,s11-http-proxy,20557,31,941,941,223.3,776.0,988.6,0.0,-,0,0,0.000
1790423176,s12-vmess-h3,21582,15,979,979,205.6,738.7,934.8,0.0,-,0,0,0.000
1790423176,__proc__,0,0,0,0,-,-,-,1373.7,27965,37944,582082,1099.207
1790423206,s1-short,22906,37,941,941,187.7,738.7,944.8,0.0,-,0,0,0.000
1790423206,s2-long,7,4,0,0,36.5,112.7,112.7,0.0,-,0,0,0.000
1790423206,s3-quic,53025,0,168755,168755,3.9,169.8,613.5,0.0,-,0,0,0.000
1790423206,s4-mixed-kcp,7215,1,3718077,3718077,261.2,1614.4,2256.6,0.0,-,0,0,0.000
1790423206,s5-vmess-ws,22978,24,949,949,188.4,749.6,938.6,0.0,-,0,0,0.000
1790423206,s6-trojan-grpc,24036,25,1014,1014,158.9,721.2,907.3,0.0,-,0,0,0.000
1790423206,s7-ss-tcp,25629,48,1063,1063,141.9,707.6,896.0,0.0,-,0,0,0.000
1790423206,s8-tuic,25216,31,1035,1035,154.5,721.2,925.5,0.0,-,0,0,0.000
1790423206,s9-anytls,12815,15,958,958,180.8,745.8,908.2,0.0,-,0,0,0.000
1790423206,s10-vless-xhttp,16726,17,953,953,171.9,721.1,887.1,0.0,-,0,0,0.000
1790423206,s11-http-proxy,20968,31,863,863,232.8,804.8,1039.3,0.0,-,0,0,0.000
1790423206,s12-vmess-h3,22022,15,924,924,206.3,776.1,964.5,0.0,-,0,0,0.000
1790423206,__proc__,0,0,0,0,-,-,-,1347.0,27144,36711,587193,1127.808
1790423236,s1-short,23363,37,960,960,192.8,757.9,1043.9,0.0,-,0,0,0.000
1790423236,s2-long,7,4,0,0,36.5,112.7,112.7,0.0,-,0,0,0.000
1790423236,s3-quic,54115,0,297643,297643,3.8,148.5,625.2,0.0,-,0,0,0.000
1790423236,s4-mixed-kcp,7391,1,4057150,4057150,269.7,1613.4,2268.0,0.0,-,0,0,0.000
1790423236,s5-vmess-ws,23436,24,962,962,193.1,774.3,1010.2,0.0,-,0,0,0.000
1790423236,s6-trojan-grpc,24544,25,1067,1067,137.5,707.4,979.2,0.0,-,0,0,0.000
1790423236,s7-ss-tcp,26142,48,1077,1077,125.5,688.9,958.4,0.0,-,0,0,0.000
1790423236,s8-tuic,25725,31,1069,1069,130.0,712.9,1053.1,0.0,-,0,0,0.000
1790423236,s9-anytls,13270,15,956,956,187.9,766.4,1013.5,0.0,-,0,0,0.000
1790423236,s10-vless-xhttp,17204,17,1004,1004,168.4,725.4,1004.8,0.0,-,0,0,0.000
1790423236,s11-http-proxy,21398,31,903,903,210.4,817.9,1107.9,0.0,-,0,0,0.000
1790423236,s12-vmess-h3,22469,15,939,939,202.5,790.7,1028.9,0.0,-,0,0,0.000
1790423236,__proc__,0,0,0,0,-,-,-,1327.6,27356,37022,600065,1155.016
1790423266,s1-short,23758,37,830,830,193.1,751.5,1043.9,0.0,-,0,0,0.000
1790423266,s2-long,7,4,0,0,36.5,112.7,112.7,0.0,-,0,0,0.000
1790423266,s3-quic,54692,0,157559,157559,3.7,141.4,621.8,0.0,-,0,0,0.000
1790423266,s4-mixed-kcp,7554,1,4140837,4140837,276.4,1619.2,2268.0,0.0,-,0,0,0.000
1790423266,s5-vmess-ws,23821,24,808,808,194.8,770.5,1010.2,0.0,-,0,0,0.000
1790423266,s6-trojan-grpc,24969,25,892,892,167.3,728.5,985.1,0.0,-,0,0,0.000
1790423266,s7-ss-tcp,26583,48,926,926,153.9,711.3,968.1,0.0,-,0,0,0.000
1790423266,s8-tuic,26146,31,884,884,161.0,730.3,1053.1,0.0,-,0,0,0.000
1790423266,s9-anytls,13664,15,827,827,185.6,758.2,1013.7,0.0,-,0,0,0.000
1790423266,s10-vless-xhttp,17619,17,872,872,176.8,734.4,1004.8,0.0,-,0,0,0.000
1790423266,s11-http-proxy,21757,31,754,754,240.8,846.6,1107.9,0.0,-,0,0,0.000
1790423266,s12-vmess-h3,22847,15,794,794,211.6,799.7,1033.6,0.0,-,0,0,0.000
1790423266,__proc__,0,0,0,0,-,-,-,1348.5,26408,35084,605645,1183.615
1790423296,s1-short,24363,37,1270,1270,194.4,746.6,1043.9,0.0,-,0,0,0.000
1790423296,s2-long,7,4,0,0,36.5,112.7,112.7,0.0,-,0,0,0.000
1790423296,s3-quic,56379,0,460663,460663,3.7,144.9,609.2,0.0,-,0,0,0.000
1790423296,s4-mixed-kcp,7783,1,4626570,4626570,266.8,1596.1,2172.6,0.0,-,0,0,0.000
1790423296,s5-vmess-ws,24431,24,1281,1281,192.9,764.3,1010.2,0.0,-,0,0,0.000
1790423296,s6-trojan-grpc,25640,25,1409,1409,155.8,720.4,985.1,0.0,-,0,0,0.000
1790423296,s7-ss-tcp,27287,48,1478,1478,135.4,709.0,959.9,0.0,-,0,0,0.000
1790423296,s8-tuic,26824,31,1424,1424,149.0,730.3,1053.1,0.0,-,0,0,0.000
1790423296,s9-anytls,14284,15,1302,1302,190.1,758.2,1013.7,0.0,-,0,0,0.000
1790423296,s10-vless-xhttp,18245,17,1315,1315,172.7,734.4,1004.8,0.0,-,0,0,0.000
1790423296,s11-http-proxy,22326,31,1195,1195,210.7,827.2,1104.5,0.0,-,0,0,0.000
1790423296,s12-vmess-h3,23436,15,1237,1237,201.8,786.1,1028.9,0.0,-,0,0,0.000
1790423296,__proc__,0,0,0,0,-,-,-,1322.6,28385,39793,626128,1209.617
1790423326,s1-short,24862,37,1048,1048,188.5,752.2,1013.0,0.0,-,0,0,0.000
1790423326,s2-long,7,4,0,0,36.5,112.7,112.7,0.0,-,0,0,0.000
1790423326,s3-quic,57320,0,256956,256956,3.6,118.0,478.1,0.0,-,0,0,0.000
1790423326,s4-mixed-kcp,7980,1,4359149,4359149,273.8,1614.4,2172.6,0.0,-,0,0,0.000
1790423326,s5-vmess-ws,24930,24,1048,1048,184.1,773.3,998.4,0.0,-,0,0,0.000
1790423326,s6-trojan-grpc,26198,25,1172,1172,149.9,721.2,963.4,0.0,-,0,0,0.000
1790423326,s7-ss-tcp,27866,48,1216,1216,139.4,711.0,936.8,0.0,-,0,0,0.000
1790423326,s8-tuic,27376,31,1159,1159,146.4,734.6,982.1,0.0,-,0,0,0.000
1790423326,s9-anytls,14787,15,1056,1056,181.9,762.5,986.3,0.0,-,0,0,0.000
1790423326,s10-vless-xhttp,18763,17,1088,1088,160.7,729.6,961.5,0.0,-,0,0,0.000
1790423326,s11-http-proxy,22788,31,970,970,214.7,835.4,1104.5,0.0,-,0,0,0.000
1790423326,s12-vmess-h3,23914,15,1004,1004,204.8,790.9,1028.9,0.0,-,0,0,0.000
1790423326,__proc__,0,0,0,0,-,-,-,1338.9,27665,37780,636803,1237.115
1790423356,s1-short,25412,37,1155,1155,191.3,751.4,985.8,0.0,-,0,0,0.000
1790423356,s2-long,7,4,0,0,36.5,112.7,112.7,0.0,-,0,0,0.000
1790423356,s3-quic,58646,0,362086,362086,3.6,126.2,453.6,0.0,-,0,0,0.000
1790423356,s4-mixed-kcp,8176,1,4482475,4482475,274.3,1613.4,2172.6,0.0,-,0,0,0.000
1790423356,s5-vmess-ws,25478,24,1151,1151,187.0,767.4,975.1,0.0,-,0,0,0.000
1790423356,s6-trojan-grpc,26798,25,1260,1260,141.8,704.7,963.4,0.0,-,0,0,0.000
1790423356,s7-ss-tcp,28497,48,1325,1325,124.7,678.2,919.9,0.0,-,0,0,0.000
1790423356,s8-tuic,27990,31,1289,1289,135.2,720.1,972.8,0.0,-,0,0,0.000
1790423356,s9-anytls,15339,15,1159,1159,187.1,761.2,986.3,0.0,-,0,0,0.000
1790423356,s10-vless-xhttp,19341,17,1214,1214,167.1,729.5,961.5,0.0,-,0,0,0.000
1790423356,s11-http-proxy,23308,31,1092,1092,200.6,822.6,1074.7,0.0,-,0,0,0.000
1790423356,s12-vmess-h3,24450,15,1126,1126,196.0,784.2,1009.1,0.0,-,0,0,0.000
1790423356,__proc__,0,0,0,0,-,-,-,1304.8,28204,38995,651308,1264.056
1790423386,s1-short,25794,37,802,802,188.0,741.9,982.5,0.0,-,0,0,0.000
1790423386,s2-long,7,4,0,0,36.5,112.7,112.7,0.0,-,0,0,0.000
1790423386,s3-quic,59219,0,156467,156467,3.6,128.5,516.1,0.0,-,0,0,0.000
1790423386,s4-mixed-kcp,8327,1,3524805,3524805,281.9,1642.3,2247.6,0.0,-,0,0,0.000
1790423386,s5-vmess-ws,25853,24,788,788,184.1,763.6,974.3,0.0,-,0,0,0.000
1790423386,s6-trojan-grpc,27211,25,867,867,161.8,714.5,966.6,0.0,-,0,0,0.000
1790423386,s7-ss-tcp,28932,48,914,914,147.9,699.9,932.1,0.0,-,0,0,0.000
1790423386,s8-tuic,28401,31,863,863,159.7,732.4,972.8,0.0,-,0,0,0.000
1790423386,s9-anytls,15717,15,794,794,182.7,753.9,998.8,0.0,-,0,0,0.000
1790423386,s10-vless-xhttp,19739,17,836,836,165.9,725.6,960.0,0.0,-,0,0,0.000
1790423386,s11-http-proxy,23663,31,746,746,219.5,846.6,1080.7,0.0,-,0,0,0.000
1790423386,s12-vmess-h3,24818,15,773,773,202.1,795.2,1012.0,0.0,-,0,0,0.000
1790423386,__proc__,0,0,0,0,-,-,-,1254.1,28100,36907,657024,1292.494
1790423416,s1-short,26361,37,1191,1191,191.7,754.7,999.1,0.0,-,0,0,0.000
1790423416,s2-long,7,4,0,0,36.5,112.7,112.7,0.0,-,0,0,0.000
1790423416,s3-quic,60611,0,380109,380109,3.6,133.7,509.3,0.0,-,0,0,0.000
1790423416,s4-mixed-kcp,8533,1,4702928,4702928,275.3,1641.5,2247.6,0.0,-,0,0,0.000
1790423416,s5-vmess-ws,26420,24,1191,1191,188.0,776.9,985.6,0.0,-,0,0,0.000
1790423416,s6-trojan-grpc,27836,25,1312,1312,145.4,714.4,966.6,0.0,-,0,0,0.000
1790423416,s7-ss-tcp,29587,48,1376,1376,134.8,684.8,944.9,0.0,-,0,0,0.000
1790423416,s8-tuic,29029,31,1319,1319,140.7,722.9,1009.9,0.0,-,0,0,0.000
1790423416,s9-anytls,16296,15,1216,1216,186.5,764.2,1007.9,0.0,-,0,0,0.000
1790423416,s10-vless-xhttp,20330,17,1241,1241,163.1,729.6,976.1,0.0,-,0,0,0.000
1790423416,s11-http-proxy,24190,31,1107,1107,200.4,830.2,1071.3,0.0,-,0,0,0.000
1790423416,s12-vmess-h3,25377,15,1174,1174,195.9,787.6,1009.1,0.0,-,0,0,0.000
1790423416,__proc__,0,0,0,0,-,-,-,1319.8,28470,39709,673283,1319.608
1790423446,s1-short,26782,37,884,884,193.1,773.9,1013.0,0.0,-,0,0,0.000
1790423446,s2-long,7,4,0,0,36.5,112.7,112.7,0.0,-,0,0,0.000
1790423446,s3-quic,61426,0,222549,222549,3.7,141.5,556.1,0.0,-,0,0,0.000
1790423446,s4-mixed-kcp,8698,1,3859395,3859395,270.8,1627.5,2130.8,0.0,-,0,0,0.000
1790423446,s5-vmess-ws,26836,24,874,874,190.3,783.8,992.1,0.0,-,0,0,0.000
1790423446,s6-trojan-grpc,28293,25,960,960,148.9,690.2,914.0,0.0,-,0,0,0.000
1790423446,s7-ss-tcp,30061,48,995,995,139.1,668.8,893.2,0.0,-,0,0,0.000
1790423446,s8-tuic,29480,31,947,947,144.6,690.6,927.0,0.0,-,0,0,0.000
1790423446,s9-anytls,16715,15,880,880,190.0,773.9,1008.9,0.0,-,0,0,0.000
1790423446,s10-vless-xhttp,20767,17,918,918,171.8,751.3,986.4,0.0,-,0,0,0.000
1790423446,s11-http-proxy,24581,31,821,821,217.3,852.1,1071.3,0.0,-,0,0,0.000
1790423446,s12-vmess-h3,25779,15,844,844,194.4,797.5,1009.1,0.0,-,0,0,0.000
1790423446,__proc__,0,0,0,0,-,-,-,1309.8,28104,37520,682209,1348.350
1790423476,s1-short,27232,37,945,945,197.7,728.3,936.4,0.0,-,0,0,0.000
1790423476,s2-long,7,4,0,0,36.5,112.7,112.7,0.0,-,0,0,0.000
1790423476,s3-quic,62603,0,321399,321399,3.6,143.5,571.1,0.0,-,0,0,0.000
1790423476,s4-mixed-kcp,8873,1,3763379,3763379,272.2,1630.5,2162.6,0.0,-,0,0,0.000
1790423476,s5-vmess-ws,27287,24,947,947,194.7,740.1,945.6,0.0,-,0,0,0.000
1790423476,s6-trojan-grpc,28790,25,1044,1044,155.3,705.9,914.0,0.0,-,0,0,0.000
1790423476,s7-ss-tcp,30578,48,1086,1086,130.4,644.3,859.9,0.0,-,0,0,0.000
1790423476,s8-tuic,29976,31,1042,1042,154.4,695.5,924.0,0.0,-,0,0,0.000
1790423476,s9-anytls,17179,15,974,974,193.0,729.1,945.1,0.0,-,0,0,0.000
1790423476,s10-vless-xhttp,21245,17,1004,1004,178.3,717.0,922.2,0.0,-,0,0,0.000
1790423476,s11-http-proxy,25005,31,890,890,221.2,833.9,1071.3,0.0,-,0,0,0.000
1790423476,s12-vmess-h3,26213,15,911,911,200.4,762.1,967.8,0.0,-,0,0,0.000
1790423476,__proc__,0,0,0,0,-,-,-,1317.9,28073,37875,694704,1376.631
1790423506,s1-short,27771,37,1132,1132,184.0,683.0,913.9,0.0,-,0,0,0.000
1790423506,s2-long,7,4,0,0,36.5,112.7,112.7,0.0,-,0,0,0.000
1790423506,s3-quic,63773,0,319488,319488,3.6,112.5,511.4,0.0,-,0,0,0.000
1790423506,s4-mixed-kcp,9064,1,4655080,4655080,269.2,1630.5,2160.5,0.0,-,0,0,0.000
1790423506,s5-vmess-ws,27816,24,1111,1111,182.2,696.5,923.6,0.0,-,0,0,0.000
1790423506,s6-trojan-grpc,29365,25,1208,1208,149.7,669.0,889.8,0.0,-,0,0,0.000
1790423506,s7-ss-tcp,31177,48,1258,1258,141.0,645.7,859.9,0.0,-,0,0,0.000
1790423506,s8-tuic,30557,31,1220,1220,149.9,670.3,897.0,0.0,-,0,0,0.000
1790423506,s9-anytls,17724,15,1144,1144,179.7,682.2,925.6,0.0,-,0,0,0.000
1790423506,s10-vless-xhttp,21803,17,1172,1172,158.1,683.4,895.4,0.0,-,0,0,0.000
1790423506,s11-http-proxy,25482,31,1002,1002,218.5,783.7,956.1,0.0,-,0,0,0.000
1790423506,s12-vmess-h3,26729,15,1084,1084,200.1,744.0,951.5,0.0,-,0,0,0.000
1790423506,__proc__,0,0,0,0,-,-,-,1322.4,28575,39340,707677,1403.656
1790423536,s1-short,28287,37,1084,1084,189.1,711.9,936.1,0.0,-,0,0,0.000
1790423536,s2-long,7,4,0,0,36.5,112.7,112.7,0.0,-,0,0,0.000
1790423536,s3-quic,65104,0,363452,363452,3.6,112.4,469.6,0.0,-,0,0,0.000
1790423536,s4-mixed-kcp,9252,1,4153753,4153753,271.5,1617.7,2170.4,0.0,-,0,0,0.000
1790423536,s5-vmess-ws,28334,24,1088,1088,188.8,718.0,946.1,0.0,-,0,0,0.000
1790423536,s6-trojan-grpc,29932,25,1191,1191,143.9,673.1,910.4,0.0,-,0,0,0.000
1790423536,s7-ss-tcp,31763,48,1231,1231,129.0,617.6,884.1,0.0,-,0,0,0.000
1790423536,s8-tuic,31138,31,1220,1220,140.7,660.8,915.6,0.0,-,0,0,0.000
1790423536,s9-anytls,18240,15,1084,1084,188.5,712.4,945.3,0.0,-,0,0,0.000
1790423536,s10-vless-xhttp,22333,17,1113,1113,170.4,704.1,915.2,0.0,-,0,0,0.000
1790423536,s11-http-proxy,25973,31,1031,1031,200.2,760.4,955.9,0.0,-,0,0,0.000
1790423536,s12-vmess-h3,27246,15,1086,1086,191.9,730.8,955.7,0.0,-,0,0,0.000
1790423536,__proc__,0,0,0,0,-,-,-,1292.2,28674,39517,723555,1429.981
1790423566,s1-short,28706,37,880,880,190.0,673.9,944.7,0.0,-,0,0,0.000
1790423566,s2-long,7,4,0,0,36.5,112.7,112.7,0.0,-,0,0,0.000
1790423566,s3-quic,65983,0,240026,240026,3.6,130.4,496.0,0.0,-,0,0,0.000
1790423566,s4-mixed-kcp,9421,1,4050096,4050096,269.7,1633.0,2155.3,0.0,-,0,0,0.000
1790423566,s5-vmess-ws,28748,24,869,869,194.0,694.0,949.0,0.0,-,0,0,0.000
1790423566,s6-trojan-grpc,30382,25,945,945,158.5,669.0,933.2,0.0,-,0,0,0.000
1790423566,s7-ss-tcp,32242,48,1006,1006,135.4,633.0,905.8,0.0,-,0,0,0.000
1790423566,s8-tuic,31589,31,947,947,157.1,672.7,947.3,0.0,-,0,0,0.000
1790423566,s9-anytls,18660,15,882,882,187.4,675.0,950.5,0.0,-,0,0,0.000
1790423566,s10-vless-xhttp,22771,17,920,920,176.4,694.9,930.6,0.0,-,0,0,0.000
1790423566,s11-http-proxy,26373,31,840,840,221.2,770.1,958.7,0.0,-,0,0,0.000
1790423566,s12-vmess-h3,27647,15,842,842,202.9,721.8,958.3,0.0,-,0,0,0.000
1790423566,__proc__,0,0,0,0,-,-,-,1271.0,28595,38059,732994,1457.886
1790423596,s1-short,29206,37,1050,1050,186.6,733.0,954.0,0.0,-,0,0,0.000
1790423596,s2-long,7,4,0,0,36.5,112.7,112.7,0.0,-,0,0,0.000
1790423596,s3-quic,67270,0,351437,351437,3.7,121.0,502.8,0.0,-,0,0,0.000
1790423596,s4-mixed-kcp,9605,1,4208146,4208146,275.6,1647.7,2160.5,0.0,-,0,0,0.000
1790423596,s5-vmess-ws,29244,24,1042,1042,193.1,738.0,955.1,0.0,-,0,0,0.000
1790423596,s6-trojan-grpc,30932,25,1155,1155,156.2,725.9,935.4,0.0,-,0,0,0.000
1790423596,s7-ss-tcp,32809,48,1191,1191,136.4,678.0,914.5,0.0,-,0,0,0.000
1790423596,s8-tuic,32133,31,1142,1142,157.7,712.6,949.0,0.0,-,0,0,0.000
1790423596,s9-anytls,19161,15,1052,1052,185.5,722.8,954.3,0.0,-,0,0,0.000
1790423596,s10-vless-xhttp,23278,17,1065,1065,174.5,736.3,940.4,0.0,-,0,0,0.000
1790423596,s11-http-proxy,26829,31,958,958,221.3,756.6,958.7,0.0,-,0,0,0.000
1790423596,s12-vmess-h3,28129,15,1012,1012,201.5,752.3,961.4,0.0,-,0,0,0.000
1790423596,__proc__,0,0,0,0,-,-,-,1266.2,28349,38665,747165,1484.386
1790423626,s1-short,29703,37,1044,1044,194.0,730.4,954.0,0.0,-,0,0,0.000
1790423626,s2-long,7,4,0,0,36.5,112.7,112.7,0.0,-,0,0,0.000
1790423626,s3-quic,68686,0,386662,386662,3.6,96.4,494.4,0.0,-,0,0,0.000
1790423626,s4-mixed-kcp,9800,1,4092268,4092268,269.4,1625.1,2102.0,0.0,-,0,0,0.000
1790423626,s5-vmess-ws,29745,24,1052,1052,199.6,733.2,955.1,0.0,-,0,0,0.000
1790423626,s6-trojan-grpc,31482,25,1155,1155,140.9,656.4,888.2,0.0,-,0,0,0.000
1790423626,s7-ss-tcp,33377,48,1193,1193,135.4,623.8,875.9,0.0,-,0,0,0.000
1790423626,s8-tuic,32702,31,1195,1195,140.3,658.9,898.7,0.0,-,0,0,0.000
1790423626,s9-anytls,19663,15,1054,1054,187.2,710.3,954.3,0.0,-,0,0,0.000
1790423626,s10-vless-xhttp,23803,17,1102,1102,169.0,714.1,940.4,0.0,-,0,0,0.000
1790423626,s11-http-proxy,27302,31,993,993,217.7,751.6,958.7,0.0,-,0,0,0.000
1790423626,s12-vmess-h3,28619,15,1029,1029,204.4,752.3,961.4,0.0,-,0,0,0.000
1790423626,__proc__,0,0,0,0,-,-,-,1235.6,28335,38728,763623,1511.873
1790423656,s1-short,30153,37,945,945,196.2,684.2,901.4,0.0,-,0,0,0.000
1790423656,s2-long,7,4,0,0,36.5,112.7,112.7,0.0,-,0,0,0.000
1790423656,s3-quic,69715,0,280986,280986,3.5,115.6,540.8,0.0,-,0,0,0.000
1790423656,s4-mixed-kcp,9984,1,4047746,4047746,272.5,1633.0,2128.1,0.0,-,0,0,0.000
1790423656,s5-vmess-ws,30193,24,941,941,202.1,679.8,894.9,0.0,-,0,0,0.000
1790423656,s6-trojan-grpc,31986,25,1058,1058,162.8,679.1,888.2,0.0,-,0,0,0.000
1790423656,s7-ss-tcp,33900,48,1098,1098,142.7,619.1,875.9,0.0,-,0,0,0.000
1790423656,s8-tuic,33215,31,1077,1077,158.4,681.6,898.7,0.0,-,0,0,0.000
1790423656,s9-anytls,20125,15,970,970,191.7,675.0,916.9,0.0,-,0,0,0.000
1790423656,s10-vless-xhttp,24282,17,1006,1006,183.6,690.8,877.9,0.0,-,0,0,0.000
1790423656,s11-http-proxy,27728,31,895,895,226.1,750.1,958.7,0.0,-,0,0,0.000
1790423656,s12-vmess-h3,29056,15,918,918,201.1,689.2,933.5,0.0,-,0,0,0.000
1790423656,__proc__,0,0,0,0,-,-,-,1260.6,27545,37257,774510,1539.983
1790423686,s1-short,30650,37,1044,1044,195.0,667.8,922.8,0.0,-,0,0,0.000
1790423686,s2-long,7,4,0,0,36.5,112.7,112.7,0.0,-,0,0,0.000
1790423686,s3-quic,71039,0,361540,361540,3.5,104.7,551.3,0.0,-,0,0,0.000
1790423686,s4-mixed-kcp,10157,1,3848902,3848902,263.8,1618.8,2091.7,0.0,-,0,0,0.000
1790423686,s5-vmess-ws,30693,24,1050,1050,201.9,668.1,936.6,0.0,-,0,0,0.000
1790423686,s6-trojan-grpc,32543,25,1170,1170,155.5,645.2,862.8,0.0,-,0,0,0.000
1790423686,s7-ss-tcp,34468,48,1193,1193,136.8,597.8,866.6,0.0,-,0,0,0.000
1790423686,s8-tuic,33763,31,1151,1151,153.2,648.1,874.4,0.0,-,0,0,0.000
1790423686,s9-anytls,20627,15,1054,1054,187.3,642.7,881.8,0.0,-,0,0,0.000
1790423686,s10-vless-xhttp,24790,17,1067,1067,173.7,646.5,867.0,0.0,-,0,0,0.000
1790423686,s11-http-proxy,28193,31,976,976,223.5,720.5,937.9,0.0,-,0,0,0.000
1790423686,s12-vmess-h3,29543,15,1023,1023,210.6,719.3,946.3,0.0,-,0,0,0.000
1790423686,__proc__,0,0,0,0,-,-,-,1251.0,28239,38737,789415,1567.467
1790423716,s1-short,31187,37,1128,1128,193.4,659.3,901.4,0.0,-,0,0,0.000
1790423716,s2-long,7,4,0,0,36.5,112.7,112.7,0.0,-,0,0,0.000
1790423716,s3-quic,72371,0,363725,363725,3.4,104.5,519.3,0.0,-,0,0,0.000
1790423716,s4-mixed-kcp,10343,1,4416236,4416236,265.5,1633.1,2110.6,0.0,-,0,0,0.000
1790423716,s5-vmess-ws,31228,24,1124,1124,196.3,649.3,870.8,0.0,-,0,0,0.000
1790423716,s6-trojan-grpc,33125,25,1222,1222,153.5,642.6,872.4,0.0,-,0,0,0.000
1790423716,s7-ss-tcp,35068,48,1260,1260,141.0,613.7,876.2,0.0,-,0,0,0.000
1790423716,s8-tuic,34346,31,1224,1224,154.2,645.4,915.2,0.0,-,0,0,0.000
1790423716,s9-anytls,21173,15,1147,1147,185.8,643.7,887.4,0.0,-,0,0,0.000
1790423716,s10-vless-xhttp,25343,17,1161,1161,174.4,644.7,877.9,0.0,-,0,0,0.000
1790423716,s11-http-proxy,28695,31,1054,1054,219.3,680.5,893.3,0.0,-,0,0,0.000
1790423716,s12-vmess-h3,30059,15,1084,1084,204.4,659.3,892.7,0.0,-,0,0,0.000
1790423716,__proc__,0,0,0,0,-,-,-,1279.1,28174,38817,804700,1594.898
1790423746,s1-short,31672,37,1018,1018,195.2,681.6,928.9,0.0,-,0,0,0.000
1790423746,s2-long,7,4,0,0,36.5,112.7,112.7,0.0,-,0,0,0.000
1790423746,s3-quic,73582,0,330684,330684,3.5,100.7,473.8,0.0,-,0,0,0.000
1790423746,s4-mixed-kcp,10521,1,4144139,4144139,264.1,1627.5,2128.1,0.0,-,0,0,0.000
1790423746,s5-vmess-ws,31708,24,1008,1008,197.5,671.6,903.6,0.0,-,0,0,0.000
1790423746,s6-trojan-grpc,33656,25,1115,1115,144.4,650.8,863.8,0.0,-,0,0,0.000
1790423746,s7-ss-tcp,35632,48,1184,1184,129.5,620.0,874.7,0.0,-,0,0,0.000
1790423746,s8-tuic,34881,31,1124,1124,141.2,645.8,890.6,0.0,-,0,0,0.000
1790423746,s9-anytls,21660,15,1023,1023,188.8,669.9,932.2,0.0,-,0,0,0.000
1790423746,s10-vless-xhttp,25844,17,1052,1052,177.0,672.8,939.3,0.0,-,0,0,0.000
1790423746,s11-http-proxy,29144,31,943,943,212.8,697.0,936.8,0.0,-,0,0,0.000
1790423746,s12-vmess-h3,30526,15,981,981,203.0,685.6,936.4,0.0,-,0,0,0.000
1790423746,__proc__,0,0,0,0,-,-,-,1242.2,28384,38657,818652,1621.218
1790423776,s1-short,32080,37,857,857,193.6,699.9,901.4,0.0,-,0,0,0.000
1790423776,s2-long,7,4,0,0,36.5,112.7,112.7,0.0,-,0,0,0.000
1790423776,s3-quic,74428,0,231014,231014,3.4,128.6,560.5,0.0,-,0,0,0.000
1790423776,s4-mixed-kcp,10682,1,3792463,3792463,266.5,1627.5,2134.6,0.0,-,0,0,0.000
1790423776,s5-vmess-ws,32115,24,855,855,194.7,695.3,891.0,0.0,-,0,0,0.000
1790423776,s6-trojan-grpc,34093,25,918,918,158.0,680.1,872.4,0.0,-,0,0,0.000
1790423776,s7-ss-tcp,36093,48,968,968,141.5,669.9,879.0,0.0,-,0,0,0.000
1790423776,s8-tuic,35326,31,934,934,154.7,686.3,890.6,0.0,-,0,0,0.000
1790423776,s9-anytls,22066,15,853,853,185.3,701.7,891.5,0.0,-,0,0,0.000
1790423776,s10-vless-xhttp,26263,17,880,880,177.0,694.3,875.7,0.0,-,0,0,0.000
1790423776,s11-http-proxy,29528,31,806,806,220.1,737.8,937.4,0.0,-,0,0,0.000
1790423776,s12-vmess-h3,30923,15,834,834,202.5,715.6,892.7,0.0,-,0,0,0.000
1790423776,__proc__,0,0,0,0,-,-,-,1221.3,28285,37617,828221,1648.675
1790423806,s1-short,32621,37,1136,1136,200.4,708.5,912.2,0.0,-,0,0,0.000
1790423806,s2-long,7,4,0,0,36.5,112.7,112.7,0.0,-,0,0,0.000
1790423806,s3-quic,75835,0,384205,384205,3.4,118.9,520.4,0.0,-,0,0,0.000
1790423806,s4-mixed-kcp,10876,1,4528988,4528988,263.7,1622.8,2143.3,0.0,-,0,0,0.000
1790423806,s5-vmess-ws,32658,24,1140,1140,200.7,703.8,902.2,0.0,-,0,0,0.000
1790423806,s6-trojan-grpc,34698,25,1270,1270,154.3,674.4,864.1,0.0,-,0,0,0.000
1790423806,s7-ss-tcp,36721,48,1319,1319,141.6,660.7,877.5,0.0,-,0,0,0.000
1790423806,s8-tuic,35940,31,1289,1289,152.0,680.3,869.2,0.0,-,0,0,0.000
1790423806,s9-anytls,22615,15,1153,1153,194.1,706.3,902.4,0.0,-,0,0,0.000
1790423806,s10-vless-xhttp,26837,17,1205,1205,173.6,685.9,869.5,0.0,-,0,0,0.000
1790423806,s11-http-proxy,30040,31,1075,1075,218.9,724.8,893.3,0.0,-,0,0,0.000
1790423806,s12-vmess-h3,31447,15,1100,1100,210.8,722.2,893.7,0.0,-,0,0,0.000
1790423806,__proc__,0,0,0,0,-,-,-,1245.7,28218,39110,843949,1676.082
1790423836,s1-short,33114,37,1035,1035,202.6,719.1,914.4,0.0,-,0,0,0.000
1790423836,s2-long,7,4,0,0,36.5,112.7,112.7,0.0,-,0,0,0.000
1790423836,s3-quic,77110,0,348160,348160,3.5,114.0,491.6,0.0,-,0,0,0.000
1790423836,s4-mixed-kcp,11054,1,3959276,3959276,264.1,1622.9,2154.4,0.0,-,0,0,0.000
1790423836,s5-vmess-ws,33153,24,1040,1040,201.5,706.3,903.1,0.0,-,0,0,0.000
1790423836,s6-trojan-grpc,35248,25,1155,1155,153.2,664.2,875.8,0.0,-,0,0,0.000
1790423836,s7-ss-tcp,37280,48,1174,1174,140.4,632.0,883.2,0.0,-,0,0,0.000
1790423836,s8-tuic,36487,31,1149,1149,151.0,662.9,872.8,0.0,-,0,0,0.000
1790423836,s9-anytls,23114,15,1048,1048,198.5,710.0,907.3,0.0,-,0,0,0.000
1790423836,s10-vless-xhttp,27349,17,1075,1075,175.3,667.5,908.1,0.0,-,0,0,0.000
1790423836,s11-http-proxy,30503,31,972,972,215.7,728.5,906.2,0.0,-,0,0,0.000
1790423836,s12-vmess-h3,31931,15,1016,1016,207.6,722.5,894.3,0.0,-,0,0,0.000
1790423836,__proc__,0,0,0,0,-,-,-,1238.3,28159,38553,858062,1702.537
1790423866,s1-short,33612,37,1046,1046,202.4,711.0,916.2,0.0,-,0,0,0.000
1790423866,s2-long,7,4,0,0,36.5,112.7,112.7,0.0,-,0,0,0.000
1790423866,s3-quic,78433,0,361267,361267,3.4,100.9,447.1,0.0,-,0,0,0.000
1790423866,s4-mixed-kcp,11245,1,3905719,3905719,264.1,1609.1,2134.6,0.0,-,0,0,0.000
1790423866,s5-vmess-ws,33649,24,1042,1042,200.8,703.8,907.8,0.0,-,0,0,0.000
1790423866,s6-trojan-grpc,35796,25,1151,1151,143.4,664.9,883.9,0.0,-,0,0,0.000
1790423866,s7-ss-tcp,37842,48,1180,1180,133.1,624.1,883.2,0.0,-,0,0,0.000
1790423866,s8-tuic,37039,31,1159,1159,136.8,651.8,887.7,0.0,-,0,0,0.000
1790423866,s9-anytls,23612,15,1046,1046,200.8,715.5,916.1,0.0,-,0,0,0.000
1790423866,s10-vless-xhttp,27867,17,1088,1088,180.4,694.3,915.7,0.0,-,0,0,0.000
1790423866,s11-http-proxy,30962,31,964,964,216.3,735.1,924.4,0.0,-,0,0,0.000
1790423866,s12-vmess-h3,32411,15,1008,1008,205.9,714.7,894.3,0.0,-,0,0,0.000
1790423866,__proc__,0,0,0,0,-,-,-,1263.8,28777,39019,873120,1729.899
1790423896,s1-short,34088,37,1000,1000,197.3,708.5,919.7,0.0,-,0,0,0.000
1790423896,s2-long,7,4,0,0,36.5,112.7,112.7,0.0,-,0,0,0.000
1790423896,s3-quic,79498,0,290816,290816,3.4,115.3,473.8,0.0,-,0,0,0.000
1790423896,s4-mixed-kcp,11419,1,3946827,3946827,259.5,1600.1,2118.2,0.0,-,0,0,0.000
1790423896,s5-vmess-ws,34115,24,979,979,195.2,703.3,918.0,0.0,-,0,0,0.000
1790423896,s6-trojan-grpc,36315,25,1090,1090,160.2,672.4,890.4,0.0,-,0,0,0.000
1790423896,s7-ss-tcp,38370,48,1109,1109,148.4,647.4,890.5,0.0,-,0,0,0.000
1790423896,s8-tuic,37541,31,1054,1054,159.9,666.2,905.6,0.0,-,0,0,0.000
1790423896,s9-anytls,24085,15,993,993,198.3,715.5,930.3,0.0,-,0,0,0.000
1790423896,s10-vless-xhttp,28351,17,1016,1016,178.7,676.8,915.9,0.0,-,0,0,0.000
1790423896,s11-http-proxy,31402,31,924,924,224.8,758.1,958.7,0.0,-,0,0,0.000
1790423896,s12-vmess-h3,32866,15,956,956,204.7,715.7,925.4,0.0,-,0,0,0.000
1790423896,__proc__,0,0,0,0,-,-,-,1293.7,28499,38604,884917,1756.078
1790423926,s1-short,34609,37,1094,1094,198.3,713.8,919.7,0.0,-,0,0,0.000
1790423926,s2-long,7,4,0,0,36.5,112.7,112.7,0.0,-,0,0,0.000
1790423926,s3-quic,81063,0,427349,427349,3.3,102.8,469.5,0.0,-,0,0,0.000
1790423926,s4-mixed-kcp,11601,1,3975300,3975300,257.8,1606.9,2128.1,0.0,-,0,0,0.000
1790423926,s5-vmess-ws,34627,24,1075,1075,199.3,707.8,918.0,0.0,-,0,0,0.000
1790423926,s6-trojan-grpc,36869,25,1163,1163,151.2,651.3,883.9,0.0,-,0,0,0.000
1790423926,s7-ss-tcp,38949,48,1216,1216,143.6,628.5,878.4,0.0,-,0,0,0.000
1790423926,s8-tuic,38096,31,1166,1166,151.5,653.2,881.9,0.0,-,0,0,0.000
1790423926,s9-anytls,24612,15,1107,1107,198.7,716.4,930.3,0.0,-,0,0,0.000
1790423926,s10-vless-xhttp,28880,17,1111,1111,177.5,685.2,913.4,0.0,-,0,0,0.000
1790423926,s11-http-proxy,31880,31,1004,1004,214.0,742.0,958.7,0.0,-,0,0,0.000
1790423926,s12-vmess-h3,33370,15,1058,1058,208.8,716.6,925.4,0.0,-,0,0,0.000
1790423926,__proc__,0,0,0,0,-,-,-,1307.0,28731,39429,903019,1781.271
1790423956,s1-short,35080,37,989,989,199.3,738.2,940.2,0.0,-,0,0,0.000
1790423956,s2-long,7,4,0,0,36.5,112.7,112.7,0.0,-,0,0,0.000
1790423956,s3-quic,82345,0,350071,350071,3.3,103.3,471.9,0.0,-,0,0,0.000
1790423956,s4-mixed-kcp,11781,1,4215174,4215174,256.7,1623.6,2134.6,0.0,-,0,0,0.000
1790423956,s5-vmess-ws,35099,24,991,991,201.6,733.0,936.7,0.0,-,0,0,0.000
1790423956,s6-trojan-grpc,37393,25,1100,1100,154.2,670.7,905.2,0.0,-,0,0,0.000
1790423956,s7-ss-tcp,39497,48,1151,1151,146.3,647.5,892.1,0.0,-,0,0,0.000
1790423956,s8-tuic,38610,31,1079,1079,152.9,666.8,902.3,0.0,-,0,0,0.000
1790423956,s9-anytls,25085,15,993,993,202.1,747.0,945.5,0.0,-,0,0,0.000
1790423956,s10-vless-xhttp,29356,17,1000,1000,187.8,717.9,923.3,0.0,-,0,0,0.000
1790423956,s11-http-proxy,32336,31,958,958,221.2,767.3,967.0,0.0,-,0,0,0.000
1790423956,s12-vmess-h3,33828,15,962,962,210.1,727.0,950.7,0.0,-,0,0,0.000
1790423956,__proc__,0,0,0,0,-,-,-,1288.4,28481,38720,918076,1808.201
1790423986,s1-short,35574,37,1037,1037,197.3,751.8,928.4,0.0,-,0,0,0.000
1790423986,s2-long,7,4,0,0,36.5,112.7,112.7,0.0,-,0,0,0.000
1790423986,s3-quic,83583,0,338057,338057,3.3,95.5,443.2,0.0,-,0,0,0.000
1790423986,s4-mixed-kcp,11964,1,3891753,3891753,256.5,1625.1,2147.9,0.0,-,0,0,0.000
1790423986,s5-vmess-ws,35590,24,1031,1031,200.0,756.3,923.2,0.0,-,0,0,0.000
1790423986,s6-trojan-grpc,37928,25,1124,1124,153.4,683.5,905.6,0.0,-,0,0,0.000
1790423986,s7-ss-tcp,40052,48,1166,1166,137.5,649.9,891.7,0.0,-,0,0,0.000
1790423986,s8-tuic,39144,31,1121,1121,152.6,683.6,902.4,0.0,-,0,0,0.000
1790423986,s9-anytls,25574,15,1027,1027,199.6,757.9,935.1,0.0,-,0,0,0.000
1790423986,s10-vless-xhttp,29871,17,1082,1082,184.0,720.1,918.7,0.0,-,0,0,0.000
1790423986,s11-http-proxy,32792,31,958,958,225.7,801.5,967.0,0.0,-,0,0,0.000
1790423986,s12-vmess-h3,34299,15,989,989,209.5,750.4,932.0,0.0,-,0,0,0.000
1790423986,__proc__,0,0,0,0,-,-,-,1236.6,28438,38846,931834,1836.374
1790424016,s1-short,35993,37,880,880,197.2,747.5,940.2,0.0,-,0,0,0.000
1790424016,s2-long,7,4,0,0,36.5,112.7,112.7,0.0,-,0,0,0.000
1790424016,s3-quic,84743,0,316757,316757,3.3,105.0,497.7,0.0,-,0,0,0.000
1790424016,s4-mixed-kcp,12135,1,3826273,3826273,258.2,1626.1,2154.4,0.0,-,0,0,0.000
1790424016,s5-vmess-ws,36015,24,892,892,200.6,758.7,929.8,0.0,-,0,0,0.000
1790424016,s6-trojan-grpc,38398,25,987,987,155.7,693.3,914.3,0.0,-,0,0,0.000
1790424016,s7-ss-tcp,40556,48,1058,1058,148.4,656.9,896.2,0.0,-,0,0,0.000
1790424016,s8-tuic,39619,31,998,998,154.7,687.5,919.0,0.0,-,0,0,0.000
1790424016,s9-anytls,25995,15,884,884,199.0,745.3,954.7,0.0,-,0,0,0.000
1790424016,s10-vless-xhttp,30324,17,951,951,183.2,712.2,926.4,0.0,-,0,0,0.000
1790424016,s11-http-proxy,33200,31,857,857,233.4,791.5,963.5,0.0,-,0,0,0.000
1790424016,s12-vmess-h3,34712,15,867,867,221.0,782.5,951.8,0.0,-,0,0,0.000
1790424016,__proc__,0,0,0,0,-,-,-,1236.2,27833,37315,945305,1863.532
1790424046,s1-short,36535,37,1138,1138,197.6,786.0,940.2,0.0,-,0,0,0.000
1790424046,s2-long,7,4,0,0,36.5,112.7,112.7,0.0,-,0,0,0.000
1790424046,s3-quic,86408,0,454656,454656,3.3,94.3,456.2,0.0,-,0,0,0.000
1790424046,s4-mixed-kcp,12330,1,4457048,4457048,260.3,1633.0,2154.4,0.0,-,0,0,0.000
1790424046,s5-vmess-ws,36552,24,1128,1128,202.2,771.8,929.8,0.0,-,0,0,0.000
1790424046,s6-trojan-grpc,38999,25,1262,1262,146.9,688.8,905.2,0.0,-,0,0,0.000
1790424046,s7-ss-tcp,41192,48,1336,1336,135.2,657.1,890.9,0.0,-,0,0,0.000
1790424046,s8-tuic,40235,31,1294,1294,146.0,682.0,902.4,0.0,-,0,0,0.000
1790424046,s9-anytls,26557,15,1180,1180,198.2,769.7,954.7,0.0,-,0,0,0.000
1790424046,s10-vless-xhttp,30885,17,1178,1178,184.2,740.6,924.6,0.0,-,0,0,0.000
1790424046,s11-http-proxy,33704,31,1058,1058,227.0,780.2,963.5,0.0,-,0,0,0.000
1790424046,s12-vmess-h3,35237,15,1102,1102,211.5,769.0,951.8,0.0,-,0,0,0.000
1790424046,__proc__,0,0,0,0,-,-,-,1232.7,28317,39304,965031,1889.867
1790424076,s1-short,36950,37,872,872,193.2,782.0,950.0,0.0,-,0,0,0.000
1790424076,s2-long,7,4,0,0,36.5,112.7,112.7,0.0,-,0,0,0.000
1790424076,s3-quic,87282,0,238660,238660,3.3,108.7,489.7,0.0,-,0,0,0.000
1790424076,s4-mixed-kcp,12498,1,3778953,3778953,258.2,1621.8,2147.9,0.0,-,0,0,0.000
1790424076,s5-vmess-ws,36956,24,848,848,197.6,768.1,938.1,0.0,-,0,0,0.000
1790424076,s6-trojan-grpc,39462,25,972,972,160.1,712.7,915.5,0.0,-,0,0,0.000
1790424076,s7-ss-tcp,41677,48,1018,1018,140.8,650.0,897.8,0.0,-,0,0,0.000
1790424076,s8-tuic,40705,31,987,987,160.6,717.5,937.9,0.0,-,0,0,0.000
1790424076,s9-anytls,26981,15,890,890,193.4,765.4,958.2,0.0,-,0,0,0.000
1790424076,s10-vless-xhttp,31329,17,932,932,184.7,744.8,930.1,0.0,-,0,0,0.000
1790424076,s11-http-proxy,34092,31,815,815,234.3,790.0,972.7,0.0,-,0,0,0.000
1790424076,s12-vmess-h3,35636,15,838,838,215.6,751.9,961.7,0.0,-,0,0,0.000
1790424076,__proc__,0,0,0,0,-,-,-,1225.7,28485,37971,974268,1917.556
1790424106,s1-short,37479,37,1111,1111,190.6,794.2,949.7,0.0,-,0,0,0.000
1790424106,s2-long,7,4,0,0,36.5,112.7,112.7,0.0,-,0,0,0.000
1790424106,s3-quic,88796,0,413423,413423,3.3,96.5,450.3,0.0,-,0,0,0.000
1790424106,s4-mixed-kcp,12686,1,4284179,4284179,259.2,1622.8,2154.4,0.0,-,0,0,0.000
1790424106,s5-vmess-ws,37486,24,1113,1113,194.7,773.4,936.7,0.0,-,0,0,0.000
1790424106,s6-trojan-grpc,40043,25,1220,1220,154.5,740.9,924.3,0.0,-,0,0,0.000
1790424106,s7-ss-tcp,42288,48,1283,1283,133.7,665.7,901.1,0.0,-,0,0,0.000
1790424106,s8-tuic,41298,31,1245,1245,152.9,733.5,937.9,0.0,-,0,0,0.000
1790424106,s9-anytls,27517,15,1126,1126,187.4,775.7,954.9,0.0,-,0,0,0.000
1790424106,s10-vless-xhttp,31883,17,1163,1163,180.2,771.4,933.5,0.0,-,0,0,0.000
1790424106,s11-http-proxy,34592,31,1050,1050,225.6,816.7,966.7,0.0,-,0,0,0.000
1790424106,s12-vmess-h3,36150,15,1079,1079,212.2,779.7,954.6,0.0,-,0,0,0.000
1790424106,__proc__,0,0,0,0,-,-,-,1251.5,28295,39112,991652,1944.140
1790424136,s1-short,37958,37,1006,1006,193.3,791.8,949.7,0.0,-,0,0,0.000
1790424136,s2-long,7,4,0,0,36.5,112.7,112.7,0.0,-,0,0,0.000
1790424136,s3-quic,90124,0,362633,362633,3.3,99.8,489.7,0.0,-,0,0,0.000
1790424136,s4-mixed-kcp,12861,1,4197925,4197925,259.4,1621.7,2143.3,0.0,-,0,0,0.000
1790424136,s5-vmess-ws,37966,24,1008,1008,198.1,775.2,938.1,0.0,-,0,0,0.000
1790424136,s6-trojan-grpc,40563,25,1092,1092,152.0,693.3,921.3,0.0,-,0,0,0.000
1790424136,s7-ss-tcp,42839,48,1157,1157,134.4,661.2,901.1,0.0,-,0,0,0.000
1790424136,s8-tuic,41816,31,1088,1088,147.4,675.8,927.6,0.0,-,0,0,0.000
1790424136,s9-anytls,27998,15,1010,1010,184.4,757.3,954.7,0.0,-,0,0,0.000
1790424136,s10-vless-xhttp,32385,17,1054,1054,172.0,764.9,933.5,0.0,-,0,0,0.000
1790424136,s11-http-proxy,35040,31,941,941,222.0,807.2,973.3,0.0,-,0,0,0.000
1790424136,s12-vmess-h3,36609,15,964,964,214.1,773.0,954.6,0.0,-,0,0,0.000
1790424136,__proc__,0,0,0,0,-,-,-,1239.9,28141,38306,1006818,1971.030
1790424166,s1-short,38432,37,995,995,191.9,819.4,948.8,0.0,-,0,0,0.000
1790424166,s2-long,7,4,0,0,36.5,112.7,112.7,0.0,-,0,0,0.000
1790424166,s3-quic,91441,0,359629,359629,3.3,88.2,467.1,0.0,-,0,0,0.000
1790424166,s4-mixed-kcp,13048,1,4019890,4019890,259.8,1622.8,2143.3,0.0,-,0,0,0.000
1790424166,s5-vmess-ws,38434,24,983,983,194.3,795.8,924.8,0.0,-,0,0,0.000
1790424166,s6-trojan-grpc,41095,25,1117,1117,152.5,771.4,921.3,0.0,-,0,0,0.000
1790424166,s7-ss-tcp,43396,48,1170,1170,129.3,656.5,879.4,0.0,-,0,0,0.000
1790424166,s8-tuic,42337,31,1094,1094,147.6,744.5,927.6,0.0,-,0,0,0.000
1790424166,s9-anytls,28477,15,1006,1006,185.5,811.7,954.7,0.0,-,0,0,0.000
1790424166,s10-vless-xhttp,32882,17,1044,1044,178.3,806.8,933.5,0.0,-,0,0,0.000
1790424166,s11-http-proxy,35487,31,939,939,224.5,823.8,941.5,0.0,-,0,0,0.000
1790424166,s12-vmess-h3,37062,15,951,951,214.8,795.2,932.4,0.0,-,0,0,0.000
1790424166,__proc__,0,0,0,0,-,-,-,1240.9,28090,38072,1021609,1998.343
1790424196,s1-short,38916,37,1016,1016,194.1,794.2,919.5,0.0,-,0,0,0.000
1790424196,s2-long,7,4,0,0,36.5,112.7,112.7,0.0,-,0,0,0.000
1790424196,s3-quic,92881,0,393216,393216,3.3,88.0,497.2,0.0,-,0,0,0.000
1790424196,s4-mixed-kcp,13225,1,3932150,3932150,259.0,1621.7,2154.4,0.0,-,0,0,0.000
1790424196,s5-vmess-ws,38912,24,1004,1004,195.1,799.4,914.6,0.0,-,0,0,0.000
1790424196,s6-trojan-grpc,41622,25,1107,1107,153.7,737.0,905.7,0.0,-,0,0,0.000
1790424196,s7-ss-tcp,43945,48,1153,1153,130.8,646.7,890.9,0.0,-,0,0,0.000
1790424196,s8-tuic,42875,31,1130,1130,148.5,734.6,905.2,0.0,-,0,0,0.000
1790424196,s9-anytls,28962,15,1018,1018,182.0,782.2,924.5,0.0,-,0,0,0.000
1790424196,s10-vless-xhttp,33385,17,1056,1056,165.8,790.3,924.3,0.0,-,0,0,0.000
1790424196,s11-http-proxy,35939,31,949,949,226.2,840.6,943.5,0.0,-,0,0,0.000
1790424196,s12-vmess-h3,37526,15,974,974,216.4,827.9,938.4,0.0,-,0,0,0.000
1790424196,__proc__,0,0,0,0,-,-,-,1219.9,28147,38331,1037892,2025.994
1790424226,s1-short,39456,37,1134,1134,195.3,786.9,919.5,0.0,-,0,0,0.000
1790424226,s2-long,7,4,0,0,36.5,112.7,112.7,0.0,-,0,0,0.000
1790424226,s3-quic,94425,0,421615,421615,3.3,74.7,440.3,0.0,-,0,0,0.000
1790424226,s4-mixed-kcp,13428,1,4124528,4124528,258.4,1621.7,2155.3,0.0,-,0,0,0.000
1790424226,s5-vmess-ws,39449,24,1128,1128,197.7,777.5,909.0,0.0,-,0,0,0.000
1790424226,s6-trojan-grpc,42226,25,1268,1268,149.6,719.3,901.9,0.0,-,0,0,0.000
1790424226,s7-ss-tcp,44559,48,1289,1289,125.6,662.7,890.9,0.0,-,0,0,0.000
1790424226,s8-tuic,43473,31,1256,1256,143.8,704.4,905.2,0.0,-,0,0,0.000
1790424226,s9-anytls,29511,15,1153,1153,183.2,766.9,922.1,0.0,-,0,0,0.000
1790424226,s10-vless-xhttp,33948,17,1182,1182,165.6,769.0,924.3,0.0,-,0,0,0.000
1790424226,s11-http-proxy,36444,31,1060,1060,216.3,811.7,924.6,0.0,-,0,0,0.000
1790424226,s12-vmess-h3,38052,15,1105,1105,209.8,804.2,917.5,0.0,-,0,0,0.000
1790424226,__proc__,0,0,0,0,-,-,-,1211.8,28445,39302,1055542,2053.180
1790424256,s1-short,39924,37,983,983,196.0,792.0,919.5,0.0,-,0,0,0.000
1790424256,s2-long,7,4,0,0,36.5,112.7,112.7,0.0,-,0,0,0.000
1790424256,s3-quic,95810,0,378197,378197,3.3,81.3,464.0,0.0,-,0,0,0.000
1790424256,s4-mixed-kcp,13616,1,4020616,4020616,256.4,1622.8,2212.5,0.0,-,0,0,0.000
1790424256,s5-vmess-ws,39922,24,993,993,197.7,768.1,906.9,0.0,-,0,0,0.000
1790424256,s6-trojan-grpc,42763,25,1128,1128,145.0,705.6,893.5,0.0,-,0,0,0.000
1790424256,s7-ss-tcp,45120,48,1178,1178,125.4,659.7,881.2,0.0,-,0,0,0.000
1790424256,s8-tuic,44021,31,1151,1151,141.9,680.3,876.9,0.0,-,0,0,0.000
1790424256,s9-anytls,29988,15,1002,1002,183.7,782.3,922.1,0.0,-,0,0,0.000
1790424256,s10-vless-xhttp,34460,17,1075,1075,158.5,756.4,907.9,0.0,-,0,0,0.000
1790424256,s11-http-proxy,36900,31,958,958,215.4,764.0,917.9,0.0,-,0,0,0.000
1790424256,s12-vmess-h3,38513,15,968,968,206.3,767.3,916.2,0.0,-,0,0,0.000
1790424256,__proc__,0,0,0,0,-,-,-,1231.6,28635,38789,1071596,2079.870
1790424286,s1-short,40373,37,943,943,193.4,786.4,911.6,0.0,-,0,0,0.000
1790424286,s2-long,7,4,0,0,36.5,112.7,112.7,0.0,-,0,0,0.000
1790424286,s3-quic,97175,0,372736,372736,3.3,75.2,444.8,0.0,-,0,0,0.000
1790424286,s4-mixed-kcp,13782,1,3764487,3764487,253.5,1622.8,2239.2,0.0,-,0,0,0.000
1790424286,s5-vmess-ws,40368,24,937,937,197.1,783.5,903.5,0.0,-,0,0,0.000
1790424286,s6-trojan-grpc,43266,25,1056,1056,148.1,733.7,896.6,0.0,-,0,0,0.000
1790424286,s7-ss-tcp,45640,48,1092,1092,126.7,699.7,882.4,0.0,-,0,0,0.000
1790424286,s8-tuic,44526,31,1060,1060,144.9,737.3,881.5,0.0,-,0,0,0.000
1790424286,s9-anytls,30435,15,939,939,182.9,780.5,908.5,0.0,-,0,0,0.000
1790424286,s10-vless-xhttp,34940,17,1008,1008,162.2,785.0,914.2,0.0,-,0,0,0.000
1790424286,s11-http-proxy,37316,31,874,874,210.8,800.5,905.5,0.0,-,0,0,0.000
1790424286,s12-vmess-h3,38941,15,899,899,201.6,802.9,907.9,0.0,-,0,0,0.000
1790424286,__proc__,0,0,0,0,-,-,-,1244.9,28487,38238,1087497,2107.498
1790424316,s1-short,40888,37,1082,1082,195.2,800.4,911.6,0.0,-,0,0,0.000
1790424316,s2-long,7,4,0,0,36.5,112.7,112.7,0.0,-,0,0,0.000
1790424316,s3-quic,98500,0,361813,361813,3.3,94.7,467.1,0.0,-,0,0,0.000
1790424316,s4-mixed-kcp,13978,1,4177093,4177093,253.7,1618.1,2239.2,0.0,-,0,0,0.000
1790424316,s5-vmess-ws,40886,24,1088,1088,195.9,786.6,902.8,0.0,-,0,0,0.000
1790424316,s6-trojan-grpc,43842,25,1210,1210,149.3,732.2,877.4,0.0,-,0,0,0.000
1790424316,s7-ss-tcp,46241,48,1262,1262,129.3,700.7,870.5,0.0,-,0,0,0.000
1790424316,s8-tuic,45099,31,1203,1203,149.8,728.0,860.6,0.0,-,0,0,0.000
1790424316,s9-anytls,30954,15,1090,1090,188.0,787.7,908.5,0.0,-,0,0,0.000
1790424316,s10-vless-xhttp,35479,17,1132,1132,160.1,760.9,888.0,0.0,-,0,0,0.000
1790424316,s11-http-proxy,37789,31,993,993,212.4,798.0,905.5,0.0,-,0,0,0.000
1790424316,s12-vmess-h3,39434,15,1035,1035,204.8,793.2,905.2,0.0,-,0,0,0.000
1790424316,__proc__,0,0,0,0,-,-,-,1245.2,29056,39695,1102258,2134.511
1790424346,s1-short,41391,37,1056,1056,194.7,781.2,901.2,0.0,-,0,0,0.000
1790424346,s2-long,7,4,0,0,36.5,112.7,112.7,0.0,-,0,0,0.000
1790424346,s3-quic,99913,0,385843,385843,3.3,96.8,445.0,0.0,-,0,0,0.000
1790424346,s4-mixed-kcp,14161,1,4139483,4139483,254.6,1621.7,2262.6,0.0,-,0,0,0.000
1790424346,s5-vmess-ws,41386,24,1050,1050,196.8,772.8,897.6,0.0,-,0,0,0.000
1790424346,s6-trojan-grpc,44388,25,1147,1147,145.1,706.0,870.1,0.0,-,0,0,0.000
1790424346,s7-ss-tcp,46800,48,1174,1174,129.0,685.0,860.8,0.0,-,0,0,0.000
1790424346,s8-tuic,45653,31,1163,1163,147.4,710.8,856.6,0.0,-,0,0,0.000
1790424346,s9-anytls,31464,15,1071,1071,190.5,774.4,900.8,0.0,-,0,0,0.000
1790424346,s10-vless-xhttp,35999,17,1092,1092,161.0,731.2,881.3,0.0,-,0,0,0.000
1790424346,s11-http-proxy,38269,31,1008,1008,206.7,781.7,917.3,0.0,-,0,0,0.000
1790424346,s12-vmess-h3,39928,15,1037,1037,202.6,790.9,902.8,0.0,-,0,0,0.000
1790424346,__proc__,0,0,0,0,-,-,-,1239.9,28877,39496,1118794,2161.345
1790424376,s1-short,41891,37,1050,1050,195.1,760.4,900.7,0.0,-,0,0,0.000
1790424376,s2-long,7,4,0,0,36.5,112.7,112.7,0.0,-,0,0,0.000
1790424376,s3-quic,101350,0,392397,392397,3.3,83.6,448.6,0.0,-,0,0,0.000
1790424376,s4-mixed-kcp,14343,1,4013517,4013517,254.0,1621.6,2260.7,0.0,-,0,0,0.000
1790424376,s5-vmess-ws,41880,24,1037,1037,197.7,757.6,901.8,0.0,-,0,0,0.000
1790424376,s6-trojan-grpc,44934,25,1147,1147,143.8,712.6,870.8,0.0,-,0,0,0.000
1790424376,s7-ss-tcp,47355,48,1166,1166,131.5,666.0,869.9,0.0,-,0,0,0.000
1790424376,s8-tuic,46191,31,1130,1130,145.9,723.5,863.3,0.0,-,0,0,0.000
1790424376,s9-anytls,31967,15,1056,1056,189.9,752.1,896.7,0.0,-,0,0,0.000
1790424376,s10-vless-xhttp,36512,17,1077,1077,160.3,732.4,886.5,0.0,-,0,0,0.000
1790424376,s11-http-proxy,38746,31,1002,1002,205.3,750.5,907.7,0.0,-,0,0,0.000
1790424376,s12-vmess-h3,40410,15,1012,1012,204.6,754.2,892.7,0.0,-,0,0,0.000
1790424376,__proc__,0,0,0,0,-,-,-,1218.7,28829,39388,1135010,2187.667
1790424406,s1-short,42368,37,1002,1002,193.5,786.5,915.4,0.0,-,0,0,0.000
1790424406,s2-long,7,4,0,0,36.5,112.7,112.7,0.0,-,0,0,0.000
1790424406,s3-quic,102716,0,373009,373009,3.3,79.5,451.9,0.0,-,0,0,0.000
1790424406,s4-mixed-kcp,14519,1,4140464,4140464,253.1,1619.8,2273.2,0.0,-,0,0,0.000
1790424406,s5-vmess-ws,42355,24,998,998,192.1,771.4,908.5,0.0,-,0,0,0.000
1790424406,s6-trojan-grpc,45471,25,1128,1128,153.2,684.0,871.5,0.0,-,0,0,0.000
1790424406,s7-ss-tcp,47914,48,1174,1174,135.5,669.4,872.5,0.0,-,0,0,0.000
1790424406,s8-tuic,46731,31,1134,1134,152.5,709.8,870.8,0.0,-,0,0,0.000
1790424406,s9-anytls,32451,15,1016,1016,189.0,752.9,913.7,0.0,-,0,0,0.000
1790424406,s10-vless-xhttp,37012,17,1050,1050,161.7,728.2,895.7,0.0,-,0,0,0.000
1790424406,s11-http-proxy,39198,31,949,949,202.6,759.0,923.2,0.0,-,0,0,0.000
1790424406,s12-vmess-h3,40869,15,964,964,200.8,788.3,917.4,0.0,-,0,0,0.000
1790424406,__proc__,0,0,0,0,-,-,-,1217.7,28553,38778,1150561,2215.232
1790424436,s1-short,42838,37,987,987,193.6,759.5,914.0,0.0,-,0,0,0.000
1790424436,s2-long,7,4,0,0,36.5,112.7,112.7,0.0,-,0,0,0.000
1790424436,s3-quic,104197,0,404412,404412,3.3,78.4,464.0,0.0,-,0,0,0.000
1790424436,s4-mixed-kcp,14696,1,3810682,3810682,252.0,1617.1,2280.1,0.0,-,0,0,0.000
1790424436,s5-vmess-ws,42832,24,1002,1002,192.8,740.1,908.5,0.0,-,0,0,0.000
1790424436,s6-trojan-grpc,46000,25,1111,1111,146.0,657.3,863.1,0.0,-,0,0,0.000
1790424436,s7-ss-tcp,48451,48,1128,1128,138.0,651.2,861.2,0.0,-,0,0,0.000
1790424436,s8-tuic,47245,31,1079,1079,149.9,672.2,863.3,0.0,-,0,0,0.000
1790424436,s9-anytls,32922,15,989,989,190.7,750.1,913.7,0.0,-,0,0,0.000
1790424436,s10-vless-xhttp,37508,17,1042,1042,164.1,694.7,887.4,0.0,-,0,0,0.000
1790424436,s11-http-proxy,39633,31,914,914,202.2,725.4,923.2,0.0,-,0,0,0.000
1790424436,s12-vmess-h3,41323,15,953,953,201.4,760.5,920.4,0.0,-,0,0,0.000
1790424436,__proc__,0,0,0,0,-,-,-,1213.8,28849,39056,1167329,2241.358
1790424466,s1-short,43331,37,1035,1035,193.5,736.1,901.0,0.0,-,0,0,0.000
1790424466,s2-long,7,4,0,0,36.5,112.7,112.7,0.0,-,0,0,0.000
1790424466,s3-quic,105605,0,384478,384478,3.3,79.6,455.3,0.0,-,0,0,0.000
1790424466,s4-mixed-kcp,14881,1,4172308,4172308,251.2,1619.8,2260.7,0.0,-,0,0,0.000
1790424466,s5-vmess-ws,43323,24,1031,1031,191.9,728.5,906.9,0.0,-,0,0,0.000
1790424466,s6-trojan-grpc,46538,25,1130,1130,146.2,641.8,862.3,0.0,-,0,0,0.000
1790424466,s7-ss-tcp,49020,48,1195,1195,138.0,646.2,864.8,0.0,-,0,0,0.000
1790424466,s8-tuic,47787,31,1138,1138,152.0,664.8,867.7,0.0,-,0,0,0.000
1790424466,s9-anytls,33417,15,1040,1040,191.6,722.1,908.8,0.0,-,0,0,0.000
1790424466,s10-vless-xhttp,38022,17,1079,1079,171.5,718.6,891.5,0.0,-,0,0,0.000
1790424466,s11-http-proxy,40099,31,979,979,201.7,697.6,944.2,0.0,-,0,0,0.000
1790424466,s12-vmess-h3,41804,15,1010,1010,196.5,724.5,918.2,0.0,-,0,0,0.000
1790424466,__proc__,0,0,0,0,-,-,-,1231.5,28994,39493,1182596,2268.324
1790424496,s1-short,43820,37,1027,1027,192.8,733.8,919.5,0.0,-,0,0,0.000
1790424496,s2-long,7,4,0,0,36.5,112.7,112.7,0.0,-,0,0,0.000
1790424496,s3-quic,107034,0,390212,390212,3.3,75.3,448.6,0.0,-,0,0,0.000
1790424496,s4-mixed-kcp,15063,1,4047365,4047365,248.3,1618.1,2239.2,0.0,-,0,0,0.000
1790424496,s5-vmess-ws,43804,24,1010,1010,191.9,730.1,921.7,0.0,-,0,0,0.000
1790424496,s6-trojan-grpc,47084,25,1147,1147,145.1,637.2,866.4,0.0,-,0,0,0.000
1790424496,s7-ss-tcp,49592,48,1201,1201,137.5,638.4,866.5,0.0,-,0,0,0.000
1790424496,s8-tuic,48345,31,1172,1172,148.1,651.4,868.0,0.0,-,0,0,0.000
1790424496,s9-anytls,33909,15,1033,1033,191.6,727.9,932.9,0.0,-,0,0,0.000
1790424496,s10-vless-xhttp,38535,17,1077,1077,172.5,717.1,898.0,0.0,-,0,0,0.000
1790424496,s11-http-proxy,40554,31,956,956,206.6,732.8,958.0,0.0,-,0,0,0.000
1790424496,s12-vmess-h3,42273,15,985,985,199.4,745.3,940.6,0.0,-,0,0,0.000
1790424496,__proc__,0,0,0,0,-,-,-,1243.6,28984,39330,1198772,2295.290
1790424526,s1-short,44296,37,1000,1000,191.1,728.5,926.2,0.0,-,0,0,0.000
1790424526,s2-long,7,4,0,0,36.5,112.7,112.7,0.0,-,0,0,0.000
1790424526,s3-quic,108352,0,359902,359902,3.3,82.0,479.1,0.0,-,0,0,0.000
1790424526,s4-mixed-kcp,15240,1,4003154,4003154,248.5,1626.2,2248.6,0.0,-,0,0,0.000
1790424526,s5-vmess-ws,44277,24,993,993,191.9,719.0,922.6,0.0,-,0,0,0.000
1790424526,s6-trojan-grpc,47605,25,1094,1094,150.5,619.1,882.9,0.0,-,0,0,0.000
1790424526,s7-ss-tcp,50131,48,1132,1132,141.2,621.9,890.3,0.0,-,0,0,0.000
1790424526,s8-tuic,48876,31,1115,1115,152.8,629.5,887.2,0.0,-,0,0,0.000
1790424526,s9-anytls,34381,15,991,991,189.8,719.8,932.9,0.0,-,0,0,0.000
1790424526,s10-vless-xhttp,39033,17,1046,1046,173.6,675.1,915.7,0.0,-,0,0,0.000
1790424526,s11-http-proxy,40986,31,907,907,210.0,760.3,961.1,0.0,-,0,0,0.000
1790424526,s12-vmess-h3,42722,15,943,943,200.8,735.3,934.5,0.0,-,0,0,0.000
1790424526,__proc__,0,0,0,0,-,-,-,1260.2,28596,38794,1213421,2321.842
1790424556,s1-short,44810,37,1079,1079,192.0,697.2,935.7,0.0,-,0,0,0.000
1790424556,s2-long,7,4,0,0,36.5,112.7,112.7,0.0,-,0,0,0.000
1790424556,s3-quic,109885,0,418611,418611,3.3,80.9,474.0,0.0,-,0,0,0.000
1790424556,s4-mixed-kcp,15427,1,4205886,4205886,249.1,1626.2,2260.7,0.0,-,0,0,0.000
1790424556,s5-vmess-ws,44783,24,1063,1063,192.1,688.3,935.2,0.0,-,0,0,0.000
1790424556,s6-trojan-grpc,48175,25,1197,1197,143.7,613.9,896.1,0.0,-,0,0,0.000
1790424556,s7-ss-tcp,50732,48,1262,1262,137.2,613.9,899.3,0.0,-,0,0,0.000
1790424556,s8-tuic,49445,31,1195,1195,145.5,623.4,897.8,0.0,-,0,0,0.000
1790424556,s9-anytls,34890,15,1069,1069,190.1,691.5,955.0,0.0,-,0,0,0.000
1790424556,s10-vless-xhttp,39573,17,1134,1134,167.8,662.1,924.7,0.0,-,0,0,0.000
1790424556,s11-http-proxy,41474,31,1025,1025,202.6,674.5,966.5,0.0,-,0,0,0.000
1790424556,s12-vmess-h3,43216,15,1037,1037,200.5,687.9,954.2,0.0,-,0,0,0.000
1790424556,__proc__,0,0,0,0,-,-,-,1251.5,28819,39500,1231083,2348.135
1790424586,s1-short,45274,37,974,974,188.7,691.3,935.7,0.0,-,0,0,0.000
1790424586,s2-long,7,4,0,0,36.5,112.7,112.7,0.0,-,0,0,0.000
1790424586,s3-quic,111105,0,333141,333141,3.2,87.7,485.1,0.0,-,0,0,0.000
1790424586,s4-mixed-kcp,15602,1,3896903,3896903,250.2,1612.0,2260.7,0.0,-,0,0,0.000
1790424586,s5-vmess-ws,45233,24,945,945,190.4,683.9,936.5,0.0,-,0,0,0.000
1790424586,s6-trojan-grpc,48680,25,1060,1060,143.8,626.1,913.9,0.0,-,0,0,0.000
1790424586,s7-ss-tcp,51246,48,1079,1079,134.7,624.5,893.0,0.0,-,0,0,0.000
1790424586,s8-tuic,49951,31,1063,1063,141.5,628.8,902.8,0.0,-,0,0,0.000
1790424586,s9-anytls,35355,15,976,976,189.4,676.1,935.7,0.0,-,0,0,0.000
1790424586,s10-vless-xhttp,40048,17,998,998,174.6,676.9,933.8,0.0,-,0,0,0.000
1790424586,s11-http-proxy,41901,31,897,897,210.5,701.8,972.2,0.0,-,0,0,0.000
1790424586,s12-vmess-h3,43661,15,934,934,199.9,687.1,947.6,0.0,-,0,0,0.000
1790424586,__proc__,0,0,0,0,-,-,-,1222.5,28471,38602,1244484,2375.704
1790424616,s1-short,45757,37,1014,1014,190.2,708.1,941.5,0.0,-,0,0,0.000
1790424616,s2-long,7,4,0,0,36.5,112.7,112.7,0.0,-,0,0,0.000
1790424616,s3-quic,112418,0,358537,358537,3.3,89.8,476.9,0.0,-,0,0,0.000
1790424616,s4-mixed-kcp,15781,1,4152698,4152698,252.7,1600.8,2280.1,0.0,-,0,0,0.000
1790424616,s5-vmess-ws,45716,24,1014,1014,188.5,704.5,938.7,0.0,-,0,0,0.000
1790424616,s6-trojan-grpc,49202,25,1096,1096,148.9,625.8,917.2,0.0,-,0,0,0.000
1790424616,s7-ss-tcp,51800,48,1163,1163,133.5,621.9,898.9,0.0,-,0,0,0.000
1790424616,s8-tuic,50490,31,1132,1132,144.9,618.9,913.9,0.0,-,0,0,0.000
1790424616,s9-anytls,35839,15,1016,1016,188.3,690.9,952.3,0.0,-,0,0,0.000
1790424616,s10-vless-xhttp,40553,17,1060,1060,175.1,687.4,935.7,0.0,-,0,0,0.000
1790424616,s11-http-proxy,42351,31,945,945,216.4,747.3,968.9,0.0,-,0,0,0.000
1790424616,s12-vmess-h3,44123,15,970,970,204.9,723.5,951.5,0.0,-,0,0,0.000
1790424616,__proc__,0,0,0,0,-,-,-,1233.0,28192,38598,1259580,2402.395
1790424646,s1-short,46203,37,937,937,188.9,717.9,942.0,0.0,-,0,0,0.000
1790424646,s2-long,7,4,0,0,36.5,112.7,112.7,0.0,-,0,0,0.000
1790424646,s3-quic,113536,0,305289,305289,3.3,95.8,488.1,0.0,-,0,0,0.000
1790424646,s4-mixed-kcp,15952,1,3750226,3750226,256.7,1621.7,2298.5,0.0,-,0,0,0.000
1790424646,s5-vmess-ws,46156,24,924,924,190.8,707.6,938.7,0.0,-,0,0,0.000
1790424646,s6-trojan-grpc,49684,25,1012,1012,152.3,650.1,935.1,0.0,-,0,0,0.000
1790424646,s7-ss-tcp,52311,48,1073,1073,139.4,639.9,912.9,0.0,-,0,0,0.000
1790424646,s8-tuic,50974,31,1016,1016,150.7,641.1,931.1,0.0,-,0,0,0.000
1790424646,s9-anytls,36288,15,943,943,187.9,690.0,944.9,0.0,-,0,0,0.000
1790424646,s10-vless-xhttp,41020,17,981,981,177.0,690.0,935.7,0.0,-,0,0,0.000
1790424646,s11-http-proxy,42764,31,867,867,218.3,750.9,972.2,0.0,-,0,0,0.000
1790424646,s12-vmess-h3,44550,15,897,897,208.2,760.3,955.9,0.0,-,0,0,0.000
1790424646,__proc__,0,0,0,0,-,-,-,1239.5,27807,37612,1272093,2430.062
1790424676,s1-short,46699,37,1042,1042,187.8,728.8,944.7,0.0,-,0,0,0.000
1790424676,s2-long,7,4,0,0,36.5,112.7,112.7,0.0,-,0,0,0.000
1790424676,s3-quic,115192,0,452198,452198,3.2,95.0,476.9,0.0,-,0,0,0.000
1790424676,s4-mixed-kcp,16139,1,4136929,4136929,256.4,1626.2,2325.9,0.0,-,0,0,0.000
1790424676,s5-vmess-ws,46666,24,1071,1071,187.6,725.5,940.0,0.0,-,0,0,0.000
1790424676,s6-trojan-grpc,50246,25,1180,1180,151.1,661.5,936.5,0.0,-,0,0,0.000
1790424676,s7-ss-tcp,52893,48,1222,1222,132.1,636.6,913.6,0.0,-,0,0,0.000
1790424676,s8-tuic,51539,31,1186,1186,147.0,652.6,933.9,0.0,-,0,0,0.000
1790424676,s9-anytls,36790,15,1054,1054,186.7,709.2,948.0,0.0,-,0,0,0.000
1790424676,s10-vless-xhttp,41542,17,1096,1096,175.8,701.2,940.2,0.0,-,0,0,0.000
1790424676,s11-http-proxy,43236,31,991,991,215.4,755.8,966.5,0.0,-,0,0,0.000
1790424676,s12-vmess-h3,45034,15,1016,1016,203.8,737.2,947.6,0.0,-,0,0,0.000
1790424676,__proc__,0,0,0,0,-,-,-,1260.3,28086,38790,1291604,2456.777
1790424706,s1-short,47168,37,985,985,186.5,720.1,947.4,0.0,-,0,0,0.000
1790424706,s2-long,7,4,0,0,36.5,112.7,112.7,0.0,-,0,0,0.000
1790424706,s3-quic,116521,0,362906,362906,3.2,98.1,479.9,0.0,-,0,0,0.000
1790424706,s4-mixed-kcp,16317,1,4064520,4064520,254.8,1617.1,2340.1,0.0,-,0,0,0.000
1790424706,s5-vmess-ws,47128,24,970,970,188.6,707.6,945.1,0.0,-,0,0,0.000
1790424706,s6-trojan-grpc,50759,25,1077,1077,153.8,671.6,940.1,0.0,-,0,0,0.000
1790424706,s7-ss-tcp,53430,48,1128,1128,133.4,616.1,912.9,0.0,-,0,0,0.000
1790424706,s8-tuic,52058,31,1090,1090,152.9,664.7,934.0,0.0,-,0,0,0.000
1790424706,s9-anytls,37265,15,998,998,183.4,702.0,950.2,0.0,-,0,0,0.000
1790424706,s10-vless-xhttp,42037,17,1040,1040,171.5,697.5,941.9,0.0,-,0,0,0.000
1790424706,s11-http-proxy,43677,31,926,926,219.2,769.0,981.6,0.0,-,0,0,0.000
1790424706,s12-vmess-h3,45488,15,953,953,206.0,760.9,954.2,0.0,-,0,0,0.000
1790424706,__proc__,0,0,0,0,-,-,-,1249.1,27983,38115,1307230,2483.663
1790424736,s1-short,47660,37,1033,1033,191.9,725.7,942.5,0.0,-,0,0,0.000
1790424736,s2-long,7,4,0,0,36.5,112.7,112.7,0.0,-,0,0,0.000
1790424736,s3-quic,118066,0,421888,421888,3.1,86.7,440.7,0.0,-,0,0,0.000
1790424736,s4-mixed-kcp,16498,1,4026420,4026420,254.0,1615.6,2379.1,0.0,-,0,0,0.000
1790424736,s5-vmess-ws,47624,24,1042,1042,189.5,707.6,942.3,0.0,-,0,0,0.000
1790424736,s6-trojan-grpc,51307,25,1151,1151,153.3,672.8,934.2,0.0,-,0,0,0.000
1790424736,s7-ss-tcp,53999,48,1195,1195,133.3,627.9,908.2,0.0,-,0,0,0.000
1790424736,s8-tuic,52604,31,1147,1147,152.9,683.2,934.7,0.0,-,0,0,0.000
1790424736,s9-anytls,37763,15,1046,1046,186.4,706.5,948.0,0.0,-,0,0,0.000
1790424736,s10-vless-xhttp,42555,17,1088,1088,171.5,690.0,940.3,0.0,-,0,0,0.000
1790424736,s11-http-proxy,44142,31,976,976,214.0,778.7,972.4,0.0,-,0,0,0.000
1790424736,s12-vmess-h3,45962,15,995,995,208.8,787.3,955.3,0.0,-,0,0,0.000
1790424736,__proc__,0,0,0,0,-,-,-,1239.6,28021,38488,1324945,2510.882
1790424766,s1-short,48141,37,1010,1010,189.3,724.3,952.8,0.0,-,0,0,0.000
1790424766,s2-long,7,4,0,0,36.5,112.7,112.7,0.0,-,0,0,0.000
1790424766,s3-quic,119492,0,389393,389393,3.2,83.1,486.8,0.0,-,0,0,0.000
1790424766,s4-mixed-kcp,16668,1,4064660,4064660,253.1,1631.5,2325.9,0.0,-,0,0,0.000
1790424766,s5-vmess-ws,48092,24,983,983,189.5,750.9,946.4,0.0,-,0,0,0.000
1790424766,s6-trojan-grpc,51835,25,1109,1109,152.5,671.6,934.2,0.0,-,0,0,0.000
1790424766,s7-ss-tcp,54544,48,1144,1144,132.5,638.7,907.1,0.0,-,0,0,0.000
1790424766,s8-tuic,53147,31,1140,1140,151.0,672.2,938.7,0.0,-,0,0,0.000
1790424766,s9-anytls,38249,15,1021,1021,185.0,708.4,949.7,0.0,-,0,0,0.000
1790424766,s10-vless-xhttp,43052,17,1044,1044,167.2,690.6,945.9,0.0,-,0,0,0.000
1790424766,s11-http-proxy,44590,31,941,941,214.3,772.8,972.2,0.0,-,0,0,0.000
1790424766,s12-vmess-h3,46416,15,953,953,206.9,755.8,955.3,0.0,-,0,0,0.000
1790424766,__proc__,0,0,0,0,-,-,-,1234.4,28002,37990,1341248,2537.297
1790424796,s1-short,48640,37,1048,1048,188.6,739.6,941.7,0.0,-,0,0,0.000
1790424796,s2-long,7,4,0,0,36.5,112.7,112.7,0.0,-,0,0,0.000
1790424796,s3-quic,120898,0,383932,383932,3.2,83.0,476.5,0.0,-,0,0,0.000
1790424796,s4-mixed-kcp,16863,1,4105863,4105863,251.8,1631.5,2348.0,0.0,-,0,0,0.000
1790424796,s5-vmess-ws,48584,24,1033,1033,187.3,727.0,939.7,0.0,-,0,0,0.000
1790424796,s6-trojan-grpc,52393,25,1172,1172,152.6,684.2,922.0,0.0,-,0,0,0.000
1790424796,s7-ss-tcp,55127,48,1224,1224,132.7,663.0,905.9,0.0,-,0,0,0.000
1790424796,s8-tuic,53711,31,1184,1184,151.5,686.3,931.6,0.0,-,0,0,0.000
1790424796,s9-anytls,38750,15,1052,1052,181.1,727.6,941.1,0.0,-,0,0,0.000
1790424796,s10-vless-xhttp,43584,17,1117,1117,169.8,704.4,939.4,0.0,-,0,0,0.000
1790424796,s11-http-proxy,45053,31,972,972,211.1,777.1,972.2,0.0,-,0,0,0.000
1790424796,s12-vmess-h3,46894,15,1004,1004,204.2,754.5,954.7,0.0,-,0,0,0.000
1790424796,__proc__,0,0,0,0,-,-,-,1223.9,28068,38476,1357276,2565.073
1790424826,s1-short,49126,37,1021,1021,192.0,807.2,945.9,0.0,-,0,0,0.000
1790424826,s2-long,7,4,0,0,36.5,112.7,112.7,0.0,-,0,0,0.000
1790424826,s3-quic,122367,0,401135,401135,3.2,82.0,497.2,0.0,-,0,0,0.000
1790424826,s4-mixed-kcp,17044,1,4154320,4154320,250.6,1617.1,2425.6,0.0,-,0,0,0.000
1790424826,s5-vmess-ws,49062,24,1004,1004,190.4,792.5,944.1,0.0,-,0,0,0.000
1790424826,s6-trojan-grpc,52936,25,1140,1140,150.6,703.1,923.1,0.0,-,0,0,0.000
1790424826,s7-ss-tcp,55687,48,1176,1176,132.6,668.3,907.2,0.0,-,0,0,0.000
1790424826,s8-tuic,54250,31,1132,1132,151.9,705.2,933.5,0.0,-,0,0,0.000
1790424826,s9-anytls,39236,15,1021,1021,184.5,738.8,944.1,0.0,-,0,0,0.000
1790424826,s10-vless-xhttp,44094,17,1071,1071,168.3,720.3,939.4,0.0,-,0,0,0.000
1790424826,s11-http-proxy,45509,31,958,958,214.3,794.8,971.1,0.0,-,0,0,0.000
1790424826,s12-vmess-h3,47354,15,966,966,207.7,768.2,953.3,0.0,-,0,0,0.000
1790424826,__proc__,0,0,0,0,-,-,-,1218.3,28055,38309,1374388,2591.600
1790424856,s1-short,49637,37,1073,1073,189.3,740.6,941.7,0.0,-,0,0,0.000
1790424856,s2-long,7,4,0,0,36.5,112.7,112.7,0.0,-,0,0,0.000
1790424856,s3-quic,123845,0,403593,403593,3.2,80.0,451.7,0.0,-,0,0,0.000
1790424856,s4-mixed-kcp,17235,1,4212697,4212697,252.7,1615.6,2379.1,0.0,-,0,0,0.000
1790424856,s5-vmess-ws,49565,24,1056,1056,189.0,760.5,938.1,0.0,-,0,0,0.000
1790424856,s6-trojan-grpc,53498,25,1180,1180,150.0,684.2,917.9,0.0,-,0,0,0.000
1790424856,s7-ss-tcp,56269,48,1222,1222,133.4,674.1,908.2,0.0,-,0,0,0.000
1790424856,s8-tuic,54807,31,1170,1170,152.2,687.7,913.0,0.0,-,0,0,0.000
1790424856,s9-anytls,39751,15,1082,1082,183.5,718.6,938.0,0.0,-,0,0,0.000
1790424856,s10-vless-xhttp,44620,17,1105,1105,166.2,706.6,933.7,0.0,-,0,0,0.000
1790424856,s11-http-proxy,45987,31,1004,1004,208.6,759.4,962.2,0.0,-,0,0,0.000
1790424856,s12-vmess-h3,47847,15,1035,1035,202.6,742.3,946.6,0.0,-,0,0,0.000
1790424856,__proc__,0,0,0,0,-,-,-,1232.2,28138,38612,1391335,2618.055
1790424886,s1-short,50134,37,1044,1044,193.2,721.4,929.0,0.0,-,0,0,0.000
1790424886,s2-long,7,4,0,0,36.5,112.7,112.7,0.0,-,0,0,0.000
1790424886,s3-quic,125435,0,434176,434176,3.2,81.7,453.6,0.0,-,0,0,0.000
1790424886,s4-mixed-kcp,17421,1,4168308,4168308,252.7,1615.6,2318.4,0.0,-,0,0,0.000
1790424886,s5-vmess-ws,50064,24,1048,1048,191.2,725.6,929.2,0.0,-,0,0,0.000
1790424886,s6-trojan-grpc,54033,25,1124,1124,147.6,666.0,896.1,0.0,-,0,0,0.000
1790424886,s7-ss-tcp,56830,48,1178,1178,132.6,599.9,870.6,0.0,-,0,0,0.000
1790424886,s8-tuic,55346,31,1132,1132,151.0,669.0,888.2,0.0,-,0,0,0.000
1790424886,s9-anytls,40249,15,1046,1046,186.2,720.1,938.0,0.0,-,0,0,0.000
1790424886,s10-vless-xhttp,45133,17,1077,1077,163.5,676.8,907.1,0.0,-,0,0,0.000
1790424886,s11-http-proxy,46462,31,998,998,208.0,727.4,952.0,0.0,-,0,0,0.000
1790424886,s12-vmess-h3,48328,15,1010,1010,201.3,719.4,938.3,0.0,-,0,0,0.000
1790424886,__proc__,0,0,0,0,-,-,-,1239.3,28521,39021,1409712,2643.607
1790424916,s1-short,50626,37,1033,1033,193.2,693.6,920.5,0.0,-,0,0,0.000
1790424916,s2-long,7,4,0,0,36.5,112.7,112.7,0.0,-,0,0,0.000
1790424916,s3-quic,126715,0,349525,349525,3.2,85.1,464.4,0.0,-,0,0,0.000
1790424916,s4-mixed-kcp,17604,1,4206364,4206364,252.4,1608.5,2280.1,0.0,-,0,0,0.000
1790424916,s5-vmess-ws,50551,24,1023,1023,194.4,719.3,911.2,0.0,-,0,0,0.000
1790424916,s6-trojan-grpc,54567,25,1121,1121,150.6,657.2,896.1,0.0,-,0,0,0.000
1790424916,s7-ss-tcp,57392,48,1180,1180,134.4,586.3,883.7,0.0,-,0,0,0.000
1790424916,s8-tuic,55875,31,1111,1111,153.9,647.9,885.9,0.0,-,0,0,0.000
1790424916,s9-anytls,40741,15,1033,1033,186.3,684.1,915.3,0.0,-,0,0,0.000
1790424916,s10-vless-xhttp,45638,17,1060,1060,166.3,664.4,907.1,0.0,-,0,0,0.000
1790424916,s11-http-proxy,46916,31,953,953,203.4,750.5,961.2,0.0,-,0,0,0.000
1790424916,s12-vmess-h3,48812,15,1016,1016,200.1,719.4,915.6,0.0,-,0,0,0.000
1790424916,__proc__,0,0,0,0,-,-,-,1230.9,28371,38779,1423781,2670.972
1790424946,s1-short,51100,37,995,995,194.4,707.2,920.8,0.0,-,0,0,0.000
1790424946,s2-long,7,4,0,0,36.5,112.7,112.7,0.0,-,0,0,0.000
1790424946,s3-quic,128284,0,428442,428442,3.2,77.2,468.1,0.0,-,0,0,0.000
1790424946,s4-mixed-kcp,17785,1,4240160,4240160,251.7,1600.0,2270.6,0.0,-,0,0,0.000
1790424946,s5-vmess-ws,51025,24,995,995,195.3,713.8,914.1,0.0,-,0,0,0.000
1790424946,s6-trojan-grpc,55098,25,1115,1115,150.6,681.3,906.4,0.0,-,0,0,0.000
1790424946,s7-ss-tcp,57952,48,1176,1176,136.1,654.7,890.2,0.0,-,0,0,0.000
1790424946,s8-tuic,56414,31,1132,1132,152.7,677.0,909.5,0.0,-,0,0,0.000
1790424946,s9-anytls,41222,15,1010,1010,188.9,712.8,927.9,0.0,-,0,0,0.000
1790424946,s10-vless-xhttp,46140,17,1054,1054,165.4,681.6,911.1,0.0,-,0,0,0.000
1790424946,s11-http-proxy,47364,31,941,941,205.8,750.5,961.2,0.0,-,0,0,0.000
1790424946,s12-vmess-h3,49276,15,974,974,203.8,715.0,919.2,0.0,-,0,0,0.000
1790424946,__proc__,0,0,0,0,-,-,-,1207.4,28817,39175,1442121,2697.538
1790424976,s1-short,51601,37,1052,1052,191.2,713.3,919.2,0.0,-,0,0,0.000
1790424976,s2-long,7,4,0,0,36.5,112.7,112.7,0.0,-,0,0,0.000
1790424976,s3-quic,129646,0,371917,371917,3.2,76.3,465.0,0.0,-,0,0,0.000
1790424976,s4-mixed-kcp,17965,1,3846913,3846913,254.7,1604.3,2270.6,0.0,-,0,0,0.000
1790424976,s5-vmess-ws,51522,24,1044,1044,195.3,699.8,908.8,0.0,-,0,0,0.000
1790424976,s6-trojan-grpc,55644,25,1147,1147,151.4,661.6,906.2,0.0,-,0,0,0.000
1790424976,s7-ss-tcp,58504,48,1159,1159,139.0,611.0,886.8,0.0,-,0,0,0.000
1790424976,s8-tuic,56963,31,1153,1153,150.8,651.3,890.9,0.0,-,0,0,0.000
1790424976,s9-anytls,41728,15,1063,1063,187.1,712.8,919.2,0.0,-,0,0,0.000
1790424976,s10-vless-xhttp,46649,17,1069,1069,166.1,650.9,911.4,0.0,-,0,0,0.000
1790424976,s11-http-proxy,47829,31,976,976,199.9,725.9,929.9,0.0,-,0,0,0.000
1790424976,s12-vmess-h3,49760,15,1016,1016,200.1,709.2,905.4,0.0,-,0,0,0.000
1790424976,__proc__,0,0,0,0,-,-,-,1207.2,28474,39028,1457762,2724.518
1790425006,s1-short,52098,37,1044,1044,190.4,697.2,921.1,0.0,-,0,0,0.000
1790425006,s2-long,7,4,0,0,36.5,112.7,112.7,0.0,-,0,0,0.000
1790425006,s3-quic,131113,0,400589,400589,3.1,73.5,456.7,0.0,-,0,0,0.000
1790425006,s4-mixed-kcp,18145,1,3776864,3776864,251.7,1604.3,2240.3,0.0,-,0,0,0.000
1790425006,s5-vmess-ws,52008,24,1021,1021,192.8,694.3,912.8,0.0,-,0,0,0.000
1790425006,s6-trojan-grpc,56176,25,1117,1117,149.9,657.2,900.1,0.0,-,0,0,0.000
1790425006,s7-ss-tcp,59067,48,1182,1182,137.8,625.8,896.2,0.0,-,0,0,0.000
1790425006,s8-tuic,57504,31,1136,1136,151.1,651.3,891.5,0.0,-,0,0,0.000
1790425006,s9-anytls,42223,15,1040,1040,188.0,697.2,919.4,0.0,-,0,0,0.000
1790425006,s10-vless-xhttp,47157,17,1067,1067,167.1,634.1,909.0,0.0,-,0,0,0.000
1790425006,s11-http-proxy,48285,31,958,958,199.1,725.9,947.8,0.0,-,0,0,0.000
1790425006,s12-vmess-h3,50237,15,1002,1002,196.6,695.9,907.8,0.0,-,0,0,0.000
1790425006,__proc__,0,0,0,0,-,-,-,1200.7,28500,39029,1474889,2751.667
1790425036,s1-short,52583,37,1018,1018,190.8,689.0,911.7,0.0,-,0,0,0.000
1790425036,s2-long,7,4,0,0,36.5,112.7,112.7,0.0,-,0,0,0.000
1790425036,s3-quic,132424,0,357990,357990,3.1,91.2,482.3,0.0,-,0,0,0.000
1790425036,s4-mixed-kcp,18328,1,4061359,4061359,252.7,1604.3,2194.6,0.0,-,0,0,0.000
1790425036,s5-vmess-ws,52492,24,1016,1016,192.7,692.9,907.9,0.0,-,0,0,0.000
1790425036,s6-trojan-grpc,56689,25,1077,1077,153.6,642.0,891.1,0.0,-,0,0,0.000
1790425036,s7-ss-tcp,59614,48,1149,1149,140.5,598.5,896.2,0.0,-,0,0,0.000
1790425036,s8-tuic,58015,31,1073,1073,154.9,645.9,897.6,0.0,-,0,0,0.000
1790425036,s9-anytls,42713,15,1029,1029,187.4,681.7,912.8,0.0,-,0,0,0.000
1790425036,s10-vless-xhttp,47657,17,1050,1050,171.2,631.3,910.8,0.0,-,0,0,0.000
1790425036,s11-http-proxy,48741,31,958,958,199.9,703.5,927.9,0.0,-,0,0,0.000
1790425036,s12-vmess-h3,50709,15,991,991,195.0,661.0,900.9,0.0,-,0,0,0.000
1790425036,__proc__,0,0,0,0,-,-,-,1208.1,28308,38776,1490186,2777.739
1790425066,s1-short,53036,37,951,951,189.8,681.1,935.5,0.0,-,0,0,0.000
1790425066,s2-long,7,4,0,0,36.5,112.7,112.7,0.0,-,0,0,0.000
1790425066,s3-quic,133598,0,320580,320580,3.1,100.5,490.3,0.0,-,0,0,0.000
1790425066,s4-mixed-kcp,18495,1,3637281,3637281,254.5,1604.3,2239.6,0.0,-,0,0,0.000
1790425066,s5-vmess-ws,52936,24,932,932,194.0,685.5,923.8,0.0,-,0,0,0.000
1790425066,s6-trojan-grpc,57178,25,1027,1027,148.7,625.6,902.0,0.0,-,0,0,0.000
1790425066,s7-ss-tcp,60121,48,1065,1065,140.6,600.3,896.2,0.0,-,0,0,0.000
1790425066,s8-tuic,58503,31,1025,1025,149.5,630.7,909.3,0.0,-,0,0,0.000
1790425066,s9-anytls,43163,15,945,945,189.0,639.9,934.7,0.0,-,0,0,0.000
1790425066,s10-vless-xhttp,48121,17,974,974,172.4,687.1,926.3,0.0,-,0,0,0.000
1790425066,s11-http-proxy,49159,31,878,878,206.0,689.0,949.8,0.0,-,0,0,0.000
1790425066,s12-vmess-h3,51140,15,905,905,196.1,655.3,946.2,0.0,-,0,0,0.000
1790425066,__proc__,0,0,0,0,-,-,-,1218.5,28250,38119,1503188,2804.232
1790425096,s1-short,53508,37,991,991,189.8,684.2,925.5,0.0,-,0,0,0.000
1790425096,s2-long,7,4,0,0,36.5,112.7,112.7,0.0,-,0,0,0.000
1790425096,s3-quic,135020,0,388301,388301,3.1,100.9,504.4,0.0,-,0,0,0.000
1790425096,s4-mixed-kcp,18678,1,3991976,3991976,254.0,1604.3,2194.6,0.0,-,0,0,0.000
1790425096,s5-vmess-ws,53404,24,983,983,192.5,680.9,910.6,0.0,-,0,0,0.000
1790425096,s6-trojan-grpc,57700,25,1096,1096,151.4,688.5,906.7,0.0,-,0,0,0.000
1790425096,s7-ss-tcp,60673,48,1159,1159,143.5,649.4,897.8,0.0,-,0,0,0.000
1790425096,s8-tuic,59042,31,1132,1132,152.3,681.5,909.3,0.0,-,0,0,0.000
1790425096,s9-anytls,43639,15,1000,1000,188.7,667.9,913.9,0.0,-,0,0,0.000
1790425096,s10-vless-xhttp,48604,17,1014,1014,177.4,699.8,917.0,0.0,-,0,0,0.000
1790425096,s11-http-proxy,49607,31,941,941,208.8,698.6,940.8,0.0,-,0,0,0.000
1790425096,s12-vmess-h3,51601,15,968,968,192.7,655.6,921.2,0.0,-,0,0,0.000
1790425096,__proc__,0,0,0,0,-,-,-,1218.0,27992,38365,1519315,2831.517
1790425126,s1-short,54007,37,1048,1048,191.4,752.4,929.5,0.0,-,0,0,0.000
1790425126,s2-long,7,4,0,0,36.5,112.7,112.7,0.0,-,0,0,0.000
1790425126,s3-quic,136567,0,422434,422434,3.1,92.7,490.8,0.0,-,0,0,0.000
1790425126,s4-mixed-kcp,18864,1,4209053,4209053,255.2,1598.1,2194.6,0.0,-,0,0,0.000
1790425126,s5-vmess-ws,53897,24,1035,1035,192.9,727.9,916.2,0.0,-,0,0,0.000
1790425126,s6-trojan-grpc,58253,25,1161,1161,151.2,692.1,902.0,0.0,-,0,0,0.000
1790425126,s7-ss-tcp,61241,48,1193,1193,139.6,669.5,897.8,0.0,-,0,0,0.000
1790425126,s8-tuic,59597,31,1166,1166,148.4,690.4,902.7,0.0,-,0,0,0.000
1790425126,s9-anytls,44145,15,1063,1063,188.2,736.2,918.7,0.0,-,0,0,0.000
1790425126,s10-vless-xhttp,49129,17,1102,1102,177.9,739.0,916.3,0.0,-,0,0,0.000
1790425126,s11-http-proxy,50066,31,964,964,209.5,732.9,955.8,0.0,-,0,0,0.000
1790425126,s12-vmess-h3,52077,15,1000,1000,194.1,725.4,946.8,0.0,-,0,0,0.000
1790425126,__proc__,0,0,0,0,-,-,-,1224.9,28340,38979,1536891,2858.477
1790425156,s1-short,54476,37,985,985,190.6,771.4,935.0,0.0,-,0,0,0.000
1790425156,s2-long,7,4,0,0,36.5,112.7,112.7,0.0,-,0,0,0.000
1790425156,s3-quic,137958,0,379836,379836,3.1,90.3,432.9,0.0,-,0,0,0.000
1790425156,s4-mixed-kcp,19048,1,3947364,3947364,255.1,1584.6,2220.5,0.0,-,0,0,0.000
1790425156,s5-vmess-ws,54367,24,987,987,190.7,734.6,936.2,0.0,-,0,0,0.000
1790425156,s6-trojan-grpc,58780,25,1107,1107,156.4,687.3,893.1,0.0,-,0,0,0.000
1790425156,s7-ss-tcp,61779,48,1130,1130,143.7,651.2,897.4,0.0,-,0,0,0.000
1790425156,s8-tuic,60125,31,1109,1109,152.6,674.6,898.0,0.0,-,0,0,0.000
1790425156,s9-anytls,44623,15,1004,1004,187.7,742.2,927.8,0.0,-,0,0,0.000
1790425156,s10-vless-xhttp,49632,17,1056,1056,179.7,757.1,919.3,0.0,-,0,0,0.000
1790425156,s11-http-proxy,50530,31,974,974,210.9,764.4,964.6,0.0,-,0,0,0.000
1790425156,s12-vmess-h3,52545,15,983,983,194.7,715.6,949.9,0.0,-,0,0,0.000
1790425156,__proc__,0,0,0,0,-,-,-,1210.9,28219,38604,1553036,2885.205
1790425186,s1-short,55007,37,1115,1115,190.9,739.5,929.5,0.0,-,0,0,0.000
1790425186,s2-long,7,4,0,0,36.5,112.7,112.7,0.0,-,0,0,0.000
1790425186,s3-quic,139513,0,424619,424619,3.1,91.2,429.1,0.0,-,0,0,0.000
1790425186,s4-mixed-kcp,19243,1,4221476,4221476,256.5,1584.6,2194.0,0.0,-,0,0,0.000
1790425186,s5-vmess-ws,54898,24,1115,1115,190.8,721.0,934.0,0.0,-,0,0,0.000
1790425186,s6-trojan-grpc,59374,25,1247,1247,149.0,706.3,888.1,0.0,-,0,0,0.000
1790425186,s7-ss-tcp,62384,48,1270,1270,139.1,657.5,890.8,0.0,-,0,0,0.000
1790425186,s8-tuic,60715,31,1239,1239,146.8,679.2,896.6,0.0,-,0,0,0.000
1790425186,s9-anytls,45154,15,1115,1115,187.9,712.6,898.7,0.0,-,0,0,0.000
1790425186,s10-vless-xhttp,50187,17,1166,1166,177.9,741.9,907.4,0.0,-,0,0,0.000
1790425186,s11-http-proxy,51018,31,1025,1025,210.6,727.7,941.6,0.0,-,0,0,0.000
1790425186,s12-vmess-h3,53065,15,1092,1092,194.0,698.3,949.9,0.0,-,0,0,0.000
1790425186,__proc__,0,0,0,0,-,-,-,1209.3,28331,39299,1570198,2912.377
1790425216,s1-short,55456,37,943,943,188.2,785.5,957.9,0.0,-,0,0,0.000
1790425216,s2-long,7,4,0,0,36.5,112.7,112.7,0.0,-,0,0,0.000
1790425216,s3-quic,140623,0,303104,303104,3.1,95.4,472.1,0.0,-,0,0,0.000
1790425216,s4-mixed-kcp,19415,1,3954346,3954346,257.4,1583.1,2220.5,0.0,-,0,0,0.000
1790425216,s5-vmess-ws,55338,24,924,924,189.8,762.6,946.3,0.0,-,0,0,0.000
1790425216,s6-trojan-grpc,59865,25,1031,1031,154.9,725.7,905.3,0.0,-,0,0,0.000
1790425216,s7-ss-tcp,62891,48,1065,1065,139.6,683.8,897.6,0.0,-,0,0,0.000
1790425216,s8-tuic,61202,31,1023,1023,154.7,709.7,904.7,0.0,-,0,0,0.000
1790425216,s9-anytls,45605,15,947,947,185.9,743.3,936.2,0.0,-,0,0,0.000
1790425216,s10-vless-xhttp,50661,17,995,995,180.8,775.1,917.0,0.0,-,0,0,0.000
1790425216,s11-http-proxy,51426,31,857,857,217.3,755.3,957.6,0.0,-,0,0,0.000
1790425216,s12-vmess-h3,53490,15,892,892,197.2,750.8,968.8,0.0,-,0,0,0.000
1790425216,__proc__,0,0,0,0,-,-,-,1223.7,28150,37880,1582346,2939.091
1790425246,s1-short,55930,37,995,995,191.8,777.8,954.6,0.0,-,0,0,0.000
1790425246,s2-long,7,4,0,0,36.5,112.7,112.7,0.0,-,0,0,0.000
1790425246,s3-quic,141967,0,367002,367002,3.2,97.0,477.3,0.0,-,0,0,0.000
1790425246,s4-mixed-kcp,19597,1,4107797,4107797,256.9,1597.1,2239.6,0.0,-,0,0,0.000
1790425246,s5-vmess-ws,55811,24,993,993,192.5,754.6,950.9,0.0,-,0,0,0.000
1790425246,s6-trojan-grpc,60381,25,1084,1084,158.9,756.3,909.9,0.0,-,0,0,0.000
1790425246,s7-ss-tcp,63427,48,1126,1126,140.3,698.5,905.7,0.0,-,0,0,0.000
1790425246,s8-tuic,61722,31,1092,1092,159.8,736.6,909.3,0.0,-,0,0,0.000
1790425246,s9-anytls,46083,15,1004,1004,187.9,743.3,928.4,0.0,-,0,0,0.000
1790425246,s10-vless-xhttp,51154,17,1035,1035,184.0,773.2,919.0,0.0,-,0,0,0.000
1790425246,s11-http-proxy,51860,31,911,911,219.8,788.3,970.9,0.0,-,0,0,0.000
1790425246,s12-vmess-h3,53943,15,951,951,204.1,763.9,982.0,0.0,-,0,0,0.000
1790425246,__proc__,0,0,0,0,-,-,-,1231.4,27995,38087,1597691,2966.403
1790425276,s1-short,56404,37,995,995,192.2,779.1,969.7,0.0,-,0,0,0.000
1790425276,s2-long,7,4,0,0,36.5,112.7,112.7,0.0,-,0,0,0.000
1790425276,s3-quic,143439,0,401954,401954,3.2,100.3,484.9,0.0,-,0,0,0.000
1790425276,s4-mixed-kcp,19771,1,3679806,3679806,255.1,1598.1,2239.6,0.0,-,0,0,0.000
1790425276,s5-vmess-ws,56282,24,989,989,194.3,755.5,959.5,0.0,-,0,0,0.000
1790425276,s6-trojan-grpc,60895,25,1079,1079,158.5,737.9,923.2,0.0,-,0,0,0.000
1790425276,s7-ss-tcp,63968,48,1136,1136,140.9,698.5,898.0,0.0,-,0,0,0.000
1790425276,s8-tuic,62239,31,1086,1086,158.9,724.2,904.2,0.0,-,0,0,0.000
1790425276,s9-anytls,46554,15,989,989,187.2,748.1,949.9,0.0,-,0,0,0.000
1790425276,s10-vless-xhttp,51643,17,1027,1027,181.4,760.6,922.0,0.0,-,0,0,0.000
1790425276,s11-http-proxy,52311,31,947,947,218.3,788.2,973.2,0.0,-,0,0,0.000
1790425276,s12-vmess-h3,54406,15,972,972,205.4,788.3,984.0,0.0,-,0,0,0.000
1790425276,__proc__,0,0,0,0,-,-,-,1237.5,27994,38100,1614474,2992.924
1790425306,s1-short,56895,37,1031,1031,193.2,762.8,952.6,0.0,-,0,0,0.000
1790425306,s2-long,7,4,0,0,36.5,112.7,112.7,0.0,-,0,0,0.000
1790425306,s3-quic,144956,0,414242,414242,3.1,93.9,492.1,0.0,-,0,0,0.000
1790425306,s4-mixed-kcp,19959,1,3924636,3924636,254.8,1584.6,2194.6,0.0,-,0,0,0.000
1790425306,s5-vmess-ws,56770,24,1025,1025,195.0,739.9,946.3,0.0,-,0,0,0.000
1790425306,s6-trojan-grpc,61432,25,1128,1128,159.3,738.0,909.9,0.0,-,0,0,0.000
1790425306,s7-ss-tcp,64517,48,1153,1153,141.3,668.4,907.1,0.0,-,0,0,0.000
1790425306,s8-tuic,62788,31,1153,1153,155.7,709.9,893.8,0.0,-,0,0,0.000
1790425306,s9-anytls,47039,15,1018,1018,188.9,736.2,907.5,0.0,-,0,0,0.000
1790425306,s10-vless-xhttp,52151,17,1067,1067,181.1,742.2,909.8,0.0,-,0,0,0.000
1790425306,s11-http-proxy,52768,31,960,960,217.0,797.0,973.2,0.0,-,0,0,0.000
1790425306,s12-vmess-h3,54884,15,1004,1004,205.5,791.8,984.0,0.0,-,0,0,0.000
1790425306,__proc__,0,0,0,0,-,-,-,1230.6,28099,38423,1632143,3019.566
1790425336,s1-short,57395,37,1050,1050,192.7,738.9,964.1,0.0,-,0,0,0.000
1790425336,s2-long,7,4,0,0,36.5,112.7,112.7,0.0,-,0,0,0.000
1790425336,s3-quic,146363,0,384205,384205,3.1,90.1,499.4,0.0,-,0,0,0.000
1790425336,s4-mixed-kcp,20142,1,4040120,4040120,252.7,1584.6,2194.6,0.0,-,0,0,0.000
1790425336,s5-vmess-ws,57263,24,1035,1035,194.1,720.2,959.5,0.0,-,0,0,0.000
1790425336,s6-trojan-grpc,61978,25,1147,1147,158.5,714.7,914.8,0.0,-,0,0,0.000
1790425336,s7-ss-tcp,65071,48,1163,1163,142.5,647.0,907.2,0.0,-,0,0,0.000
1790425336,s8-tuic,63325,31,1128,1128,159.2,710.8,911.1,0.0,-,0,0,0.000
1790425336,s9-anytls,47549,15,1071,1071,187.0,706.9,929.7,0.0,-,0,0,0.000
1790425336,s10-vless-xhttp,52660,17,1069,1069,179.1,716.8,917.4,0.0,-,0,0,0.000
1790425336,s11-http-proxy,53228,31,966,966,213.8,800.1,972.9,0.0,-,0,0,0.000
1790425336,s12-vmess-h3,55366,15,1012,1012,205.4,783.0,970.4,0.0,-,0,0,0.000
1790425336,__proc__,0,0,0,0,-,-,-,1217.6,28185,38508,1647995,3046.665
1790425366,s1-short,57878,37,1014,1014,194.6,674.2,957.9,0.0,-,0,0,0.000
1790425366,s2-long,7,4,0,0,36.5,112.7,112.7,0.0,-,0,0,0.000
1790425366,s3-quic,147822,0,398404,398404,3.1,83.2,488.0,0.0,-,0,0,0.000
1790425366,s4-mixed-kcp,20322,1,4012225,4012225,252.6,1577.5,2192.5,0.0,-,0,0,0.000
1790425366,s5-vmess-ws,57747,24,1016,1016,195.8,678.8,953.1,0.0,-,0,0,0.000
1790425366,s6-trojan-grpc,62515,25,1128,1128,158.1,684.8,914.8,0.0,-,0,0,0.000
1790425366,s7-ss-tcp,65625,48,1163,1163,140.2,633.8,901.5,0.0,-,0,0,0.000
1790425366,s8-tuic,63856,31,1115,1115,161.5,695.6,911.4,0.0,-,0,0,0.000
1790425366,s9-anytls,48036,15,1023,1023,190.0,671.9,927.8,0.0,-,0,0,0.000
1790425366,s10-vless-xhttp,53158,17,1046,1046,179.7,702.3,919.5,0.0,-,0,0,0.000
1790425366,s11-http-proxy,53685,31,960,960,214.0,795.4,975.0,0.0,-,0,0,0.000
1790425366,s12-vmess-h3,55835,15,985,985,205.6,767.9,970.4,0.0,-,0,0,0.000
1790425366,__proc__,0,0,0,0,-,-,-,1201.6,28198,38427,1664921,3074.165
1790425396,s1-short,58373,37,1040,1040,193.2,671.6,945.1,0.0,-,0,0,0.000
1790425396,s2-long,7,4,0,0,36.5,112.7,112.7,0.0,-,0,0,0.000
1790425396,s3-quic,149444,0,442914,442914,3.1,83.0,473.4,0.0,-,0,0,0.000
1790425396,s4-mixed-kcp,20513,1,4385235,4385235,250.7,1567.2,2182.9,0.0,-,0,0,0.000
1790425396,s5-vmess-ws,58243,24,1042,1042,196.4,677.7,953.1,0.0,-,0,0,0.000
1790425396,s6-trojan-grpc,63060,25,1144,1144,158.3,653.3,907.3,0.0,-,0,0,0.000
1790425396,s7-ss-tcp,66196,48,1199,1199,143.8,638.3,899.1,0.0,-,0,0,0.000
1790425396,s8-tuic,64413,31,1170,1170,158.7,654.6,904.7,0.0,-,0,0,0.000
1790425396,s9-anytls,48543,15,1065,1065,189.8,663.5,918.0,0.0,-,0,0,0.000
1790425396,s10-vless-xhttp,53674,17,1084,1084,176.7,669.2,917.2,0.0,-,0,0,0.000
1790425396,s11-http-proxy,54165,31,1008,1008,212.4,780.4,965.8,0.0,-,0,0,0.000
1790425396,s12-vmess-h3,56323,15,1025,1025,206.1,752.2,964.6,0.0,-,0,0,0.000
1790425396,__proc__,0,0,0,0,-,-,-,1198.8,28477,38951,1684186,3100.791
1790425426,s1-short,58878,37,1060,1060,192.1,672.3,948.4,0.0,-,0,0,0.000
1790425426,s2-long,7,4,0,0,36.5,112.7,112.7,0.0,-,0,0,0.000
1790425426,s3-quic,150897,0,396766,396766,3.1,81.0,457.3,0.0,-,0,0,0.000
1790425426,s4-mixed-kcp,20703,1,4236893,4236893,250.3,1547.4,2177.9,0.0,-,0,0,0.000
1790425426,s5-vmess-ws,58743,24,1050,1050,196.2,687.4,935.7,0.0,-,0,0,0.000
1790425426,s6-trojan-grpc,63614,25,1163,1163,160.8,642.5,913.5,0.0,-,0,0,0.000
1790425426,s7-ss-tcp,66757,48,1178,1178,145.2,652.9,905.4,0.0,-,0,0,0.000
1790425426,s8-tuic,64967,31,1163,1163,160.1,630.2,911.1,0.0,-,0,0,0.000
1790425426,s9-anytls,49049,15,1063,1063,189.8,646.1,929.2,0.0,-,0,0,0.000
1790425426,s10-vless-xhttp,54193,17,1090,1090,178.3,658.2,918.0,0.0,-,0,0,0.000
1790425426,s11-http-proxy,54639,31,995,995,210.8,770.4,952.4,0.0,-,0,0,0.000
1790425426,s12-vmess-h3,56807,15,1016,1016,204.2,744.6,949.6,0.0,-,0,0,0.000
1790425426,__proc__,0,0,0,0,-,-,-,1213.3,28251,38608,1701195,3126.768
1790425456,s1-short,59380,37,1054,1054,193.0,722.8,952.6,0.0,-,0,0,0.000
1790425456,s2-long,7,4,0,0,36.5,112.7,112.7,0.0,-,0,0,0.000
1790425456,s3-quic,152386,0,406596,406596,3.1,82.2,459.3,0.0,-,0,0,0.000
1790425456,s4-mixed-kcp,20893,1,4210729,4210729,248.6,1561.5,2172.6,0.0,-,0,0,0.000
1790425456,s5-vmess-ws,59243,24,1050,1050,195.8,721.6,944.8,0.0,-,0,0,0.000
1790425456,s6-trojan-grpc,64171,25,1170,1170,160.6,608.9,901.5,0.0,-,0,0,0.000
1790425456,s7-ss-tcp,67337,48,1218,1218,143.8,619.1,894.7,0.0,-,0,0,0.000
1790425456,s8-tuic,65518,31,1157,1157,159.5,619.3,905.0,0.0,-,0,0,0.000
1790425456,s9-anytls,49553,15,1058,1058,189.6,670.7,926.5,0.0,-,0,0,0.000
1790425456,s10-vless-xhttp,54716,17,1098,1098,174.8,619.3,913.4,0.0,-,0,0,0.000
1790425456,s11-http-proxy,55119,31,1008,1008,209.0,775.0,955.4,0.0,-,0,0,0.000
1790425456,s12-vmess-h3,57302,15,1040,1040,203.6,762.6,962.1,0.0,-,0,0,0.000
1790425456,__proc__,0,0,0,0,-,-,-,1221.4,28463,39083,1718333,3153.738
1790425486,s1-short,59884,37,1058,1058,194.0,645.9,922.1,0.0,-,0,0,0.000
1790425486,s2-long,7,4,0,0,36.5,112.7,112.7,0.0,-,0,0,0.000
1790425486,s3-quic,153801,0,386389,386389,3.1,79.1,457.4,0.0,-,0,0,0.000
1790425486,s4-mixed-kcp,21084,1,3973136,3973136,248.8,1556.9,2182.9,0.0,-,0,0,0.000
1790425486,s5-vmess-ws,59748,24,1060,1060,195.9,664.4,912.5,0.0,-,0,0,0.000
1790425486,s6-trojan-grpc,64717,25,1147,1147,160.7,594.5,897.3,0.0,-,0,0,0.000
1790425486,s7-ss-tcp,67905,48,1193,1193,143.1,594.0,889.2,0.0,-,0,0,0.000
1790425486,s8-tuic,66076,31,1172,1172,156.3,594.9,902.3,0.0,-,0,0,0.000
1790425486,s9-anytls,50060,15,1065,1065,191.6,630.0,904.0,0.0,-,0,0,0.000
1790425486,s10-vless-xhttp,55237,17,1094,1094,173.1,601.5,908.3,0.0,-,0,0,0.000
1790425486,s11-http-proxy,55583,31,974,974,208.6,750.0,940.4,0.0,-,0,0,0.000
1790425486,s12-vmess-h3,57795,15,1035,1035,204.2,700.7,936.1,0.0,-,0,0,0.000
1790425486,__proc__,0,0,0,0,-,-,-,1241.2,28256,38810,1733618,3180.817
1790425516,s1-short,60361,37,1002,1002,200.7,672.3,920.4,0.0,-,0,0,0.000
1790425516,s2-long,7,4,0,0,36.5,112.7,112.7,0.0,-,0,0,0.000
1790425516,s3-quic,155240,0,392943,392943,3.1,78.3,482.4,0.0,-,0,0,0.000
1790425516,s4-mixed-kcp,21263,1,3828832,3828832,249.5,1563.7,2177.9,0.0,-,0,0,0.000
1790425516,s5-vmess-ws,60230,24,1012,1012,198.6,652.1,907.4,0.0,-,0,0,0.000
1790425516,s6-trojan-grpc,65240,25,1098,1098,159.2,604.7,897.3,0.0,-,0,0,0.000
1790425516,s7-ss-tcp,68446,48,1136,1136,143.6,610.2,886.8,0.0,-,0,0,0.000
1790425516,s8-tuic,66600,31,1100,1100,155.2,602.8,900.9,0.0,-,0,0,0.000
1790425516,s9-anytls,50542,15,1012,1012,194.4,663.5,910.1,0.0,-,0,0,0.000
1790425516,s10-vless-xhttp,55720,17,1014,1014,176.9,630.5,909.4,0.0,-,0,0,0.000
1790425516,s11-http-proxy,56039,31,958,958,208.5,712.5,912.3,0.0,-,0,0,0.000
1790425516,s12-vmess-h3,58266,15,989,989,206.1,666.8,915.8,0.0,-,0,0,0.000
1790425516,__proc__,0,0,0,0,-,-,-,1215.2,28295,38657,1749607,3206.945
1790425546,s1-short,60542,37,380,380,201.2,766.9,965.5,0.0,-,0,0,0.000
1790425546,s2-long,7,4,0,0,36.5,112.7,112.7,0.0,-,0,0,0.000
1790425546,s3-quic,155316,0,20753,20753,3.2,105.2,535.6,0.0,-,0,0,0.000
1790425546,s4-mixed-kcp,21349,1,2237548,2237548,254.3,1582.3,2239.6,0.0,-,0,0,0.000
1790425546,s5-vmess-ws,60412,24,382,382,200.0,734.7,969.6,0.0,-,0,0,0.000
1790425546,s6-trojan-grpc,65444,25,428,428,166.1,691.9,922.5,0.0,-,0,0,0.000
1790425546,s7-ss-tcp,68658,48,445,445,146.7,663.9,902.7,0.0,-,0,0,0.000
1790425546,s8-tuic,66804,31,428,428,162.5,691.3,918.2,0.0,-,0,0,0.000
1790425546,s9-anytls,50727,15,388,388,199.4,748.5,963.0,0.0,-,0,0,0.000
1790425546,s10-vless-xhttp,55921,17,422,422,188.6,751.2,955.0,0.0,-,0,0,0.000
1790425546,s11-http-proxy,56200,31,338,338,218.2,826.1,1005.7,0.0,-,0,0,0.000
1790425546,s12-vmess-h3,58442,15,370,370,210.7,732.6,985.5,0.0,-,0,0,0.000
1790425546,__proc__,0,0,0,0,-,-,-,1117.1,26337,32782,1749837,3236.784
1790425576,s1-short,60962,37,882,882,194.4,783.9,993.4,0.0,-,0,0,0.000
1790425576,s2-long,7,4,0,0,36.5,112.7,112.7,0.0,-,0,0,0.000
1790425576,s3-quic,156311,0,271701,271701,3.3,118.8,563.3,0.0,-,0,0,0.000
1790425576,s4-mixed-kcp,21500,1,3350717,3350717,252.8,1590.5,2331.1,0.0,-,0,0,0.000
1790425576,s5-vmess-ws,60827,24,872,872,194.5,748.0,996.0,0.0,-,0,0,0.000
1790425576,s6-trojan-grpc,65902,25,962,962,158.4,737.2,926.1,0.0,-,0,0,0.000
1790425576,s7-ss-tcp,69125,48,981,981,143.1,689.3,922.4,0.0,-,0,0,0.000
1790425576,s8-tuic,67273,31,985,985,152.2,748.0,935.0,0.0,-,0,0,0.000
1790425576,s9-anytls,51149,15,886,886,189.5,760.6,978.0,0.0,-,0,0,0.000
1790425576,s10-vless-xhttp,56358,17,918,918,178.6,767.3,963.5,0.0,-,0,0,0.000
1790425576,s11-http-proxy,56589,31,817,817,211.4,842.4,1057.8,0.0,-,0,0,0.000
1790425576,s12-vmess-h3,58854,15,865,865,206.2,778.2,1018.8,0.0,-,0,0,0.000
1790425576,__proc__,0,0,0,0,-,-,-,1194.8,26512,35720,1760846,3264.365
1790425606,s1-short,61451,37,1027,1027,198.2,814.2,1021.9,0.0,-,0,0,0.000
1790425606,s2-long,7,4,0,0,36.5,112.7,112.7,0.0,-,0,0,0.000
1790425606,s3-quic,157810,0,409327,409327,3.2,110.2,569.1,0.0,-,0,0,0.000
1790425606,s4-mixed-kcp,21683,1,4321072,4321072,255.1,1602.5,2335.6,0.0,-,0,0,0.000
1790425606,s5-vmess-ws,61313,24,1021,1021,195.5,797.9,1038.6,0.0,-,0,0,0.000
1790425606,s6-trojan-grpc,66446,25,1142,1142,153.6,790.5,955.1,0.0,-,0,0,0.000
1790425606,s7-ss-tcp,69690,48,1186,1186,137.1,736.7,936.4,0.0,-,0,0,0.000
1790425606,s8-tuic,67831,31,1172,1172,143.6,774.9,995.9,0.0,-,0,0,0.000
1790425606,s9-anytls,51645,15,1042,1042,191.2,792.0,1025.1,0.0,-,0,0,0.000
1790425606,s10-vless-xhttp,56861,17,1056,1056,173.1,788.0,1008.4,0.0,-,0,0,0.000
1790425606,s11-http-proxy,57045,31,958,958,209.9,864.7,1244.2,0.0,-,0,0,0.000
1790425606,s12-vmess-h3,59323,15,985,985,207.4,829.9,1041.0,0.0,-,0,0,0.000
1790425606,__proc__,0,0,0,0,-,-,-,1210.8,26606,36647,1778477,3291.359
1790425636,s1-short,61983,37,1117,1117,192.5,785.5,998.7,0.0,-,0,0,0.000
1790425636,s2-long,7,4,0,0,36.5,112.7,112.7,0.0,-,0,0,0.000
1790425636,s3-quic,159381,0,428988,428988,3.1,97.5,476.8,0.0,-,0,0,0.000
1790425636,s4-mixed-kcp,21880,1,4631160,4631160,253.9,1582.3,2331.1,0.0,-,0,0,0.000
1790425636,s5-vmess-ws,61835,24,1096,1096,192.5,755.6,1032.2,0.0,-,0,0,0.000
1790425636,s6-trojan-grpc,67025,25,1216,1216,154.3,771.1,955.1,0.0,-,0,0,0.000
1790425636,s7-ss-tcp,70298,48,1277,1277,137.9,705.3,936.4,0.0,-,0,0,0.000
1790425636,s8-tuic,68409,31,1214,1214,148.8,752.4,995.9,0.0,-,0,0,0.000
1790425636,s9-anytls,52174,15,1111,1111,190.1,766.3,1025.1,0.0,-,0,0,0.000
1790425636,s10-vless-xhttp,57423,17,1180,1180,172.2,772.5,1008.4,0.0,-,0,0,0.000
1790425636,s11-http-proxy,57548,31,1056,1056,209.3,846.9,1142.9,0.0,-,0,0,0.000
1790425636,s12-vmess-h3,59834,15,1073,1073,203.7,797.0,1037.1,0.0,-,0,0,0.000
1790425636,__proc__,0,0,0,0,-,-,-,1232.0,27020,37447,1796739,3317.926
1790425666,s1-short,62584,37,1262,1262,183.0,770.4,998.7,0.0,-,0,0,0.000
1790425666,s2-long,7,4,0,0,36.5,112.7,112.7,0.0,-,0,0,0.000
1790425666,s3-quic,160872,0,407142,407142,3.1,67.6,383.5,0.0,-,0,0,0.000
1790425666,s4-mixed-kcp,22089,1,4719098,4719098,248.8,1565.1,2257.6,0.0,-,0,0,0.000
1790425666,s5-vmess-ws,62440,24,1270,1270,184.0,742.0,1032.2,0.0,-,0,0,0.000
1790425666,s6-trojan-grpc,67659,25,1331,1331,150.5,762.3,955.1,0.0,-,0,0,0.000
1790425666,s7-ss-tcp,70955,48,1380,1380,131.9,688.3,936.4,0.0,-,0,0,0.000
1790425666,s8-tuic,69051,31,1348,1348,146.1,745.9,995.9,0.0,-,0,0,0.000
1790425666,s9-anytls,52777,15,1266,1266,182.9,757.4,1025.1,0.0,-,0,0,0.000
1790425666,s10-vless-xhttp,58023,17,1260,1260,170.1,763.3,1008.4,0.0,-,0,0,0.000
1790425666,s11-http-proxy,58111,31,1182,1182,208.6,828.0,1142.9,0.0,-,0,0,0.000
1790425666,s12-vmess-h3,60421,15,1233,1233,197.6,769.8,1037.1,0.0,-,0,0,0.000
1790425666,__proc__,0,0,0,0,-,-,-,1277.7,27704,39330,1811930,3345.016
1790425696,s1-short,63160,37,1210,1210,173.2,768.8,1157.8,0.0,-,0,0,0.000
1790425696,s2-long,7,4,0,0,36.5,112.7,112.7,0.0,-,0,0,0.000
1790425696,s3-quic,162349,0,403319,403319,3.3,87.2,449.0,0.0,-,0,0,0.000
1790425696,s4-mixed-kcp,22293,1,4502015,4502015,247.9,1547.2,2287.6,0.0,-,0,0,0.000
1790425696,s5-vmess-ws,63016,24,1210,1210,173.7,741.5,1124.9,0.0,-,0,0,0.000
1790425696,s6-trojan-grpc,68285,25,1315,1315,142.5,749.0,1078.6,0.0,-,0,0,0.000
1790425696,s7-ss-tcp,71587,49,1327,1327,125.0,697.4,1006.5,0.0,-,0,0,0.000
1790425696,s8-tuic,69678,31,1317,1317,134.3,722.3,1036.4,0.0,-,0,0,0.000
1790425696,s9-anytls,53088,15,653,653,183.8,765.0,1048.4,0.0,-,0,0,0.000
1790425696,s10-vless-xhttp,58558,21,1124,1124,162.6,753.2,1064.9,0.0,-,0,0,0.000
1790425696,s11-http-proxy,58654,32,1140,1140,202.0,816.3,1409.9,0.0,-,0,0,0.000
1790425696,s12-vmess-h3,60984,17,1182,1182,181.8,748.5,1214.9,0.0,-,0,0,0.000
1790425696,__proc__,0,0,0,0,-,-,-,1288.9,27629,38853,1827443,3372.281
1790425726,s1-short,63582,38,886,886,172.7,820.7,1203.2,0.0,-,0,0,0.000
1790425726,s2-long,7,4,0,0,36.5,112.7,112.7,0.0,-,0,0,0.000
1790425726,s3-quic,163446,0,299554,299554,3.3,87.2,501.0,0.0,-,0,0,0.000
1790425726,s4-mixed-kcp,22450,1,3905287,3905287,248.2,1565.1,2331.2,0.0,-,0,0,0.000
1790425726,s5-vmess-ws,63434,27,878,878,171.9,790.0,1227.5,0.0,-,0,0,0.000
1790425726,s6-trojan-grpc,68757,28,991,991,144.8,790.7,1126.4,0.0,-,0,0,0.000
1790425726,s7-ss-tcp,72062,57,998,998,130.0,741.0,1044.2,0.0,-,0,0,0.000
1790425726,s8-tuic,70153,32,998,998,140.4,775.6,1091.2,0.0,-,0,0,0.000
1790425726,s9-anytls,53196,15,227,227,178.7,762.3,1051.2,0.0,-,0,0,0.000
1790425726,s10-vless-xhttp,58903,21,724,724,160.4,791.3,1092.6,0.0,-,0,0,0.000
1790425726,s11-http-proxy,59052,34,836,836,203.6,851.3,1600.1,0.0,-,0,0,0.000
1790425726,s12-vmess-h3,61395,17,863,863,187.8,817.7,1564.9,0.0,-,0,0,0.000
1790425726,__proc__,0,0,0,0,-,-,-,1238.9,26789,36268,1840232,3399.958
1790425756,s1-short,64082,38,1050,1050,160.6,808.8,1203.2,0.0,-,0,0,0.000
1790425756,s2-long,7,4,0,0,36.5,112.7,112.7,0.0,-,0,0,0.000
1790425756,s3-quic,165187,0,475409,475409,3.1,80.3,525.3,0.0,-,0,0,0.000
1790425756,s4-mixed-kcp,22624,1,3726556,3726556,248.2,1565.3,2287.6,0.0,-,0,0,0.000
1790425756,s5-vmess-ws,63929,27,1040,1040,162.9,786.2,1227.5,0.0,-,0,0,0.000
1790425756,s6-trojan-grpc,69307,28,1155,1155,139.2,769.3,1126.4,0.0,-,0,0,0.000
1790425756,s7-ss-tcp,72641,57,1216,1216,121.3,728.4,1021.6,0.0,-,0,0,0.000
1790425756,s8-tuic,70713,32,1176,1176,131.6,760.4,1091.2,0.0,-,0,0,0.000
1790425756,s9-anytls,53324,15,269,269,175.1,765.0,1051.2,0.0,-,0,0,0.000
1790425756,s10-vless-xhttp,59290,21,813,813,159.9,791.3,1092.6,0.0,-,0,0,0.000
1790425756,s11-http-proxy,59523,34,989,989,193.5,837.9,1600.1,0.0,-,0,0,0.000
1790425756,s12-vmess-h3,61876,17,1010,1010,175.4,814.5,1564.9,0.0,-,0,0,0.000
1790425756,__proc__,0,0,0,0,-,-,-,1350.0,26657,36817,1861581,3425.674
1790425786,s1-short,64586,38,1058,1058,155.9,754.3,1049.2,0.0,-,0,0,0.000
1790425786,s2-long,7,4,0,0,36.5,112.7,112.7,0.0,-,0,0,0.000
1790425786,s3-quic,167167,0,540672,540672,2.9,50.4,389.2,0.0,-,0,0,0.000
1790425786,s4-mixed-kcp,22806,1,3634259,3634259,247.2,1571.6,2304.0,0.0,-,0,0,0.000
1790425786,s5-vmess-ws,64441,27,1075,1075,157.7,745.7,1047.2,0.0,-,0,0,0.000
1790425786,s6-trojan-grpc,69870,28,1182,1182,136.5,719.9,1000.2,0.0,-,0,0,0.000
1790425786,s7-ss-tcp,73222,57,1220,1220,116.6,674.4,988.9,0.0,-,0,0,0.000
1790425786,s8-tuic,71276,32,1182,1182,128.9,717.1,1019.4,0.0,-,0,0,0.000
1790425786,s9-anytls,53450,15,265,265,180.0,766.3,1051.2,0.0,-,0,0,0.000
1790425786,s10-vless-xhttp,59678,21,815,815,158.9,780.5,1092.6,0.0,-,0,0,0.000
1790425786,s11-http-proxy,60013,34,1029,1029,185.0,835.7,1600.1,0.0,-,0,0,0.000
1790425786,s12-vmess-h3,62378,17,1054,1054,167.5,813.8,1564.9,0.0,-,0,0,0.000
1790425786,__proc__,0,0,0,0,-,-,-,1338.5,26468,36785,1886019,3451.175
1790425816,s1-short,65145,38,1174,1174,157.9,686.0,1006.9,0.0,-,0,0,0.000
1790425816,s2-long,7,4,0,0,36.5,112.7,112.7,0.0,-,0,0,0.000
1790425816,s3-quic,169215,0,559241,559241,2.9,50.8,371.6,0.0,-,0,0,0.000
1790425816,s4-mixed-kcp,23014,1,4535098,4535098,246.5,1564.1,2311.5,0.0,-,0,0,0.000
1790425816,s5-vmess-ws,64997,27,1168,1168,158.6,691.2,1022.6,0.0,-,0,0,0.000
1790425816,s6-trojan-grpc,70479,28,1279,1279,136.2,654.2,970.0,0.0,-,0,0,0.000
1790425816,s7-ss-tcp,73860,57,1340,1340,122.9,640.4,964.9,0.0,-,0,0,0.000
1790425816,s8-tuic,71915,32,1342,1342,129.2,668.5,993.2,0.0,-,0,0,0.000
1790425816,s9-anytls,53589,15,292,292,181.3,770.6,1051.2,0.0,-,0,0,0.000
1790425816,s10-vless-xhttp,60109,21,905,905,149.8,714.8,1020.1,0.0,-,0,0,0.000
1790425816,s11-http-proxy,60542,34,1111,1111,180.6,756.6,1123.2,0.0,-,0,0,0.000
1790425816,s12-vmess-h3,62915,17,1128,1128,169.3,743.8,1039.8,0.0,-,0,0,0.000
1790425816,__proc__,0,0,0,0,-,-,-,1323.8,26421,37309,1910988,3477.174
1790425846,s1-short,65647,38,1054,1054,171.8,708.0,1006.9,0.0,-,0,0,0.000
1790425846,s2-long,7,4,0,0,36.5,112.7,112.7,0.0,-,0,0,0.000
1790425846,s3-quic,170796,0,431718,431718,3.0,69.5,356.2,0.0,-,0,0,0.000
1790425846,s4-mixed-kcp,23200,1,4452473,4452473,247.6,1571.6,2347.3,0.0,-,0,0,0.000
1790425846,s5-vmess-ws,65498,27,1052,1052,167.8,696.4,1011.0,0.0,-,0,0,0.000
1790425846,s6-trojan-grpc,71045,28,1189,1189,137.2,668.1,977.1,0.0,-,0,0,0.000
1790425846,s7-ss-tcp,74454,57,1247,1247,117.9,646.7,965.3,0.0,-,0,0,0.000
1790425846,s8-tuic,72485,32,1197,1197,127.5,691.0,993.6,0.0,-,0,0,0.000
1790425846,s9-anytls,53716,15,267,267,174.5,761.0,1051.2,0.0,-,0,0,0.000
1790425846,s10-vless-xhttp,60507,21,836,836,154.7,698.1,996.4,0.0,-,0,0,0.000
1790425846,s11-http-proxy,61019,34,1002,1002,178.6,711.9,1033.5,0.0,-,0,0,0.000
1790425846,s12-vmess-h3,63408,17,1035,1035,173.7,709.4,1018.8,0.0,-,0,0,0.000
1790425846,__proc__,0,0,0,0,-,-,-,1279.2,27835,38297,1928943,3504.503
1790425876,s1-short,66297,38,1365,1365,152.8,701.7,1006.9,0.0,-,0,0,0.000
1790425876,s2-long,7,4,0,0,36.5,112.7,112.7,0.0,-,0,0,0.000
1790425876,s3-quic,172998,0,601293,601293,3.2,66.1,345.2,0.0,-,0,0,0.000
1790425876,s4-mixed-kcp,23419,1,4692160,4692160,241.6,1563.4,2335.6,0.0,-,0,0,0.000
1790425876,s5-vmess-ws,66148,27,1365,1365,152.8,691.2,1011.0,0.0,-,0,0,0.000
1790425876,s6-trojan-grpc,71752,28,1485,1485,124.1,633.6,977.1,0.0,-,0,0,0.000
1790425876,s7-ss-tcp,75195,57,1556,1556,112.4,598.6,965.3,0.0,-,0,0,0.000
1790425876,s8-tuic,73212,32,1527,1527,115.7,648.7,993.6,0.0,-,0,0,0.000
1790425876,s9-anytls,53882,15,349,349,171.0,761.0,1051.2,0.0,-,0,0,0.000
1790425876,s10-vless-xhttp,61011,21,1058,1058,151.7,652.4,967.7,0.0,-,0,0,0.000
1790425876,s11-http-proxy,61647,34,1319,1319,162.1,703.7,1033.5,0.0,-,0,0,0.000
1790425876,s12-vmess-h3,64049,17,1346,1346,154.5,701.3,1018.8,0.0,-,0,0,0.000
1790425876,__proc__,0,0,0,0,-,-,-,1321.6,28909,41354,1955900,3529.617
1790425906,s1-short,66810,38,1077,1077,156.6,703.6,1011.6,0.0,-,0,0,0.000
1790425906,s2-long,7,4,0,0,36.5,112.7,112.7,0.0,-,0,0,0.000
1790425906,s3-quic,174486,0,406323,406323,3.3,69.8,350.2,0.0,-,0,0,0.000
1790425906,s4-mixed-kcp,23602,1,4307056,4307056,242.0,1563.4,2311.5,0.0,-,0,0,0.000
1790425906,s5-vmess-ws,66651,27,1056,1056,155.2,692.1,1013.0,0.0,-,0,0,0.000
1790425906,s6-trojan-grpc,72308,28,1168,1168,126.8,653.3,955.6,0.0,-,0,0,0.000
1790425906,s7-ss-tcp,75773,57,1214,1214,111.2,618.1,929.1,0.0,-,0,0,0.000
1790425906,s8-tuic,73766,32,1163,1163,120.6,679.4,990.3,0.0,-,0,0,0.000
1790425906,s9-anytls,54011,15,271,271,174.9,775.3,1051.2,0.0,-,0,0,0.000
1790425906,s10-vless-xhttp,61403,21,823,823,149.0,689.2,977.8,0.0,-,0,0,0.000
1790425906,s11-http-proxy,62127,34,1008,1008,168.9,730.8,1033.9,0.0,-,0,0,0.000
1790425906,s12-vmess-h3,64542,17,1035,1035,159.1,701.3,1018.8,0.0,-,0,0,0.000
1790425906,__proc__,0,0,0,0,-,-,-,1309.6,28291,38964,1973045,3556.239
1790425936,s1-short,67264,38,953,953,167.0,709.1,995.8,0.0,-,0,0,0.000
1790425936,s2-long,7,4,0,0,36.5,112.7,112.7,0.0,-,0,0,0.000
1790425936,s3-quic,175860,0,375194,375194,3.3,81.9,404.4,0.0,-,0,0,0.000
1790425936,s4-mixed-kcp,23776,1,4055995,4055995,241.6,1564.1,2331.1,0.0,-,0,0,0.000
1790425936,s5-vmess-ws,67107,27,958,958,161.8,708.1,993.8,0.0,-,0,0,0.000
1790425936,s6-trojan-grpc,72800,28,1033,1033,128.8,633.6,850.4,0.0,-,0,0,0.000
1790425936,s7-ss-tcp,76289,57,1084,1084,121.3,629.6,848.3,0.0,-,0,0,0.000
1790425936,s8-tuic,74261,32,1040,1040,126.9,648.2,900.0,0.0,-,0,0,0.000
1790425936,s9-anytls,54124,15,237,237,173.0,777.3,1051.2,0.0,-,0,0,0.000
1790425936,s10-vless-xhttp,61761,21,752,752,153.7,706.5,977.8,0.0,-,0,0,0.000
1790425936,s11-http-proxy,62571,34,932,932,176.4,725.2,1008.5,0.0,-,0,0,0.000
1790425936,s12-vmess-h3,64999,17,960,960,169.8,710.0,1008.3,0.0,-,0,0,0.000
1790425936,__proc__,0,0,0,0,-,-,-,1302.7,27405,37486,1989131,3581.932
1790425966,s1-short,67801,38,1128,1128,164.0,695.1,916.3,0.0,-,0,0,0.000
1790425966,s2-long,7,4,0,0,36.5,112.7,112.7,0.0,-,0,0,0.000
1790425966,s3-quic,177637,0,485239,485239,3.2,68.1,430.1,0.0,-,0,0,0.000
1790425966,s4-mixed-kcp,23972,1,4074770,4074770,239.0,1561.5,2331.1,0.0,-,0,0,0.000
1790425966,s5-vmess-ws,67651,27,1142,1142,160.2,688.0,905.5,0.0,-,0,0,0.000
1790425966,s6-trojan-grpc,73401,28,1262,1262,128.4,626.3,852.7,0.0,-,0,0,0.000
1790425966,s7-ss-tcp,76901,57,1285,1285,114.1,587.0,822.3,0.0,-,0,0,0.000
1790425966,s8-tuic,74872,32,1283,1283,122.9,621.8,849.8,0.0,-,0,0,0.000
1790425966,s9-anytls,54259,15,284,284,165.5,757.6,1051.2,0.0,-,0,0,0.000
1790425966,s10-vless-xhttp,62189,21,899,899,144.7,695.0,977.8,0.0,-,0,0,0.000
1790425966,s11-http-proxy,63075,34,1058,1058,165.6,700.3,913.3,0.0,-,0,0,0.000
1790425966,s12-vmess-h3,65532,17,1119,1119,163.1,684.5,925.0,0.0,-,0,0,0.000
1790425966,__proc__,0,0,0,0,-,-,-,1304.8,27100,37981,2010183,3608.865
1790425996,s1-short,68394,38,1245,1245,154.6,670.4,873.9,0.0,-,0,0,0.000
1790425996,s2-long,7,4,0,0,36.5,112.7,112.7,0.0,-,0,0,0.000
1790425996,s3-quic,179509,0,511181,511181,3.2,65.3,379.6,0.0,-,0,0,0.000
1790425996,s4-mixed-kcp,24181,1,4618761,4618761,237.0,1546.7,2331.1,0.0,-,0,0,0.000
1790425996,s5-vmess-ws,68227,27,1210,1210,153.4,646.2,873.2,0.0,-,0,0,0.000
1790425996,s6-trojan-grpc,74046,28,1354,1354,128.9,609.1,845.8,0.0,-,0,0,0.000
1790425996,s7-ss-tcp,77577,57,1420,1420,114.0,598.3,833.3,0.0,-,0,0,0.000
1790425996,s8-tuic,75518,32,1357,1357,125.3,616.2,854.7,0.0,-,0,0,0.000
1790425996,s9-anytls,54746,21,1023,1023,154.4,727.8,1004.3,0.0,-,0,0,0.000
1790425996,s10-vless-xhttp,62695,22,1063,1063,146.7,685.0,941.5,0.0,-,0,0,0.000
1790425996,s11-http-proxy,63620,34,1144,1144,171.1,673.4,913.3,0.0,-,0,0,0.000
1790425996,s12-vmess-h3,66099,17,1191,1191,159.5,653.1,874.0,0.0,-,0,0,0.000
1790425996,__proc__,0,0,0,0,-,-,-,1302.8,27177,38342,2032089,3634.807
1790426026,s1-short,68800,38,853,853,174.4,689.5,890.5,0.0,-,0,0,0.000
1790426026,s2-long,7,4,0,0,36.5,112.7,112.7,0.0,-,0,0,0.000
1790426026,s3-quic,180295,0,214630,214630,3.2,87.6,477.0,0.0,-,0,0,0.000
1790426026,s4-mixed-kcp,24342,1,3956183,3956183,239.9,1561.5,2394.5,0.0,-,0,0,0.000
1790426026,s5-vmess-ws,68629,27,844,844,169.2,681.6,896.0,0.0,-,0,0,0.000
1790426026,s6-trojan-grpc,74490,28,932,932,137.6,651.2,851.5,0.0,-,0,0,0.000
1790426026,s7-ss-tcp,78040,57,972,972,130.9,655.8,848.3,0.0,-,0,0,0.000
1790426026,s8-tuic,75962,32,932,932,134.3,668.5,869.5,0.0,-,0,0,0.000
1790426026,s9-anytls,55150,21,848,848,175.7,723.5,963.2,0.0,-,0,0,0.000
1790426026,s10-vless-xhttp,63104,23,859,859,160.9,685.0,874.6,0.0,-,0,0,0.000
1790426026,s11-http-proxy,64002,34,802,802,181.3,686.0,901.3,0.0,-,0,0,0.000
1790426026,s12-vmess-h3,66484,17,808,808,174.0,693.0,911.7,0.0,-,0,0,0.000
1790426026,__proc__,0,0,0,0,-,-,-,1269.8,27027,36189,2040300,3663.038
1790426056,s1-short,69325,38,1102,1102,174.1,694.2,914.3,0.0,-,0,0,0.000
1790426056,s2-long,7,4,0,0,36.5,112.7,112.7,0.0,-,0,0,0.000
1790426056,s3-quic,181989,0,462575,462575,3.2,83.7,437.4,0.0,-,0,0,0.000
1790426056,s4-mixed-kcp,24528,1,4176308,4176308,239.0,1563.4,2398.6,0.0,-,0,0,0.000
1790426056,s5-vmess-ws,69151,27,1096,1096,168.4,684.9,919.1,0.0,-,0,0,0.000
1790426056,s6-trojan-grpc,75056,28,1189,1189,136.8,636.2,841.9,0.0,-,0,0,0.000
1790426056,s7-ss-tcp,78624,57,1226,1226,121.2,644.3,837.6,0.0,-,0,0,0.000
1790426056,s8-tuic,76532,32,1197,1197,131.4,644.7,857.9,0.0,-,0,0,0.000
1790426056,s9-anytls,55679,21,1111,1111,169.4,672.6,875.6,0.0,-,0,0,0.000
1790426056,s10-vless-xhttp,63639,23,1124,1124,154.4,644.3,870.3,0.0,-,0,0,0.000
1790426056,s11-http-proxy,64490,34,1025,1025,176.6,680.4,924.3,0.0,-,0,0,0.000
1790426056,s12-vmess-h3,66996,17,1075,1075,171.1,681.9,917.0,0.0,-,0,0,0.000
1790426056,__proc__,0,0,0,0,-,-,-,1266.4,27525,38375,2060592,3688.996
1790426086,s1-short,69850,38,1102,1102,169.3,684.9,859.8,0.0,-,0,0,0.000
1790426086,s2-long,7,4,0,0,36.5,112.7,112.7,0.0,-,0,0,0.000
1790426086,s3-quic,183477,0,406323,406323,3.3,106.3,467.3,0.0,-,0,0,0.000
1790426086,s4-mixed-kcp,24729,1,4512211,4512211,237.3,1571.6,2398.6,0.0,-,0,0,0.000
1790426086,s5-vmess-ws,69671,27,1092,1092,165.8,677.3,870.7,0.0,-,0,0,0.000
1790426086,s6-trojan-grpc,75645,28,1237,1237,148.0,647.6,841.9,0.0,-,0,0,0.000
1790426086,s7-ss-tcp,79239,57,1292,1292,134.7,652.0,837.6,0.0,-,0,0,0.000
1790426086,s8-tuic,77124,32,1243,1243,146.9,655.2,857.9,0.0,-,0,0,0.000
1790426086,s9-anytls,56204,21,1102,1102,168.7,671.3,885.4,0.0,-,0,0,0.000
1790426086,s10-vless-xhttp,64195,23,1168,1168,157.2,637.5,870.3,0.0,-,0,0,0.000
1790426086,s11-http-proxy,64989,34,1048,1048,186.1,692.2,937.4,0.0,-,0,0,0.000
1790426086,s12-vmess-h3,67504,17,1067,1067,169.7,665.3,866.0,0.0,-,0,0,0.000
1790426086,__proc__,0,0,0,0,-,-,-,1264.1,28035,38804,2078247,3716.438
1790426116,s1-short,70348,38,1046,1046,181.1,702.3,910.0,0.0,-,0,0,0.000
1790426116,s2-long,7,4,0,0,36.5,112.7,112.7,0.0,-,0,0,0.000
1790426116,s3-quic,184802,0,361813,361813,3.2,87.8,412.8,0.0,-,0,0,0.000
1790426116,s4-mixed-kcp,24904,1,4269006,4269006,239.2,1571.6,2414.2,0.0,-,0,0,0.000
1790426116,s5-vmess-ws,70165,27,1037,1037,181.7,700.6,923.5,0.0,-,0,0,0.000
1790426116,s6-trojan-grpc,76195,28,1155,1155,139.8,647.1,862.7,0.0,-,0,0,0.000
1790426116,s7-ss-tcp,79805,57,1189,1189,128.4,632.6,843.2,0.0,-,0,0,0.000
1790426116,s8-tuic,77664,32,1134,1134,137.5,650.5,863.9,0.0,-,0,0,0.000
1790426116,s9-anytls,56706,21,1054,1054,173.3,704.8,927.9,0.0,-,0,0,0.000
1790426116,s10-vless-xhttp,64710,23,1082,1082,155.2,658.3,879.4,0.0,-,0,0,0.000
1790426116,s11-http-proxy,65453,34,974,974,192.8,713.1,941.5,0.0,-,0,0,0.000
1790426116,s12-vmess-h3,67983,17,1006,1006,185.5,700.5,922.5,0.0,-,0,0,0.000
1790426116,__proc__,0,0,0,0,-,-,-,1261.6,28271,38638,2093915,3743.012
1790426146,s1-short,70760,38,865,865,179.9,698.1,903.7,0.0,-,0,0,0.000
1790426146,s2-long,7,4,0,0,36.5,112.7,112.7,0.0,-,0,0,0.000
1790426146,s3-quic,185728,0,252860,252860,3.3,108.6,507.4,0.0,-,0,0,0.000
1790426146,s4-mixed-kcp,25066,1,3843712,3843712,241.0,1588.9,2394.5,0.0,-,0,0,0.000
1790426146,s5-vmess-ws,70570,27,850,850,178.1,699.8,911.2,0.0,-,0,0,0.000
1790426146,s6-trojan-grpc,76649,28,953,953,152.6,660.2,879.6,0.0,-,0,0,0.000
1790426146,s7-ss-tcp,80281,57,1000,1000,134.9,627.9,867.5,0.0,-,0,0,0.000
1790426146,s8-tuic,78111,32,939,939,151.4,668.8,880.2,0.0,-,0,0,0.000
1790426146,s9-anytls,57115,21,859,859,178.5,696.7,934.0,0.0,-,0,0,0.000
1790426146,s10-vless-xhttp,65135,23,892,892,171.0,690.1,915.6,0.0,-,0,0,0.000
1790426146,s11-http-proxy,65832,34,796,796,206.1,730.3,952.0,0.0,-,0,0,0.000
1790426146,s12-vmess-h3,68379,17,832,832,191.3,699.7,917.2,0.0,-,0,0,0.000
1790426146,__proc__,0,0,0,0,-,-,-,1243.5,27843,37115,2103323,3771.207
1790426176,s1-short,71330,38,1197,1197,181.3,678.5,903.7,0.0,-,0,0,0.000
1790426176,s2-long,7,4,0,0,36.5,112.7,112.7,0.0,-,0,0,0.000
1790426176,s3-quic,187470,0,475682,475682,3.2,97.2,471.0,0.0,-,0,0,0.000
1790426176,s4-mixed-kcp,25282,1,4880720,4880720,233.6,1573.8,2311.5,0.0,-,0,0,0.000
1790426176,s5-vmess-ws,71127,27,1170,1170,181.4,677.0,911.2,0.0,-,0,0,0.000
1790426176,s6-trojan-grpc,77279,28,1323,1323,153.1,634.7,879.6,0.0,-,0,0,0.000
1790426176,s7-ss-tcp,80931,57,1365,1365,137.8,617.1,867.5,0.0,-,0,0,0.000
1790426176,s8-tuic,78754,32,1350,1350,150.8,643.0,880.2,0.0,-,0,0,0.000
1790426176,s9-anytls,57680,21,1186,1186,177.1,668.8,916.1,0.0,-,0,0,0.000
1790426176,s10-vless-xhttp,65732,23,1254,1254,171.6,644.2,884.8,0.0,-,0,0,0.000
1790426176,s11-http-proxy,66376,34,1142,1142,205.6,711.5,939.5,0.0,-,0,0,0.000
1790426176,s12-vmess-h3,68925,17,1147,1147,194.6,685.5,917.2,0.0,-,0,0,0.000
1790426176,__proc__,0,0,0,0,-,-,-,1253.7,28022,39158,2123757,3796.135
1790426206,s1-short,71823,38,1035,1035,188.3,694.4,908.5,0.0,-,0,0,0.000
1790426206,s2-long,7,4,0,0,36.5,112.7,112.7,0.0,-,0,0,0.000
1790426206,s3-quic,188843,0,374921,374921,3.2,93.7,473.4,0.0,-,0,0,0.000
1790426206,s4-mixed-kcp,25465,1,4150466,4150466,229.1,1541.1,2163.3,0.0,-,0,0,0.000
1790426206,s5-vmess-ws,71619,27,1033,1033,185.7,691.1,923.5,0.0,-,0,0,0.000
1790426206,s6-trojan-grpc,77823,28,1142,1142,147.6,620.3,902.5,0.0,-,0,0,0.000
1790426206,s7-ss-tcp,81504,57,1203,1203,141.5,608.2,883.3,0.0,-,0,0,0.000
1790426206,s8-tuic,79296,32,1138,1138,147.4,627.2,900.3,0.0,-,0,0,0.000
1790426206,s9-anytls,58186,21,1063,1063,176.8,662.4,913.2,0.0,-,0,0,0.000
1790426206,s10-vless-xhttp,66248,23,1084,1084,173.3,657.3,918.8,0.0,-,0,0,0.000
1790426206,s11-http-proxy,66848,34,991,991,198.0,701.2,941.0,0.0,-,0,0,0.000
1790426206,s12-vmess-h3,69401,17,1000,1000,193.7,707.6,917.2,0.0,-,0,0,0.000
1790426206,__proc__,0,0,0,0,-,-,-,1252.0,28466,38897,2139023,3823.175
1790426236,s1-short,72283,38,966,966,195.4,678.5,924.0,0.0,-,0,0,0.000
1790426236,s2-long,7,4,0,0,36.5,112.7,112.7,0.0,-,0,0,0.000
1790426236,s3-quic,190049,0,329318,329318,3.2,90.1,449.1,0.0,-,0,0,0.000
1790426236,s4-mixed-kcp,25637,1,3748090,3748090,228.8,1529.9,2143.5,0.0,-,0,0,0.000
1790426236,s5-vmess-ws,72079,27,966,966,190.6,684.0,945.4,0.0,-,0,0,0.000
1790426236,s6-trojan-grpc,78332,28,1069,1069,156.9,628.2,919.6,0.0,-,0,0,0.000
1790426236,s7-ss-tcp,82026,57,1096,1096,136.8,584.8,883.3,0.0,-,0,0,0.000
1790426236,s8-tuic,79802,32,1063,1063,155.1,639.2,923.9,0.0,-,0,0,0.000
1790426236,s9-anytls,58656,21,987,987,191.8,679.6,923.4,0.0,-,0,0,0.000
1790426236,s10-vless-xhttp,66724,23,1000,1000,187.0,662.0,928.0,0.0,-,0,0,0.000
1790426236,s11-http-proxy,67288,34,924,924,203.3,690.7,949.0,0.0,-,0,0,0.000
1790426236,s12-vmess-h3,69850,17,943,943,196.4,690.5,928.5,0.0,-,0,0,0.000
1790426236,__proc__,0,0,0,0,-,-,-,1236.6,28565,38751,2152577,3848.921
1790426266,s1-short,72753,38,987,987,195.1,670.5,924.0,0.0,-,0,0,0.000
1790426266,s2-long,7,4,0,0,36.5,112.7,112.7,0.0,-,0,0,0.000
1790426266,s3-quic,191520,0,401681,401681,3.2,103.0,475.9,0.0,-,0,0,0.000
1790426266,s4-mixed-kcp,25815,1,3900467,3900467,231.6,1563.4,2146.0,0.0,-,0,0,0.000
1790426266,s5-vmess-ws,72549,27,987,987,191.3,693.4,945.4,0.0,-,0,0,0.000
1790426266,s6-trojan-grpc,78849,28,1086,1086,157.9,625.2,910.0,0.0,-,0,0,0.000
1790426266,s7-ss-tcp,82568,57,1138,1138,144.9,621.5,883.3,0.0,-,0,0,0.000
1790426266,s8-tuic,80322,32,1092,1092,157.6,636.6,910.3,0.0,-,0,0,0.000
1790426266,s9-anytls,59135,21,1006,1006,187.3,650.0,918.7,0.0,-,0,0,0.000
1790426266,s10-vless-xhttp,67228,23,1058,1058,173.3,643.3,925.9,0.0,-,0,0,0.000
1790426266,s11-http-proxy,67736,34,941,941,215.2,702.6,949.0,0.0,-,0,0,0.000
1790426266,s12-vmess-h3,70303,17,951,951,207.8,707.5,928.5,0.0,-,0,0,0.000
1790426266,__proc__,0,0,0,0,-,-,-,1242.1,28579,38600,2169562,3875.061
1790426296,s1-short,73298,38,1144,1144,193.7,687.5,944.2,0.0,-,0,0,0.000
1790426296,s2-long,7,4,0,0,36.5,112.7,112.7,0.0,-,0,0,0.000
1790426296,s3-quic,193202,0,459298,459298,3.1,90.1,444.5,0.0,-,0,0,0.000
1790426296,s4-mixed-kcp,26014,1,4177591,4177591,227.4,1571.3,2155.6,0.0,-,0,0,0.000
1790426296,s5-vmess-ws,73092,27,1140,1140,189.2,694.1,958.2,0.0,-,0,0,0.000
1790426296,s6-trojan-grpc,79461,28,1285,1285,148.0,629.5,930.8,0.0,-,0,0,0.000
1790426296,s7-ss-tcp,83190,57,1306,1306,139.3,638.5,901.1,0.0,-,0,0,0.000
1790426296,s8-tuic,80927,32,1270,1270,147.1,651.0,925.9,0.0,-,0,0,0.000
1790426296,s9-anytls,59691,21,1168,1168,184.7,682.9,943.3,0.0,-,0,0,0.000
1790426296,s10-vless-xhttp,67802,23,1205,1205,166.7,653.6,928.2,0.0,-,0,0,0.000
1790426296,s11-http-proxy,68248,34,1075,1075,201.9,718.5,975.3,0.0,-,0,0,0.000
1790426296,s12-vmess-h3,70830,17,1107,1107,199.4,697.9,949.7,0.0,-,0,0,0.000
1790426296,__proc__,0,0,0,0,-,-,-,1252.1,28617,39688,2188979,3900.689
1790426326,s1-short,73725,38,897,897,190.5,744.0,969.3,0.0,-,0,0,0.000
1790426326,s2-long,7,4,0,0,36.5,112.7,112.7,0.0,-,0,0,0.000
1790426326,s3-quic,194183,0,267878,267878,3.2,91.5,481.0,0.0,-,0,0,0.000
1790426326,s4-mixed-kcp,26175,1,3851316,3851316,231.4,1605.2,2163.3,0.0,-,0,0,0.000
1790426326,s5-vmess-ws,73513,27,884,884,184.4,753.9,972.9,0.0,-,0,0,0.000
1790426326,s6-trojan-grpc,79924,28,972,972,143.8,665.3,927.5,0.0,-,0,0,0.000
1790426326,s7-ss-tcp,83679,57,1027,1027,130.0,670.6,910.8,0.0,-,0,0,0.000
1790426326,s8-tuic,81403,32,1000,1000,138.5,689.9,935.1,0.0,-,0,0,0.000
1790426326,s9-anytls,60126,21,914,914,184.6,742.4,966.7,0.0,-,0,0,0.000
1790426326,s10-vless-xhttp,68240,23,920,920,172.4,734.1,957.7,0.0,-,0,0,0.000
1790426326,s11-http-proxy,68639,34,821,821,200.3,783.9,987.5,0.0,-,0,0,0.000
1790426326,s12-vmess-h3,71235,17,850,850,191.8,763.9,983.6,0.0,-,0,0,0.000
1790426326,__proc__,0,0,0,0,-,-,-,1237.2,28646,38380,2200035,3929.662
1790426356,s1-short,74042,38,666,666,191.7,733.8,985.2,0.0,-,0,0,0.000
1790426356,s2-long,7,4,0,0,36.5,112.7,112.7,0.0,-,0,0,0.000
1790426356,s3-quic,194795,0,167117,167117,3.2,114.9,541.4,0.0,-,0,0,0.000
1790426356,s4-mixed-kcp,26299,1,2996450,2996450,232.9,1620.7,2174.1,0.0,-,0,0,0.000
1790426356,s5-vmess-ws,73829,27,664,664,188.2,764.6,997.7,0.0,-,0,0,0.000
1790426356,s6-trojan-grpc,80272,28,731,731,156.2,697.9,954.4,0.0,-,0,0,0.000
1790426356,s7-ss-tcp,84042,57,762,762,147.5,704.4,940.9,0.0,-,0,0,0.000
1790426356,s8-tuic,81757,32,743,743,152.6,722.7,964.7,0.0,-,0,0,0.000
1790426356,s9-anytls,60449,21,678,678,180.1,726.7,978.9,0.0,-,0,0,0.000
1790426356,s10-vless-xhttp,68585,23,724,724,171.3,731.5,957.7,0.0,-,0,0,0.000
1790426356,s11-http-proxy,68927,34,605,605,215.4,815.7,1015.9,0.0,-,0,0,0.000
1790426356,s12-vmess-h3,71533,17,626,626,206.9,787.3,1007.2,0.0,-,0,0,0.000
1790426356,__proc__,0,0,0,0,-,-,-,1224.2,27380,35476,2206136,3957.477
1790426386,s1-short,74519,38,1002,1002,191.5,773.9,1003.5,0.0,-,0,0,0.000
1790426386,s2-long,7,4,0,0,36.5,112.7,112.7,0.0,-,0,0,0.000
1790426386,s3-quic,195970,0,320853,320853,3.3,96.1,554.6,0.0,-,0,0,0.000
1790426386,s4-mixed-kcp,26474,1,3603482,3603482,232.8,1606.5,2168.4,0.0,-,0,0,0.000
1790426386,s5-vmess-ws,74304,27,998,998,186.5,792.9,997.7,0.0,-,0,0,0.000
1790426386,s6-trojan-grpc,80794,28,1096,1096,144.8,721.4,963.7,0.0,-,0,0,0.000
1790426386,s7-ss-tcp,84582,57,1134,1134,136.0,713.7,947.1,0.0,-,0,0,0.000
1790426386,s8-tuic,82283,32,1105,1105,135.5,746.0,973.5,0.0,-,0,0,0.000
1790426386,s9-anytls,60931,21,1012,1012,181.9,773.0,990.7,0.0,-,0,0,0.000
1790426386,s10-vless-xhttp,69074,23,1027,1027,171.6,772.3,985.8,0.0,-,0,0,0.000
1790426386,s11-http-proxy,69363,34,916,916,199.9,849.4,1096.6,0.0,-,0,0,0.000
1790426386,s12-vmess-h3,71986,17,951,951,195.1,813.9,1036.4,0.0,-,0,0,0.000
1790426386,__proc__,0,0,0,0,-,-,-,1159.4,27192,37234,2219683,3984.833
1790426416,s1-short,74833,38,659,659,194.6,771.1,1036.3,0.0,-,0,0,0.000
1790426416,s2-long,7,4,0,0,36.5,112.7,112.7,0.0,-,0,0,0.000
1790426416,s3-quic,196286,0,86289,86289,3.3,146.1,580.5,0.0,-,0,0,0.000
1790426416,s4-mixed-kcp,26606,1,3522419,3522419,241.1,1659.2,2251.7,0.0,-,0,0,0.000
1790426416,s5-vmess-ws,74619,27,662,662,190.9,809.2,1033.0,0.0,-,0,0,0.000
1790426416,s6-trojan-grpc,81139,28,724,724,164.1,729.1,982.2,0.0,-,0,0,0.000
1790426416,s7-ss-tcp,84933,57,737,737,152.2,737.6,956.0,0.0,-,0,0,0.000
1790426416,s8-tuic,82624,32,716,716,159.9,775.4,994.2,0.0,-,0,0,0.000
1790426416,s9-anytls,61250,21,670,670,180.1,764.4,1024.9,0.0,-,0,0,0.000
1790426416,s10-vless-xhttp,69404,23,693,693,176.8,759.7,995.7,0.0,-,0,0,0.000
1790426416,s11-http-proxy,69645,34,592,592,221.0,865.0,1110.9,0.0,-,0,0,0.000
1790426416,s12-vmess-h3,72292,17,643,643,210.4,834.4,1056.3,0.0,-,0,0,0.000
1790426416,__proc__,0,0,0,0,-,-,-,1217.9,26243,34255,2222220,4013.277
1790426446,s1-short,75378,38,1144,1144,193.3,793.0,1036.3,0.0,-,0,0,0.000
1790426446,s2-long,7,4,0,0,36.5,112.7,112.7,0.0,-,0,0,0.000
1790426446,s3-quic,197652,0,373009,373009,3.4,146.8,580.5,0.0,-,0,0,0.000
1790426446,s4-mixed-kcp,26805,1,4398672,4398672,238.4,1605.3,2251.7,0.0,-,0,0,0.000
1790426446,s5-vmess-ws,75167,27,1151,1151,190.4,817.3,1033.0,0.0,-,0,0,0.000
1790426446,s6-trojan-grpc,81736,28,1254,1254,154.3,742.1,982.2,0.0,-,0,0,0.000
1790426446,s7-ss-tcp,85543,57,1281,1281,146.1,736.4,956.0,0.0,-,0,0,0.000
1790426446,s8-tuic,83239,32,1292,1292,147.1,770.2,994.2,0.0,-,0,0,0.000
1790426446,s9-anytls,61806,21,1168,1168,179.8,803.5,1024.9,0.0,-,0,0,0.000
1790426446,s10-vless-xhttp,69960,23,1168,1168,168.6,759.7,995.7,0.0,-,0,0,0.000
1790426446,s11-http-proxy,70157,34,1075,1075,209.6,866.0,1110.9,0.0,-,0,0,0.000
1790426446,s12-vmess-h3,72825,17,1119,1119,203.7,834.4,1056.3,0.0,-,0,0,0.000
1790426446,__proc__,0,0,0,0,-,-,-,1224.9,27157,38009,2237683,4040.193
1790426476,s1-short,75916,38,1130,1130,191.2,790.7,1036.3,0.0,-,0,0,0.000
1790426476,s2-long,7,4,0,0,36.5,112.7,112.7,0.0,-,0,0,0.000
1790426476,s3-quic,198840,0,324403,324403,3.4,144.4,539.0,0.0,-,0,0,0.000
1790426476,s4-mixed-kcp,27002,1,4477998,4477998,245.4,1605.3,2193.7,0.0,-,0,0,0.000
1790426476,s5-vmess-ws,75709,27,1138,1138,189.8,815.1,1033.0,0.0,-,0,0,0.000
1790426476,s6-trojan-grpc,82320,28,1226,1226,143.2,751.6,982.2,0.0,-,0,0,0.000
1790426476,s7-ss-tcp,86144,57,1262,1262,136.5,740.1,951.8,0.0,-,0,0,0.000
1790426476,s8-tuic,83832,32,1245,1245,135.0,775.8,989.6,0.0,-,0,0,0.000
1790426476,s9-anytls,62347,21,1136,1136,179.2,801.0,1024.9,0.0,-,0,0,0.000
1790426476,s10-vless-xhttp,70513,23,1161,1161,167.0,790.9,995.7,0.0,-,0,0,0.000
1790426476,s11-http-proxy,70642,34,1018,1018,202.4,878.3,1111.3,0.0,-,0,0,0.000
1790426476,s12-vmess-h3,73341,17,1084,1084,196.0,839.5,1063.2,0.0,-,0,0,0.000
1790426476,__proc__,0,0,0,0,-,-,-,1253.8,27088,37689,2250737,4068.198
1790426506,s1-short,76409,38,1035,1035,187.5,788.8,1036.3,0.0,-,0,0,0.000
1790426506,s2-long,7,4,0,0,36.5,112.7,112.7,0.0,-,0,0,0.000
1790426506,s3-quic,199857,0,277709,277709,3.4,162.7,499.2,0.0,-,0,0,0.000
1790426506,s4-mixed-kcp,27191,1,4404124,4404124,250.8,1615.0,2195.9,0.0,-,0,0,0.000
1790426506,s5-vmess-ws,76204,27,1040,1040,184.5,791.2,1035.5,0.0,-,0,0,0.000
1790426506,s6-trojan-grpc,82855,28,1124,1124,154.3,762.8,982.2,0.0,-,0,0,0.000
1790426506,s7-ss-tcp,86705,57,1178,1178,137.0,714.9,942.3,0.0,-,0,0,0.000
1790426506,s8-tuic,84374,32,1138,1138,141.0,779.1,991.1,0.0,-,0,0,0.000
1790426506,s9-anytls,62846,21,1048,1048,182.4,788.4,1022.9,0.0,-,0,0,0.000
1790426506,s10-vless-xhttp,71026,23,1077,1077,175.6,776.5,991.3,0.0,-,0,0,0.000
1790426506,s11-http-proxy,71109,34,981,981,210.1,887.3,1111.3,0.0,-,0,0,0.000
1790426506,s12-vmess-h3,73817,17,1000,1000,192.0,831.1,1063.2,0.0,-,0,0,0.000
1790426506,__proc__,0,0,0,0,-,-,-,1263.8,26842,36956,2261509,4096.058
1790426536,s1-short,76906,38,1044,1044,177.5,788.6,1021.6,0.0,-,0,0,0.000
1790426536,s2-long,7,4,0,0,36.5,112.7,112.7,0.0,-,0,0,0.000
1790426536,s3-quic,200961,0,301466,301466,3.4,119.9,469.8,0.0,-,0,0,0.000
1790426536,s4-mixed-kcp,27379,1,4219893,4219893,249.9,1659.2,2193.7,0.0,-,0,0,0.000
1790426536,s5-vmess-ws,76705,27,1052,1052,176.1,787.9,1004.8,0.0,-,0,0,0.000
1790426536,s6-trojan-grpc,83407,28,1159,1159,156.0,769.1,956.3,0.0,-,0,0,0.000
1790426536,s7-ss-tcp,87266,57,1178,1178,143.8,746.9,942.3,0.0,-,0,0,0.000
1790426536,s8-tuic,84923,32,1153,1153,146.4,779.1,973.5,0.0,-,0,0,0.000
1790426536,s9-anytls,63346,21,1050,1050,171.3,788.6,984.4,0.0,-,0,0,0.000
1790426536,s10-vless-xhttp,71549,23,1098,1098,166.2,785.8,977.2,0.0,-,0,0,0.000
1790426536,s11-http-proxy,71550,34,926,926,209.7,879.6,1111.3,0.0,-,0,0,0.000
1790426536,s12-vmess-h3,74276,17,964,964,197.4,844.7,1063.2,0.0,-,0,0,0.000
1790426536,__proc__,0,0,0,0,-,-,-,1281.6,27313,37148,2272739,4123.920
1790426566,s1-short,77398,38,1033,1033,184.0,806.9,1021.6,0.0,-,0,0,0.000
1790426566,s2-long,7,4,0,0,36.5,112.7,112.7,0.0,-,0,0,0.000
1790426566,s3-quic,202360,0,382020,382020,3.3,105.0,509.5,0.0,-,0,0,0.000
1790426566,s4-mixed-kcp,27566,1,4204422,4204422,254.7,1676.2,2195.9,0.0,-,0,0,0.000
1790426566,s5-vmess-ws,77205,27,1050,1050,180.8,809.5,1004.8,0.0,-,0,0,0.000
1790426566,s6-trojan-grpc,83958,28,1157,1157,148.0,750.8,942.4,0.0,-,0,0,0.000
1790426566,s7-ss-tcp,87830,57,1184,1184,140.1,728.1,923.0,0.0,-,0,0,0.000
1790426566,s8-tuic,85473,32,1155,1155,141.3,761.9,958.0,0.0,-,0,0,0.000
1790426566,s9-anytls,63849,21,1056,1056,176.8,809.5,984.4,0.0,-,0,0,0.000
1790426566,s10-vless-xhttp,72064,23,1082,1082,167.3,799.3,977.2,0.0,-,0,0,0.000
1790426566,s11-http-proxy,72014,34,974,974,193.9,874.5,1097.9,0.0,-,0,0,0.000
1790426566,s12-vmess-h3,74758,17,1012,1012,192.2,841.8,1038.5,0.0,-,0,0,0.000
1790426566,__proc__,0,0,0,0,-,-,-,1277.3,27313,37308,2288637,4151.313
1790426596,s1-short,77833,38,914,914,191.1,776.8,959.1,0.0,-,0,0,0.000
1790426596,s2-long,7,4,0,0,36.5,112.7,112.7,0.0,-,0,0,0.000
1790426596,s3-quic,203396,0,282897,282897,3.2,92.1,587.9,0.0,-,0,0,0.000
1790426596,s4-mixed-kcp,27731,1,4006874,4006874,259.7,1693.2,2193.7,0.0,-,0,0,0.000
1790426596,s5-vmess-ws,77635,27,903,903,188.7,768.9,958.1,0.0,-,0,0,0.000
1790426596,s6-trojan-grpc,84439,28,1010,1010,142.6,712.1,893.4,0.0,-,0,0,0.000
1790426596,s7-ss-tcp,88330,57,1050,1050,133.6,681.1,853.9,0.0,-,0,0,0.000
1790426596,s8-tuic,85952,32,1006,1006,135.2,709.9,876.0,0.0,-,0,0,0.000
1790426596,s9-anytls,64288,21,922,922,186.7,774.1,951.2,0.0,-,0,0,0.000
1790426596,s10-vless-xhttp,72524,23,966,966,173.6,756.6,951.1,0.0,-,0,0,0.000
1790426596,s11-http-proxy,72415,34,842,842,211.3,875.0,1097.9,0.0,-,0,0,0.000
1790426596,s12-vmess-h3,75172,17,869,869,193.4,806.4,1000.9,0.0,-,0,0,0.000
1790426596,__proc__,0,0,0,0,-,-,-,1281.8,26847,35895,2300141,4177.777
1790426626,s1-short,78268,38,914,914,188.6,747.7,904.1,0.0,-,0,0,0.000
1790426626,s2-long,7,4,0,0,36.5,112.7,112.7,0.0,-,0,0,0.000
1790426626,s3-quic,204630,0,336964,336964,3.2,120.0,610.1,0.0,-,0,0,0.000
1790426626,s4-mixed-kcp,27904,1,3876655,3876655,262.4,1688.0,2159.5,0.0,-,0,0,0.000
1790426626,s5-vmess-ws,78065,27,903,903,187.1,746.3,900.0,0.0,-,0,0,0.000
1790426626,s6-trojan-grpc,84917,28,1004,1004,166.7,721.1,882.8,0.0,-,0,0,0.000
1790426626,s7-ss-tcp,88833,57,1056,1056,147.9,694.7,836.7,0.0,-,0,0,0.000
1790426626,s8-tuic,86445,32,1035,1035,155.7,721.0,871.1,0.0,-,0,0,0.000
1790426626,s9-anytls,64720,21,907,907,187.7,744.0,898.2,0.0,-,0,0,0.000
1790426626,s10-vless-xhttp,72980,23,958,958,180.0,724.2,885.0,0.0,-,0,0,0.000
1790426626,s11-http-proxy,72834,34,880,880,220.3,840.2,1065.9,0.0,-,0,0,0.000
1790426626,s12-vmess-h3,75597,17,892,892,206.7,813.3,1000.1,0.0,-,0,0,0.000
1790426626,__proc__,0,0,0,0,-,-,-,1254.7,26805,36050,2313744,4205.464
1790426656,s1-short,78815,38,1149,1149,187.0,739.7,881.5,0.0,-,0,0,0.000
1790426656,s2-long,7,4,0,0,36.5,112.7,112.7,0.0,-,0,0,0.000
1790426656,s3-quic,206484,0,506266,506266,3.1,95.8,513.9,0.0,-,0,0,0.000
1790426656,s4-mixed-kcp,28097,1,4401570,4401570,258.8,1685.6,2152.0,0.0,-,0,0,0.000
1790426656,s5-vmess-ws,78618,27,1161,1161,181.3,739.6,882.4,0.0,-,0,0,0.000
1790426656,s6-trojan-grpc,85527,28,1281,1281,146.0,699.9,863.1,0.0,-,0,0,0.000
1790426656,s7-ss-tcp,89463,57,1323,1323,137.8,682.4,820.9,0.0,-,0,0,0.000
1790426656,s8-tuic,87044,32,1258,1258,142.0,693.3,857.4,0.0,-,0,0,0.000
1790426656,s9-anytls,65273,21,1161,1161,184.0,731.8,874.2,0.0,-,0,0,0.000
1790426656,s10-vless-xhttp,73544,23,1184,1184,165.6,715.5,875.7,0.0,-,0,0,0.000
1790426656,s11-http-proxy,73350,34,1084,1084,204.3,793.3,922.3,0.0,-,0,0,0.000
1790426656,s12-vmess-h3,76135,17,1130,1130,200.3,758.2,913.7,0.0,-,0,0,0.000
1790426656,__proc__,0,0,0,0,-,-,-,1225.9,28373,39247,2335056,4232.122
1790426686,s1-short,79348,38,1119,1119,186.4,735.0,890.5,0.0,-,0,0,0.000
1790426686,s2-long,7,4,0,0,36.5,112.7,112.7,0.0,-,0,0,0.000
1790426686,s3-quic,208029,0,421888,421888,3.1,88.1,450.5,0.0,-,0,0,0.000
1790426686,s4-mixed-kcp,28295,1,4456154,4456154,262.4,1686.4,2162.3,0.0,-,0,0,0.000
1790426686,s5-vmess-ws,79145,27,1107,1107,181.5,733.4,882.4,0.0,-,0,0,0.000
1790426686,s6-trojan-grpc,86102,28,1208,1208,134.1,690.7,838.0,0.0,-,0,0,0.000
1790426686,s7-ss-tcp,90061,57,1256,1256,130.5,677.6,808.1,0.0,-,0,0,0.000
1790426686,s8-tuic,87630,32,1231,1231,132.6,686.6,853.0,0.0,-,0,0,0.000
1790426686,s9-anytls,65805,21,1117,1117,185.4,725.3,887.0,0.0,-,0,0,0.000
1790426686,s10-vless-xhttp,74098,23,1163,1163,168.1,711.0,880.2,0.0,-,0,0,0.000
1790426686,s11-http-proxy,73862,34,1075,1075,192.0,778.7,910.2,0.0,-,0,0,0.000
1790426686,s12-vmess-h3,76653,17,1088,1088,188.0,744.9,905.0,0.0,-,0,0,0.000
1790426686,__proc__,0,0,0,0,-,-,-,1231.8,28352,39087,2352850,4259.151
1790426716,s1-short,79801,38,951,951,186.8,724.9,891.2,0.0,-,0,0,0.000
1790426716,s2-long,7,4,0,0,36.5,112.7,112.7,0.0,-,0,0,0.000
1790426716,s3-quic,209140,0,303377,303377,3.2,95.5,456.5,0.0,-,0,0,0.000
1790426716,s4-mixed-kcp,28466,1,4015146,4015146,259.6,1686.4,2153.7,0.0,-,0,0,0.000
1790426716,s5-vmess-ws,79597,27,949,949,181.9,727.2,871.2,0.0,-,0,0,0.000
1790426716,s6-trojan-grpc,86604,28,1054,1054,149.7,694.1,837.9,0.0,-,0,0,0.000
1790426716,s7-ss-tcp,90581,57,1092,1092,133.8,681.3,809.2,0.0,-,0,0,0.000
1790426716,s8-tuic,88132,32,1054,1054,144.8,692.9,852.3,0.0,-,0,0,0.000
1790426716,s9-anytls,66274,21,985,985,186.1,722.0,874.4,0.0,-,0,0,0.000
1790426716,s10-vless-xhttp,74588,23,1029,1029,176.9,703.3,850.5,0.0,-,0,0,0.000
1790426716,s11-http-proxy,74289,34,897,897,206.1,778.7,907.6,0.0,-,0,0,0.000
1790426716,s12-vmess-h3,77095,17,928,928,192.5,745.4,901.2,0.0,-,0,0,0.000
1790426716,__proc__,0,0,0,0,-,-,-,1228.0,29357,39351,2364780,4287.063
1790426746,s1-short,80295,38,1037,1037,184.6,729.1,887.3,0.0,-,0,0,0.000
1790426746,s2-long,7,4,0,0,36.5,112.7,112.7,0.0,-,0,0,0.000
1790426746,s3-quic,210571,0,390758,390758,3.3,105.3,466.3,0.0,-,0,0,0.000
1790426746,s4-mixed-kcp,28645,1,3790831,3790831,258.8,1681.8,2152.0,0.0,-,0,0,0.000
1790426746,s5-vmess-ws,80087,27,1029,1029,181.3,737.1,887.2,0.0,-,0,0,0.000
1790426746,s6-trojan-grpc,87142,28,1130,1130,155.9,707.3,871.7,0.0,-,0,0,0.000
1790426746,s7-ss-tcp,91132,57,1157,1157,147.3,695.6,846.0,0.0,-,0,0,0.000
1790426746,s8-tuic,88678,32,1147,1147,151.8,710.2,868.2,0.0,-,0,0,0.000
1790426746,s9-anytls,66768,21,1037,1037,180.8,726.4,887.9,0.0,-,0,0,0.000
1790426746,s10-vless-xhttp,75101,23,1077,1077,170.1,711.0,874.4,0.0,-,0,0,0.000
1790426746,s11-http-proxy,74749,34,966,966,206.1,778.7,903.1,0.0,-,0,0,0.000
1790426746,s12-vmess-h3,77574,17,1006,1006,199.3,736.9,898.1,0.0,-,0,0,0.000
1790426746,__proc__,0,0,0,0,-,-,-,1254.8,28856,39231,2380633,4314.744
1790426776,s1-short,80846,38,1157,1157,191.0,736.4,892.3,0.0,-,0,0,0.000
1790426776,s2-long,7,4,0,0,36.5,112.7,112.7,0.0,-,0,0,0.000
1790426776,s3-quic,212341,0,483328,483328,3.3,88.8,472.3,0.0,-,0,0,0.000
1790426776,s4-mixed-kcp,28853,1,4340890,4340890,256.0,1661.7,2148.3,0.0,-,0,0,0.000
1790426776,s5-vmess-ws,80628,27,1136,1136,191.9,742.4,891.5,0.0,-,0,0,0.000
1790426776,s6-trojan-grpc,87743,28,1262,1262,147.2,674.9,876.6,0.0,-,0,0,0.000
1790426776,s7-ss-tcp,91751,57,1300,1300,144.8,661.1,859.3,0.0,-,0,0,0.000
1790426776,s8-tuic,89281,32,1266,1266,145.7,661.9,868.9,0.0,-,0,0,0.000
1790426776,s9-anytls,67315,21,1149,1149,188.6,738.8,891.8,0.0,-,0,0,0.000
1790426776,s10-vless-xhttp,75657,23,1168,1168,172.5,694.9,866.7,0.0,-,0,0,0.000
1790426776,s11-http-proxy,75269,34,1092,1092,201.8,765.1,885.0,0.0,-,0,0,0.000
1790426776,s12-vmess-h3,78102,17,1109,1109,200.3,740.0,896.6,0.0,-,0,0,0.000
1790426776,__proc__,0,0,0,0,-,-,-,1268.8,28888,39853,2401551,4340.354
1790426806,s1-short,81299,38,951,951,191.7,712.9,896.9,0.0,-,0,0,0.000
1790426806,s2-long,7,4,0,0,36.5,112.7,112.7,0.0,-,0,0,0.000
1790426806,s3-quic,213477,0,310204,310204,3.3,87.7,491.1,0.0,-,0,0,0.000
1790426806,s4-mixed-kcp,29024,1,3861346,3861346,257.5,1688.0,2182.5,0.0,-,0,0,0.000
1790426806,s5-vmess-ws,81079,27,947,947,191.0,719.0,922.1,0.0,-,0,0,0.000
1790426806,s6-trojan-grpc,88255,28,1075,1075,148.3,679.8,888.4,0.0,-,0,0,0.000
1790426806,s7-ss-tcp,92291,57,1134,1134,134.2,651.6,876.0,0.0,-,0,0,0.000
1790426806,s8-tuic,89786,32,1060,1060,146.6,663.7,879.0,0.0,-,0,0,0.000
1790426806,s9-anytls,67774,21,964,964,191.8,714.8,915.2,0.0,-,0,0,0.000
1790426806,s10-vless-xhttp,76134,23,1002,1002,177.9,697.9,879.8,0.0,-,0,0,0.000
1790426806,s11-http-proxy,75695,34,895,895,201.8,741.1,920.4,0.0,-,0,0,0.000
1790426806,s12-vmess-h3,78538,17,916,916,194.5,712.2,909.8,0.0,-,0,0,0.000
1790426806,__proc__,0,0,0,0,-,-,-,1270.8,28687,38662,2414356,4367.619
1790426836,s1-short,81705,38,853,853,193.8,719.7,921.5,0.0,-,0,0,0.000
1790426836,s2-long,7,4,0,0,36.5,112.7,112.7,0.0,-,0,0,0.000
1790426836,s3-quic,214799,0,360994,360994,3.2,88.0,491.2,0.0,-,0,0,0.000
1790426836,s4-mixed-kcp,29186,1,3574782,3574782,254.2,1666.0,2195.9,0.0,-,0,0,0.000
1790426836,s5-vmess-ws,81485,27,853,853,194.0,722.4,942.8,0.0,-,0,0,0.000
1790426836,s6-trojan-grpc,88705,28,945,945,159.2,701.7,907.0,0.0,-,0,0,0.000
1790426836,s7-ss-tcp,92759,57,983,983,145.4,640.2,900.3,0.0,-,0,0,0.000
1790426836,s8-tuic,90234,32,941,941,156.6,691.4,901.3,0.0,-,0,0,0.000
1790426836,s9-anytls,68180,21,853,853,190.8,715.1,929.2,0.0,-,0,0,0.000
1790426836,s10-vless-xhttp,76567,23,909,909,178.1,699.1,906.9,0.0,-,0,0,0.000
1790426836,s11-http-proxy,76087,34,823,823,208.0,738.4,949.5,0.0,-,0,0,0.000
1790426836,s12-vmess-h3,78937,17,838,838,202.3,719.2,934.4,0.0,-,0,0,0.000
1790426836,__proc__,0,0,0,0,-,-,-,1277.4,28211,37615,2429291,4393.747
1790426866,s1-short,82230,38,1102,1102,192.2,688.0,921.5,0.0,-,0,0,0.000
1790426866,s2-long,7,4,0,0,36.5,112.7,112.7,0.0,-,0,0,0.000
1790426866,s3-quic,216383,0,432538,432538,3.2,99.7,491.8,0.0,-,0,0,0.000
1790426866,s4-mixed-kcp,29380,1,4376982,4376982,263.4,1673.0,2195.9,0.0,-,0,0,0.000
1790426866,s5-vmess-ws,82008,27,1098,1098,192.1,693.7,942.8,0.0,-,0,0,0.000
1790426866,s6-trojan-grpc,89274,28,1195,1195,156.2,668.0,907.0,0.0,-,0,0,0.000
1790426866,s7-ss-tcp,93361,57,1264,1264,149.5,629.0,900.3,0.0,-,0,0,0.000
1790426866,s8-tuic,90808,32,1205,1205,157.0,644.4,901.3,0.0,-,0,0,0.000
1790426866,s9-anytls,68715,21,1124,1124,188.7,691.3,929.2,0.0,-,0,0,0.000
1790426866,s10-vless-xhttp,77116,23,1153,1153,169.2,663.2,906.9,0.0,-,0,0,0.000
1790426866,s11-http-proxy,76583,34,1042,1042,203.0,724.8,949.5,0.0,-,0,0,0.000
1790426866,s12-vmess-h3,79447,17,1071,1071,200.9,716.7,934.4,0.0,-,0,0,0.000
1790426866,__proc__,0,0,0,0,-,-,-,1268.9,28338,39065,2447693,4421.079
1790426896,s1-short,82753,38,1098,1098,192.9,712.8,929.2,0.0,-,0,0,0.000
1790426896,s2-long,7,4,0,0,36.5,112.7,112.7,0.0,-,0,0,0.000
1790426896,s3-quic,218005,0,442914,442914,3.2,81.3,466.0,0.0,-,0,0,0.000
1790426896,s4-mixed-kcp,29575,1,4041173,4041173,260.3,1661.7,2193.7,0.0,-,0,0,0.000
1790426896,s5-vmess-ws,82529,27,1094,1094,190.9,709.1,947.6,0.0,-,0,0,0.000
1790426896,s6-trojan-grpc,89863,28,1237,1237,145.9,656.1,906.4,0.0,-,0,0,0.000
1790426896,s7-ss-tcp,93975,57,1289,1289,138.0,621.5,895.9,0.0,-,0,0,0.000
1790426896,s8-tuic,91393,32,1228,1228,144.4,637.7,890.9,0.0,-,0,0,0.000
1790426896,s9-anytls,69244,21,1111,1111,189.1,717.4,936.0,0.0,-,0,0,0.000
1790426896,s10-vless-xhttp,77666,23,1155,1155,170.2,675.4,909.4,0.0,-,0,0,0.000
1790426896,s11-http-proxy,77087,34,1058,1058,194.8,724.7,962.5,0.0,-,0,0,0.000
1790426896,s12-vmess-h3,79955,17,1067,1067,195.8,709.3,940.0,0.0,-,0,0,0.000
1790426896,__proc__,0,0,0,0,-,-,-,1253.7,28839,39703,2466459,4447.279
1790426926,s1-short,83192,38,922,922,188.6,720.0,937.5,0.0,-,0,0,0.000
1790426926,s2-long,7,4,0,0,36.5,112.7,112.7,0.0,-,0,0,0.000
1790426926,s3-quic,219014,0,275524,275524,3.2,88.5,472.7,0.0,-,0,0,0.000
1790426926,s4-mixed-kcp,29747,1,3984430,3984430,262.3,1661.7,2193.7,0.0,-,0,0,0.000
1790426926,s5-vmess-ws,82960,27,905,905,188.0,722.4,949.9,0.0,-,0,0,0.000
1790426926,s6-trojan-grpc,90354,28,1031,1031,163.7,700.2,927.6,0.0,-,0,0,0.000
1790426926,s7-ss-tcp,94487,57,1075,1075,145.6,657.1,910.1,0.0,-,0,0,0.000
1790426926,s8-tuic,91876,32,1014,1014,162.2,695.0,920.0,0.0,-,0,0,0.000
1790426926,s9-anytls,69681,21,918,918,186.8,730.8,937.6,0.0,-,0,0,0.000
1790426926,s10-vless-xhttp,78122,23,958,958,179.0,698.7,912.8,0.0,-,0,0,0.000
1790426926,s11-http-proxy,77495,34,857,857,201.7,749.4,985.3,0.0,-,0,0,0.000
1790426926,s12-vmess-h3,80372,17,876,876,197.9,728.3,945.2,0.0,-,0,0,0.000
1790426926,__proc__,0,0,0,0,-,-,-,1237.5,28867,38798,2477593,4474.893
1790426956,s1-short,83714,38,1096,1096,191.5,720.5,937.5,0.0,-,0,0,0.000
1790426956,s2-long,7,4,0,0,36.5,112.7,112.7,0.0,-,0,0,0.000
1790426956,s3-quic,220515,0,409873,409873,3.3,88.9,484.9,0.0,-,0,0,0.000
1790426956,s4-mixed-kcp,29937,1,4254412,4254412,257.0,1659.2,2183.4,0.0,-,0,0,0.000
1790426956,s5-vmess-ws,83479,27,1090,1090,193.7,722.7,949.9,0.0,-,0,0,0.000
1790426956,s6-trojan-grpc,90917,28,1182,1182,163.3,676.8,916.0,0.0,-,0,0,0.000
1790426956,s7-ss-tcp,95074,57,1233,1233,146.3,656.9,900.3,0.0,-,0,0,0.000
1790426956,s8-tuic,92438,32,1180,1180,161.8,671.3,917.3,0.0,-,0,0,0.000
1790426956,s9-anytls,70201,21,1092,1092,188.5,723.7,937.6,0.0,-,0,0,0.000
1790426956,s10-vless-xhttp,78664,23,1138,1138,174.5,665.8,906.9,0.0,-,0,0,0.000
1790426956,s11-http-proxy,77982,34,1023,1023,203.1,747.1,985.3,0.0,-,0,0,0.000
1790426956,s12-vmess-h3,80880,17,1067,1067,202.6,732.1,944.7,0.0,-,0,0,0.000
1790426956,__proc__,0,0,0,0,-,-,-,1245.4,28752,39676,2494703,4501.359
1790426986,s1-short,84213,38,1048,1048,193.5,734.6,955.0,0.0,-,0,0,0.000
1790426986,s2-long,7,4,0,0,36.5,112.7,112.7,0.0,-,0,0,0.000
1790426986,s3-quic,221948,0,391305,391305,3.3,92.0,516.8,0.0,-,0,0,0.000
1790426986,s4-mixed-kcp,30123,1,3973396,3973396,261.4,1659.2,2210.2,0.0,-,0,0,0.000
1790426986,s5-vmess-ws,83981,27,1054,1054,195.1,745.0,955.5,0.0,-,0,0,0.000
1790426986,s6-trojan-grpc,91483,28,1189,1189,153.5,665.8,941.2,0.0,-,0,0,0.000
1790426986,s7-ss-tcp,95654,57,1218,1218,143.9,639.6,908.4,0.0,-,0,0,0.000
1790426986,s8-tuic,92976,32,1130,1130,155.9,653.2,924.9,0.0,-,0,0,0.000
1790426986,s9-anytls,70709,21,1067,1067,190.7,744.6,955.4,0.0,-,0,0,0.000
1790426986,s10-vless-xhttp,79179,23,1082,1082,175.1,683.8,918.6,0.0,-,0,0,0.000
1790426986,s11-http-proxy,78447,34,976,976,198.1,755.8,988.4,0.0,-,0,0,0.000
1790426986,s12-vmess-h3,81365,17,1018,1018,199.9,754.5,944.7,0.0,-,0,0,0.000
1790426986,__proc__,0,0,0,0,-,-,-,1244.4,28349,38842,2510734,4528.507
1790427016,s1-short,84715,38,1054,1054,188.9,708.4,956.8,0.0,-,0,0,0.000
1790427016,s2-long,7,4,0,0,36.5,112.7,112.7,0.0,-,0,0,0.000
1790427016,s3-quic,223385,0,392397,392397,3.3,82.1,483.1,0.0,-,0,0,0.000
1790427016,s4-mixed-kcp,30300,1,4117846,4117846,259.5,1656.5,2211.9,0.0,-,0,0,0.000
1790427016,s5-vmess-ws,84486,27,1060,1060,190.4,718.3,959.3,0.0,-,0,0,0.000
1790427016,s6-trojan-grpc,92040,28,1170,1170,143.0,651.0,945.1,0.0,-,0,0,0.000
1790427016,s7-ss-tcp,96226,57,1201,1201,128.3,611.9,918.4,0.0,-,0,0,0.000
1790427016,s8-tuic,93537,32,1178,1178,149.3,652.7,943.3,0.0,-,0,0,0.000
1790427016,s9-anytls,71215,21,1063,1063,188.6,718.1,963.4,0.0,-,0,0,0.000
1790427016,s10-vless-xhttp,79703,23,1100,1100,175.0,690.8,938.9,0.0,-,0,0,0.000
1790427016,s11-http-proxy,78923,34,1000,1000,194.3,747.1,988.8,0.0,-,0,0,0.000
1790427016,s12-vmess-h3,81855,17,1029,1029,193.9,725.1,943.6,0.0,-,0,0,0.000
1790427016,__proc__,0,0,0,0,-,-,-,1250.4,28631,39335,2526525,4556.458
1790427046,s1-short,85091,38,790,790,197.3,697.4,972.8,0.0,-,0,0,0.000
1790427046,s2-long,7,4,0,0,36.5,112.7,112.7,0.0,-,0,0,0.000
1790427046,s3-quic,224196,0,221457,221457,3.3,112.7,544.3,0.0,-,0,0,0.000
1790427046,s4-mixed-kcp,30455,1,3466287,3466287,257.8,1640.7,2182.5,0.0,-,0,0,0.000
1790427046,s5-vmess-ws,84858,27,781,781,198.0,706.1,975.5,0.0,-,0,0,0.000
1790427046,s6-trojan-grpc,92456,28,874,874,165.4,669.9,965.2,0.0,-,0,0,0.000
1790427046,s7-ss-tcp,96666,57,924,924,144.5,636.2,939.8,0.0,-,0,0,0.000
1790427046,s8-tuic,93948,32,863,863,167.9,682.3,971.8,0.0,-,0,0,0.000
1790427046,s9-anytls,71587,21,781,781,194.1,686.4,975.8,0.0,-,0,0,0.000
1790427046,s10-vless-xhttp,80105,23,844,844,177.6,669.9,953.2,0.0,-,0,0,0.000
1790427046,s11-http-proxy,79276,34,741,741,215.0,755.8,1009.9,0.0,-,0,0,0.000
1790427046,s12-vmess-h3,82222,17,771,771,209.3,730.3,975.4,0.0,-,0,0,0.000
1790427046,__proc__,0,0,0,0,-,-,-,1256.5,27923,37011,2534768,4582.922
1790427076,s1-short,85672,38,1220,1220,189.4,692.8,966.1,0.0,-,0,0,0.000
1790427076,s2-long,7,4,0,0,36.5,112.7,112.7,0.0,-,0,0,0.000
1790427076,s3-quic,225982,0,487697,487697,3.2,92.1,489.4,0.0,-,0,0,0.000
1790427076,s4-mixed-kcp,30671,1,4494357,4494357,252.8,1611.1,2162.3,0.0,-,0,0,0.000
1790427076,s5-vmess-ws,85443,27,1228,1228,190.7,695.2,969.4,0.0,-,0,0,0.000
1790427076,s6-trojan-grpc,93088,28,1327,1327,146.9,655.0,945.2,0.0,-,0,0,0.000
1790427076,s7-ss-tcp,97313,57,1359,1359,131.8,628.8,916.0,0.0,-,0,0,0.000
1790427076,s8-tuic,94585,32,1338,1338,152.6,663.4,943.1,0.0,-,0,0,0.000
1790427076,s9-anytls,72168,21,1220,1220,187.1,690.8,975.8,0.0,-,0,0,0.000
1790427076,s10-vless-xhttp,80699,23,1247,1247,162.5,664.9,927.7,0.0,-,0,0,0.000
1790427076,s11-http-proxy,79820,34,1142,1142,206.8,725.0,987.3,0.0,-,0,0,0.000
1790427076,s12-vmess-h3,82792,17,1197,1197,203.1,704.6,952.9,0.0,-,0,0,0.000
1790427076,__proc__,0,0,0,0,-,-,-,1306.0,28620,40227,2555714,4609.845
1790427106,s1-short,86189,38,1086,1086,184.7,689.5,956.4,0.0,-,0,0,0.000
1790427106,s2-long,7,4,0,0,36.5,112.7,112.7,0.0,-,0,0,0.000
1790427106,s3-quic,227441,0,398404,398404,3.2,89.8,476.7,0.0,-,0,0,0.000
1790427106,s4-mixed-kcp,30858,1,3886088,3886088,252.1,1604.0,2148.2,0.0,-,0,0,0.000
1790427106,s5-vmess-ws,85952,27,1069,1069,188.9,690.6,964.8,0.0,-,0,0,0.000
1790427106,s6-trojan-grpc,93656,28,1193,1193,136.8,653.1,946.8,0.0,-,0,0,0.000
1790427106,s7-ss-tcp,97890,57,1212,1212,130.1,633.3,917.9,0.0,-,0,0,0.000
1790427106,s8-tuic,95156,32,1199,1199,141.1,656.2,958.9,0.0,-,0,0,0.000
1790427106,s9-anytls,72678,21,1071,1071,184.9,690.0,965.8,0.0,-,0,0,0.000
1790427106,s10-vless-xhttp,81233,23,1121,1121,158.6,673.0,940.6,0.0,-,0,0,0.000
1790427106,s11-http-proxy,80306,34,1021,1021,200.2,724.6,987.3,0.0,-,0,0,0.000
1790427106,s12-vmess-h3,83285,17,1035,1035,196.3,699.0,941.1,0.0,-,0,0,0.000
1790427106,__proc__,0,0,0,0,-,-,-,1289.7,28575,39063,2572025,4636.888
1790427136,s1-short,86684,38,1040,1040,182.0,692.4,956.3,0.0,-,0,0,0.000
1790427136,s2-long,7,4,0,0,36.5,112.7,112.7,0.0,-,0,0,0.000
1790427136,s3-quic,228681,0,338603,338603,3.2,82.6,476.7,0.0,-,0,0,0.000
1790427136,s4-mixed-kcp,31042,1,4307051,4307051,251.6,1636.0,2148.2,0.0,-,0,0,0.000
1790427136,s5-vmess-ws,86440,27,1025,1025,184.2,699.0,960.5,0.0,-,0,0,0.000
1790427136,s6-trojan-grpc,94197,28,1136,1136,130.1,659.4,953.5,0.0,-,0,0,0.000
1790427136,s7-ss-tcp,98451,57,1178,1178,118.8,627.7,902.7,0.0,-,0,0,0.000
1790427136,s8-tuic,95710,32,1163,1163,132.0,670.5,959.4,0.0,-,0,0,0.000
1790427136,s9-anytls,73176,21,1046,1046,183.2,693.7,963.4,0.0,-,0,0,0.000
1790427136,s10-vless-xhttp,81742,23,1069,1069,167.4,679.0,938.9,0.0,-,0,0,0.000
1790427136,s11-http-proxy,80762,34,958,958,200.0,726.4,992.6,0.0,-,0,0,0.000
1790427136,s12-vmess-h3,83758,17,993,993,191.0,706.3,931.5,0.0,-,0,0,0.000
1790427136,__proc__,0,0,0,0,-,-,-,1266.4,29015,39487,2585956,4665.073
1790427166,s1-short,87089,38,850,850,189.9,708.4,956.3,0.0,-,0,0,0.000
1790427166,s2-long,7,4,0,0,36.5,112.7,112.7,0.0,-,0,0,0.000
1790427166,s3-quic,229537,0,233745,233745,3.3,107.3,545.9,0.0,-,0,0,0.000
1790427166,s4-mixed-kcp,31202,1,3696352,3696352,254.2,1650.9,2148.2,0.0,-,0,0,0.000
1790427166,s5-vmess-ws,86843,27,846,846,191.6,715.7,960.5,0.0,-,0,0,0.000
1790427166,s6-trojan-grpc,94647,28,945,945,147.2,668.2,935.4,0.0,-,0,0,0.000
1790427166,s7-ss-tcp,98915,57,974,974,138.7,658.2,902.7,0.0,-,0,0,0.000
1790427166,s8-tuic,96158,32,941,941,150.6,668.6,934.9,0.0,-,0,0,0.000
1790427166,s9-anytls,73581,21,850,850,188.0,712.6,963.4,0.0,-,0,0,0.000
1790427166,s10-vless-xhttp,82176,23,911,911,160.5,680.6,921.5,0.0,-,0,0,0.000
1790427166,s11-http-proxy,81122,34,756,756,217.6,761.6,992.6,0.0,-,0,0,0.000
1790427166,s12-vmess-h3,84145,17,813,813,209.1,730.3,931.5,0.0,-,0,0,0.000
1790427166,__proc__,0,0,0,0,-,-,-,1274.5,28389,37669,2594098,4692.133
1790427196,s1-short,87646,38,1170,1170,190.7,702.6,955.0,0.0,-,0,0,0.000
1790427196,s2-long,7,4,0,0,36.5,112.7,112.7,0.0,-,0,0,0.000
1790427196,s3-quic,231351,0,495343,495343,3.2,101.8,505.3,0.0,-,0,0,0.000
1790427196,s4-mixed-kcp,31405,1,4296369,4296369,253.5,1661.7,2146.2,0.0,-,0,0,0.000
1790427196,s5-vmess-ws,87406,27,1182,1182,190.4,706.8,945.9,0.0,-,0,0,0.000
1790427196,s6-trojan-grpc,95267,28,1302,1302,136.7,653.7,925.0,0.0,-,0,0,0.000
1790427196,s7-ss-tcp,99563,57,1361,1361,131.0,641.2,894.9,0.0,-,0,0,0.000
1790427196,s8-tuic,96785,32,1317,1317,137.0,652.1,931.0,0.0,-,0,0,0.000
1790427196,s9-anytls,74144,21,1182,1182,189.5,705.6,965.0,0.0,-,0,0,0.000
1790427196,s10-vless-xhttp,82758,23,1222,1222,157.4,692.0,934.8,0.0,-,0,0,0.000
1790427196,s11-http-proxy,81653,34,1115,1115,205.9,729.2,970.5,0.0,-,0,0,0.000
1790427196,s12-vmess-h3,84691,17,1147,1147,203.3,710.0,928.3,0.0,-,0,0,0.000
1790427196,__proc__,0,0,0,0,-,-,-,1278.5,28652,39832,2615894,4718.161
1790427226,s1-short,88143,38,1044,1044,186.7,696.9,946.1,0.0,-,0,0,0.000
1790427226,s2-long,7,4,0,0,36.5,112.7,112.7,0.0,-,0,0,0.000
1790427226,s3-quic,232792,0,393489,393489,3.3,87.8,494.7,0.0,-,0,0,0.000
1790427226,s4-mixed-kcp,31584,1,4143274,4143274,251.1,1640.7,2146.2,0.0,-,0,0,0.000
1790427226,s5-vmess-ws,87894,27,1025,1025,188.3,694.8,915.5,0.0,-,0,0,0.000
1790427226,s6-trojan-grpc,95809,28,1138,1138,130.4,646.4,860.4,0.0,-,0,0,0.000
1790427226,s7-ss-tcp,100133,57,1197,1197,126.9,634.9,846.3,0.0,-,0,0,0.000
1790427226,s8-tuic,97325,32,1134,1134,128.7,648.2,894.0,0.0,-,0,0,0.000
1790427226,s9-anytls,74632,21,1025,1025,189.1,701.0,931.5,0.0,-,0,0,0.000
1790427226,s10-vless-xhttp,83269,23,1073,1073,160.5,681.2,914.9,0.0,-,0,0,0.000
1790427226,s11-http-proxy,82104,34,947,947,205.9,724.6,970.5,0.0,-,0,0,0.000
1790427226,s12-vmess-h3,85162,17,989,989,195.5,705.9,923.8,0.0,-,0,0,0.000
1790427226,__proc__,0,0,0,0,-,-,-,1259.3,28827,39113,2632393,4745.425
1790427256,s1-short,88607,38,974,974,185.9,702.6,948.1,0.0,-,0,0,0.000
1790427256,s2-long,7,4,0,0,36.5,112.7,112.7,0.0,-,0,0,0.000
1790427256,s3-quic,233874,0,295458,295458,3.3,83.0,486.9,0.0,-,0,0,0.000
1790427256,s4-mixed-kcp,31761,1,4089799,4089799,249.9,1632.9,2148.2,0.0,-,0,0,0.000
1790427256,s5-vmess-ws,88350,27,958,958,185.9,695.9,928.3,0.0,-,0,0,0.000
1790427256,s6-trojan-grpc,96318,28,1069,1069,140.3,668.2,905.6,0.0,-,0,0,0.000
1790427256,s7-ss-tcp,100660,57,1107,1107,125.4,646.8,894.1,0.0,-,0,0,0.000
1790427256,s8-tuic,97843,32,1088,1088,136.4,672.9,913.5,0.0,-,0,0,0.000
1790427256,s9-anytls,75095,21,972,972,188.6,703.0,931.5,0.0,-,0,0,0.000
1790427256,s10-vless-xhttp,83746,23,1002,1002,170.1,687.1,900.6,0.0,-,0,0,0.000
1790427256,s11-http-proxy,82530,34,895,895,213.0,750.9,1000.5,0.0,-,0,0,0.000
1790427256,s12-vmess-h3,85608,17,937,937,196.8,710.4,971.2,0.0,-,0,0,0.000
1790427256,__proc__,0,0,0,0,-,-,-,1260.0,28516,38493,2643769,4773.176
1790427286,s1-short,89052,38,934,934,191.3,715.5,949.8,0.0,-,0,0,0.000
1790427286,s2-long,7,4,0,0,36.5,112.7,112.7,0.0,-,0,0,0.000
1790427286,s3-quic,235096,0,333687,333687,3.2,108.7,537.1,0.0,-,0,0,0.000
1790427286,s4-mixed-kcp,31937,1,3905270,3905270,250.0,1645.3,2148.2,0.0,-,0,0,0.000
1790427286,s5-vmess-ws,88789,27,922,922,195.5,712.8,942.1,0.0,-,0,0,0.000
1790427286,s6-trojan-grpc,96808,28,1029,1029,145.9,676.2,870.6,0.0,-,0,0,0.000
1790427286,s7-ss-tcp,101165,57,1060,1060,140.1,662.7,856.7,0.0,-,0,0,0.000
1790427286,s8-tuic,98322,32,1006,1006,145.3,675.5,896.0,0.0,-,0,0,0.000
1790427286,s9-anytls,75536,21,926,926,194.8,713.2,955.9,0.0,-,0,0,0.000
1790427286,s10-vless-xhttp,84211,23,976,976,161.0,691.5,883.8,0.0,-,0,0,0.000
1790427286,s11-http-proxy,82946,34,874,874,213.3,759.3,1001.9,0.0,-,0,0,0.000
1790427286,s12-vmess-h3,86036,17,899,899,212.4,723.6,988.9,0.0,-,0,0,0.000
1790427286,__proc__,0,0,0,0,-,-,-,1259.8,28104,37816,2657528,4801.043
1790427316,s1-short,89611,38,1174,1174,192.2,713.6,913.5,0.0,-,0,0,0.000
1790427316,s2-long,7,4,0,0,36.5,112.7,112.7,0.0,-,0,0,0.000
1790427316,s3-quic,236650,0,424346,424346,3.3,94.4,521.9,0.0,-,0,0,0.000
1790427316,s4-mixed-kcp,32133,1,4475402,4475402,251.1,1645.3,2165.9,0.0,-,0,0,0.000
1790427316,s5-vmess-ws,89348,27,1174,1174,194.7,708.2,913.8,0.0,-,0,0,0.000
1790427316,s6-trojan-grpc,97417,28,1279,1279,137.0,664.8,856.7,0.0,-,0,0,0.000
1790427316,s7-ss-tcp,101795,57,1323,1323,132.5,645.5,847.7,0.0,-,0,0,0.000
1790427316,s8-tuic,98942,32,1302,1302,135.8,664.2,891.3,0.0,-,0,0,0.000
1790427316,s9-anytls,76102,21,1189,1189,195.9,712.9,913.5,0.0,-,0,0,0.000
1790427316,s10-vless-xhttp,84783,23,1201,1201,165.7,693.1,885.5,0.0,-,0,0,0.000
1790427316,s11-http-proxy,83458,34,1075,1075,205.2,738.4,953.6,0.0,-,0,0,0.000
1790427316,s12-vmess-h3,86582,17,1147,1147,204.1,719.3,930.8,0.0,-,0,0,0.000
1790427316,__proc__,0,0,0,0,-,-,-,1256.0,28702,39820,2675207,4828.278
1790427346,s1-short,90114,38,1056,1056,190.9,715.5,898.0,0.0,-,0,0,0.000
1790427346,s2-long,7,4,0,0,36.5,112.7,112.7,0.0,-,0,0,0.000
1790427346,s3-quic,237862,0,330957,330957,3.3,88.8,493.1,0.0,-,0,0,0.000
1790427346,s4-mixed-kcp,32312,1,4167906,4167906,248.7,1649.4,2148.2,0.0,-,0,0,0.000
1790427346,s5-vmess-ws,89846,27,1046,1046,191.1,711.3,896.0,0.0,-,0,0,0.000
1790427346,s6-trojan-grpc,97973,28,1168,1168,132.5,670.0,858.5,0.0,-,0,0,0.000
1790427346,s7-ss-tcp,102365,57,1197,1197,126.9,646.9,866.8,0.0,-,0,0,0.000
1790427346,s8-tuic,99497,32,1166,1166,129.5,665.1,895.0,0.0,-,0,0,0.000
1790427346,s9-anytls,76607,21,1060,1060,193.4,713.9,900.5,0.0,-,0,0,0.000
1790427346,s10-vless-xhttp,85303,23,1092,1092,168.6,705.6,883.8,0.0,-,0,0,0.000
1790427346,s11-http-proxy,83907,34,943,943,211.2,755.2,953.6,0.0,-,0,0,0.000
1790427346,s12-vmess-h3,87062,17,1008,1008,201.3,719.1,917.1,0.0,-,0,0,0.000
1790427346,__proc__,0,0,0,0,-,-,-,1219.1,29224,39737,2688902,4855.607
1790427376,s1-short,90535,38,884,884,190.8,704.1,897.4,0.0,-,0,0,0.000
1790427376,s2-long,7,4,0,0,36.5,112.7,112.7,0.0,-,0,0,0.000
1790427376,s3-quic,238748,0,241937,241937,3.3,116.4,538.0,0.0,-,0,0,0.000
1790427376,s4-mixed-kcp,32484,1,3785534,3785534,252.8,1654.2,2211.8,0.0,-,0,0,0.000
1790427376,s5-vmess-ws,90266,27,882,882,194.2,699.6,895.5,0.0,-,0,0,0.000
1790427376,s6-trojan-grpc,98423,28,945,945,152.3,681.1,860.4,0.0,-,0,0,0.000
1790427376,s7-ss-tcp,102835,57,987,987,138.2,662.7,866.8,0.0,-,0,0,0.000
1790427376,s8-tuic,99947,32,945,945,156.0,674.8,895.0,0.0,-,0,0,0.000
1790427376,s9-anytls,77030,21,888,888,194.3,703.5,896.3,0.0,-,0,0,0.000
1790427376,s10-vless-xhttp,85736,23,909,909,176.8,697.3,883.8,0.0,-,0,0,0.000
1790427376,s11-http-proxy,84293,34,811,811,224.3,752.9,935.9,0.0,-,0,0,0.000
1790427376,s12-vmess-h3,87469,17,855,855,214.1,719.1,918.1,0.0,-,0,0,0.000
1790427376,__proc__,0,0,0,0,-,-,-,1253.9,28321,37873,2697879,4882.087
1790427406,s1-short,91030,38,1040,1040,194.0,709.8,897.4,0.0,-,0,0,0.000
1790427406,s2-long,7,4,0,0,36.5,112.7,112.7,0.0,-,0,0,0.000
1790427406,s3-quic,240500,0,478413,478413,3.2,101.7,531.2,0.0,-,0,0,0.000
1790427406,s4-mixed-kcp,32664,1,4235546,4235546,253.5,1658.3,2165.9,0.0,-,0,0,0.000
1790427406,s5-vmess-ws,90768,27,1054,1054,198.4,708.2,895.5,0.0,-,0,0,0.000
1790427406,s6-trojan-grpc,98979,28,1168,1168,149.2,661.8,845.8,0.0,-,0,0,0.000
1790427406,s7-ss-tcp,103415,57,1218,1218,143.4,642.0,829.1,0.0,-,0,0,0.000
1790427406,s8-tuic,100509,32,1180,1180,149.7,652.6,863.0,0.0,-,0,0,0.000
1790427406,s9-anytls,77531,21,1052,1052,197.9,708.4,896.3,0.0,-,0,0,0.000
1790427406,s10-vless-xhttp,86261,23,1102,1102,169.2,678.9,868.8,0.0,-,0,0,0.000
1790427406,s11-http-proxy,84772,34,1006,1006,217.0,726.1,918.5,0.0,-,0,0,0.000
1790427406,s12-vmess-h3,87958,17,1027,1027,214.7,710.7,905.0,0.0,-,0,0,0.000
1790427406,__proc__,0,0,0,0,-,-,-,1260.9,28376,38987,2718622,4908.326
1790427436,s1-short,91562,38,1117,1117,193.5,696.8,869.7,0.0,-,0,0,0.000
1790427436,s2-long,7,4,0,0,36.5,112.7,112.7,0.0,-,0,0,0.000
1790427436,s3-quic,242210,0,466944,466944,3.1,76.3,477.7,0.0,-,0,0,0.000
1790427436,s4-mixed-kcp,32849,1,4402978,4402978,253.2,1665.6,2211.9,0.0,-,0,0,0.000
1790427436,s5-vmess-ws,91288,27,1092,1092,196.2,702.9,885.9,0.0,-,0,0,0.000
1790427436,s6-trojan-grpc,99563,28,1226,1226,138.3,657.7,836.5,0.0,-,0,0,0.000
1790427436,s7-ss-tcp,104025,57,1281,1281,137.1,638.5,838.3,0.0,-,0,0,0.000
1790427436,s8-tuic,101081,32,1201,1201,139.6,648.0,855.6,0.0,-,0,0,0.000
1790427436,s9-anytls,78059,21,1109,1109,198.1,697.2,878.0,0.0,-,0,0,0.000
1790427436,s10-vless-xhttp,86811,23,1155,1155,170.8,678.9,857.2,0.0,-,0,0,0.000
1790427436,s11-http-proxy,85268,34,1042,1042,201.5,716.4,918.0,0.0,-,0,0,0.000
1790427436,s12-vmess-h3,88470,17,1075,1075,204.4,696.2,884.8,0.0,-,0,0,0.000
1790427436,__proc__,0,0,0,0,-,-,-,1268.3,28778,39606,2738795,4934.431
1790427466,s1-short,92037,38,998,998,191.5,695.9,888.2,0.0,-,0,0,0.000
1790427466,s2-long,7,4,0,0,36.5,112.7,112.7,0.0,-,0,0,0.000
1790427466,s3-quic,243628,0,387209,387209,3.1,82.2,466.1,0.0,-,0,0,0.000
1790427466,s4-mixed-kcp,33038,1,3921240,3921240,254.1,1659.1,2083.6,0.0,-,0,0,0.000
1790427466,s5-vmess-ws,91768,27,1008,1008,193.9,699.6,895.5,0.0,-,0,0,0.000
1790427466,s6-trojan-grpc,100094,28,1115,1115,142.4,669.7,852.3,0.0,-,0,0,0.000
1790427466,s7-ss-tcp,104575,57,1155,1155,127.2,642.2,831.1,0.0,-,0,0,0.000
1790427466,s8-tuic,101602,32,1094,1094,144.2,654.3,865.5,0.0,-,0,0,0.000
1790427466,s9-anytls,78538,21,1006,1006,194.4,697.8,880.6,0.0,-,0,0,0.000
1790427466,s10-vless-xhttp,87304,23,1035,1035,174.9,683.3,868.8,0.0,-,0,0,0.000
1790427466,s11-http-proxy,85716,34,941,941,221.6,730.5,928.3,0.0,-,0,0,0.000
1790427466,s12-vmess-h3,88931,17,968,968,202.5,696.1,898.5,0.0,-,0,0,0.000
1790427466,__proc__,0,0,0,0,-,-,-,1248.0,28948,39165,2754949,4962.093
1790427496,s1-short,92456,38,880,880,192.9,698.1,913.5,0.0,-,0,0,0.000
1790427496,s2-long,7,4,0,0,36.5,112.7,112.7,0.0,-,0,0,0.000
1790427496,s3-quic,244606,0,267059,267059,3.1,88.4,518.4,0.0,-,0,0,0.000
1790427496,s4-mixed-kcp,33201,1,3540902,3540902,258.1,1673.7,2093.1,0.0,-,0,0,0.000
1790427496,s5-vmess-ws,92181,27,867,867,198.0,704.7,912.1,0.0,-,0,0,0.000
1790427496,s6-trojan-grpc,100557,28,972,972,155.7,678.2,850.3,0.0,-,0,0,0.000
1790427496,s7-ss-tcp,105047,57,991,991,146.2,665.4,866.8,0.0,-,0,0,0.000
1790427496,s8-tuic,102054,32,949,949,158.5,669.5,865.5,0.0,-,0,0,0.000
1790427496,s9-anytls,78957,21,880,880,192.1,698.0,880.3,0.0,-,0,0,0.000
1790427496,s10-vless-xhttp,87736,23,907,907,172.1,686.6,883.8,0.0,-,0,0,0.000
1790427496,s11-http-proxy,86108,34,823,823,223.0,728.5,949.9,0.0,-,0,0,0.000
1790427496,s12-vmess-h3,89337,17,853,853,212.7,711.5,919.2,0.0,-,0,0,0.000
1790427496,__proc__,0,0,0,0,-,-,-,1256.9,27795,37290,2765047,4989.082
1790427526,s1-short,93003,38,1149,1149,190.1,697.9,882.8,0.0,-,0,0,0.000
1790427526,s2-long,7,4,0,0,36.5,112.7,112.7,0.0,-,0,0,0.000
1790427526,s3-quic,246223,0,441549,441549,3.2,93.1,512.3,0.0,-,0,0,0.000
1790427526,s4-mixed-kcp,33394,1,4377220,4377220,252.8,1673.7,2063.0,0.0,-,0,0,0.000
1790427526,s5-vmess-ws,92726,27,1144,1144,190.9,702.9,885.9,0.0,-,0,0,0.000
1790427526,s6-trojan-grpc,101160,28,1266,1266,147.7,658.9,824.7,0.0,-,0,0,0.000
1790427526,s7-ss-tcp,105668,57,1304,1304,142.7,650.5,845.7,0.0,-,0,0,0.000
1790427526,s8-tuic,102661,32,1275,1275,147.6,652.3,845.8,0.0,-,0,0,0.000
1790427526,s9-anytls,79506,21,1153,1153,189.3,706.6,880.3,0.0,-,0,0,0.000
1790427526,s10-vless-xhttp,88303,23,1191,1191,168.8,675.2,862.2,0.0,-,0,0,0.000
1790427526,s11-http-proxy,86628,34,1092,1092,206.4,715.3,898.1,0.0,-,0,0,0.000
1790427526,s12-vmess-h3,89872,17,1124,1124,202.9,700.4,877.7,0.0,-,0,0,0.000
1790427526,__proc__,0,0,0,0,-,-,-,1252.5,28452,39380,2783837,5015.513
1790427556,s1-short,93501,38,1046,1046,186.6,697.7,932.5,0.0,-,0,0,0.000
1790427556,s2-long,7,4,0,0,36.5,112.7,112.7,0.0,-,0,0,0.000
1790427556,s3-quic,247626,0,383113,383113,3.2,93.0,496.8,0.0,-,0,0,0.000
1790427556,s4-mixed-kcp,33575,1,4066014,4066014,253.2,1666.5,2081.5,0.0,-,0,0,0.000
1790427556,s5-vmess-ws,93218,27,1033,1033,186.2,703.0,913.8,0.0,-,0,0,0.000
1790427556,s6-trojan-grpc,101698,28,1130,1130,142.7,658.6,888.8,0.0,-,0,0,0.000
1790427556,s7-ss-tcp,106233,57,1186,1186,133.3,650.7,880.4,0.0,-,0,0,0.000
1790427556,s8-tuic,103205,32,1142,1142,144.1,657.0,888.4,0.0,-,0,0,0.000
1790427556,s9-anytls,80010,21,1058,1058,187.4,712.6,925.7,0.0,-,0,0,0.000
1790427556,s10-vless-xhttp,88813,23,1071,1071,172.2,689.2,918.1,0.0,-,0,0,0.000
1790427556,s11-http-proxy,87100,34,991,991,199.0,710.0,923.4,0.0,-,0,0,0.000
1790427556,s12-vmess-h3,90362,17,1029,1029,191.1,699.4,883.7,0.0,-,0,0,0.000
1790427556,__proc__,0,0,0,0,-,-,-,1236.5,28665,39184,2799177,5043.250
1790427586,s1-short,93941,38,924,924,187.1,694.9,936.7,0.0,-,0,0,0.000
1790427586,s2-long,7,4,0,0,36.5,112.7,112.7,0.0,-,0,0,0.000
1790427586,s3-quic,248753,0,307746,307746,3.2,87.0,481.5,0.0,-,0,0,0.000
1790427586,s4-mixed-kcp,33743,1,3773659,3773659,257.8,1676.8,2093.1,0.0,-,0,0,0.000
1790427586,s5-vmess-ws,93651,27,909,909,186.9,705.6,927.3,0.0,-,0,0,0.000
1790427586,s6-trojan-grpc,102182,28,1016,1016,159.0,679.6,900.5,0.0,-,0,0,0.000
1790427586,s7-ss-tcp,106747,57,1079,1079,138.4,660.9,905.9,0.0,-,0,0,0.000
1790427586,s8-tuic,103686,32,1010,1010,160.2,678.4,902.3,0.0,-,0,0,0.000
1790427586,s9-anytls,80454,21,932,932,187.6,710.1,941.6,0.0,-,0,0,0.000
1790427586,s10-vless-xhttp,89271,23,962,962,178.4,681.2,923.4,0.0,-,0,0,0.000
1790427586,s11-http-proxy,87513,34,867,867,215.2,727.2,939.6,0.0,-,0,0,0.000
1790427586,s12-vmess-h3,90793,17,905,905,199.6,705.6,911.7,0.0,-,0,0,0.000
1790427586,__proc__,0,0,0,0,-,-,-,1226.4,28528,38442,2811583,5069.220
1790427616,s1-short,94430,38,1027,1027,189.0,703.8,936.7,0.0,-,0,0,0.000
1790427616,s2-long,7,4,0,0,36.5,112.7,112.7,0.0,-,0,0,0.000
1790427616,s3-quic,249967,0,331503,331503,3.2,116.8,526.5,0.0,-,0,0,0.000
1790427616,s4-mixed-kcp,33922,1,3906135,3906135,256.7,1676.8,2083.6,0.0,-,0,0,0.000
1790427616,s5-vmess-ws,94135,27,1016,1016,188.7,716.7,927.3,0.0,-,0,0,0.000
1790427616,s6-trojan-grpc,102712,28,1113,1113,159.7,679.6,900.1,0.0,-,0,0,0.000
1790427616,s7-ss-tcp,107289,57,1138,1138,147.6,670.1,905.9,0.0,-,0,0,0.000
1790427616,s8-tuic,104214,32,1109,1109,160.1,686.3,902.3,0.0,-,0,0,0.000
1790427616,s9-anytls,80944,21,1029,1029,188.5,714.7,941.6,0.0,-,0,0,0.000
1790427616,s10-vless-xhttp,89773,23,1054,1054,171.8,689.2,923.4,0.0,-,0,0,0.000
1790427616,s11-http-proxy,87958,34,934,934,207.4,722.7,939.6,0.0,-,0,0,0.000
1790427616,s12-vmess-h3,91265,17,991,991,200.4,706.4,911.7,0.0,-,0,0,0.000
1790427616,__proc__,0,0,0,0,-,-,-,1244.1,28168,38638,2824507,5096.223
1790427646,s1-short,94954,38,1100,1100,190.1,706.3,936.7,0.0,-,0,0,0.000
1790427646,s2-long,7,4,0,0,36.5,112.7,112.7,0.0,-,0,0,0.000
1790427646,s3-quic,251268,0,355260,355260,3.2,103.6,504.2,0.0,-,0,0,0.000
1790427646,s4-mixed-kcp,34112,1,4215510,4215510,256.0,1665.6,2083.6,0.0,-,0,0,0.000
1790427646,s5-vmess-ws,94662,27,1107,1107,189.9,713.5,927.3,0.0,-,0,0,0.000
1790427646,s6-trojan-grpc,103285,28,1203,1203,148.6,653.2,906.0,0.0,-,0,0,0.000
1790427646,s7-ss-tcp,107891,57,1264,1264,138.8,656.6,904.7,0.0,-,0,0,0.000
1790427646,s8-tuic,104788,32,1205,1205,149.4,666.0,903.4,0.0,-,0,0,0.000
1790427646,s9-anytls,81480,21,1126,1126,189.0,718.5,947.0,0.0,-,0,0,0.000
1790427646,s10-vless-xhttp,90302,23,1111,1111,175.6,687.1,926.3,0.0,-,0,0,0.000
1790427646,s11-http-proxy,88456,34,1046,1046,202.9,722.5,943.4,0.0,-,0,0,0.000
1790427646,s12-vmess-h3,91777,17,1075,1075,197.3,708.9,949.5,0.0,-,0,0,0.000
1790427646,__proc__,0,0,0,0,-,-,-,1251.3,28307,39092,2839031,5122.117
1790427676,s1-short,95426,38,991,991,186.0,717.2,938.7,0.0,-,0,0,0.000
1790427676,s2-long,7,4,0,0,36.5,112.7,112.7,0.0,-,0,0,0.000
1790427676,s3-quic,252455,0,324130,324130,3.2,103.5,483.9,0.0,-,0,0,0.000
1790427676,s4-mixed-kcp,34295,1,4077980,4077980,254.1,1658.3,2063.0,0.0,-,0,0,0.000
1790427676,s5-vmess-ws,95140,27,1004,1004,182.6,717.7,927.3,0.0,-,0,0,0.000
1790427676,s6-trojan-grpc,103805,28,1092,1092,153.9,682.3,909.4,0.0,-,0,0,0.000
1790427676,s7-ss-tcp,108423,57,1117,1117,133.9,665.3,889.4,0.0,-,0,0,0.000
1790427676,s8-tuic,105305,32,1086,1086,155.0,690.8,913.3,0.0,-,0,0,0.000
1790427676,s9-anytls,81951,21,989,989,185.5,730.8,949.4,0.0,-,0,0,0.000
1790427676,s10-vless-xhttp,90783,23,1010,1010,180.0,709.5,934.1,0.0,-,0,0,0.000
1790427676,s11-http-proxy,88904,34,941,941,204.2,746.0,943.4,0.0,-,0,0,0.000
1790427676,s12-vmess-h3,92237,17,966,966,188.1,723.6,955.3,0.0,-,0,0,0.000
1790427676,__proc__,0,0,0,0,-,-,-,1242.7,28310,38587,2852525,5149.460
1790427706,s1-short,95837,38,863,863,193.2,735.1,958.2,0.0,-,0,0,0.000
1790427706,s2-long,7,4,0,0,36.5,112.7,112.7,0.0,-,0,0,0.000
1790427706,s3-quic,253436,0,267878,267878,3.2,121.7,559.3,0.0,-,0,0,0.000
1790427706,s4-mixed-kcp,34460,1,3988152,3988152,258.7,1659.1,2066.7,0.0,-,0,0,0.000
1790427706,s5-vmess-ws,95547,27,855,855,192.6,726.1,957.9,0.0,-,0,0,0.000
1790427706,s6-trojan-grpc,104266,28,968,968,167.7,687.5,933.4,0.0,-,0,0,0.000
1790427706,s7-ss-tcp,108895,57,991,991,148.2,685.9,921.8,0.0,-,0,0,0.000
1790427706,s8-tuic,105752,32,939,939,167.6,695.8,933.1,0.0,-,0,0,0.000
1790427706,s9-anytls,82363,21,865,865,191.8,727.6,954.8,0.0,-,0,0,0.000
1790427706,s10-vless-xhttp,91215,23,907,907,180.2,704.5,944.1,0.0,-,0,0,0.000
1790427706,s11-http-proxy,89290,34,811,811,215.6,750.7,983.7,0.0,-,0,0,0.000
1790427706,s12-vmess-h3,92628,17,821,821,205.2,751.1,973.8,0.0,-,0,0,0.000
1790427706,__proc__,0,0,0,0,-,-,-,1236.5,27731,37034,2862957,5177.667
1790427736,s1-short,96363,38,1105,1105,193.5,719.8,956.3,0.0,-,0,0,0.000
1790427736,s2-long,7,4,0,0,36.5,112.7,112.7,0.0,-,0,0,0.000
1790427736,s3-quic,255064,0,444553,444553,3.2,106.6,515.2,0.0,-,0,0,0.000
1790427736,s4-mixed-kcp,34661,1,4086195,4086195,256.7,1655.8,2063.0,0.0,-,0,0,0.000
1790427736,s5-vmess-ws,96068,27,1094,1094,192.8,721.9,957.9,0.0,-,0,0,0.000
1790427736,s6-trojan-grpc,104838,28,1201,1201,159.1,673.2,929.7,0.0,-,0,0,0.000
1790427736,s7-ss-tcp,109498,57,1266,1266,145.5,669.6,889.4,0.0,-,0,0,0.000
1790427736,s8-tuic,106342,32,1239,1239,157.9,680.7,923.4,0.0,-,0,0,0.000
1790427736,s9-anytls,82903,21,1134,1134,190.9,720.4,954.8,0.0,-,0,0,0.000
1790427736,s10-vless-xhttp,91768,23,1161,1161,177.2,693.9,944.1,0.0,-,0,0,0.000
1790427736,s11-http-proxy,89799,34,1069,1069,208.4,734.3,983.7,0.0,-,0,0,0.000
1790427736,s12-vmess-h3,93144,17,1084,1084,202.0,732.8,973.2,0.0,-,0,0,0.000
1790427736,__proc__,0,0,0,0,-,-,-,1236.8,27982,38789,2881817,5204.484
1790427766,s1-short,96894,38,1115,1115,191.5,716.8,958.3,0.0,-,0,0,0.000
1790427766,s2-long,7,4,0,0,36.5,112.7,112.7,0.0,-,0,0,0.000
1790427766,s3-quic,256543,0,403866,403866,3.1,92.0,468.8,0.0,-,0,0,0.000
1790427766,s4-mixed-kcp,34860,1,4211475,4211475,257.6,1654.2,2055.6,0.0,-,0,0,0.000
1790427766,s5-vmess-ws,96604,27,1126,1126,189.1,720.5,962.0,0.0,-,0,0,0.000
1790427766,s6-trojan-grpc,105420,28,1222,1222,145.1,658.9,888.5,0.0,-,0,0,0.000
1790427766,s7-ss-tcp,110100,57,1264,1264,132.4,658.6,871.9,0.0,-,0,0,0.000
1790427766,s8-tuic,106925,32,1224,1224,145.0,667.6,877.0,0.0,-,0,0,0.000
1790427766,s9-anytls,83439,21,1126,1126,189.8,717.1,958.4,0.0,-,0,0,0.000
1790427766,s10-vless-xhttp,92314,23,1147,1147,179.5,702.4,944.6,0.0,-,0,0,0.000
1790427766,s11-http-proxy,90298,34,1048,1048,202.7,734.6,978.6,0.0,-,0,0,0.000
1790427766,s12-vmess-h3,93662,17,1088,1088,195.6,723.6,969.9,0.0,-,0,0,0.000
1790427766,__proc__,0,0,0,0,-,-,-,1235.4,28151,39105,2898500,5231.312
1790427796,s1-short,97340,38,937,937,188.8,718.2,948.1,0.0,-,0,0,0.000
1790427796,s2-long,7,4,0,0,36.5,112.7,112.7,0.0,-,0,0,0.000
1790427796,s3-quic,257597,0,287812,287812,3.1,84.3,464.3,0.0,-,0,0,0.000
1790427796,s4-mixed-kcp,35025,1,4093241,4093241,258.8,1653.3,2081.5,0.0,-,0,0,0.000
1790427796,s5-vmess-ws,97045,27,926,926,189.1,722.0,937.8,0.0,-,0,0,0.000
1790427796,s6-trojan-grpc,105909,28,1027,1027,162.3,698.8,928.2,0.0,-,0,0,0.000
1790427796,s7-ss-tcp,110610,57,1071,1071,138.4,668.1,892.4,0.0,-,0,0,0.000
1790427796,s8-tuic,107420,32,1040,1040,161.4,697.6,928.3,0.0,-,0,0,0.000
1790427796,s9-anytls,83882,21,930,930,188.5,719.0,925.0,0.0,-,0,0,0.000
1790427796,s10-vless-xhttp,92776,23,970,970,182.7,709.2,932.2,0.0,-,0,0,0.000
1790427796,s11-http-proxy,90715,34,876,876,218.2,752.9,1001.5,0.0,-,0,0,0.000
1790427796,s12-vmess-h3,94093,17,905,905,200.4,727.3,973.1,0.0,-,0,0,0.000
1790427796,__proc__,0,0,0,0,-,-,-,1218.8,28279,38257,2910239,5257.914
1790427826,s1-short,97817,38,1002,1002,195.1,718.0,952.8,0.0,-,0,0,0.000
1790427826,s2-long,7,4,0,0,36.5,112.7,112.7,0.0,-,0,0,0.000
1790427826,s3-quic,259053,0,397585,397585,3.1,97.6,517.2,0.0,-,0,0,0.000
1790427826,s4-mixed-kcp,35203,1,3621817,3621817,261.2,1653.3,2082.6,0.0,-,0,0,0.000
1790427826,s5-vmess-ws,97514,27,985,985,197.5,715.9,942.6,0.0,-,0,0,0.000
1790427826,s6-trojan-grpc,106431,28,1096,1096,162.0,680.6,911.1,0.0,-,0,0,0.000
1790427826,s7-ss-tcp,111141,57,1115,1115,146.6,673.6,888.7,0.0,-,0,0,0.000
1790427826,s8-tuic,107936,32,1084,1084,161.5,690.6,921.0,0.0,-,0,0,0.000
1790427826,s9-anytls,84356,21,995,995,195.2,717.1,925.8,0.0,-,0,0,0.000
1790427826,s10-vless-xhttp,93268,23,1033,1033,175.5,692.7,922.1,0.0,-,0,0,0.000
1790427826,s11-http-proxy,91164,34,943,943,215.9,746.0,978.6,0.0,-,0,0,0.000
1790427826,s12-vmess-h3,94553,17,966,966,211.9,737.6,973.1,0.0,-,0,0,0.000
1790427826,__proc__,0,0,0,0,-,-,-,1235.0,27752,38004,2926875,5285.355
1790427856,s1-short,98325,38,1067,1067,196.8,730.6,955.8,0.0,-,0,0,0.000
1790427856,s2-long,7,4,0,0,36.5,112.7,112.7,0.0,-,0,0,0.000
1790427856,s3-quic,260661,0,439091,439091,3.1,91.2,499.0,0.0,-,0,0,0.000
1790427856,s4-mixed-kcp,35399,1,4158914,4158914,259.2,1651.2,2086.0,0.0,-,0,0,0.000
1790427856,s5-vmess-ws,98027,27,1077,1077,196.8,722.2,942.6,0.0,-,0,0,0.000
1790427856,s6-trojan-grpc,106991,28,1176,1176,151.0,680.6,928.6,0.0,-,0,0,0.000
1790427856,s7-ss-tcp,111728,57,1233,1233,141.6,668.7,916.5,0.0,-,0,0,0.000
1790427856,s8-tuic,108485,32,1153,1153,149.9,690.8,933.2,0.0,-,0,0,0.000
1790427856,s9-anytls,84869,21,1077,1077,194.6,726.8,940.4,0.0,-,0,0,0.000
1790427856,s10-vless-xhttp,93797,23,1111,1111,177.5,709.2,934.3,0.0,-,0,0,0.000
1790427856,s11-http-proxy,91651,34,1023,1023,209.1,741.5,982.1,0.0,-,0,0,0.000
1790427856,s12-vmess-h3,95054,17,1052,1052,203.7,733.4,975.4,0.0,-,0,0,0.000
1790427856,__proc__,0,0,0,0,-,-,-,1234.7,28189,38725,2945739,5311.633
1790427886,s1-short,98800,38,998,998,196.8,742.6,958.3,0.0,-,0,0,0.000
1790427886,s2-long,7,4,0,0,36.5,112.7,112.7,0.0,-,0,0,0.000
1790427886,s3-quic,261921,0,344064,344064,3.1,87.9,484.2,0.0,-,0,0,0.000
1790427886,s4-mixed-kcp,35574,1,4190098,4190098,258.2,1651.2,2121.1,0.0,-,0,0,0.000
1790427886,s5-vmess-ws,98493,27,979,979,196.0,731.8,942.9,0.0,-,0,0,0.000
1790427886,s6-trojan-grpc,107517,28,1105,1105,147.3,678.6,929.7,0.0,-,0,0,0.000
1790427886,s7-ss-tcp,112261,57,1119,1119,130.1,643.4,915.3,0.0,-,0,0,0.000
1790427886,s8-tuic,109032,32,1149,1149,144.0,689.8,934.7,0.0,-,0,0,0.000
1790427886,s9-anytls,85347,21,1004,1004,197.2,731.7,940.4,0.0,-,0,0,0.000
1790427886,s10-vless-xhttp,94295,23,1046,1046,182.4,727.2,934.3,0.0,-,0,0,0.000
1790427886,s11-http-proxy,92101,34,945,945,205.4,749.0,977.0,0.0,-,0,0,0.000
1790427886,s12-vmess-h3,95511,17,960,960,200.5,744.6,983.7,0.0,-,0,0,0.000
1790427886,__proc__,0,0,0,0,-,-,-,1228.6,28223,38314,2960185,5338.949
1790427916,s1-short,99211,38,863,863,197.0,743.6,958.3,0.0,-,0,0,0.000
1790427916,s2-long,7,4,0,0,36.5,112.7,112.7,0.0,-,0,0,0.000
1790427916,s3-quic,262857,0,255590,255590,3.2,111.6,530.1,0.0,-,0,0,0.000
1790427916,s4-mixed-kcp,35736,1,4049113,4049113,260.2,1655.8,2121.1,0.0,-,0,0,0.000
1790427916,s5-vmess-ws,98904,27,863,863,197.7,727.9,953.9,0.0,-,0,0,0.000
1790427916,s6-trojan-grpc,107966,28,943,943,164.5,689.4,929.2,0.0,-,0,0,0.000
1790427916,s7-ss-tcp,112730,57,985,985,149.6,663.4,919.9,0.0,-,0,0,0.000
1790427916,s8-tuic,109482,32,945,945,163.8,696.2,935.4,0.0,-,0,0,0.000
1790427916,s9-anytls,85762,21,872,872,195.9,703.8,950.6,0.0,-,0,0,0.000
1790427916,s10-vless-xhttp,94732,23,918,918,177.1,684.5,934.3,0.0,-,0,0,0.000
1790427916,s11-http-proxy,92485,34,806,806,216.1,761.3,977.0,0.0,-,0,0,0.000
1790427916,s12-vmess-h3,95915,17,848,848,211.9,757.0,983.7,0.0,-,0,0,0.000
1790427916,__proc__,0,0,0,0,-,-,-,1220.8,27707,37176,2969925,5365.618
1790427946,s1-short,99765,38,1163,1163,193.8,719.8,955.8,0.0,-,0,0,0.000
1790427946,s2-long,7,4,0,0,36.5,112.7,112.7,0.0,-,0,0,0.000
1790427946,s3-quic,264659,0,492066,492066,3.2,92.5,504.3,0.0,-,0,0,0.000
1790427946,s4-mixed-kcp,35934,1,4117560,4117560,259.8,1652.1,2086.0,0.0,-,0,0,0.000
1790427946,s5-vmess-ws,99455,27,1157,1157,196.7,705.4,953.9,0.0,-,0,0,0.000
1790427946,s6-trojan-grpc,108576,28,1281,1281,153.6,666.0,917.4,0.0,-,0,0,0.000
1790427946,s7-ss-tcp,113366,57,1336,1336,143.8,641.5,906.5,0.0,-,0,0,0.000
1790427946,s8-tuic,110088,32,1273,1273,151.0,661.1,914.8,0.0,-,0,0,0.000
1790427946,s9-anytls,86326,21,1184,1184,192.9,702.3,940.2,0.0,-,0,0,0.000
1790427946,s10-vless-xhttp,95302,23,1197,1197,168.9,660.5,923.7,0.0,-,0,0,0.000
1790427946,s11-http-proxy,93003,34,1088,1088,209.0,741.1,977.0,0.0,-,0,0,0.000
1790427946,s12-vmess-h3,96444,17,1111,1111,206.2,735.1,982.8,0.0,-,0,0,0.000
1790427946,__proc__,0,0,0,0,-,-,-,1224.6,28363,39266,2991224,5392.089
1790427976,s1-short,100262,38,1044,1044,193.9,702.2,948.1,0.0,-,0,0,0.000
1790427976,s2-long,7,4,0,0,36.5,112.7,112.7,0.0,-,0,0,0.000
1790427976,s3-quic,265932,0,347614,347614,3.2,97.1,475.7,0.0,-,0,0,0.000
1790427976,s4-mixed-kcp,36117,1,4336082,4336082,259.6,1638.8,2082.6,0.0,-,0,0,0.000
1790427976,s5-vmess-ws,99947,27,1033,1033,194.3,696.5,941.0,0.0,-,0,0,0.000
1790427976,s6-trojan-grpc,109125,28,1153,1153,142.6,652.1,915.0,0.0,-,0,0,0.000
1790427976,s7-ss-tcp,113934,57,1193,1193,136.5,633.4,906.3,0.0,-,0,0,0.000
1790427976,s8-tuic,110628,32,1134,1134,139.8,645.9,918.5,0.0,-,0,0,0.000
1790427976,s9-anytls,86825,21,1048,1048,195.1,690.3,935.4,0.0,-,0,0,0.000
1790427976,s10-vless-xhttp,95820,23,1088,1088,174.2,672.8,929.4,0.0,-,0,0,0.000
1790427976,s11-http-proxy,93467,34,974,974,200.4,737.7,949.3,0.0,-,0,0,0.000
1790427976,s12-vmess-h3,96924,17,1008,1008,201.4,715.8,948.2,0.0,-,0,0,0.000
1790427976,__proc__,0,0,0,0,-,-,-,1216.3,28492,38937,3005327,5419.484
1790428006,s1-short,100719,38,960,960,188.8,715.0,955.8,0.0,-,0,0,0.000
1790428006,s2-long,7,4,0,0,36.5,112.7,112.7,0.0,-,0,0,0.000
1790428006,s3-quic,266892,0,262144,262144,3.2,103.0,477.9,0.0,-,0,0,0.000
1790428006,s4-mixed-kcp,36289,1,3921842,3921842,262.2,1631.2,2091.0,0.0,-,0,0,0.000
1790428006,s5-vmess-ws,100404,27,960,960,189.5,709.5,942.6,0.0,-,0,0,0.000
1790428006,s6-trojan-grpc,109617,28,1033,1033,160.2,693.7,929.8,0.0,-,0,0,0.000
1790428006,s7-ss-tcp,114435,57,1052,1052,143.6,652.2,942.0,0.0,-,0,0,0.000
1790428006,s8-tuic,111123,32,1040,1040,160.3,712.6,945.0,0.0,-,0,0,0.000
1790428006,s9-anytls,87283,21,962,962,190.1,724.6,955.4,0.0,-,0,0,0.000
1790428006,s10-vless-xhttp,96289,23,985,985,180.2,677.1,933.3,0.0,-,0,0,0.000
1790428006,s11-http-proxy,93891,34,890,890,212.0,753.8,956.9,0.0,-,0,0,0.000
1790428006,s12-vmess-h3,97362,17,920,920,200.4,737.9,975.4,0.0,-,0,0,0.000
1790428006,__proc__,0,0,0,0,-,-,-,1207.5,28295,38327,3015526,5447.943
1790428036,s1-short,101178,38,964,964,193.7,694.9,956.0,0.0,-,0,0,0.000
1790428036,s2-long,7,4,0,0,36.5,112.7,112.7,0.0,-,0,0,0.000
1790428036,s3-quic,268161,0,346522,346522,3.2,114.9,531.4,0.0,-,0,0,0.000
1790428036,s4-mixed-kcp,36466,1,3827970,3827970,263.5,1632.2,2081.8,0.0,-,0,0,0.000
1790428036,s5-vmess-ws,100858,27,953,953,197.3,701.9,942.6,0.0,-,0,0,0.000
1790428036,s6-trojan-grpc,110113,28,1042,1042,162.6,656.5,921.4,0.0,-,0,0,0.000
1790428036,s7-ss-tcp,114960,57,1102,1102,152.4,646.3,931.1,0.0,-,0,0,0.000
1790428036,s8-tuic,111626,32,1056,1056,162.5,654.8,932.3,0.0,-,0,0,0.000
1790428036,s9-anytls,87731,21,941,941,192.9,709.6,955.8,0.0,-,0,0,0.000
1790428036,s10-vless-xhttp,96763,23,995,995,171.4,643.8,918.6,0.0,-,0,0,0.000
1790428036,s11-http-proxy,94325,34,911,911,213.2,754.3,949.6,0.0,-,0,0,0.000
1790428036,s12-vmess-h3,97805,17,930,930,208.9,743.4,975.4,0.0,-,0,0,0.000
1790428036,__proc__,0,0,0,0,-,-,-,1226.1,27851,37831,3029822,5474.656
1790428066,s1-short,101734,38,1168,1168,191.9,670.1,946.2,0.0,-,0,0,0.000
1790428066,s2-long,7,4,0,0,36.5,112.7,112.7,0.0,-,0,0,0.000
1790428066,s3-quic,269776,0,441003,441003,3.2,102.2,500.6,0.0,-,0,0,0.000
1790428066,s4-mixed-kcp,36669,1,4626752,4626752,264.5,1631.2,2086.0,0.0,-,0,0,0.000
1790428066,s5-vmess-ws,101409,27,1157,1157,194.8,672.8,927.4,0.0,-,0,0,0.000
1790428066,s6-trojan-grpc,110715,28,1264,1264,149.0,623.8,893.3,0.0,-,0,0,0.000
1790428066,s7-ss-tcp,115579,57,1300,1300,143.8,622.2,906.0,0.0,-,0,0,0.000
1790428066,s8-tuic,112245,32,1300,1300,149.0,625.9,901.8,0.0,-,0,0,0.000
1790428066,s9-anytls,88289,21,1172,1172,190.6,676.0,933.0,0.0,-,0,0,0.000
1790428066,s10-vless-xhttp,97333,23,1197,1197,170.7,635.8,923.3,0.0,-,0,0,0.000
1790428066,s11-http-proxy,94838,34,1077,1077,202.1,736.3,943.1,0.0,-,0,0,0.000
1790428066,s12-vmess-h3,98343,17,1130,1130,200.9,714.5,941.4,0.0,-,0,0,0.000
1790428066,__proc__,0,0,0,0,-,-,-,1233.2,28279,39413,3048361,5501.387
1790428096,s1-short,102209,38,998,998,194.0,689.0,886.3,0.0,-,0,0,0.000
1790428096,s2-long,7,4,0,0,36.5,112.7,112.7,0.0,-,0,0,0.000
1790428096,s3-quic,270996,0,333141,333141,3.2,95.4,485.1,0.0,-,0,0,0.000
1790428096,s4-mixed-kcp,36848,1,4353447,4353447,262.4,1630.5,2081.8,0.0,-,0,0,0.000
1790428096,s5-vmess-ws,101879,27,987,987,196.0,704.4,885.5,0.0,-,0,0,0.000
1790428096,s6-trojan-grpc,111229,28,1079,1079,148.4,653.8,891.4,0.0,-,0,0,0.000
1790428096,s7-ss-tcp,116119,57,1134,1134,133.6,640.6,900.4,0.0,-,0,0,0.000
1790428096,s8-tuic,112765,32,1092,1092,145.8,636.7,872.1,0.0,-,0,0,0.000
1790428096,s9-anytls,88752,21,972,972,194.8,701.2,886.2,0.0,-,0,0,0.000
1790428096,s10-vless-xhttp,97827,23,1037,1037,178.8,661.2,871.9,0.0,-,0,0,0.000
1790428096,s11-http-proxy,95285,34,939,939,206.6,745.8,923.8,0.0,-,0,0,0.000
1790428096,s12-vmess-h3,98796,17,951,951,197.4,720.5,897.8,0.0,-,0,0,0.000
1790428096,__proc__,0,0,0,0,-,-,-,1225.8,28172,38441,3062161,5528.901
1790428126,s1-short,102626,38,876,876,192.0,689.9,904.2,0.0,-,0,0,0.000
1790428126,s2-long,7,4,0,0,36.5,112.7,112.7,0.0,-,0,0,0.000
1790428126,s3-quic,272174,0,321673,321673,3.1,103.5,502.2,0.0,-,0,0,0.000
1790428126,s4-mixed-kcp,37018,1,3747503,3747503,262.0,1620.0,2086.0,0.0,-,0,0,0.000
1790428126,s5-vmess-ws,102293,27,869,869,197.4,695.6,885.5,0.0,-,0,0,0.000
1790428126,s6-trojan-grpc,111694,28,976,976,166.4,676.8,895.3,0.0,-,0,0,0.000
1790428126,s7-ss-tcp,116598,57,1006,1006,148.2,661.2,906.0,0.0,-,0,0,0.000
1790428126,s8-tuic,113226,32,968,968,166.2,678.5,910.6,0.0,-,0,0,0.000
1790428126,s9-anytls,89168,21,874,874,191.8,702.1,910.5,0.0,-,0,0,0.000
1790428126,s10-vless-xhttp,98270,23,930,930,178.3,658.3,889.2,0.0,-,0,0,0.000
1790428126,s11-http-proxy,95685,34,840,840,221.4,752.8,928.8,0.0,-,0,0,0.000
1790428126,s12-vmess-h3,99196,17,840,840,210.5,720.5,907.2,0.0,-,0,0,0.000
1790428126,__proc__,0,0,0,0,-,-,-,1220.9,28012,37555,3074469,5556.411
1790428156,s1-short,103170,38,1142,1142,193.8,696.0,904.2,0.0,-,0,0,0.000
1790428156,s2-long,7,4,0,0,36.5,112.7,112.7,0.0,-,0,0,0.000
1790428156,s3-quic,273812,0,447283,447283,3.1,101.4,507.5,0.0,-,0,0,0.000
1790428156,s4-mixed-kcp,37213,1,4324120,4324120,264.1,1620.0,2086.0,0.0,-,0,0,0.000
1790428156,s5-vmess-ws,102840,27,1149,1149,197.5,704.2,885.5,0.0,-,0,0,0.000
1790428156,s6-trojan-grpc,112284,28,1239,1239,154.6,656.6,868.3,0.0,-,0,0,0.000
1790428156,s7-ss-tcp,117196,57,1256,1256,148.3,655.6,893.5,0.0,-,0,0,0.000
1790428156,s8-tuic,113825,32,1258,1258,153.8,644.6,893.0,0.0,-,0,0,0.000
1790428156,s9-anytls,89716,21,1151,1151,193.0,709.8,910.5,0.0,-,0,0,0.000
1790428156,s10-vless-xhttp,98819,23,1153,1153,171.3,650.6,867.9,0.0,-,0,0,0.000
1790428156,s11-http-proxy,96174,34,1027,1027,217.8,737.2,902.8,0.0,-,0,0,0.000
1790428156,s12-vmess-h3,99717,17,1094,1094,211.9,709.7,871.8,0.0,-,0,0,0.000
1790428156,__proc__,0,0,0,0,-,-,-,1217.6,28174,39084,3092943,5584.101
1790428186,s1-short,103688,38,1088,1088,193.2,700.8,919.6,0.0,-,0,0,0.000
1790428186,s2-long,7,4,0,0,36.5,112.7,112.7,0.0,-,0,0,0.000
1790428186,s3-quic,275282,0,401408,401408,3.2,87.1,473.7,0.0,-,0,0,0.000
1790428186,s4-mixed-kcp,37408,1,4219071,4219071,263.5,1620.0,2082.6,0.0,-,0,0,0.000
1790428186,s5-vmess-ws,103361,27,1094,1094,194.3,704.4,905.0,0.0,-,0,0,0.000
1790428186,s6-trojan-grpc,112860,28,1210,1210,139.4,649.6,878.1,0.0,-,0,0,0.000
1790428186,s7-ss-tcp,117796,57,1260,1260,133.5,649.7,903.2,0.0,-,0,0,0.000
1790428186,s8-tuic,114423,32,1256,1256,137.8,649.8,904.7,0.0,-,0,0,0.000
1790428186,s9-anytls,90241,21,1102,1102,190.6,708.6,921.7,0.0,-,0,0,0.000
1790428186,s10-vless-xhttp,99360,23,1136,1136,171.9,664.3,910.4,0.0,-,0,0,0.000
1790428186,s11-http-proxy,96657,34,1014,1014,201.4,738.0,922.6,0.0,-,0,0,0.000
1790428186,s12-vmess-h3,100235,17,1088,1088,201.9,701.3,880.8,0.0,-,0,0,0.000
1790428186,__proc__,0,0,0,0,-,-,-,1221.8,28351,39345,3109307,5610.709
1790428216,s1-short,104083,38,830,830,193.2,708.8,929.9,0.0,-,0,0,0.000
1790428216,s2-long,7,4,0,0,36.5,112.7,112.7,0.0,-,0,0,0.000
1790428216,s3-quic,276103,0,224188,224188,3.3,99.1,483.5,0.0,-,0,0,0.000
1790428216,s4-mixed-kcp,37561,1,3700559,3700559,262.7,1619.7,2086.0,0.0,-,0,0,0.000
1790428216,s5-vmess-ws,103746,27,808,808,195.1,705.0,909.1,0.0,-,0,0,0.000
1790428216,s6-trojan-grpc,113283,28,888,888,159.4,689.8,914.6,0.0,-,0,0,0.000
1790428216,s7-ss-tcp,118230,57,911,911,142.5,675.6,926.8,0.0,-,0,0,0.000
1790428216,s8-tuic,114848,32,892,892,154.6,684.5,923.1,0.0,-,0,0,0.000
1790428216,s9-anytls,90633,21,823,823,191.8,709.8,919.2,0.0,-,0,0,0.000
1790428216,s10-vless-xhttp,99768,23,857,857,179.8,683.2,927.1,0.0,-,0,0,0.000
1790428216,s11-http-proxy,97017,34,756,756,227.5,746.0,928.8,0.0,-,0,0,0.000
1790428216,s12-vmess-h3,100608,17,783,783,211.7,711.6,914.3,0.0,-,0,0,0.000
1790428216,__proc__,0,0,0,0,-,-,-,1214.8,28101,37388,3117206,5637.699
1790428246,s1-short,104613,38,1113,1113,192.3,685.7,903.7,0.0,-,0,0,0.000
1790428246,s2-long,7,4,0,0,36.5,112.7,112.7,0.0,-,0,0,0.000
1790428246,s3-quic,277733,0,445099,445099,3.3,98.1,507.9,0.0,-,0,0,0.000
1790428246,s4-mixed-kcp,37742,1,4204267,4204267,264.5,1628.5,2082.6,0.0,-,0,0,0.000
1790428246,s5-vmess-ws,104269,27,1098,1098,194.7,687.9,909.1,0.0,-,0,0,0.000
1790428246,s6-trojan-grpc,113855,28,1201,1201,155.7,655.7,891.5,0.0,-,0,0,0.000
1790428246,s7-ss-tcp,118824,57,1247,1247,142.8,640.6,893.5,0.0,-,0,0,0.000
1790428246,s8-tuic,115417,32,1195,1195,155.7,657.2,895.2,0.0,-,0,0,0.000
1790428246,s9-anytls,91151,21,1088,1088,195.3,681.2,917.2,0.0,-,0,0,0.000
1790428246,s10-vless-xhttp,100315,23,1149,1149,171.3,647.5,905.6,0.0,-,0,0,0.000
1790428246,s11-http-proxy,97513,34,1042,1042,217.9,729.2,916.7,0.0,-,0,0,0.000
1790428246,s12-vmess-h3,101116,17,1067,1067,211.3,701.6,891.9,0.0,-,0,0,0.000
1790428246,__proc__,0,0,0,0,-,-,-,1265.3,27880,38569,3135851,5663.640
1790428276,s1-short,105142,38,1111,1111,194.7,685.7,905.4,0.0,-,0,0,0.000
1790428276,s2-long,7,4,0,0,36.5,112.7,112.7,0.0,-,0,0,0.000
1790428276,s3-quic,279387,0,451652,451652,3.2,91.7,482.0,0.0,-,0,0,0.000
1790428276,s4-mixed-kcp,37940,1,4318004,4318004,262.7,1617.8,2081.8,0.0,-,0,0,0.000
1790428276,s5-vmess-ws,104792,27,1098,1098,198.7,680.1,880.8,0.0,-,0,0,0.000
1790428276,s6-trojan-grpc,114431,28,1210,1210,140.9,637.4,880.5,0.0,-,0,0,0.000
1790428276,s7-ss-tcp,119430,57,1273,1273,136.4,634.1,891.1,0.0,-,0,0,0.000
1790428276,s8-tuic,116005,32,1235,1235,139.9,636.8,891.4,0.0,-,0,0,0.000
1790428276,s9-anytls,91684,21,1119,1119,198.1,670.9,878.9,0.0,-,0,0,0.000
1790428276,s10-vless-xhttp,100863,23,1151,1151,167.4,643.5,909.9,0.0,-,0,0,0.000
1790428276,s11-http-proxy,98011,34,1046,1046,209.4,708.8,902.8,0.0,-,0,0,0.000
1790428276,s12-vmess-h3,101626,17,1071,1071,208.7,677.0,880.8,0.0,-,0,0,0.000
1790428276,__proc__,0,0,0,0,-,-,-,1267.3,28147,39006,3155485,5689.875
1790428306,s1-short,105641,38,1048,1048,194.9,710.5,919.6,0.0,-,0,0,0.000
1790428306,s2-long,7,4,0,0,36.5,112.7,112.7,0.0,-,0,0,0.000
1790428306,s3-quic,280645,0,343518,343518,3.1,87.9,466.8,0.0,-,0,0,0.000
1790428306,s4-mixed-kcp,38129,1,4284349,4284349,260.3,1619.7,2081.8,0.0,-,0,0,0.000
1790428306,s5-vmess-ws,105294,27,1054,1054,195.9,698.2,922.9,0.0,-,0,0,0.000
1790428306,s6-trojan-grpc,114989,28,1172,1172,145.3,638.7,894.0,0.0,-,0,0,0.000
1790428306,s7-ss-tcp,120015,57,1228,1228,127.4,619.2,903.7,0.0,-,0,0,0.000
1790428306,s8-tuic,116575,32,1197,1197,137.3,620.2,903.8,0.0,-,0,0,0.000
1790428306,s9-anytls,92192,21,1067,1067,198.0,702.1,897.5,0.0,-,0,0,0.000
1790428306,s10-vless-xhttp,101384,23,1094,1094,178.5,673.0,920.5,0.0,-,0,0,0.000
1790428306,s11-http-proxy,98475,34,974,974,207.9,715.7,922.6,0.0,-,0,0,0.000
1790428306,s12-vmess-h3,102108,17,1012,1012,204.3,684.3,902.7,0.0,-,0,0,0.000
1790428306,__proc__,0,0,0,0,-,-,-,1258.1,28352,39008,3169829,5717.579
1790428336,s1-short,106084,38,930,930,191.4,665.8,942.2,0.0,-,0,0,0.000
1790428336,s2-long,7,4,0,0,36.5,112.7,112.7,0.0,-,0,0,0.000
1790428336,s3-quic,281718,0,293001,293001,3.1,105.2,499.3,0.0,-,0,0,0.000
1790428336,s4-mixed-kcp,38295,1,3592665,3592665,259.6,1620.0,2086.0,0.0,-,0,0,0.000
1790428336,s5-vmess-ws,105731,27,918,918,193.3,665.7,933.1,0.0,-,0,0,0.000
1790428336,s6-trojan-grpc,115473,28,1016,1016,158.9,643.1,900.5,0.0,-,0,0,0.000
1790428336,s7-ss-tcp,120516,57,1052,1052,139.4,630.0,916.4,0.0,-,0,0,0.000
1790428336,s8-tuic,117059,32,1016,1016,147.8,639.8,917.2,0.0,-,0,0,0.000
1790428336,s9-anytls,92644,21,949,949,190.7,655.8,924.4,0.0,-,0,0,0.000
1790428336,s10-vless-xhttp,101845,23,968,968,172.8,636.2,928.8,0.0,-,0,0,0.000
1790428336,s11-http-proxy,98871,34,832,832,221.0,727.3,942.8,0.0,-,0,0,0.000
1790428336,s12-vmess-h3,102535,17,897,897,212.4,681.9,943.3,0.0,-,0,0,0.000
1790428336,__proc__,0,0,0,0,-,-,-,1248.0,28123,38025,3181488,5744.665
1790428366,s1-short,106617,38,1119,1119,191.2,660.9,942.2,0.0,-,0,0,0.000
1790428366,s2-long,7,4,0,0,36.5,112.7,112.7,0.0,-,0,0,0.000
1790428366,s3-quic,283341,0,443187,443187,3.2,98.7,507.1,0.0,-,0,0,0.000
1790428366,s4-mixed-kcp,38490,1,4237297,4237297,260.2,1627.7,2099.4,0.0,-,0,0,0.000
1790428366,s5-vmess-ws,106265,27,1121,1121,193.5,664.2,933.1,0.0,-,0,0,0.000
1790428366,s6-trojan-grpc,116061,28,1235,1235,153.8,622.5,894.0,0.0,-,0,0,0.000
1790428366,s7-ss-tcp,121137,57,1304,1304,136.0,614.4,916.4,0.0,-,0,0,0.000
1790428366,s8-tuic,117649,32,1239,1239,144.8,629.0,910.8,0.0,-,0,0,0.000
1790428366,s9-anytls,93176,21,1117,1117,190.3,649.6,909.8,0.0,-,0,0,0.000
1790428366,s10-vless-xhttp,102403,23,1172,1172,164.4,624.1,926.7,0.0,-,0,0,0.000
1790428366,s11-http-proxy,99364,34,1035,1035,211.0,683.9,942.8,0.0,-,0,0,0.000
1790428366,s12-vmess-h3,103050,17,1082,1082,212.7,666.8,947.9,0.0,-,0,0,0.000
1790428366,__proc__,0,0,0,0,-,-,-,1260.0,28567,39509,3200547,5772.087
1790428396,s1-short,107101,38,1016,1016,193.6,669.0,965.9,0.0,-,0,0,0.000
1790428396,s2-long,7,4,0,0,36.5,112.7,112.7,0.0,-,0,0,0.000
1790428396,s3-quic,284515,0,320580,320580,3.2,93.1,487.0,0.0,-,0,0,0.000
1790428396,s4-mixed-kcp,38666,1,3931143,3931143,259.6,1630.5,2108.0,0.0,-,0,0,0.000
1790428396,s5-vmess-ws,106745,27,1008,1008,196.0,672.0,945.7,0.0,-,0,0,0.000
1790428396,s6-trojan-grpc,116580,28,1090,1090,139.2,609.8,902.1,0.0,-,0,0,0.000
1790428396,s7-ss-tcp,121680,57,1140,1140,131.8,601.6,914.1,0.0,-,0,0,0.000
1790428396,s8-tuic,118172,32,1098,1098,134.8,610.0,918.3,0.0,-,0,0,0.000
1790428396,s9-anytls,93658,21,1012,1012,193.7,658.7,930.1,0.0,-,0,0,0.000
1790428396,s10-vless-xhttp,102897,23,1037,1037,167.7,634.9,941.8,0.0,-,0,0,0.000
1790428396,s11-http-proxy,99802,34,920,920,205.8,689.4,981.0,0.0,-,0,0,0.000
1790428396,s12-vmess-h3,103505,17,956,956,206.4,668.3,955.3,0.0,-,0,0,0.000
1790428396,__proc__,0,0,0,0,-,-,-,1249.5,28184,38391,3213955,5799.330
1790428426,s1-short,107482,38,800,800,196.1,698.1,965.9,0.0,-,0,0,0.000
1790428426,s2-long,7,4,0,0,36.5,112.7,112.7,0.0,-,0,0,0.000
1790428426,s3-quic,285113,0,163294,163294,3.2,139.7,544.6,0.0,-,0,0,0.000
1790428426,s4-mixed-kcp,38827,1,4129776,4129776,259.9,1626.2,2111.4,0.0,-,0,0,0.000
1790428426,s5-vmess-ws,107123,27,794,794,196.2,692.0,953.7,0.0,-,0,0,0.000
1790428426,s6-trojan-grpc,116998,28,878,878,172.7,657.3,920.3,0.0,-,0,0,0.000
1790428426,s7-ss-tcp,122119,57,922,922,148.5,636.2,924.5,0.0,-,0,0,0.000
1790428426,s8-tuic,118585,32,867,867,169.1,675.8,933.2,0.0,-,0,0,0.000
1790428426,s9-anytls,94039,21,800,800,195.6,682.4,939.5,0.0,-,0,0,0.000
1790428426,s10-vless-xhttp,103299,23,844,844,184.1,683.3,943.3,0.0,-,0,0,0.000
1790428426,s11-http-proxy,100158,34,748,748,227.5,743.5,1027.5,0.0,-,0,0,0.000
1790428426,s12-vmess-h3,103873,17,773,773,215.2,706.8,971.8,0.0,-,0,0,0.000
1790428426,__proc__,0,0,0,0,-,-,-,1226.8,28103,37172,3219083,5828.469
1790428456,s1-short,108042,38,1176,1176,195.9,674.6,965.9,0.0,-,0,0,0.000
1790428456,s2-long,7,4,0,0,36.5,112.7,112.7,0.0,-,0,0,0.000
1790428456,s3-quic,287051,0,529203,529203,3.2,115.4,524.8,0.0,-,0,0,0.000
1790428456,s4-mixed-kcp,39019,1,4025246,4025246,258.2,1619.7,2111.4,0.0,-,0,0,0.000
1790428456,s5-vmess-ws,107677,27,1163,1163,199.3,679.2,953.7,0.0,-,0,0,0.000
1790428456,s6-trojan-grpc,117615,28,1296,1296,159.2,637.4,899.8,0.0,-,0,0,0.000
1790428456,s7-ss-tcp,122754,57,1334,1334,140.2,618.9,913.3,0.0,-,0,0,0.000
1790428456,s8-tuic,119203,32,1298,1298,154.9,644.6,919.7,0.0,-,0,0,0.000
1790428456,s9-anytls,94599,21,1176,1176,194.4,659.7,929.6,0.0,-,0,0,0.000
1790428456,s10-vless-xhttp,103866,23,1191,1191,171.5,644.2,921.7,0.0,-,0,0,0.000
1790428456,s11-http-proxy,100692,34,1121,1121,214.8,722.9,996.3,0.0,-,0,0,0.000
1790428456,s12-vmess-h3,104418,17,1144,1144,212.0,685.8,959.4,0.0,-,0,0,0.000
1790428456,__proc__,0,0,0,0,-,-,-,1230.0,28201,39495,3242860,5853.482
1790428486,s1-short,108577,38,1124,1124,195.9,680.7,954.9,0.0,-,0,0,0.000
1790428486,s2-long,7,4,0,0,36.5,112.7,112.7,0.0,-,0,0,0.000
1790428486,s3-quic,288621,0,428715,428715,3.1,93.4,459.2,0.0,-,0,0,0.000
1790428486,s4-mixed-kcp,39219,1,4462155,4462155,257.2,1607.6,2108.0,0.0,-,0,0,0.000
1790428486,s5-vmess-ws,108213,27,1126,1126,196.2,678.1,953.7,0.0,-,0,0,0.000
1790428486,s6-trojan-grpc,118209,28,1247,1247,148.5,643.0,901.3,0.0,-,0,0,0.000
1790428486,s7-ss-tcp,123370,57,1294,1294,138.2,624.9,913.3,0.0,-,0,0,0.000
1790428486,s8-tuic,119794,32,1241,1241,143.9,653.4,925.3,0.0,-,0,0,0.000
1790428486,s9-anytls,95137,21,1130,1130,192.7,672.0,939.6,0.0,-,0,0,0.000
1790428486,s10-vless-xhttp,104419,23,1161,1161,172.5,663.1,926.8,0.0,-,0,0,0.000
1790428486,s11-http-proxy,101203,34,1073,1073,202.5,716.4,993.6,0.0,-,0,0,0.000
1790428486,s12-vmess-h3,104935,17,1086,1086,203.7,676.5,955.8,0.0,-,0,0,0.000
1790428486,__proc__,0,0,0,0,-,-,-,1235.6,28356,39294,3260295,5879.691
1790428516,s1-short,109055,38,1004,1004,196.3,707.7,955.2,0.0,-,0,0,0.000
1790428516,s2-long,7,4,0,0,36.5,112.7,112.7,0.0,-,0,0,0.000
1790428516,s3-quic,289911,0,352256,352256,3.1,84.2,442.4,0.0,-,0,0,0.000
1790428516,s4-mixed-kcp,39396,1,4181676,4181676,255.5,1603.5,2078.3,0.0,-,0,0,0.000
1790428516,s5-vmess-ws,108689,27,1000,1000,196.2,689.0,955.2,0.0,-,0,0,0.000
1790428516,s6-trojan-grpc,118739,28,1113,1113,147.0,633.5,897.3,0.0,-,0,0,0.000
1790428516,s7-ss-tcp,123913,57,1140,1140,130.2,611.7,900.7,0.0,-,0,0,0.000
1790428516,s8-tuic,120327,32,1119,1119,141.5,664.2,922.2,0.0,-,0,0,0.000
1790428516,s9-anytls,95623,21,1021,1021,194.3,696.4,952.2,0.0,-,0,0,0.000
1790428516,s10-vless-xhttp,104918,23,1048,1048,181.8,695.1,928.6,0.0,-,0,0,0.000
1790428516,s11-http-proxy,101651,34,941,941,208.6,725.4,996.3,0.0,-,0,0,0.000
1790428516,s12-vmess-h3,105397,17,970,970,201.3,685.9,958.0,0.0,-,0,0,0.000
1790428516,__proc__,0,0,0,0,-,-,-,1213.1,28800,39188,3274716,5906.780
1790428546,s1-short,109471,38,874,874,189.6,716.2,949.0,0.0,-,0,0,0.000
1790428546,s2-long,7,4,0,0,36.5,112.7,112.7,0.0,-,0,0,0.000
1790428546,s3-quic,291201,0,352256,352256,3.1,91.6,452.9,0.0,-,0,0,0.000
1790428546,s4-mixed-kcp,39556,1,3564318,3564318,256.0,1604.3,2065.1,0.0,-,0,0,0.000
1790428546,s5-vmess-ws,109101,27,865,865,189.8,694.1,954.3,0.0,-,0,0,0.000
1790428546,s6-trojan-grpc,119196,28,960,960,163.2,692.0,922.7,0.0,-,0,0,0.000
1790428546,s7-ss-tcp,124396,57,1014,1014,142.1,664.4,921.2,0.0,-,0,0,0.000
1790428546,s8-tuic,120779,32,949,949,162.8,710.2,942.9,0.0,-,0,0,0.000
1790428546,s9-anytls,96044,21,884,884,185.6,700.0,949.1,0.0,-,0,0,0.000
1790428546,s10-vless-xhttp,105349,23,905,905,177.0,704.8,939.4,0.0,-,0,0,0.000
1790428546,s11-http-proxy,102051,34,840,840,219.1,764.5,996.3,0.0,-,0,0,0.000
1790428546,s12-vmess-h3,105797,17,840,840,206.0,720.3,964.4,0.0,-,0,0,0.000
1790428546,__proc__,0,0,0,0,-,-,-,1226.9,28056,37531,3289416,5933.825
1790428576,s1-short,110024,38,1161,1161,196.3,724.8,951.3,0.0,-,0,0,0.000
1790428576,s2-long,7,4,0,0,36.5,112.7,112.7,0.0,-,0,0,0.000
1790428576,s3-quic,292877,0,457660,457660,3.1,89.9,449.4,0.0,-,0,0,0.000
1790428576,s4-mixed-kcp,39751,1,4389301,4389301,261.7,1603.5,2078.3,0.0,-,0,0,0.000
1790428576,s5-vmess-ws,109651,27,1155,1155,196.1,694.8,954.7,0.0,-,0,0,0.000
1790428576,s6-trojan-grpc,119808,28,1285,1285,150.3,674.9,920.7,0.0,-,0,0,0.000
1790428576,s7-ss-tcp,125028,57,1327,1327,140.0,651.9,915.3,0.0,-,0,0,0.000
1790428576,s8-tuic,121391,32,1285,1285,151.5,680.5,938.5,0.0,-,0,0,0.000
1790428576,s9-anytls,96601,21,1170,1170,190.7,703.1,950.1,0.0,-,0,0,0.000
1790428576,s10-vless-xhttp,105921,23,1201,1201,175.8,701.9,943.3,0.0,-,0,0,0.000
1790428576,s11-http-proxy,102575,34,1100,1100,211.8,730.2,972.2,0.0,-,0,0,0.000
1790428576,s12-vmess-h3,106334,17,1128,1128,204.9,710.3,946.5,0.0,-,0,0,0.000
1790428576,__proc__,0,0,0,0,-,-,-,1230.9,28485,39493,3309014,5959.840
1790428606,s1-short,110502,38,1004,1004,199.6,765.3,966.2,0.0,-,0,0,0.000
1790428606,s2-long,7,4,0,0,36.5,112.7,112.7,0.0,-,0,0,0.000
1790428606,s3-quic,294003,0,307473,307473,3.1,93.9,469.3,0.0,-,0,0,0.000
1790428606,s4-mixed-kcp,39925,1,3841367,3841367,261.9,1604.3,2129.9,0.0,-,0,0,0.000
1790428606,s5-vmess-ws,110121,27,987,987,198.2,738.2,961.4,0.0,-,0,0,0.000
1790428606,s6-trojan-grpc,120328,28,1092,1092,146.6,702.4,937.8,0.0,-,0,0,0.000
1790428606,s7-ss-tcp,125563,57,1124,1124,133.8,674.4,936.8,0.0,-,0,0,0.000
1790428606,s8-tuic,121907,32,1084,1084,145.8,714.0,943.1,0.0,-,0,0,0.000
1790428606,s9-anytls,97081,21,1008,1008,194.1,751.5,955.7,0.0,-,0,0,0.000
1790428606,s10-vless-xhttp,106409,23,1025,1025,183.6,739.3,955.2,0.0,-,0,0,0.000
1790428606,s11-http-proxy,103012,34,918,918,209.9,748.5,978.9,0.0,-,0,0,0.000
1790428606,s12-vmess-h3,106800,17,979,979,201.4,730.2,959.4,0.0,-,0,0,0.000
1790428606,__proc__,0,0,0,0,-,-,-,1240.8,28378,38555,3321353,5987.314
1790428636,s1-short,110905,38,846,846,195.1,747.4,963.5,0.0,-,0,0,0.000
1790428636,s2-long,7,4,0,0,36.5,112.7,112.7,0.0,-,0,0,0.000
1790428636,s3-quic,294760,0,206711,206711,3.1,119.2,556.2,0.0,-,0,0,0.000
1790428636,s4-mixed-kcp,40083,1,3740610,3740610,260.9,1617.3,2141.2,0.0,-,0,0,0.000
1790428636,s5-vmess-ws,110520,27,838,838,197.5,723.6,961.6,0.0,-,0,0,0.000
1790428636,s6-trojan-grpc,120766,28,920,920,166.2,727.4,955.5,0.0,-,0,0,0.000
1790428636,s7-ss-tcp,126026,57,972,972,141.8,667.9,947.3,0.0,-,0,0,0.000
1790428636,s8-tuic,122350,32,930,930,160.8,746.1,963.7,0.0,-,0,0,0.000
1790428636,s9-anytls,97484,21,846,846,189.7,728.9,959.0,0.0,-,0,0,0.000
1790428636,s10-vless-xhttp,106843,23,911,911,183.4,736.9,957.0,0.0,-,0,0,0.000
1790428636,s11-http-proxy,103384,34,781,781,228.0,778.5,996.3,0.0,-,0,0,0.000
1790428636,s12-vmess-h3,107192,17,823,823,209.0,741.3,965.5,0.0,-,0,0,0.000
1790428636,__proc__,0,0,0,0,-,-,-,1227.4,27987,37331,3329059,6016.222
1790428666,s1-short,111420,38,1082,1082,196.3,717.6,963.5,0.0,-,0,0,0.000
1790428666,s2-long,7,4,0,0,36.5,112.7,112.7,0.0,-,0,0,0.000
1790428666,s3-quic,296272,0,412877,412877,3.2,113.0,512.2,0.0,-,0,0,0.000
1790428666,s4-mixed-kcp,40271,1,3799911,3799911,258.2,1620.0,2157.9,0.0,-,0,0,0.000
1790428666,s5-vmess-ws,111043,27,1098,1098,198.0,688.8,961.6,0.0,-,0,0,0.000
1790428666,s6-trojan-grpc,121346,28,1218,1218,158.9,670.1,937.8,0.0,-,0,0,0.000
1790428666,s7-ss-tcp,126623,57,1254,1254,144.2,647.9,937.7,0.0,-,0,0,0.000
1790428666,s8-tuic,122935,32,1228,1228,154.5,675.5,945.5,0.0,-,0,0,0.000
1790428666,s9-anytls,98001,21,1086,1086,192.8,684.7,952.7,0.0,-,0,0,0.000
1790428666,s10-vless-xhttp,107381,23,1130,1130,174.8,679.9,945.5,0.0,-,0,0,0.000
1790428666,s11-http-proxy,103868,34,1016,1016,221.2,747.0,984.8,0.0,-,0,0,0.000
1790428666,s12-vmess-h3,107686,17,1037,1037,207.4,722.0,962.3,0.0,-,0,0,0.000
1790428666,__proc__,0,0,0,0,-,-,-,1229.7,28196,38768,3345923,6043.568
1790428696,s1-short,111950,38,1113,1113,196.0,698.4,962.5,0.0,-,0,0,0.000
1790428696,s2-long,7,4,0,0,36.5,112.7,112.7,0.0,-,0,0,0.000
1790428696,s3-quic,297669,0,381474,381474,3.2,102.4,474.7,0.0,-,0,0,0.000
1790428696,s4-mixed-kcp,40460,1,4012059,4012059,258.2,1637.1,2162.8,0.0,-,0,0,0.000
1790428696,s5-vmess-ws,111571,27,1109,1109,196.9,666.4,961.6,0.0,-,0,0,0.000
1790428696,s6-trojan-grpc,121919,28,1203,1203,140.9,639.1,947.4,0.0,-,0,0,0.000
1790428696,s7-ss-tcp,127213,57,1239,1239,132.2,622.7,937.7,0.0,-,0,0,0.000
1790428696,s8-tuic,123498,32,1182,1182,136.4,661.2,960.4,0.0,-,0,0,0.000
1790428696,s9-anytls,98533,21,1117,1117,193.6,694.7,959.0,0.0,-,0,0,0.000
1790428696,s10-vless-xhttp,107931,23,1155,1155,175.8,680.3,954.7,0.0,-,0,0,0.000
1790428696,s11-http-proxy,104371,34,1056,1056,213.7,696.8,977.3,0.0,-,0,0,0.000
1790428696,s12-vmess-h3,108205,17,1090,1090,200.6,682.0,956.5,0.0,-,0,0,0.000
1790428696,__proc__,0,0,0,0,-,-,-,1223.5,28394,39221,3361844,6069.333
1790428726,s1-short,112346,38,832,832,195.6,705.2,979.3,0.0,-,0,0,0.000
1790428726,s2-long,7,4,0,0,36.5,112.7,112.7,0.0,-,0,0,0.000
1790428726,s3-quic,298532,0,235657,235657,3.2,141.4,503.8,0.0,-,0,0,0.000
1790428726,s4-mixed-kcp,40620,1,3886693,3886693,256.2,1617.3,2165.2,0.0,-,0,0,0.000
1790428726,s5-vmess-ws,111964,27,825,825,195.7,678.9,975.4,0.0,-,0,0,0.000
1790428726,s6-trojan-grpc,122364,28,934,934,169.5,683.5,958.2,0.0,-,0,0,0.000
1790428726,s7-ss-tcp,127677,57,974,974,144.9,638.1,942.6,0.0,-,0,0,0.000
1790428726,s8-tuic,123941,32,930,930,167.9,697.6,971.3,0.0,-,0,0,0.000
1790428726,s9-anytls,98930,21,834,834,193.5,697.8,971.2,0.0,-,0,0,0.000
1790428726,s10-vless-xhttp,108354,23,888,888,186.2,684.2,964.2,0.0,-,0,0,0.000
1790428726,s11-http-proxy,104753,34,802,802,232.4,714.6,985.4,0.0,-,0,0,0.000
1790428726,s12-vmess-h3,108596,17,821,821,206.7,691.5,973.5,0.0,-,0,0,0.000
1790428726,__proc__,0,0,0,0,-,-,-,1206.2,28229,37603,3370384,6096.933
1790428756,s1-short,112897,38,1157,1157,195.3,694.3,979.3,0.0,-,0,0,0.000
1790428756,s2-long,7,4,0,0,36.5,112.7,112.7,0.0,-,0,0,0.000
1790428756,s3-quic,300246,0,468036,468036,3.1,109.6,456.6,0.0,-,0,0,0.000
1790428756,s4-mixed-kcp,40815,1,4225611,4225611,256.0,1637.1,2173.9,0.0,-,0,0,0.000
1790428756,s5-vmess-ws,112513,27,1153,1153,196.8,669.1,970.6,0.0,-,0,0,0.000
1790428756,s6-trojan-grpc,122972,28,1277,1277,160.8,677.9,958.2,0.0,-,0,0,0.000
1790428756,s7-ss-tcp,128301,57,1310,1310,139.0,640.6,942.6,0.0,-,0,0,0.000
1790428756,s8-tuic,124560,32,1300,1300,152.3,673.6,970.2,0.0,-,0,0,0.000
1790428756,s9-anytls,99479,21,1153,1153,191.4,694.7,971.2,0.0,-,0,0,0.000
1790428756,s10-vless-xhttp,108932,23,1214,1214,175.5,672.2,964.2,0.0,-,0,0,0.000
1790428756,s11-http-proxy,105256,34,1056,1056,227.3,715.9,985.4,0.0,-,0,0,0.000
1790428756,s12-vmess-h3,109125,17,1111,1111,207.7,712.3,973.5,0.0,-,0,0,0.000
1790428756,__proc__,0,0,0,0,-,-,-,1220.2,28740,39852,3389641,6122.931
1790428786,s1-short,113424,38,1107,1107,199.0,717.8,979.3,0.0,-,0,0,0.000
1790428786,s2-long,7,4,0,0,36.5,112.7,112.7,0.0,-,0,0,0.000
1790428786,s3-quic,301769,0,415881,415881,3.1,100.5,469.5,0.0,-,0,0,0.000
1790428786,s4-mixed-kcp,41005,1,4218449,4218449,255.9,1617.3,2177.9,0.0,-,0,0,0.000
1790428786,s5-vmess-ws,113042,27,1111,1111,197.4,693.6,970.6,0.0,-,0,0,0.000
1790428786,s6-trojan-grpc,123551,28,1216,1216,149.8,644.3,944.7,0.0,-,0,0,0.000
1790428786,s7-ss-tcp,128899,57,1256,1256,139.5,627.4,924.3,0.0,-,0,0,0.000
1790428786,s8-tuic,125141,32,1220,1220,140.2,654.5,945.0,0.0,-,0,0,0.000
1790428786,s9-anytls,100010,21,1115,1115,196.3,706.2,971.2,0.0,-,0,0,0.000
1790428786,s10-vless-xhttp,109479,23,1149,1149,169.5,651.8,950.4,0.0,-,0,0,0.000
1790428786,s11-http-proxy,105748,34,1033,1033,222.2,723.8,984.8,0.0,-,0,0,0.000
1790428786,s12-vmess-h3,109633,17,1067,1067,207.5,714.4,976.9,0.0,-,0,0,0.000
1790428786,__proc__,0,0,0,0,-,-,-,1241.0,28497,39172,3407422,6148.759
1790428816,s1-short,113917,38,1035,1035,199.6,710.1,987.1,0.0,-,0,0,0.000
1790428816,s2-long,7,4,0,0,36.5,112.7,112.7,0.0,-,0,0,0.000
1790428816,s3-quic,303039,0,346795,346795,3.2,90.0,469.5,0.0,-,0,0,0.000
1790428816,s4-mixed-kcp,41180,1,4092913,4092913,256.2,1621.4,2216.8,0.0,-,0,0,0.000
1790428816,s5-vmess-ws,113534,27,1033,1033,198.1,688.5,998.8,0.0,-,0,0,0.000
1790428816,s6-trojan-grpc,124089,28,1130,1130,145.3,639.1,916.6,0.0,-,0,0,0.000
1790428816,s7-ss-tcp,129460,57,1178,1178,129.0,618.1,864.4,0.0,-,0,0,0.000
1790428816,s8-tuic,125682,32,1136,1136,134.9,653.4,919.8,0.0,-,0,0,0.000
1790428816,s9-anytls,100507,21,1044,1044,198.0,713.1,980.4,0.0,-,0,0,0.000
1790428816,s10-vless-xhttp,109988,23,1069,1069,178.7,677.3,964.1,0.0,-,0,0,0.000
1790428816,s11-http-proxy,106208,34,966,966,220.9,720.5,1014.7,0.0,-,0,0,0.000
1790428816,s12-vmess-h3,110118,17,1018,1018,202.3,706.9,992.5,0.0,-,0,0,0.000
1790428816,__proc__,0,0,0,0,-,-,-,1247.8,28661,39077,3421762,6176.110
1790428846,s1-short,114318,38,842,842,194.8,700.3,962.0,0.0,-,0,0,0.000
1790428846,s2-long,7,4,0,0,36.5,112.7,112.7,0.0,-,0,0,0.000
1790428846,s3-quic,304072,0,282078,282078,3.1,107.0,524.2,0.0,-,0,0,0.000
1790428846,s4-mixed-kcp,41338,1,3637918,3637918,256.1,1629.1,2224.2,0.0,-,0,0,0.000
1790428846,s5-vmess-ws,113923,27,817,817,197.4,682.5,974.5,0.0,-,0,0,0.000
1790428846,s6-trojan-grpc,124527,28,920,920,164.7,671.2,932.9,0.0,-,0,0,0.000
1790428846,s7-ss-tcp,129915,57,956,956,145.6,643.6,890.9,0.0,-,0,0,0.000
1790428846,s8-tuic,126127,32,934,934,161.0,671.5,924.1,0.0,-,0,0,0.000
1790428846,s9-anytls,100910,21,846,846,193.0,694.6,967.7,0.0,-,0,0,0.000
1790428846,s10-vless-xhttp,110417,23,901,901,176.0,670.6,922.3,0.0,-,0,0,0.000
1790428846,s11-http-proxy,106583,34,788,788,229.2,768.6,1023.2,0.0,-,0,0,0.000
1790428846,s12-vmess-h3,110502,17,806,806,208.0,727.9,993.1,0.0,-,0,0,0.000
1790428846,__proc__,0,0,0,0,-,-,-,1235.1,28172,37229,3433476,6203.351
1790428876,s1-short,114874,38,1168,1168,196.5,706.8,962.0,0.0,-,0,0,0.000
1790428876,s2-long,7,4,0,0,36.5,112.7,112.7,0.0,-,0,0,0.000
1790428876,s3-quic,305724,0,451106,451106,3.2,101.6,523.4,0.0,-,0,0,0.000
1790428876,s4-mixed-kcp,41536,1,4458681,4458681,256.0,1617.3,2222.2,0.0,-,0,0,0.000
1790428876,s5-vmess-ws,114482,27,1174,1174,195.2,694.2,974.5,0.0,-,0,0,0.000
1790428876,s6-trojan-grpc,125134,28,1275,1275,155.3,642.4,894.5,0.0,-,0,0,0.000
1790428876,s7-ss-tcp,130549,57,1331,1331,142.4,618.9,859.1,0.0,-,0,0,0.000
1790428876,s8-tuic,126735,32,1277,1277,156.5,653.8,896.4,0.0,-,0,0,0.000
1790428876,s9-anytls,101467,21,1170,1170,193.9,699.1,967.7,0.0,-,0,0,0.000
1790428876,s10-vless-xhttp,110984,23,1191,1191,169.8,662.9,895.7,0.0,-,0,0,0.000
1790428876,s11-http-proxy,107103,34,1092,1092,220.1,742.4,998.4,0.0,-,0,0,0.000
1790428876,s12-vmess-h3,111038,17,1126,1126,208.1,705.9,977.0,0.0,-,0,0,0.000
1790428876,__proc__,0,0,0,0,-,-,-,1239.6,28575,39591,3452313,6229.622
1790428906,s1-short,115379,38,1060,1060,194.5,709.3,957.4,0.0,-,0,0,0.000
1790428906,s2-long,7,4,0,0,36.5,112.7,112.7,0.0,-,0,0,0.000
1790428906,s3-quic,307109,0,378197,378197,3.2,95.6,491.6,0.0,-,0,0,0.000
1790428906,s4-mixed-kcp,41721,1,4256448,4256448,256.2,1604.2,2222.2,0.0,-,0,0,0.000
1790428906,s5-vmess-ws,114986,27,1058,1058,192.3,705.4,958.0,0.0,-,0,0,0.000
1790428906,s6-trojan-grpc,125707,28,1203,1203,140.5,659.4,894.5,0.0,-,0,0,0.000
1790428906,s7-ss-tcp,131139,57,1239,1239,136.7,643.6,874.4,0.0,-,0,0,0.000
1790428906,s8-tuic,127305,32,1197,1197,144.9,661.9,889.4,0.0,-,0,0,0.000
1790428906,s9-anytls,101974,21,1065,1065,191.4,709.3,950.4,0.0,-,0,0,0.000
1790428906,s10-vless-xhttp,111514,23,1113,1113,167.3,677.9,921.6,0.0,-,0,0,0.000
1790428906,s11-http-proxy,107591,34,1025,1025,208.9,738.1,986.6,0.0,-,0,0,0.000
1790428906,s12-vmess-h3,111535,17,1044,1044,202.7,716.8,972.6,0.0,-,0,0,0.000
1790428906,__proc__,0,0,0,0,-,-,-,1232.2,28875,39587,3468711,6254.445
1790428936,s1-short,115813,38,911,911,194.5,720.7,962.1,0.0,-,0,0,0.000
1790428936,s2-long,7,4,0,0,36.5,112.7,112.7,0.0,-,0,0,0.000
1790428936,s3-quic,308241,0,309111,309111,3.2,93.4,466.1,0.0,-,0,0,0.000
1790428936,s4-mixed-kcp,41901,1,4083108,4083108,254.8,1599.3,2222.2,0.0,-,0,0,0.000
1790428936,s5-vmess-ws,115419,27,909,909,192.3,718.9,961.0,0.0,-,0,0,0.000
1790428936,s6-trojan-grpc,126180,28,993,993,161.3,686.9,936.7,0.0,-,0,0,0.000
1790428936,s7-ss-tcp,131630,57,1031,1031,142.9,649.1,883.6,0.0,-,0,0,0.000
1790428936,s8-tuic,127785,32,1008,1008,161.2,678.4,909.2,0.0,-,0,0,0.000
1790428936,s9-anytls,102411,21,918,918,191.7,729.3,967.7,0.0,-,0,0,0.000
1790428936,s10-vless-xhttp,111967,23,951,951,183.6,702.4,933.5,0.0,-,0,0,0.000
1790428936,s11-http-proxy,107992,34,842,842,216.5,755.2,1000.0,0.0,-,0,0,0.000
1790428936,s12-vmess-h3,111946,17,863,863,199.8,729.7,976.7,0.0,-,0,0,0.000
1790428936,__proc__,0,0,0,0,-,-,-,1213.6,28816,38492,3481432,6280.800
1790428966,s1-short,116314,38,1052,1052,191.7,711.2,951.5,0.0,-,0,0,0.000
1790428966,s2-long,7,4,0,0,36.5,112.7,112.7,0.0,-,0,0,0.000
1790428966,s3-quic,309620,0,376559,376559,3.2,114.9,488.2,0.0,-,0,0,0.000
1790428966,s4-mixed-kcp,42080,1,4299752,4299752,256.0,1604.1,2224.2,0.0,-,0,0,0.000
1790428966,s5-vmess-ws,115921,27,1054,1054,191.1,719.5,947.6,0.0,-,0,0,0.000
1790428966,s6-trojan-grpc,126730,28,1155,1155,160.2,671.4,894.6,0.0,-,0,0,0.000
1790428966,s7-ss-tcp,132194,57,1184,1184,148.7,664.3,883.6,0.0,-,0,0,0.000
1790428966,s8-tuic,128332,32,1149,1149,161.5,664.4,899.5,0.0,-,0,0,0.000
1790428966,s9-anytls,102914,21,1056,1056,189.8,709.5,934.5,0.0,-,0,0,0.000
1790428966,s10-vless-xhttp,112496,23,1111,1111,171.7,686.6,905.3,0.0,-,0,0,0.000
1790428966,s11-http-proxy,108455,34,972,972,217.4,767.4,991.9,0.0,-,0,0,0.000
1790428966,s12-vmess-h3,112430,17,1016,1016,209.4,751.3,976.7,0.0,-,0,0,0.000
1790428966,__proc__,0,0,0,0,-,-,-,1220.7,28760,39260,3496635,6308.797
1790428996,s1-short,116856,38,1138,1138,190.2,727.6,961.0,0.0,-,0,0,0.000
1790428996,s2-long,7,4,0,0,36.5,112.7,112.7,0.0,-,0,0,0.000
1790428996,s3-quic,311317,0,463394,463394,3.2,94.9,459.3,0.0,-,0,0,0.000
1790428996,s4-mixed-kcp,42272,1,4475506,4475506,256.2,1599.3,2224.2,0.0,-,0,0,0.000
1790428996,s5-vmess-ws,116461,27,1134,1134,190.3,733.2,958.3,0.0,-,0,0,0.000
1790428996,s6-trojan-grpc,127319,28,1237,1237,153.1,648.2,920.0,0.0,-,0,0,0.000
1790428996,s7-ss-tcp,132807,57,1287,1287,144.6,626.5,900.6,0.0,-,0,0,0.000
1790428996,s8-tuic,128915,32,1224,1224,156.7,647.8,910.0,0.0,-,0,0,0.000
1790428996,s9-anytls,103451,21,1128,1128,189.3,725.5,958.0,0.0,-,0,0,0.000
1790428996,s10-vless-xhttp,113051,23,1166,1166,170.3,673.8,927.4,0.0,-,0,0,0.000
1790428996,s11-http-proxy,108960,34,1060,1060,204.5,771.6,993.0,0.0,-,0,0,0.000
1790428996,s12-vmess-h3,112949,17,1090,1090,203.0,751.7,976.3,0.0,-,0,0,0.000
1790428996,__proc__,0,0,0,0,-,-,-,1230.1,28822,39554,3516677,6335.385
1790429026,s1-short,117328,38,991,991,194.6,712.0,962.0,0.0,-,0,0,0.000
1790429026,s2-long,7,4,0,0,36.5,112.7,112.7,0.0,-,0,0,0.000
1790429026,s3-quic,312650,0,363998,363998,3.2,90.2,455.6,0.0,-,0,0,0.000
1790429026,s4-mixed-kcp,42441,1,4123972,4123972,255.9,1604.1,2224.2,0.0,-,0,0,0.000
1790429026,s5-vmess-ws,116939,27,1004,1004,192.9,718.9,961.0,0.0,-,0,0,0.000
1790429026,s6-trojan-grpc,127833,28,1079,1079,151.8,626.5,894.8,0.0,-,0,0,0.000
1790429026,s7-ss-tcp,133341,57,1121,1121,136.7,608.1,894.2,0.0,-,0,0,0.000
1790429026,s8-tuic,129433,32,1088,1088,155.0,621.6,898.2,0.0,-,0,0,0.000
1790429026,s9-anytls,103928,21,1002,1002,193.8,709.3,958.0,0.0,-,0,0,0.000
1790429026,s10-vless-xhttp,113538,23,1023,1023,180.4,698.0,934.4,0.0,-,0,0,0.000
1790429026,s11-http-proxy,109399,34,922,922,205.2,759.2,1009.3,0.0,-,0,0,0.000
1790429026,s12-vmess-h3,113415,17,979,979,201.8,727.6,974.6,0.0,-,0,0,0.000
1790429026,__proc__,0,0,0,0,-,-,-,1222.1,28989,39317,3532032,6363.247
1790429056,s1-short,117731,38,846,846,190.9,706.8,962.0,0.0,-,0,0,0.000
1790429056,s2-long,7,4,0,0,36.5,112.7,112.7,0.0,-,0,0,0.000
1790429056,s3-quic,313778,0,308019,308019,3.2,79.7,455.6,0.0,-,0,0,0.000
1790429056,s4-mixed-kcp,42613,1,3749241,3749241,256.8,1602.9,2293.0,0.0,-,0,0,0.000
1790429056,s5-vmess-ws,117342,27,846,846,189.8,713.2,952.7,0.0,-,0,0,0.000
1790429056,s6-trojan-grpc,128289,28,958,958,168.1,675.8,922.3,0.0,-,0,0,0.000
1790429056,s7-ss-tcp,133813,57,991,991,149.6,666.2,922.6,0.0,-,0,0,0.000
1790429056,s8-tuic,129882,32,943,943,168.7,671.3,907.3,0.0,-,0,0,0.000
1790429056,s9-anytls,104330,21,844,844,187.5,702.2,954.8,0.0,-,0,0,0.000
1790429056,s10-vless-xhttp,113975,23,918,918,179.6,692.1,953.3,0.0,-,0,0,0.000
1790429056,s11-http-proxy,109789,34,819,819,216.5,777.7,1029.0,0.0,-,0,0,0.000
1790429056,s12-vmess-h3,113802,17,813,813,207.5,753.8,1001.3,0.0,-,0,0,0.000
1790429056,__proc__,0,0,0,0,-,-,-,1239.3,28103,37432,3544828,6390.611
1790429086,s1-short,118288,38,1170,1170,194.7,709.3,962.0,0.0,-,0,0,0.000
1790429086,s2-long,7,4,0,0,36.5,112.7,112.7,0.0,-,0,0,0.000
1790429086,s3-quic,315393,0,441003,441003,3.1,85.9,480.7,0.0,-,0,0,0.000
1790429086,s4-mixed-kcp,42809,1,4396086,4396086,256.2,1602.4,2222.2,0.0,-,0,0,0.000
1790429086,s5-vmess-ws,117900,27,1172,1172,192.3,718.9,952.7,0.0,-,0,0,0.000
1790429086,s6-trojan-grpc,128902,28,1287,1287,158.6,653.3,908.5,0.0,-,0,0,0.000
1790429086,s7-ss-tcp,134445,57,1327,1327,143.3,657.2,922.3,0.0,-,0,0,0.000
1790429086,s8-tuic,130494,32,1285,1285,158.1,652.0,904.4,0.0,-,0,0,0.000
1790429086,s9-anytls,104895,21,1186,1186,189.9,706.6,954.8,0.0,-,0,0,0.000
1790429086,s10-vless-xhttp,114546,23,1199,1199,171.0,677.9,939.7,0.0,-,0,0,0.000
1790429086,s11-http-proxy,110297,34,1067,1067,210.5,756.2,992.1,0.0,-,0,0,0.000
1790429086,s12-vmess-h3,114340,17,1130,1130,206.9,736.5,972.6,0.0,-,0,0,0.000
1790429086,__proc__,0,0,0,0,-,-,-,1252.3,28602,39584,3562362,6417.351
1790429116,s1-short,118815,38,1107,1107,195.0,711.2,978.3,0.0,-,0,0,0.000
1790429116,s2-long,7,4,0,0,36.5,112.7,112.7,0.0,-,0,0,0.000
1790429116,s3-quic,317073,0,458752,458752,3.1,78.0,465.7,0.0,-,0,0,0.000
1790429116,s4-mixed-kcp,43000,1,4161189,4161189,254.8,1604.1,2186.8,0.0,-,0,0,0.000
1790429116,s5-vmess-ws,118423,27,1098,1098,192.9,713.4,953.1,0.0,-,0,0,0.000
1790429116,s6-trojan-grpc,129475,28,1203,1203,144.8,642.2,922.3,0.0,-,0,0,0.000
1790429116,s7-ss-tcp,135043,57,1256,1256,135.8,626.7,916.5,0.0,-,0,0,0.000
1790429116,s8-tuic,131074,32,1218,1218,142.6,645.4,915.2,0.0,-,0,0,0.000
1790429116,s9-anytls,105427,21,1117,1117,189.9,706.1,960.5,0.0,-,0,0,0.000
1790429116,s10-vless-xhttp,115086,23,1134,1134,171.8,680.9,954.3,0.0,-,0,0,0.000
1790429116,s11-http-proxy,110789,34,1033,1033,203.5,738.9,978.2,0.0,-,0,0,0.000
1790429116,s12-vmess-h3,114843,17,1056,1056,201.3,727.6,974.6,0.0,-,0,0,0.000
1790429116,__proc__,0,0,0,0,-,-,-,1241.9,28665,39344,3581712,6443.505
1790429146,s1-short,119183,38,773,773,193.8,716.7,995.4,0.0,-,0,0,0.000
1790429146,s2-long,7,4,0,0,36.5,112.7,112.7,0.0,-,0,0,0.000
1790429146,s3-quic,317804,0,199612,199612,3.2,96.4,465.7,0.0,-,0,0,0.000
1790429146,s4-mixed-kcp,43160,1,3771108,3771108,257.2,1599.3,2216.8,0.0,-,0,0,0.000
1790429146,s5-vmess-ws,118795,27,781,781,193.2,716.1,978.9,0.0,-,0,0,0.000
1790429146,s6-trojan-grpc,129891,28,874,874,165.0,682.8,937.6,0.0,-,0,0,0.000
1790429146,s7-ss-tcp,135484,57,926,926,142.5,660.6,932.4,0.0,-,0,0,0.000
1790429146,s8-tuic,131492,32,878,878,161.6,678.6,933.6,0.0,-,0,0,0.000
1790429146,s9-anytls,105792,21,766,766,192.4,712.6,969.3,0.0,-,0,0,0.000
1790429146,s10-vless-xhttp,115482,23,832,832,184.2,690.3,966.3,0.0,-,0,0,0.000
1790429146,s11-http-proxy,111145,34,748,748,226.2,761.6,993.0,0.0,-,0,0,0.000
1790429146,s12-vmess-h3,115200,17,750,750,210.3,757.1,1001.3,0.0,-,0,0,0.000
1790429146,__proc__,0,0,0,0,-,-,-,1223.5,28271,37227,3588813,6472.194
1790429176,s1-short,119713,38,1113,1113,194.8,731.3,994.8,0.0,-,0,0,0.000
1790429176,s2-long,7,4,0,0,36.5,112.7,112.7,0.0,-,0,0,0.000
1790429176,s3-quic,319509,0,465579,465579,3.1,93.1,470.9,0.0,-,0,0,0.000
1790429176,s4-mixed-kcp,43348,1,4194924,4194924,256.2,1612.2,2216.8,0.0,-,0,0,0.000
1790429176,s5-vmess-ws,119330,27,1124,1124,191.9,719.5,947.4,0.0,-,0,0,0.000
1790429176,s6-trojan-grpc,130484,28,1245,1245,160.1,668.0,917.7,0.0,-,0,0,0.000
1790429176,s7-ss-tcp,136094,57,1281,1281,141.4,644.9,921.3,0.0,-,0,0,0.000
1790429176,s8-tuic,132081,32,1237,1237,156.0,676.2,926.6,0.0,-,0,0,0.000
1790429176,s9-anytls,106322,21,1113,1113,191.4,706.1,938.8,0.0,-,0,0,0.000
1790429176,s10-vless-xhttp,116040,23,1172,1172,172.1,680.0,935.0,0.0,-,0,0,0.000
1790429176,s11-http-proxy,111639,34,1037,1037,218.6,759.2,993.0,0.0,-,0,0,0.000
1790429176,s12-vmess-h3,115709,17,1069,1069,213.0,754.2,1001.3,0.0,-,0,0,0.000
1790429176,__proc__,0,0,0,0,-,-,-,1232.9,28628,39433,3608230,6497.278
1790429206,s1-short,120253,38,1134,1134,194.5,716.7,981.3,0.0,-,0,0,0.000
1790429206,s2-long,7,4,0,0,36.5,112.7,112.7,0.0,-,0,0,0.000
1790429206,s3-quic,321111,0,437453,437453,3.1,95.7,463.8,0.0,-,0,0,0.000
1790429206,s4-mixed-kcp,43545,1,4369359,4369359,254.4,1617.3,2277.3,0.0,-,0,0,0.000
1790429206,s5-vmess-ws,119863,27,1119,1119,191.9,706.6,978.9,0.0,-,0,0,0.000
1790429206,s6-trojan-grpc,131068,28,1226,1226,150.5,658.4,919.4,0.0,-,0,0,0.000
1790429206,s7-ss-tcp,136700,57,1273,1273,138.0,639.5,927.4,0.0,-,0,0,0.000
1790429206,s8-tuic,132669,32,1235,1235,146.7,665.0,927.1,0.0,-,0,0,0.000
1790429206,s9-anytls,106856,21,1121,1121,190.1,707.9,962.4,0.0,-,0,0,0.000
1790429206,s10-vless-xhttp,116586,23,1147,1147,171.7,686.2,966.3,0.0,-,0,0,0.000
1790429206,s11-http-proxy,112144,34,1060,1060,210.1,752.6,989.7,0.0,-,0,0,0.000
1790429206,s12-vmess-h3,116224,17,1082,1082,203.2,747.8,984.2,0.0,-,0,0,0.000
1790429206,__proc__,0,0,0,0,-,-,-,1240.1,28469,39251,3627236,6523.764
1790429236,s1-short,120725,38,991,991,199.4,749.2,970.0,0.0,-,0,0,0.000
1790429236,s2-long,7,4,0,0,36.5,112.7,112.7,0.0,-,0,0,0.000
1790429236,s3-quic,322496,0,378197,378197,3.1,80.9,447.9,0.0,-,0,0,0.000
1790429236,s4-mixed-kcp,43724,1,4141893,4141893,251.8,1612.1,2224.3,0.0,-,0,0,0.000
1790429236,s5-vmess-ws,120328,27,976,976,197.6,726.7,970.4,0.0,-,0,0,0.000
1790429236,s6-trojan-grpc,131595,28,1107,1107,150.5,686.9,932.3,0.0,-,0,0,0.000
1790429236,s7-ss-tcp,137249,57,1153,1153,127.8,639.2,933.7,0.0,-,0,0,0.000
1790429236,s8-tuic,133195,32,1105,1105,143.5,683.1,934.1,0.0,-,0,0,0.000
1790429236,s9-anytls,107335,21,1006,1006,193.9,750.3,959.6,0.0,-,0,0,0.000
1790429236,s10-vless-xhttp,117079,23,1035,1035,181.7,728.1,956.2,0.0,-,0,0,0.000
1790429236,s11-http-proxy,112592,34,941,941,213.6,747.6,968.7,0.0,-,0,0,0.000
1790429236,s12-vmess-h3,116680,17,958,958,199.8,737.4,976.9,0.0,-,0,0,0.000
1790429236,__proc__,0,0,0,0,-,-,-,1222.1,28787,38955,3642669,6551.327
1790429266,s1-short,121161,38,916,916,198.1,746.4,967.5,0.0,-,0,0,0.000
1790429266,s2-long,7,4,0,0,36.5,112.7,112.7,0.0,-,0,0,0.000
1790429266,s3-quic,323656,0,316757,316757,3.1,87.9,454.6,0.0,-,0,0,0.000
1790429266,s4-mixed-kcp,43888,1,3950293,3950293,251.8,1608.4,2224.3,0.0,-,0,0,0.000
1790429266,s5-vmess-ws,120761,27,909,909,198.2,739.5,971.1,0.0,-,0,0,0.000
1790429266,s6-trojan-grpc,132067,28,991,991,160.3,694.1,922.3,0.0,-,0,0,0.000
1790429266,s7-ss-tcp,137736,57,1023,1023,137.7,644.0,933.7,0.0,-,0,0,0.000
1790429266,s8-tuic,133668,32,993,993,157.6,701.8,934.1,0.0,-,0,0,0.000
1790429266,s9-anytls,107770,21,914,914,190.7,742.1,959.6,0.0,-,0,0,0.000
1790429266,s10-vless-xhttp,117529,23,945,945,174.6,717.1,948.8,0.0,-,0,0,0.000
1790429266,s11-http-proxy,112994,34,844,844,225.0,769.3,1000.5,0.0,-,0,0,0.000
1790429266,s12-vmess-h3,117096,17,874,874,211.5,758.7,983.7,0.0,-,0,0,0.000
1790429266,__proc__,0,0,0,0,-,-,-,1224.3,28149,37818,3655794,6577.983
1790429296,s1-short,121725,38,1184,1184,197.1,738.7,970.0,0.0,-,0,0,0.000
1790429296,s2-long,7,4,0,0,36.5,112.7,112.7,0.0,-,0,0,0.000
1790429296,s3-quic,325250,0,435268,435268,3.2,87.4,477.1,0.0,-,0,0,0.000
1790429296,s4-mixed-kcp,44090,1,4364041,4364041,250.3,1601.7,2211.4,0.0,-,0,0,0.000
1790429296,s5-vmess-ws,121319,27,1172,1172,198.8,726.1,972.9,0.0,-,0,0,0.000
1790429296,s6-trojan-grpc,132678,28,1283,1283,150.9,668.5,910.9,0.0,-,0,0,0.000
1790429296,s7-ss-tcp,138360,57,1310,1310,137.7,638.6,905.8,0.0,-,0,0,0.000
1790429296,s8-tuic,134278,32,1281,1281,145.3,672.0,915.5,0.0,-,0,0,0.000
1790429296,s9-anytls,108338,21,1193,1193,190.4,729.0,960.3,0.0,-,0,0,0.000
1790429296,s10-vless-xhttp,118098,23,1195,1195,167.1,683.4,923.4,0.0,-,0,0,0.000
1790429296,s11-http-proxy,113496,34,1054,1054,220.9,759.8,989.7,0.0,-,0,0,0.000
1790429296,s12-vmess-h3,117635,17,1132,1132,211.1,754.4,984.2,0.0,-,0,0,0.000
1790429296,__proc__,0,0,0,0,-,-,-,1237.3,28656,39748,3673457,6604.807
1790429326,s1-short,122241,38,1084,1084,195.4,752.9,944.8,0.0,-,0,0,0.000
1790429326,s2-long,7,4,0,0,36.5,112.7,112.7,0.0,-,0,0,0.000
1790429326,s3-quic,326830,0,431445,431445,3.2,87.7,473.0,0.0,-,0,0,0.000
1790429326,s4-mixed-kcp,44281,1,4094024,4094024,249.7,1596.3,2211.4,0.0,-,0,0,0.000
1790429326,s5-vmess-ws,121831,27,1075,1075,195.9,746.7,954.4,0.0,-,0,0,0.000
1790429326,s6-trojan-grpc,133247,28,1195,1195,137.2,667.5,919.3,0.0,-,0,0,0.000
1790429326,s7-ss-tcp,138947,57,1233,1233,131.7,631.0,915.8,0.0,-,0,0,0.000
1790429326,s8-tuic,134846,32,1193,1193,136.3,672.3,935.8,0.0,-,0,0,0.000
1790429326,s9-anytls,108852,21,1079,1079,191.0,746.2,959.6,0.0,-,0,0,0.000
1790429326,s10-vless-xhttp,118630,23,1117,1117,172.1,709.4,939.0,0.0,-,0,0,0.000
1790429326,s11-http-proxy,113980,34,1016,1016,213.4,764.0,973.6,0.0,-,0,0,0.000
1790429326,s12-vmess-h3,118136,17,1052,1052,202.0,757.0,970.8,0.0,-,0,0,0.000
1790429326,__proc__,0,0,0,0,-,-,-,1239.3,28905,39524,3691912,6631.548
1790429356,s1-short,122648,38,855,855,199.5,763.2,944.2,0.0,-,0,0,0.000
1790429356,s2-long,7,4,0,0,36.5,112.7,112.7,0.0,-,0,0,0.000
1790429356,s3-quic,327920,0,297643,297643,3.1,79.0,467.3,0.0,-,0,0,0.000
1790429356,s4-mixed-kcp,44451,1,3914305,3914305,249.2,1576.9,2173.9,0.0,-,0,0,0.000
1790429356,s5-vmess-ws,122232,27,842,842,198.2,762.4,947.5,0.0,-,0,0,0.000
1790429356,s6-trojan-grpc,133691,28,932,932,161.2,726.0,928.7,0.0,-,0,0,0.000
1790429356,s7-ss-tcp,139422,57,998,998,138.7,682.6,916.9,0.0,-,0,0,0.000
1790429356,s8-tuic,135292,32,937,937,165.1,721.4,943.9,0.0,-,0,0,0.000
1790429356,s9-anytls,109262,21,861,861,194.2,746.2,959.3,0.0,-,0,0,0.000
1790429356,s10-vless-xhttp,119063,23,909,909,185.9,737.4,936.1,0.0,-,0,0,0.000
1790429356,s11-http-proxy,114364,34,806,806,229.0,801.5,975.0,0.0,-,0,0,0.000
1790429356,s12-vmess-h3,118525,17,817,817,211.3,767.2,973.4,0.0,-,0,0,0.000
1790429356,__proc__,0,0,0,0,-,-,-,1223.8,28387,37737,3703550,6658.842
1790429386,s1-short,123190,38,1138,1138,194.1,727.5,938.5,0.0,-,0,0,0.000
1790429386,s2-long,7,4,0,0,36.5,112.7,112.7,0.0,-,0,0,0.000
1790429386,s3-quic,329905,0,542037,542037,3.1,69.0,425.6,0.0,-,0,0,0.000
1790429386,s4-mixed-kcp,44651,1,4303517,4303517,249.2,1576.6,2173.5,0.0,-,0,0,0.000
1790429386,s5-vmess-ws,122772,27,1134,1134,194.8,755.8,947.5,0.0,-,0,0,0.000
1790429386,s6-trojan-grpc,134304,28,1287,1287,156.0,691.4,914.1,0.0,-,0,0,0.000
1790429386,s7-ss-tcp,140061,57,1342,1342,137.5,644.0,901.4,0.0,-,0,0,0.000
1790429386,s8-tuic,135899,32,1275,1275,160.0,700.7,931.6,0.0,-,0,0,0.000
1790429386,s9-anytls,109810,21,1151,1151,188.4,714.6,944.2,0.0,-,0,0,0.000
1790429386,s10-vless-xhttp,119639,23,1210,1210,172.8,703.5,923.8,0.0,-,0,0,0.000
1790429386,s11-http-proxy,114886,34,1096,1096,221.1,786.2,973.6,0.0,-,0,0,0.000
1790429386,s12-vmess-h3,119059,17,1121,1121,211.1,761.3,971.7,0.0,-,0,0,0.000
1790429386,__proc__,0,0,0,0,-,-,-,1234.8,28806,40025,3726934,6685.694
1790429416,s1-short,123731,38,1136,1136,192.4,729.6,942.0,0.0,-,0,0,0.000
1790429416,s2-long,7,4,0,0,36.5,112.7,112.7,0.0,-,0,0,0.000
1790429416,s3-quic,331595,0,461483,461483,3.1,69.0,420.2,0.0,-,0,0,0.000
1790429416,s4-mixed-kcp,44842,1,4396661,4396661,249.8,1576.6,2150.5,0.0,-,0,0,0.000
1790429416,s5-vmess-ws,123297,27,1102,1102,197.6,750.1,943.2,0.0,-,0,0,0.000
1790429416,s6-trojan-grpc,134885,28,1220,1220,144.5,670.0,914.1,0.0,-,0,0,0.000
1790429416,s7-ss-tcp,140658,57,1254,1254,135.4,630.6,898.2,0.0,-,0,0,0.000
1790429416,s8-tuic,136495,32,1252,1252,147.2,687.1,934.0,0.0,-,0,0,0.000
1790429416,s9-anytls,110346,21,1126,1126,186.6,717.0,944.3,0.0,-,0,0,0.000
1790429416,s10-vless-xhttp,120193,23,1163,1163,166.5,686.8,921.8,0.0,-,0,0,0.000
1790429416,s11-http-proxy,115373,34,1023,1023,215.0,768.2,973.5,0.0,-,0,0,0.000
1790429416,s12-vmess-h3,119591,17,1117,1117,206.5,739.2,952.4,0.0,-,0,0,0.000
1790429416,__proc__,0,0,0,0,-,-,-,1244.7,28568,39717,3745806,6711.833
1790429446,s1-short,124235,38,1058,1058,193.4,716.7,933.4,0.0,-,0,0,0.000
1790429446,s2-long,7,4,0,0,36.5,112.7,112.7,0.0,-,0,0,0.000
1790429446,s3-quic,333203,0,439091,439091,3.1,73.2,429.1,0.0,-,0,0,0.000
1790429446,s4-mixed-kcp,45030,1,4148476,4148476,250.3,1565.0,2148.7,0.0,-,0,0,0.000
1790429446,s5-vmess-ws,123794,27,1044,1044,196.3,717.0,923.2,0.0,-,0,0,0.000
1790429446,s6-trojan-grpc,135449,28,1184,1184,133.7,644.2,898.6,0.0,-,0,0,0.000
1790429446,s7-ss-tcp,141250,57,1243,1243,125.0,613.9,883.5,0.0,-,0,0,0.000
1790429446,s8-tuic,137055,32,1176,1176,131.3,650.9,927.1,0.0,-,0,0,0.000
1790429446,s9-anytls,110847,21,1052,1052,188.4,698.8,927.4,0.0,-,0,0,0.000
1790429446,s10-vless-xhttp,120712,23,1090,1090,171.1,701.7,921.8,0.0,-,0,0,0.000
1790429446,s11-http-proxy,115845,34,991,991,209.0,737.2,962.1,0.0,-,0,0,0.000
1790429446,s12-vmess-h3,120070,17,1006,1006,199.8,710.1,932.5,0.0,-,0,0,0.000
1790429446,__proc__,0,0,0,0,-,-,-,1229.3,29228,39882,3764407,6738.112
1790429476,s1-short,124661,38,895,895,186.1,695.5,929.6,0.0,-,0,0,0.000
1790429476,s2-long,7,4,0,0,36.5,112.7,112.7,0.0,-,0,0,0.000
1790429476,s3-quic,334321,0,305289,305289,3.1,73.6,441.0,0.0,-,0,0,0.000
1790429476,s4-mixed-kcp,45188,1,3954699,3954699,248.4,1574.4,2141.7,0.0,-,0,0,0.000
1790429476,s5-vmess-ws,124215,27,884,884,192.6,694.3,923.2,0.0,-,0,0,0.000
1790429476,s6-trojan-grpc,135913,28,974,974,154.6,684.5,917.1,0.0,-,0,0,0.000
1790429476,s7-ss-tcp,141737,57,1023,1023,130.4,636.2,890.7,0.0,-,0,0,0.000
1790429476,s8-tuic,137520,32,976,976,156.1,694.3,935.2,0.0,-,0,0,0.000
1790429476,s9-anytls,111273,21,895,895,182.8,682.3,926.7,0.0,-,0,0,0.000
1790429476,s10-vless-xhttp,121154,23,928,928,172.8,693.0,921.8,0.0,-,0,0,0.000
1790429476,s11-http-proxy,116232,34,813,813,225.4,751.8,970.8,0.0,-,0,0,0.000
1790429476,s12-vmess-h3,120485,17,872,872,203.8,702.2,947.4,0.0,-,0,0,0.000
1790429476,__proc__,0,0,0,0,-,-,-,1240.0,28515,38271,3776867,6765.316
1790429506,s1-short,125205,38,1142,1142,183.9,709.1,938.1,0.0,-,0,0,0.000
1790429506,s2-long,7,4,0,0,36.5,112.7,112.7,0.0,-,0,0,0.000
1790429506,s3-quic,336150,0,499439,499439,3.1,73.7,444.6,0.0,-,0,0,0.000
1790429506,s4-mixed-kcp,45386,1,4495509,4495509,248.0,1577.7,2148.5,0.0,-,0,0,0.000
1790429506,s5-vmess-ws,124749,27,1121,1121,193.0,704.7,935.6,0.0,-,0,0,0.000
1790429506,s6-trojan-grpc,136515,28,1264,1264,146.7,675.8,920.7,0.0,-,0,0,0.000
1790429506,s7-ss-tcp,142360,57,1308,1308,133.5,646.2,890.6,0.0,-,0,0,0.000
1790429506,s8-tuic,138118,32,1256,1256,149.0,689.7,935.8,0.0,-,0,0,0.000
1790429506,s9-anytls,111815,21,1138,1138,183.1,696.4,939.5,0.0,-,0,0,0.000
1790429506,s10-vless-xhttp,121711,23,1170,1170,160.3,694.2,930.5,0.0,-,0,0,0.000
1790429506,s11-http-proxy,116740,34,1067,1067,215.5,729.5,966.0,0.0,-,0,0,0.000
1790429506,s12-vmess-h3,121009,17,1100,1100,203.6,712.3,939.1,0.0,-,0,0,0.000
1790429506,__proc__,0,0,0,0,-,-,-,1242.7,28981,39974,3798116,6790.605
1790429536,s1-short,125733,38,1109,1109,184.6,705.9,942.4,0.0,-,0,0,0.000
1790429536,s2-long,7,4,0,0,36.5,112.7,112.7,0.0,-,0,0,0.000
1790429536,s3-quic,337557,0,384205,384205,3.1,82.8,461.3,0.0,-,0,0,0.000
1790429536,s4-mixed-kcp,45574,1,4354846,4354846,248.0,1582.0,2141.7,0.0,-,0,0,0.000
1790429536,s5-vmess-ws,125276,27,1107,1107,191.7,704.0,934.4,0.0,-,0,0,0.000
1790429536,s6-trojan-grpc,137104,28,1237,1237,140.0,653.6,906.2,0.0,-,0,0,0.000
1790429536,s7-ss-tcp,142953,57,1245,1245,130.6,630.0,875.4,0.0,-,0,0,0.000
1790429536,s8-tuic,138705,32,1233,1233,140.8,654.7,919.7,0.0,-,0,0,0.000
1790429536,s9-anytls,112353,21,1130,1130,181.4,702.8,948.0,0.0,-,0,0,0.000
1790429536,s10-vless-xhttp,122249,23,1130,1130,162.2,700.9,940.1,0.0,-,0,0,0.000
1790429536,s11-http-proxy,117232,34,1033,1033,207.3,713.1,953.2,0.0,-,0,0,0.000
1790429536,s12-vmess-h3,121519,17,1071,1071,193.4,698.1,946.1,0.0,-,0,0,0.000
1790429536,__proc__,0,0,0,0,-,-,-,1244.9,29071,40002,3813887,6817.738
1790429566,s1-short,126202,38,985,985,182.6,725.6,937.5,0.0,-,0,0,0.000
1790429566,s2-long,7,4,0,0,36.5,112.7,112.7,0.0,-,0,0,0.000
1790429566,s3-quic,338928,0,374374,374374,3.1,79.1,470.5,0.0,-,0,0,0.000
1790429566,s4-mixed-kcp,45747,1,3798774,3798774,245.1,1582.3,2126.1,0.0,-,0,0,0.000
1790429566,s5-vmess-ws,125744,27,983,983,187.7,732.1,920.3,0.0,-,0,0,0.000
1790429566,s6-trojan-grpc,137626,28,1096,1096,135.5,689.3,919.3,0.0,-,0,0,0.000
1790429566,s7-ss-tcp,143498,57,1144,1144,119.0,636.2,872.6,0.0,-,0,0,0.000
1790429566,s8-tuic,139225,32,1092,1092,134.2,690.7,923.5,0.0,-,0,0,0.000
1790429566,s9-anytls,112827,21,995,995,181.4,716.1,927.4,0.0,-,0,0,0.000
1790429566,s10-vless-xhttp,122737,23,1025,1025,166.1,707.3,931.7,0.0,-,0,0,0.000
1790429566,s11-http-proxy,117683,34,947,947,203.6,742.8,955.8,0.0,-,0,0,0.000
1790429566,s12-vmess-h3,121978,17,964,964,189.3,721.7,938.2,0.0,-,0,0,0.000
1790429566,__proc__,0,0,0,0,-,-,-,1236.4,29069,39498,3829571,6844.902
1790429596,s1-short,126681,38,1006,1006,178.9,698.2,918.0,0.0,-,0,0,0.000
1790429596,s2-long,7,4,0,0,36.5,112.7,112.7,0.0,-,0,0,0.000
1790429596,s3-quic,340307,0,376559,376559,3.1,83.9,481.1,0.0,-,0,0,0.000
1790429596,s4-mixed-kcp,45928,1,4161417,4161417,249.0,1594.9,2126.1,0.0,-,0,0,0.000
1790429596,s5-vmess-ws,126219,27,998,998,187.0,695.9,910.6,0.0,-,0,0,0.000
1790429596,s6-trojan-grpc,138147,28,1094,1094,147.1,668.8,899.7,0.0,-,0,0,0.000
1790429596,s7-ss-tcp,144033,57,1124,1124,129.7,656.2,872.6,0.0,-,0,0,0.000
1790429596,s8-tuic,139752,32,1107,1107,148.1,672.3,903.8,0.0,-,0,0,0.000
1790429596,s9-anytls,113309,21,1012,1012,178.5,689.9,918.3,0.0,-,0,0,0.000
1790429596,s10-vless-xhttp,123234,23,1044,1044,160.7,693.0,922.2,0.0,-,0,0,0.000
1790429596,s11-http-proxy,118135,34,949,949,213.2,734.4,949.5,0.0,-,0,0,0.000
1790429596,s12-vmess-h3,122443,17,976,976,195.7,714.8,938.2,0.0,-,0,0,0.000
1790429596,__proc__,0,0,0,0,-,-,-,1247.1,28917,39300,3845037,6871.959
1790429626,s1-short,127203,38,1096,1096,182.6,700.0,923.6,0.0,-,0,0,0.000
1790429626,s2-long,7,4,0,0,36.5,112.7,112.7,0.0,-,0,0,0.000
1790429626,s3-quic,342105,0,490974,490974,3.1,73.3,437.9,0.0,-,0,0,0.000
1790429626,s4-mixed-kcp,46125,1,4234602,4234602,249.0,1578.3,2124.0,0.0,-,0,0,0.000
1790429626,s5-vmess-ws,126736,27,1086,1086,188.6,700.4,906.5,0.0,-,0,0,0.000
1790429626,s6-trojan-grpc,138726,28,1216,1216,141.2,653.9,874.7,0.0,-,0,0,0.000
1790429626,s7-ss-tcp,144639,57,1273,1273,130.0,637.5,853.7,0.0,-,0,0,0.000
1790429626,s8-tuic,140336,32,1226,1226,139.8,646.6,852.3,0.0,-,0,0,0.000
1790429626,s9-anytls,113830,21,1094,1094,183.3,690.5,922.8,0.0,-,0,0,0.000
1790429626,s10-vless-xhttp,123774,23,1134,1134,159.9,683.7,915.9,0.0,-,0,0,0.000
1790429626,s11-http-proxy,118628,34,1035,1035,202.1,693.0,936.6,0.0,-,0,0,0.000
1790429626,s12-vmess-h3,122947,17,1058,1058,195.0,693.9,908.1,0.0,-,0,0,0.000
1790429626,__proc__,0,0,0,0,-,-,-,1247.6,28948,39921,3865963,6899.212
1790429656,s1-short,127690,38,1023,1023,181.4,704.8,920.5,0.0,-,0,0,0.000
1790429656,s2-long,7,4,0,0,36.5,112.7,112.7,0.0,-,0,0,0.000
1790429656,s3-quic,343658,0,424073,424073,3.1,69.1,444.8,0.0,-,0,0,0.000
1790429656,s4-mixed-kcp,46306,1,4082713,4082713,249.0,1594.9,2119.0,0.0,-,0,0,0.000
1790429656,s5-vmess-ws,127226,27,1029,1029,183.6,704.0,909.7,0.0,-,0,0,0.000
1790429656,s6-trojan-grpc,139279,28,1161,1161,133.6,655.9,896.5,0.0,-,0,0,0.000
1790429656,s7-ss-tcp,145195,57,1168,1168,125.1,639.0,862.3,0.0,-,0,0,0.000
1790429656,s8-tuic,140881,32,1144,1144,130.0,653.4,870.3,0.0,-,0,0,0.000
1790429656,s9-anytls,114337,21,1065,1065,182.0,706.1,918.3,0.0,-,0,0,0.000
1790429656,s10-vless-xhttp,124290,23,1084,1084,164.0,696.9,910.6,0.0,-,0,0,0.000
1790429656,s11-http-proxy,119088,34,966,966,195.2,691.4,919.2,0.0,-,0,0,0.000
1790429656,s12-vmess-h3,123423,17,1000,1000,188.6,701.4,930.8,0.0,-,0,0,0.000
1790429656,__proc__,0,0,0,0,-,-,-,1230.9,29420,40031,3883715,6926.496
1790429686,s1-short,128184,38,1037,1037,181.9,700.0,920.5,0.0,-,0,0,0.000
1790429686,s2-long,7,4,0,0,36.5,112.7,112.7,0.0,-,0,0,0.000
1790429686,s3-quic,345088,0,390485,390485,3.1,65.1,461.6,0.0,-,0,0,0.000
1790429686,s4-mixed-kcp,46490,1,4282425,4282425,247.5,1586.6,2090.6,0.0,-,0,0,0.000
1790429686,s5-vmess-ws,127722,27,1042,1042,180.2,701.1,916.6,0.0,-,0,0,0.000
1790429686,s6-trojan-grpc,139825,28,1147,1147,140.2,651.9,896.5,0.0,-,0,0,0.000
1790429686,s7-ss-tcp,145766,57,1199,1199,129.1,640.6,862.3,0.0,-,0,0,0.000
1790429686,s8-tuic,141436,32,1166,1166,137.3,644.9,870.3,0.0,-,0,0,0.000
1790429686,s9-anytls,114848,21,1073,1073,181.3,700.7,918.3,0.0,-,0,0,0.000
1790429686,s10-vless-xhttp,124806,23,1084,1084,169.4,691.6,910.6,0.0,-,0,0,0.000
1790429686,s11-http-proxy,119557,34,985,985,202.4,705.1,935.3,0.0,-,0,0,0.000
1790429686,s12-vmess-h3,123904,17,1010,1010,189.2,709.7,934.3,0.0,-,0,0,0.000
1790429686,__proc__,0,0,0,0,-,-,-,1235.7,29049,39761,3899843,6953.602
1790429716,s1-short,128683,38,1048,1048,184.9,705.7,920.5,0.0,-,0,0,0.000
1790429716,s2-long,7,4,0,0,36.5,112.7,112.7,0.0,-,0,0,0.000
1790429716,s3-quic,346592,0,410692,410692,3.1,63.1,450.4,0.0,-,0,0,0.000
1790429716,s4-mixed-kcp,46672,1,4182950,4182950,249.4,1593.6,2098.4,0.0,-,0,0,0.000
1790429716,s5-vmess-ws,128218,27,1042,1042,184.6,711.1,916.6,0.0,-,0,0,0.000
1790429716,s6-trojan-grpc,140359,28,1121,1121,146.8,652.8,856.5,0.0,-,0,0,0.000
1790429716,s7-ss-tcp,146324,57,1172,1172,135.4,645.0,854.1,0.0,-,0,0,0.000
1790429716,s8-tuic,141962,32,1105,1105,145.7,650.9,824.1,0.0,-,0,0,0.000
1790429716,s9-anytls,115344,21,1042,1042,180.2,703.4,918.3,0.0,-,0,0,0.000
1790429716,s10-vless-xhttp,125312,23,1063,1063,163.0,675.7,856.8,0.0,-,0,0,0.000
1790429716,s11-http-proxy,120019,34,970,970,210.2,718.1,935.3,0.0,-,0,0,0.000
1790429716,s12-vmess-h3,124394,17,1029,1029,193.8,720.5,934.3,0.0,-,0,0,0.000
1790429716,__proc__,0,0,0,0,-,-,-,1250.4,28711,39443,3917387,6980.107
1790429746,s1-short,129193,38,1071,1071,192.6,705.7,907.3,0.0,-,0,0,0.000
1790429746,s2-long,7,4,0,0,36.5,112.7,112.7,0.0,-,0,0,0.000
1790429746,s3-quic,348284,0,462029,462029,3.0,69.5,461.3,0.0,-,0,0,0.000
1790429746,s4-mixed-kcp,46861,1,4133561,4133561,248.3,1593.6,2098.4,0.0,-,0,0,0.000
1790429746,s5-vmess-ws,128719,27,1052,1052,187.1,710.9,903.0,0.0,-,0,0,0.000
1790429746,s6-trojan-grpc,140917,28,1172,1172,138.5,644.0,861.2,0.0,-,0,0,0.000
1790429746,s7-ss-tcp,146907,57,1224,1224,132.8,637.4,850.4,0.0,-,0,0,0.000
1790429746,s8-tuic,142511,32,1153,1153,134.0,641.7,840.3,0.0,-,0,0,0.000
1790429746,s9-anytls,115850,21,1063,1063,186.3,707.6,908.6,0.0,-,0,0,0.000
1790429746,s10-vless-xhttp,125834,23,1096,1096,164.9,687.9,894.2,0.0,-,0,0,0.000
1790429746,s11-http-proxy,120489,34,987,987,200.2,719.5,916.4,0.0,-,0,0,0.000
1790429746,s12-vmess-h3,124883,17,1027,1027,194.0,719.8,916.6,0.0,-,0,0,0.000
1790429746,__proc__,0,0,0,0,-,-,-,1252.9,28956,39638,3937004,7006.594
1790429776,s1-short,129701,38,1067,1067,192.2,689.9,877.1,0.0,-,0,0,0.000
1790429776,s2-long,7,4,0,0,36.5,112.7,112.7,0.0,-,0,0,0.000
1790429776,s3-quic,349845,0,426257,426257,3.0,69.8,461.3,0.0,-,0,0,0.000
1790429776,s4-mixed-kcp,47045,1,4195581,4195581,245.2,1593.6,2098.4,0.0,-,0,0,0.000
1790429776,s5-vmess-ws,129223,27,1058,1058,184.8,689.6,893.9,0.0,-,0,0,0.000
1790429776,s6-trojan-grpc,141473,28,1168,1168,137.9,625.6,803.9,0.0,-,0,0,0.000
1790429776,s7-ss-tcp,147479,57,1201,1201,130.2,624.1,790.0,0.0,-,0,0,0.000
1790429776,s8-tuic,143070,32,1174,1174,132.5,627.6,793.6,0.0,-,0,0,0.000
1790429776,s9-anytls,116359,21,1069,1069,188.6,690.0,876.9,0.0,-,0,0,0.000
1790429776,s10-vless-xhttp,126356,23,1096,1096,170.9,677.4,858.1,0.0,-,0,0,0.000
1790429776,s11-http-proxy,120952,34,972,972,198.6,709.6,905.5,0.0,-,0,0,0.000
1790429776,s12-vmess-h3,125367,17,1016,1016,193.0,701.4,900.9,0.0,-,0,0,0.000
1790429776,__proc__,0,0,0,0,-,-,-,1243.4,29268,40025,3954618,7034.237
1790429806,s1-short,130137,38,916,916,192.2,678.9,850.7,0.0,-,0,0,0.000
1790429806,s2-long,7,4,0,0,36.5,112.7,112.7,0.0,-,0,0,0.000
1790429806,s3-quic,351062,0,332322,332322,3.0,77.1,467.5,0.0,-,0,0,0.000
1790429806,s4-mixed-kcp,47220,1,3668796,3668796,243.9,1590.4,2110.7,0.0,-,0,0,0.000
1790429806,s5-vmess-ws,129663,27,924,924,185.4,673.4,861.0,0.0,-,0,0,0.000
1790429806,s6-trojan-grpc,141967,28,1037,1037,148.1,635.5,838.4,0.0,-,0,0,0.000
1790429806,s7-ss-tcp,147987,57,1067,1067,137.5,625.0,810.4,0.0,-,0,0,0.000
1790429806,s8-tuic,143554,32,1016,1016,145.2,639.0,825.7,0.0,-,0,0,0.000
1790429806,s9-anytls,116797,21,920,920,192.9,676.4,849.1,0.0,-,0,0,0.000
1790429806,s10-vless-xhttp,126821,23,976,976,176.9,658.4,832.8,0.0,-,0,0,0.000
1790429806,s11-http-proxy,121375,34,888,888,211.0,731.7,916.4,0.0,-,0,0,0.000
1790429806,s12-vmess-h3,125794,17,897,897,200.2,696.7,905.9,0.0,-,0,0,0.000
1790429806,__proc__,0,0,0,0,-,-,-,1248.5,28723,38674,3967815,7061.082
1790429836,s1-short,130656,38,1090,1090,192.6,670.5,849.8,0.0,-,0,0,0.000
1790429836,s2-long,7,4,0,0,36.5,112.7,112.7,0.0,-,0,0,0.000
1790429836,s3-quic,352894,0,500258,500258,3.0,69.4,441.9,0.0,-,0,0,0.000
1790429836,s4-mixed-kcp,47411,1,4233182,4233182,243.4,1593.6,2124.0,0.0,-,0,0,0.000
1790429836,s5-vmess-ws,130179,27,1084,1084,186.4,665.1,861.0,0.0,-,0,0,0.000
1790429836,s6-trojan-grpc,142544,28,1212,1212,146.2,624.6,826.3,0.0,-,0,0,0.000
1790429836,s7-ss-tcp,148570,57,1224,1224,140.2,618.0,800.8,0.0,-,0,0,0.000
1790429836,s8-tuic,144132,32,1214,1214,143.9,634.1,837.5,0.0,-,0,0,0.000
1790429836,s9-anytls,117324,21,1107,1107,193.0,667.9,849.1,0.0,-,0,0,0.000
1790429836,s10-vless-xhttp,127363,23,1138,1138,171.2,646.8,842.9,0.0,-,0,0,0.000
1790429836,s11-http-proxy,121871,34,1042,1042,206.4,702.5,887.8,0.0,-,0,0,0.000
1790429836,s12-vmess-h3,126305,17,1073,1073,196.6,685.1,887.7,0.0,-,0,0,0.000
1790429836,__proc__,0,0,0,0,-,-,-,1255.0,28683,39699,3989593,7086.585
1790429866,s1-short,131163,38,1065,1065,192.6,670.0,858.5,0.0,-,0,0,0.000
1790429866,s2-long,7,4,0,0,36.5,112.7,112.7,0.0,-,0,0,0.000
1790429866,s3-quic,354509,0,441003,441003,3.0,74.0,440.4,0.0,-,0,0,0.000
1790429866,s4-mixed-kcp,47598,1,4301676,4301676,245.0,1593.6,2098.4,0.0,-,0,0,0.000
1790429866,s5-vmess-ws,130684,27,1060,1060,186.4,665.0,861.6,0.0,-,0,0,0.000
1790429866,s6-trojan-grpc,143108,28,1184,1184,142.3,613.9,847.2,0.0,-,0,0,0.000
1790429866,s7-ss-tcp,149150,57,1218,1218,137.9,605.5,811.7,0.0,-,0,0,0.000
1790429866,s8-tuic,144694,32,1180,1180,139.5,622.3,864.5,0.0,-,0,0,0.000
1790429866,s9-anytls,117840,21,1084,1084,190.8,666.9,858.9,0.0,-,0,0,0.000
1790429866,s10-vless-xhttp,127890,23,1107,1107,171.7,653.3,864.0,0.0,-,0,0,0.000
1790429866,s11-http-proxy,122352,34,1010,1010,197.1,704.1,897.7,0.0,-,0,0,0.000
1790429866,s12-vmess-h3,126798,17,1035,1035,195.0,685.1,893.0,0.0,-,0,0,0.000
1790429866,__proc__,0,0,0,0,-,-,-,1246.7,28783,39581,4008543,7112.580
1790429896,s1-short,131661,38,1046,1046,192.6,664.5,849.8,0.0,-,0,0,0.000
1790429896,s2-long,7,4,0,0,36.5,112.7,112.7,0.0,-,0,0,0.000
1790429896,s3-quic,355962,0,396766,396766,3.0,79.8,440.4,0.0,-,0,0,0.000
1790429896,s4-mixed-kcp,47778,1,3983651,3983651,243.0,1588.7,2085.5,0.0,-,0,0,0.000
1790429896,s5-vmess-ws,131189,27,1060,1060,189.0,658.5,856.0,0.0,-,0,0,0.000
1790429896,s6-trojan-grpc,143648,28,1134,1134,147.8,628.2,848.6,0.0,-,0,0,0.000
1790429896,s7-ss-tcp,149717,57,1191,1191,133.9,609.7,833.7,0.0,-,0,0,0.000
1790429896,s8-tuic,145237,32,1140,1140,146.7,635.2,880.7,0.0,-,0,0,0.000
1790429896,s9-anytls,118348,21,1067,1067,190.3,659.5,845.9,0.0,-,0,0,0.000
1790429896,s10-vless-xhttp,128406,23,1084,1084,176.2,646.0,855.4,0.0,-,0,0,0.000
1790429896,s11-http-proxy,122814,34,970,970,210.0,704.1,902.8,0.0,-,0,0,0.000
1790429896,s12-vmess-h3,127293,17,1040,1040,195.3,680.5,884.4,0.0,-,0,0,0.000
1790429896,__proc__,0,0,0,0,-,-,-,1242.4,28933,39747,4024589,7139.430
1790429926,s1-short,132136,38,998,998,187.5,668.5,866.4,0.0,-,0,0,0.000
1790429926,s2-long,7,4,0,0,36.5,112.7,112.7,0.0,-,0,0,0.000
1790429926,s3-quic,357465,0,410419,410419,3.1,77.4,450.8,0.0,-,0,0,0.000
1790429926,s4-mixed-kcp,47957,1,4015386,4015386,241.9,1597.9,2085.5,0.0,-,0,0,0.000
1790429926,s5-vmess-ws,131666,27,1002,1002,186.4,665.6,860.8,0.0,-,0,0,0.000
1790429926,s6-trojan-grpc,144181,28,1119,1119,144.9,637.5,865.1,0.0,-,0,0,0.000
1790429926,s7-ss-tcp,150264,57,1149,1149,133.5,611.7,846.6,0.0,-,0,0,0.000
1790429926,s8-tuic,145757,32,1092,1092,145.6,651.5,885.4,0.0,-,0,0,0.000
1790429926,s9-anytls,118830,21,1012,1012,185.6,670.3,871.8,0.0,-,0,0,0.000
1790429926,s10-vless-xhttp,128910,23,1058,1058,173.6,652.3,868.1,0.0,-,0,0,0.000
1790429926,s11-http-proxy,123259,34,934,934,210.1,708.2,904.9,0.0,-,0,0,0.000
1790429926,s12-vmess-h3,127755,17,970,970,198.3,691.4,893.0,0.0,-,0,0,0.000
1790429926,__proc__,0,0,0,0,-,-,-,1247.7,28816,39119,4040604,7166.333
1790429956,s1-short,132591,38,956,956,192.6,682.4,888.1,0.0,-,0,0,0.000
1790429956,s2-long,7,4,0,0,36.5,112.7,112.7,0.0,-,0,0,0.000
1790429956,s3-quic,358849,0,377924,377924,3.1,88.4,477.8,0.0,-,0,0,0.000
1790429956,s4-mixed-kcp,48135,1,3948655,3948655,243.0,1603.9,2064.8,0.0,-,0,0,0.000
1790429956,s5-vmess-ws,132120,27,953,953,190.2,675.6,889.7,0.0,-,0,0,0.000
1790429956,s6-trojan-grpc,144686,28,1060,1060,143.6,634.9,868.8,0.0,-,0,0,0.000
1790429956,s7-ss-tcp,150788,57,1100,1100,141.0,617.3,846.6,0.0,-,0,0,0.000
1790429956,s8-tuic,146249,32,1033,1033,144.6,647.2,889.4,0.0,-,0,0,0.000
1790429956,s9-anytls,119279,21,943,943,191.0,679.2,889.7,0.0,-,0,0,0.000
1790429956,s10-vless-xhttp,129382,23,991,991,177.8,659.1,883.4,0.0,-,0,0,0.000
1790429956,s11-http-proxy,123688,34,901,901,211.7,721.0,904.9,0.0,-,0,0,0.000
1790429956,s12-vmess-h3,128198,17,930,930,204.3,717.4,906.9,0.0,-,0,0,0.000
1790429956,__proc__,0,0,0,0,-,-,-,1251.5,28647,38791,4056554,7194.110
1790429986,s1-short,133053,38,970,970,193.4,664.8,878.3,0.0,-,0,0,0.000
1790429986,s2-long,7,4,0,0,36.5,112.7,112.7,0.0,-,0,0,0.000
1790429986,s3-quic,360325,0,403046,403046,3.0,91.0,474.4,0.0,-,0,0,0.000
1790429986,s4-mixed-kcp,48317,1,4041540,4041540,243.4,1603.9,2069.9,0.0,-,0,0,0.000
1790429986,s5-vmess-ws,132576,27,958,958,191.0,665.5,876.2,0.0,-,0,0,0.000
1790429986,s6-trojan-grpc,145200,28,1079,1079,149.7,625.2,868.8,0.0,-,0,0,0.000
1790429986,s7-ss-tcp,151324,57,1126,1126,141.7,616.7,853.8,0.0,-,0,0,0.000
1790429986,s8-tuic,146758,32,1069,1069,153.2,654.6,891.9,0.0,-,0,0,0.000
1790429986,s9-anytls,119740,21,968,968,193.5,661.4,871.6,0.0,-,0,0,0.000
1790429986,s10-vless-xhttp,129864,23,1012,1012,181.5,648.5,871.1,0.0,-,0,0,0.000
1790429986,s11-http-proxy,124129,34,926,926,217.2,712.5,909.3,0.0,-,0,0,0.000
1790429986,s12-vmess-h3,128654,17,958,958,200.4,684.4,888.5,0.0,-,0,0,0.000
1790429986,__proc__,0,0,0,0,-,-,-,1250.4,28538,38894,4073598,7220.208
1790430016,s1-short,133538,38,1018,1018,193.6,663.9,883.9,0.0,-,0,0,0.000
1790430016,s2-long,7,4,0,0,36.5,112.7,112.7,0.0,-,0,0,0.000
1790430016,s3-quic,361748,0,388574,388574,3.0,86.8,464.3,0.0,-,0,0,0.000
1790430016,s4-mixed-kcp,48501,1,4384401,4384401,242.4,1598.0,2060.3,0.0,-,0,0,0.000
1790430016,s5-vmess-ws,133064,27,1025,1025,190.8,659.1,876.2,0.0,-,0,0,0.000
1790430016,s6-trojan-grpc,145733,28,1119,1119,154.0,628.8,868.9,0.0,-,0,0,0.000
1790430016,s7-ss-tcp,151879,57,1166,1166,146.3,619.9,854.2,0.0,-,0,0,0.000
1790430016,s8-tuic,147313,32,1166,1166,156.1,651.3,889.9,0.0,-,0,0,0.000
1790430016,s9-anytls,120227,21,1023,1023,192.4,654.6,874.5,0.0,-,0,0,0.000
1790430016,s10-vless-xhttp,130372,23,1067,1067,181.7,650.9,871.6,0.0,-,0,0,0.000
1790430016,s11-http-proxy,124599,34,987,987,215.6,712.5,909.3,0.0,-,0,0,0.000
1790430016,s12-vmess-h3,129125,17,989,989,202.0,683.5,885.6,0.0,-,0,0,0.000
1790430016,__proc__,0,0,0,0,-,-,-,1281.5,28295,38723,4090296,7246.439
1790430046,s1-short,134098,38,1176,1176,193.0,661.5,883.9,0.0,-,0,0,0.000
1790430046,s2-long,7,4,0,0,36.5,112.7,112.7,0.0,-,0,0,0.000
1790430046,s3-quic,363717,0,537668,537668,3.0,82.1,429.9,0.0,-,0,0,0.000
1790430046,s4-mixed-kcp,48697,1,4360571,4360571,243.8,1611.2,2062.2,0.0,-,0,0,0.000
1790430046,s5-vmess-ws,133618,27,1163,1163,191.0,660.9,876.2,0.0,-,0,0,0.000
1790430046,s6-trojan-grpc,146345,28,1285,1285,150.0,624.2,861.7,0.0,-,0,0,0.000
1790430046,s7-ss-tcp,152495,57,1294,1294,134.4,614.8,852.3,0.0,-,0,0,0.000
1790430046,s8-tuic,147921,32,1277,1277,149.8,642.3,889.4,0.0,-,0,0,0.000
1790430046,s9-anytls,120784,21,1170,1170,189.7,654.8,874.5,0.0,-,0,0,0.000
1790430046,s10-vless-xhttp,130948,23,1210,1210,169.0,635.0,870.6,0.0,-,0,0,0.000
1790430046,s11-http-proxy,125119,34,1092,1092,209.0,701.8,903.2,0.0,-,0,0,0.000
1790430046,s12-vmess-h3,129650,17,1102,1102,196.2,682.9,878.3,0.0,-,0,0,0.000
1790430046,__proc__,0,0,0,0,-,-,-,1277.8,28643,39778,4113248,7271.975
1790430076,s1-short,134579,38,1010,1010,190.0,662.2,888.2,0.0,-,0,0,0.000
1790430076,s2-long,7,4,0,0,36.5,112.7,112.7,0.0,-,0,0,0.000
1790430076,s3-quic,365258,0,420796,420796,3.0,87.9,436.9,0.0,-,0,0,0.000
1790430076,s4-mixed-kcp,48878,1,4014852,4014852,241.3,1610.4,2064.8,0.0,-,0,0,0.000
1790430076,s5-vmess-ws,134092,27,995,995,190.4,670.9,887.0,0.0,-,0,0,0.000
1790430076,s6-trojan-grpc,146882,28,1128,1128,144.9,632.6,859.8,0.0,-,0,0,0.000
1790430076,s7-ss-tcp,153051,57,1168,1168,130.7,619.2,845.0,0.0,-,0,0,0.000
1790430076,s8-tuic,148466,32,1144,1144,143.1,661.4,891.9,0.0,-,0,0,0.000
1790430076,s9-anytls,121268,21,1016,1016,188.3,659.5,880.0,0.0,-,0,0,0.000
1790430076,s10-vless-xhttp,131446,23,1046,1046,171.2,652.9,870.6,0.0,-,0,0,0.000
1790430076,s11-http-proxy,125563,34,932,932,206.5,694.9,904.9,0.0,-,0,0,0.000
1790430076,s12-vmess-h3,130113,17,972,972,201.1,692.3,890.8,0.0,-,0,0,0.000
1790430076,__proc__,0,0,0,0,-,-,-,1281.2,28664,38979,4131155,7299.597
1790430106,s1-short,135051,38,991,991,188.7,659.9,880.1,0.0,-,0,0,0.000
1790430106,s2-long,7,4,0,0,36.5,112.7,112.7,0.0,-,0,0,0.000
1790430106,s3-quic,366682,0,388847,388847,3.0,84.4,429.9,0.0,-,0,0,0.000
1790430106,s4-mixed-kcp,49054,1,3947314,3947314,240.1,1608.8,2069.9,0.0,-,0,0,0.000
1790430106,s5-vmess-ws,134569,27,1002,1002,189.0,663.5,880.2,0.0,-,0,0,0.000
1790430106,s6-trojan-grpc,147397,28,1082,1082,151.4,632.8,857.0,0.0,-,0,0,0.000
1790430106,s7-ss-tcp,153584,57,1119,1119,134.1,613.2,854.2,0.0,-,0,0,0.000
1790430106,s8-tuic,148980,32,1079,1079,153.0,660.7,884.8,0.0,-,0,0,0.000
1790430106,s9-anytls,121745,21,1002,1002,187.4,659.5,868.3,0.0,-,0,0,0.000
1790430106,s10-vless-xhttp,131936,23,1029,1029,174.6,656.3,864.7,0.0,-,0,0,0.000
1790430106,s11-http-proxy,126009,34,937,937,213.8,697.3,918.3,0.0,-,0,0,0.000
1790430106,s12-vmess-h3,130573,17,966,966,204.0,692.8,901.8,0.0,-,0,0,0.000
1790430106,__proc__,0,0,0,0,-,-,-,1268.8,28454,38928,4146768,7325.616
1790430136,s1-short,135547,38,1042,1042,191.8,658.5,892.9,0.0,-,0,0,0.000
1790430136,s2-long,7,4,0,0,36.5,112.7,112.7,0.0,-,0,0,0.000
1790430136,s3-quic,368205,0,415881,415881,3.0,81.9,428.7,0.0,-,0,0,0.000
1790430136,s4-mixed-kcp,49238,1,4171242,4171242,245.1,1611.2,2085.4,0.0,-,0,0,0.000
1790430136,s5-vmess-ws,135062,27,1035,1035,192.2,663.5,899.9,0.0,-,0,0,0.000
1790430136,s6-trojan-grpc,147944,28,1149,1149,150.7,628.8,878.4,0.0,-,0,0,0.000
1790430136,s7-ss-tcp,154158,57,1205,1205,137.0,622.8,868.0,0.0,-,0,0,0.000
1790430136,s8-tuic,149536,32,1168,1168,147.8,647.4,892.8,0.0,-,0,0,0.000
1790430136,s9-anytls,122254,21,1069,1069,187.2,656.4,886.3,0.0,-,0,0,0.000
1790430136,s10-vless-xhttp,132456,23,1092,1092,172.1,656.3,884.3,0.0,-,0,0,0.000
1790430136,s11-http-proxy,126478,34,985,985,213.7,703.5,920.1,0.0,-,0,0,0.000
1790430136,s12-vmess-h3,131058,17,1018,1018,206.3,699.9,907.4,0.0,-,0,0,0.000
1790430136,__proc__,0,0,0,0,-,-,-,1276.9,28512,39108,4164052,7353.290
1790430166,s1-short,136069,38,1096,1096,192.9,672.3,902.2,0.0,-,0,0,0.000
1790430166,s2-long,7,4,0,0,36.5,112.7,112.7,0.0,-,0,0,0.000
1790430166,s3-quic,369921,0,468582,468582,3.0,72.4,460.1,0.0,-,0,0,0.000
1790430166,s4-mixed-kcp,49433,1,4365902,4365902,245.1,1597.6,2080.6,0.0,-,0,0,0.000
1790430166,s5-vmess-ws,135584,27,1096,1096,193.4,673.9,906.2,0.0,-,0,0,0.000
1790430166,s6-trojan-grpc,148510,28,1189,1189,149.4,633.3,881.4,0.0,-,0,0,0.000
1790430166,s7-ss-tcp,154742,57,1226,1226,133.7,626.2,872.9,0.0,-,0,0,0.000
1790430166,s8-tuic,150122,32,1231,1231,144.3,656.7,905.3,0.0,-,0,0,0.000
1790430166,s9-anytls,122777,21,1098,1098,190.0,665.3,902.7,0.0,-,0,0,0.000
1790430166,s10-vless-xhttp,132992,23,1126,1126,172.2,671.0,893.8,0.0,-,0,0,0.000
1790430166,s11-http-proxy,126977,34,1048,1048,209.2,697.5,913.1,0.0,-,0,0,0.000
1790430166,s12-vmess-h3,131569,17,1073,1073,204.3,695.5,915.4,0.0,-,0,0,0.000
1790430166,__proc__,0,0,0,0,-,-,-,1275.4,28552,39559,4183919,7379.116
1790430196,s1-short,136575,38,1063,1063,189.5,667.1,892.9,0.0,-,0,0,0.000
1790430196,s2-long,7,4,0,0,36.5,112.7,112.7,0.0,-,0,0,0.000
1790430196,s3-quic,371614,0,462302,462302,3.0,73.7,472.5,0.0,-,0,0,0.000
1790430196,s4-mixed-kcp,49611,1,4163515,4163515,242.6,1598.0,2074.5,0.0,-,0,0,0.000
1790430196,s5-vmess-ws,136091,27,1065,1065,189.0,679.0,901.7,0.0,-,0,0,0.000
1790430196,s6-trojan-grpc,149075,28,1186,1186,141.9,621.3,859.1,0.0,-,0,0,0.000
1790430196,s7-ss-tcp,155331,57,1237,1237,125.0,600.6,845.0,0.0,-,0,0,0.000
1790430196,s8-tuic,150679,32,1170,1170,133.3,653.2,889.4,0.0,-,0,0,0.000
1790430196,s9-anytls,123287,21,1071,1071,186.1,661.0,892.4,0.0,-,0,0,0.000
1790430196,s10-vless-xhttp,133521,23,1111,1111,162.7,656.3,879.5,0.0,-,0,0,0.000
1790430196,s11-http-proxy,127453,34,1000,1000,201.8,696.5,912.4,0.0,-,0,0,0.000
1790430196,s12-vmess-h3,132055,17,1021,1021,200.4,695.6,907.4,0.0,-,0,0,0.000
1790430196,__proc__,0,0,0,0,-,-,-,1269.3,28836,39495,4203714,7405.610
1790430226,s1-short,137053,38,1004,1004,186.0,662.3,873.9,0.0,-,0,0,0.000
1790430226,s2-long,7,4,0,0,36.5,112.7,112.7,0.0,-,0,0,0.000
1790430226,s3-quic,372969,0,370005,370005,3.0,79.1,481.8,0.0,-,0,0,0.000
1790430226,s4-mixed-kcp,49786,1,4244713,4244713,239.8,1597.3,2080.6,0.0,-,0,0,0.000
1790430226,s5-vmess-ws,136563,27,991,991,185.2,673.9,876.1,0.0,-,0,0,0.000
1790430226,s6-trojan-grpc,149594,28,1090,1090,148.8,652.5,859.8,0.0,-,0,0,0.000
1790430226,s7-ss-tcp,155861,57,1113,1113,129.6,633.0,851.4,0.0,-,0,0,0.000
1790430226,s8-tuic,151201,32,1096,1096,139.1,662.2,887.5,0.0,-,0,0,0.000
1790430226,s9-anytls,123765,21,1004,1004,180.6,670.4,868.3,0.0,-,0,0,0.000
1790430226,s10-vless-xhttp,134012,23,1031,1031,166.4,671.3,871.9,0.0,-,0,0,0.000
1790430226,s11-http-proxy,127889,34,916,916,208.5,697.3,896.3,0.0,-,0,0,0.000
1790430226,s12-vmess-h3,132519,17,974,974,200.6,692.8,890.2,0.0,-,0,0,0.000
1790430226,__proc__,0,0,0,0,-,-,-,1255.1,28713,39050,4218592,7432.362
1790430256,s1-short,137567,38,1079,1079,184.8,677.0,881.0,0.0,-,0,0,0.000
1790430256,s2-long,7,4,0,0,36.5,112.7,112.7,0.0,-,0,0,0.000
1790430256,s3-quic,374448,0,403866,403866,3.0,87.3,500.6,0.0,-,0,0,0.000
1790430256,s4-mixed-kcp,49971,1,4115344,4115344,242.4,1596.9,2085.4,0.0,-,0,0,0.000
1790430256,s5-vmess-ws,137077,27,1079,1079,185.4,689.5,890.1,0.0,-,0,0,0.000
1790430256,s6-trojan-grpc,150152,28,1172,1172,147.2,657.4,870.9,0.0,-,0,0,0.000
1790430256,s7-ss-tcp,156447,57,1231,1231,129.4,636.6,851.9,0.0,-,0,0,0.000
1790430256,s8-tuic,151763,32,1180,1180,138.3,663.1,894.9,0.0,-,0,0,0.000
1790430256,s9-anytls,124285,21,1092,1092,178.7,678.6,886.3,0.0,-,0,0,0.000
1790430256,s10-vless-xhttp,134557,23,1144,1144,164.2,675.6,883.8,0.0,-,0,0,0.000
1790430256,s11-http-proxy,128376,34,1023,1023,206.5,732.4,905.3,0.0,-,0,0,0.000
1790430256,s12-vmess-h3,133019,17,1050,1050,202.7,713.4,899.5,0.0,-,0,0,0.000
1790430256,__proc__,0,0,0,0,-,-,-,1244.5,28839,39660,4234971,7458.913
1790430286,s1-short,138028,38,968,968,187.8,693.8,912.9,0.0,-,0,0,0.000
1790430286,s2-long,7,4,0,0,36.5,112.7,112.7,0.0,-,0,0,0.000
1790430286,s3-quic,375987,0,420250,420250,3.0,81.7,459.0,0.0,-,0,0,0.000
1790430286,s4-mixed-kcp,50143,1,4313689,4313689,244.2,1605.2,2089.6,0.0,-,0,0,0.000
1790430286,s5-vmess-ws,137535,27,962,962,189.6,710.6,918.1,0.0,-,0,0,0.000
1790430286,s6-trojan-grpc,150669,28,1086,1086,144.4,658.5,904.6,0.0,-,0,0,0.000
1790430286,s7-ss-tcp,156986,57,1132,1132,134.3,647.0,894.1,0.0,-,0,0,0.000
1790430286,s8-tuic,152286,32,1098,1098,134.0,662.0,911.8,0.0,-,0,0,0.000
1790430286,s9-anytls,124755,21,987,987,181.4,690.9,922.1,0.0,-,0,0,0.000
1790430286,s10-vless-xhttp,135038,23,1010,1010,169.6,688.7,907.3,0.0,-,0,0,0.000
1790430286,s11-http-proxy,128816,34,924,924,205.0,735.6,914.5,0.0,-,0,0,0.000
1790430286,s12-vmess-h3,133466,17,939,939,205.8,722.9,924.6,0.0,-,0,0,0.000
1790430286,__proc__,0,0,0,0,-,-,-,1226.0,29135,39215,4253384,7486.782
1790430316,s1-short,138552,38,1100,1100,191.1,701.5,909.8,0.0,-,0,0,0.000
1790430316,s2-long,7,4,0,0,36.5,112.7,112.7,0.0,-,0,0,0.000
1790430316,s3-quic,377349,0,371917,371917,3.0,75.7,454.9,0.0,-,0,0,0.000
1790430316,s4-mixed-kcp,50322,1,4157334,4157334,244.2,1597.6,2092.1,0.0,-,0,0,0.000
1790430316,s5-vmess-ws,138048,27,1077,1077,190.6,724.9,915.3,0.0,-,0,0,0.000
1790430316,s6-trojan-grpc,151227,28,1172,1172,153.0,668.2,904.6,0.0,-,0,0,0.000
1790430316,s7-ss-tcp,157564,57,1214,1214,134.4,671.7,894.1,0.0,-,0,0,0.000
1790430316,s8-tuic,152844,32,1172,1172,142.0,675.6,911.8,0.0,-,0,0,0.000
1790430316,s9-anytls,125279,21,1100,1100,190.0,691.2,914.1,0.0,-,0,0,0.000
1790430316,s10-vless-xhttp,135566,23,1109,1109,169.9,676.6,903.7,0.0,-,0,0,0.000
1790430316,s11-http-proxy,129294,34,1004,1004,208.2,746.0,921.2,0.0,-,0,0,0.000
1790430316,s12-vmess-h3,133968,17,1054,1054,196.1,722.9,918.6,0.0,-,0,0,0.000
1790430316,__proc__,0,0,0,0,-,-,-,1230.1,29392,40251,4268747,7512.048
1790430346,s1-short,139064,38,1075,1075,184.9,706.9,909.8,0.0,-,0,0,0.000
1790430346,s2-long,7,4,0,0,36.5,112.7,112.7,0.0,-,0,0,0.000
1790430346,s3-quic,379018,0,455748,455748,3.0,73.9,460.0,0.0,-,0,0,0.000
1790430346,s4-mixed-kcp,50515,1,4219036,4219036,244.0,1597.6,2092.1,0.0,-,0,0,0.000
1790430346,s5-vmess-ws,138558,27,1071,1071,187.9,734.2,915.3,0.0,-,0,0,0.000
1790430346,s6-trojan-grpc,151775,28,1151,1151,153.5,671.3,899.8,0.0,-,0,0,0.000
1790430346,s7-ss-tcp,158130,57,1189,1189,133.5,670.3,881.3,0.0,-,0,0,0.000
1790430346,s8-tuic,153402,32,1172,1172,142.8,677.1,902.9,0.0,-,0,0,0.000
1790430346,s9-anytls,125787,21,1067,1067,182.2,711.0,914.1,0.0,-,0,0,0.000
1790430346,s10-vless-xhttp,136095,23,1111,1111,164.4,678.7,898.9,0.0,-,0,0,0.000
1790430346,s11-http-proxy,129775,34,1010,1010,199.1,754.4,921.2,0.0,-,0,0,0.000
1790430346,s12-vmess-h3,134461,17,1035,1035,197.4,731.9,918.6,0.0,-,0,0,0.000
1790430346,__proc__,0,0,0,0,-,-,-,1244.4,29046,39800,4287913,7538.109
1790430376,s1-short,139545,38,1010,1010,188.9,731.8,908.2,0.0,-,0,0,0.000
1790430376,s2-long,7,4,0,0,36.5,112.7,112.7,0.0,-,0,0,0.000
1790430376,s3-quic,380526,0,411785,411785,3.0,79.3,460.0,0.0,-,0,0,0.000
1790430376,s4-mixed-kcp,50685,1,3651494,3651494,245.9,1607.7,2102.4,0.0,-,0,0,0.000
1790430376,s5-vmess-ws,139030,27,991,991,190.8,737.9,908.2,0.0,-,0,0,0.000
1790430376,s6-trojan-grpc,152296,28,1094,1094,157.0,668.3,870.9,0.0,-,0,0,0.000
1790430376,s7-ss-tcp,158681,57,1157,1157,135.1,648.8,851.3,0.0,-,0,0,0.000
1790430376,s8-tuic,153931,32,1111,1111,147.6,677.1,873.7,0.0,-,0,0,0.000
1790430376,s9-anytls,126271,21,1016,1016,187.4,719.7,914.1,0.0,-,0,0,0.000
1790430376,s10-vless-xhttp,136590,23,1040,1040,169.2,679.8,859.8,0.0,-,0,0,0.000
1790430376,s11-http-proxy,130223,34,941,941,201.6,753.6,913.1,0.0,-,0,0,0.000
1790430376,s12-vmess-h3,134926,17,976,976,198.9,743.3,917.5,0.0,-,0,0,0.000
1790430376,__proc__,0,0,0,0,-,-,-,1242.9,28825,39185,4304761,7564.001
1790430406,s1-short,140031,38,1021,1021,189.4,727.6,905.9,0.0,-,0,0,0.000
1790430406,s2-long,7,4,0,0,36.5,112.7,112.7,0.0,-,0,0,0.000
1790430406,s3-quic,382088,0,426530,426530,3.0,81.3,454.8,0.0,-,0,0,0.000
1790430406,s4-mixed-kcp,50861,1,3876725,3876725,246.1,1602.4,2092.1,0.0,-,0,0,0.000
1790430406,s5-vmess-ws,139509,27,1006,1006,192.5,738.1,904.2,0.0,-,0,0,0.000
1790430406,s6-trojan-grpc,152821,28,1102,1102,157.0,660.1,889.7,0.0,-,0,0,0.000
1790430406,s7-ss-tcp,159229,57,1151,1151,134.3,632.9,870.6,0.0,-,0,0,0.000
1790430406,s8-tuic,154464,32,1119,1119,144.2,658.0,888.3,0.0,-,0,0,0.000
1790430406,s9-anytls,126756,21,1018,1018,190.9,711.0,905.8,0.0,-,0,0,0.000
1790430406,s10-vless-xhttp,137094,23,1058,1058,173.8,685.9,885.3,0.0,-,0,0,0.000
1790430406,s11-http-proxy,130679,34,958,958,201.4,752.7,919.5,0.0,-,0,0,0.000
1790430406,s12-vmess-h3,135398,17,991,991,201.3,731.2,907.0,0.0,-,0,0,0.000
1790430406,__proc__,0,0,0,0,-,-,-,1230.7,28933,39458,4322681,7590.833
1790430436,s1-short,140498,38,981,981,191.3,700.9,900.2,0.0,-,0,0,0.000
1790430436,s2-long,7,4,0,0,36.5,112.7,112.7,0.0,-,0,0,0.000
1790430436,s3-quic,383519,0,390758,390758,3.0,75.4,441.0,0.0,-,0,0,0.000
1790430436,s4-mixed-kcp,51035,1,3822196,3822196,248.7,1605.2,2122.4,0.0,-,0,0,0.000
1790430436,s5-vmess-ws,139975,27,979,979,194.5,710.6,901.0,0.0,-,0,0,0.000
1790430436,s6-trojan-grpc,153334,28,1077,1077,157.0,641.3,889.7,0.0,-,0,0,0.000
1790430436,s7-ss-tcp,159752,57,1098,1098,143.9,632.9,870.6,0.0,-,0,0,0.000
1790430436,s8-tuic,154971,32,1065,1065,147.1,655.3,888.3,0.0,-,0,0,0.000
1790430436,s9-anytls,127232,21,1000,1000,192.6,687.0,898.0,0.0,-,0,0,0.000
1790430436,s10-vless-xhttp,137576,23,1012,1012,180.3,674.1,885.8,0.0,-,0,0,0.000
1790430436,s11-http-proxy,131124,34,934,934,214.3,752.7,922.6,0.0,-,0,0,0.000
1790430436,s12-vmess-h3,135857,17,964,964,208.2,704.3,904.7,0.0,-,0,0,0.000
1790430436,__proc__,0,0,0,0,-,-,-,1231.6,28500,38800,4338945,7617.146
1790430466,s1-short,141002,38,1058,1058,198.1,700.5,900.2,0.0,-,0,0,0.000
1790430466,s2-long,7,4,0,0,36.5,112.7,112.7,0.0,-,0,0,0.000
1790430466,s3-quic,385087,0,428169,428169,3.0,65.6,434.1,0.0,-,0,0,0.000
1790430466,s4-mixed-kcp,51224,1,4245863,4245863,251.8,1604.2,2102.4,0.0,-,0,0,0.000
1790430466,s5-vmess-ws,140464,27,1027,1027,198.4,695.8,901.0,0.0,-,0,0,0.000
1790430466,s6-trojan-grpc,153888,28,1163,1163,155.3,635.9,881.6,0.0,-,0,0,0.000
1790430466,s7-ss-tcp,160338,57,1231,1231,140.3,627.6,852.6,0.0,-,0,0,0.000
1790430466,s8-tuic,155538,32,1191,1191,147.7,637.8,877.7,0.0,-,0,0,0.000
1790430466,s9-anytls,127729,21,1044,1044,197.0,688.6,898.0,0.0,-,0,0,0.000
1790430466,s10-vless-xhttp,138097,23,1094,1094,178.8,671.2,885.8,0.0,-,0,0,0.000
1790430466,s11-http-proxy,131593,34,985,985,217.6,728.3,922.6,0.0,-,0,0,0.000
1790430466,s12-vmess-h3,136337,17,1008,1008,204.1,679.9,904.7,0.0,-,0,0,0.000
1790430466,__proc__,0,0,0,0,-,-,-,1231.3,28445,39079,4356469,7642.829
1790430496,s1-short,141513,38,1073,1073,195.4,684.2,894.8,0.0,-,0,0,0.000
1790430496,s2-long,7,4,0,0,36.5,112.7,112.7,0.0,-,0,0,0.000
1790430496,s3-quic,386839,0,478413,478413,3.0,71.6,423.4,0.0,-,0,0,0.000
1790430496,s4-mixed-kcp,51414,1,4047632,4047632,252.9,1604.0,2101.1,0.0,-,0,0,0.000
1790430496,s5-vmess-ws,140978,27,1079,1079,194.4,662.2,896.2,0.0,-,0,0,0.000
1790430496,s6-trojan-grpc,154468,28,1218,1218,152.6,635.8,850.1,0.0,-,0,0,0.000
1790430496,s7-ss-tcp,160935,57,1254,1254,135.7,622.3,840.4,0.0,-,0,0,0.000
1790430496,s8-tuic,156104,32,1189,1189,145.0,642.3,853.9,0.0,-,0,0,0.000
1790430496,s9-anytls,128239,21,1071,1071,196.9,662.2,890.4,0.0,-,0,0,0.000
1790430496,s10-vless-xhttp,138631,23,1121,1121,177.3,672.5,879.1,0.0,-,0,0,0.000
1790430496,s11-http-proxy,132088,34,1040,1040,203.4,678.6,919.5,0.0,-,0,0,0.000
1790430496,s12-vmess-h3,136839,17,1054,1054,202.8,660.1,889.6,0.0,-,0,0,0.000
1790430496,__proc__,0,0,0,0,-,-,-,1233.1,28513,39400,4376456,7668.527
1790430526,s1-short,142007,38,1037,1037,194.2,697.4,898.9,0.0,-,0,0,0.000
1790430526,s2-long,7,4,0,0,36.5,112.7,112.7,0.0,-,0,0,0.000
1790430526,s3-quic,388428,0,433903,433903,3.0,73.5,447.8,0.0,-,0,0,0.000
1790430526,s4-mixed-kcp,51595,1,4034748,4034748,251.9,1604.0,2092.1,0.0,-,0,0,0.000
1790430526,s5-vmess-ws,141465,27,1023,1023,195.2,677.8,898.8,0.0,-,0,0,0.000
1790430526,s6-trojan-grpc,155009,28,1136,1136,153.4,653.3,856.0,0.0,-,0,0,0.000
1790430526,s7-ss-tcp,161495,57,1176,1176,128.0,618.6,844.7,0.0,-,0,0,0.000
1790430526,s8-tuic,156648,32,1142,1142,148.0,676.1,860.8,0.0,-,0,0,0.000
1790430526,s9-anytls,128739,21,1050,1050,197.0,674.1,900.7,0.0,-,0,0,0.000
1790430526,s10-vless-xhttp,139146,23,1082,1082,173.7,678.3,879.1,0.0,-,0,0,0.000
1790430526,s11-http-proxy,132559,34,989,989,206.2,679.9,919.5,0.0,-,0,0,0.000
1790430526,s12-vmess-h3,137315,17,1000,1000,203.5,665.6,895.8,0.0,-,0,0,0.000
1790430526,__proc__,0,0,0,0,-,-,-,1225.7,28519,39084,4394991,7694.902
1790430556,s1-short,142497,38,1029,1029,193.5,689.3,861.0,0.0,-,0,0,0.000
1790430556,s2-long,7,4,0,0,36.5,112.7,112.7,0.0,-,0,0,0.000
1790430556,s3-quic,389923,0,408235,408235,3.0,72.7,434.8,0.0,-,0,0,0.000
1790430556,s4-mixed-kcp,51778,1,4111074,4111074,253.0,1596.1,2100.9,0.0,-,0,0,0.000
1790430556,s5-vmess-ws,141959,27,1037,1037,194.3,692.8,893.6,0.0,-,0,0,0.000
1790430556,s6-trojan-grpc,155549,28,1134,1134,146.6,653.1,857.9,0.0,-,0,0,0.000
1790430556,s7-ss-tcp,162053,57,1172,1172,129.1,627.6,844.8,0.0,-,0,0,0.000
1790430556,s8-tuic,157177,32,1111,1111,144.0,672.5,859.5,0.0,-,0,0,0.000
1790430556,s9-anytls,129237,21,1046,1046,192.2,678.2,866.2,0.0,-,0,0,0.000
1790430556,s10-vless-xhttp,139649,23,1056,1056,172.3,691.9,873.3,0.0,-,0,0,0.000
1790430556,s11-http-proxy,133007,34,941,941,212.4,704.6,915.5,0.0,-,0,0,0.000
1790430556,s12-vmess-h3,137793,17,1004,1004,206.2,702.2,883.7,0.0,-,0,0,0.000
1790430556,__proc__,0,0,0,0,-,-,-,1233.8,28553,38931,4411949,7722.583
1790430586,s1-short,142970,38,993,993,196.2,705.1,864.5,0.0,-,0,0,0.000
1790430586,s2-long,7,4,0,0,36.5,112.7,112.7,0.0,-,0,0,0.000
1790430586,s3-quic,391315,0,380109,380109,3.0,75.1,459.6,0.0,-,0,0,0.000
1790430586,s4-mixed-kcp,51957,1,3952045,3952045,254.5,1604.2,2102.4,0.0,-,0,0,0.000
1790430586,s5-vmess-ws,142423,27,974,974,196.0,698.3,881.8,0.0,-,0,0,0.000
1790430586,s6-trojan-grpc,156066,28,1086,1086,142.2,673.5,862.5,0.0,-,0,0,0.000
1790430586,s7-ss-tcp,162599,57,1147,1147,132.5,644.3,846.1,0.0,-,0,0,0.000
1790430586,s8-tuic,157705,32,1109,1109,140.0,685.6,858.0,0.0,-,0,0,0.000
1790430586,s9-anytls,129712,21,998,998,195.5,692.5,866.9,0.0,-,0,0,0.000
1790430586,s10-vless-xhttp,140140,23,1031,1031,180.4,713.6,873.3,0.0,-,0,0,0.000
1790430586,s11-http-proxy,133447,34,924,924,221.4,706.2,906.5,0.0,-,0,0,0.000
1790430586,s12-vmess-h3,138252,17,964,964,209.3,694.5,866.8,0.0,-,0,0,0.000
1790430586,__proc__,0,0,0,0,-,-,-,1230.2,28561,38791,4427155,7750.417
1790430616,s1-short,143447,38,1002,1002,196.7,700.1,862.5,0.0,-,0,0,0.000
1790430616,s2-long,7,4,0,0,36.5,112.7,112.7,0.0,-,0,0,0.000
1790430616,s3-quic,392619,0,356079,356079,3.0,96.0,467.2,0.0,-,0,0,0.000
1790430616,s4-mixed-kcp,52131,1,4106506,4106506,255.7,1607.7,2122.6,0.0,-,0,0,0.000
1790430616,s5-vmess-ws,142902,27,1006,1006,194.3,699.3,887.5,0.0,-,0,0,0.000
1790430616,s6-trojan-grpc,156593,28,1107,1107,143.7,656.2,842.3,0.0,-,0,0,0.000
1790430616,s7-ss-tcp,163141,57,1138,1138,136.5,610.6,828.7,0.0,-,0,0,0.000
1790430616,s8-tuic,158250,32,1144,1144,141.7,672.5,854.3,0.0,-,0,0,0.000
1790430616,s9-anytls,130192,21,1008,1008,197.3,692.2,868.7,0.0,-,0,0,0.000
1790430616,s10-vless-xhttp,140634,23,1037,1037,179.6,712.6,885.8,0.0,-,0,0,0.000
1790430616,s11-http-proxy,133895,34,941,941,228.0,704.8,906.5,0.0,-,0,0,0.000
1790430616,s12-vmess-h3,138712,17,966,966,205.4,694.5,873.2,0.0,-,0,0,0.000
1790430616,__proc__,0,0,0,0,-,-,-,1238.4,28329,38675,4442295,7777.227
1790430646,s1-short,143930,38,1014,1014,194.3,698.9,865.4,0.0,-,0,0,0.000
1790430646,s2-long,7,4,0,0,36.5,112.7,112.7,0.0,-,0,0,0.000
1790430646,s3-quic,394291,0,456567,456567,3.0,87.7,464.1,0.0,-,0,0,0.000
1790430646,s4-mixed-kcp,52314,1,4089286,4089286,254.8,1607.7,2124.8,0.0,-,0,0,0.000
1790430646,s5-vmess-ws,143390,27,1025,1025,192.9,697.4,877.7,0.0,-,0,0,0.000
1790430646,s6-trojan-grpc,157130,28,1128,1128,147.7,673.3,862.5,0.0,-,0,0,0.000
1790430646,s7-ss-tcp,163689,57,1151,1151,136.2,640.7,850.3,0.0,-,0,0,0.000
1790430646,s8-tuic,158776,32,1105,1105,148.2,692.9,862.0,0.0,-,0,0,0.000
1790430646,s9-anytls,130676,21,1016,1016,195.5,692.5,865.7,0.0,-,0,0,0.000
1790430646,s10-vless-xhttp,141139,23,1060,1060,179.8,709.1,870.5,0.0,-,0,0,0.000
1790430646,s11-http-proxy,134362,34,981,981,220.3,705.2,911.0,0.0,-,0,0,0.000
1790430646,s12-vmess-h3,139183,17,989,989,203.5,691.9,866.8,0.0,-,0,0,0.000
1790430646,__proc__,0,0,0,0,-,-,-,1229.7,28245,38664,4462236,7802.309
1790430676,s1-short,144445,38,1082,1082,194.0,706.3,870.3,0.0,-,0,0,0.000
1790430676,s2-long,7,4,0,0,36.5,112.7,112.7,0.0,-,0,0,0.000
1790430676,s3-quic,395920,0,444826,444826,3.0,87.4,456.8,0.0,-,0,0,0.000
1790430676,s4-mixed-kcp,52493,1,4227669,4227669,255.8,1636.9,2128.0,0.0,-,0,0,0.000
1790430676,s5-vmess-ws,143903,27,1077,1077,192.7,701.9,880.7,0.0,-,0,0,0.000
1790430676,s6-trojan-grpc,157687,28,1170,1170,147.2,681.5,868.7,0.0,-,0,0,0.000
1790430676,s7-ss-tcp,164268,57,1216,1216,131.0,622.3,854.6,0.0,-,0,0,0.000
1790430676,s8-tuic,159340,32,1184,1184,146.2,695.7,865.1,0.0,-,0,0,0.000
1790430676,s9-anytls,131198,21,1096,1096,191.7,699.3,868.7,0.0,-,0,0,0.000
1790430676,s10-vless-xhttp,141672,23,1119,1119,165.8,711.4,870.8,0.0,-,0,0,0.000
1790430676,s11-http-proxy,134832,34,987,987,219.2,701.8,895.9,0.0,-,0,0,0.000
1790430676,s12-vmess-h3,139689,17,1063,1063,200.4,700.8,873.2,0.0,-,0,0,0.000
1790430676,__proc__,0,0,0,0,-,-,-,1230.1,28522,39322,4480750,7829.424
1790430706,s1-short,144934,38,1027,1027,189.7,709.6,887.0,0.0,-,0,0,0.000
1790430706,s2-long,7,4,0,0,36.5,112.7,112.7,0.0,-,0,0,0.000
1790430706,s3-quic,397382,0,399223,399223,3.0,74.8,465.3,0.0,-,0,0,0.000
1790430706,s4-mixed-kcp,52673,1,3825765,3825765,258.5,1607.8,2134.8,0.0,-,0,0,0.000
1790430706,s5-vmess-ws,144381,27,1004,1004,189.6,709.0,884.2,0.0,-,0,0,0.000
1790430706,s6-trojan-grpc,158225,28,1130,1130,142.1,688.4,870.5,0.0,-,0,0,0.000
1790430706,s7-ss-tcp,164814,57,1147,1147,125.3,655.4,858.1,0.0,-,0,0,0.000
1790430706,s8-tuic,159880,32,1134,1134,139.3,692.8,876.2,0.0,-,0,0,0.000
1790430706,s9-anytls,131687,21,1027,1027,187.8,701.5,878.0,0.0,-,0,0,0.000
1790430706,s10-vless-xhttp,142188,23,1084,1084,165.9,728.3,879.4,0.0,-,0,0,0.000
1790430706,s11-http-proxy,135268,34,916,916,215.1,723.0,896.4,0.0,-,0,0,0.000
1790430706,s12-vmess-h3,140150,17,968,968,204.4,713.7,885.3,0.0,-,0,0,0.000
1790430706,__proc__,0,0,0,0,-,-,-,1229.9,28701,38999,4496914,7857.613
1790430736,s1-short,145380,38,937,937,189.7,716.5,899.6,0.0,-,0,0,0.000
1790430736,s2-long,7,4,0,0,36.5,112.7,112.7,0.0,-,0,0,0.000
1790430736,s3-quic,398588,0,329318,329318,3.1,86.4,485.2,0.0,-,0,0,0.000
1790430736,s4-mixed-kcp,52840,1,3834710,3834710,258.7,1604.2,2139.5,0.0,-,0,0,0.000
1790430736,s5-vmess-ws,144825,27,932,932,189.4,715.9,902.0,0.0,-,0,0,0.000
1790430736,s6-trojan-grpc,158718,28,1035,1035,145.9,702.4,879.4,0.0,-,0,0,0.000
1790430736,s7-ss-tcp,165325,57,1073,1073,132.2,663.2,856.0,0.0,-,0,0,0.000
1790430736,s8-tuic,160375,32,1040,1040,143.9,693.1,870.2,0.0,-,0,0,0.000
1790430736,s9-anytls,132141,21,953,953,185.5,727.5,905.9,0.0,-,0,0,0.000
1790430736,s10-vless-xhttp,142662,23,995,995,169.9,726.0,887.9,0.0,-,0,0,0.000
1790430736,s11-http-proxy,135689,34,884,884,226.6,755.8,929.4,0.0,-,0,0,0.000
1790430736,s12-vmess-h3,140579,17,901,901,208.5,726.0,917.2,0.0,-,0,0,0.000
1790430736,__proc__,0,0,0,0,-,-,-,1224.8,28762,38678,4510437,7885.522
1790430766,s1-short,145865,38,1018,1018,191.6,710.5,895.4,0.0,-,0,0,0.000
1790430766,s2-long,7,4,0,0,36.5,112.7,112.7,0.0,-,0,0,0.000
1790430766,s3-quic,399950,0,371917,371917,3.1,94.1,468.9,0.0,-,0,0,0.000
1790430766,s4-mixed-kcp,53013,1,4200717,4200717,260.6,1620.2,2149.8,0.0,-,0,0,0.000
1790430766,s5-vmess-ws,145306,27,1010,1010,192.4,711.7,890.7,0.0,-,0,0,0.000
1790430766,s6-trojan-grpc,159241,28,1098,1098,150.3,682.9,877.2,0.0,-,0,0,0.000
1790430766,s7-ss-tcp,165872,57,1149,1149,136.3,659.4,864.3,0.0,-,0,0,0.000
1790430766,s8-tuic,160907,32,1117,1117,146.1,676.3,889.4,0.0,-,0,0,0.000
1790430766,s9-anytls,132629,21,1025,1025,189.0,728.5,891.5,0.0,-,0,0,0.000
1790430766,s10-vless-xhttp,143164,23,1054,1054,175.0,723.2,882.1,0.0,-,0,0,0.000
1790430766,s11-http-proxy,136144,34,956,956,229.8,751.8,918.5,0.0,-,0,0,0.000
1790430766,s12-vmess-h3,141054,17,998,998,213.1,730.7,923.1,0.0,-,0,0,0.000
1790430766,__proc__,0,0,0,0,-,-,-,1220.1,28407,38629,4525562,7911.880
1790430796,s1-short,146352,38,1023,1023,193.8,704.6,895.4,0.0,-,0,0,0.000
1790430796,s2-long,7,4,0,0,36.5,112.7,112.7,0.0,-,0,0,0.000
1790430796,s3-quic,401211,0,344337,344337,3.1,106.1,468.5,0.0,-,0,0,0.000
1790430796,s4-mixed-kcp,53195,1,4244415,4244415,263.4,1629.2,2149.8,0.0,-,0,0,0.000
1790430796,s5-vmess-ws,145790,27,1016,1016,191.7,705.0,888.7,0.0,-,0,0,0.000
1790430796,s6-trojan-grpc,159775,28,1121,1121,149.3,674.2,875.2,0.0,-,0,0,0.000
1790430796,s7-ss-tcp,166425,57,1161,1161,142.0,653.0,862.6,0.0,-,0,0,0.000
1790430796,s8-tuic,161440,32,1119,1119,145.9,671.5,889.4,0.0,-,0,0,0.000
1790430796,s9-anytls,133116,21,1023,1023,193.8,707.5,891.5,0.0,-,0,0,0.000
1790430796,s10-vless-xhttp,143676,23,1075,1075,179.6,707.1,883.5,0.0,-,0,0,0.000
1790430796,s11-http-proxy,136588,34,932,932,237.6,751.0,897.8,0.0,-,0,0,0.000
1790430796,s12-vmess-h3,141527,17,993,993,216.2,709.2,892.0,0.0,-,0,0,0.000
1790430796,__proc__,0,0,0,0,-,-,-,1223.4,28155,38480,4538856,7939.329
1790430826,s1-short,146854,38,1054,1054,198.1,707.4,895.4,0.0,-,0,0,0.000
1790430826,s2-long,7,4,0,0,36.5,112.7,112.7,0.0,-,0,0,0.000
1790430826,s3-quic,402861,0,450560,450560,3.1,80.3,442.9,0.0,-,0,0,0.000
1790430826,s4-mixed-kcp,53386,1,4120094,4120094,262.7,1616.6,2143.8,0.0,-,0,0,0.000
1790430826,s5-vmess-ws,146283,27,1035,1035,197.9,709.7,888.7,0.0,-,0,0,0.000
1790430826,s6-trojan-grpc,160325,28,1155,1155,156.0,675.6,874.4,0.0,-,0,0,0.000
1790430826,s7-ss-tcp,166993,57,1193,1193,142.5,659.1,862.3,0.0,-,0,0,0.000
1790430826,s8-tuic,161984,32,1142,1142,152.2,681.4,889.4,0.0,-,0,0,0.000
1790430826,s9-anytls,133634,21,1088,1088,198.8,717.1,891.5,0.0,-,0,0,0.000
1790430826,s10-vless-xhttp,144202,23,1105,1105,177.0,692.3,883.5,0.0,-,0,0,0.000
1790430826,s11-http-proxy,137057,34,985,985,238.1,748.9,901.2,0.0,-,0,0,0.000
1790430826,s12-vmess-h3,142015,17,1025,1025,206.9,706.1,892.0,0.0,-,0,0,0.000
1790430826,__proc__,0,0,0,0,-,-,-,1227.3,28550,39025,4557509,7965.930
1790430856,s1-short,147359,38,1060,1060,197.2,717.3,895.4,0.0,-,0,0,0.000
1790430856,s2-long,7,4,0,0,36.5,112.7,112.7,0.0,-,0,0,0.000
1790430856,s3-quic,404535,0,457114,457114,3.1,76.2,456.8,0.0,-,0,0,0.000
1790430856,s4-mixed-kcp,53574,1,4432506,4432506,262.6,1629.2,2145.2,0.0,-,0,0,0.000
1790430856,s5-vmess-ws,146798,27,1082,1082,200.0,712.4,886.4,0.0,-,0,0,0.000
1790430856,s6-trojan-grpc,160889,28,1184,1184,151.3,686.7,871.4,0.0,-,0,0,0.000
1790430856,s7-ss-tcp,167574,57,1220,1220,132.2,654.6,858.0,0.0,-,0,0,0.000
1790430856,s8-tuic,162546,32,1180,1180,147.4,685.4,877.4,0.0,-,0,0,0.000
1790430856,s9-anytls,134148,21,1079,1079,192.6,726.7,891.5,0.0,-,0,0,0.000
1790430856,s10-vless-xhttp,144732,23,1113,1113,171.3,692.3,874.1,0.0,-,0,0,0.000
1790430856,s11-http-proxy,137538,34,1010,1010,230.0,736.6,894.8,0.0,-,0,0,0.000
1790430856,s12-vmess-h3,142515,17,1050,1050,210.9,713.3,892.0,0.0,-,0,0,0.000
1790430856,__proc__,0,0,0,0,-,-,-,1228.3,28397,39143,4576691,7991.650
1790430886,s1-short,147827,38,983,983,203.1,722.0,895.4,0.0,-,0,0,0.000
1790430886,s2-long,7,4,0,0,36.5,112.7,112.7,0.0,-,0,0,0.000
1790430886,s3-quic,405918,0,377651,377651,3.0,76.8,473.3,0.0,-,0,0,0.000
1790430886,s4-mixed-kcp,53751,1,3757578,3757578,264.5,1604.2,2145.2,0.0,-,0,0,0.000
1790430886,s5-vmess-ws,147258,27,966,966,203.7,715.9,885.4,0.0,-,0,0,0.000
1790430886,s6-trojan-grpc,161408,28,1090,1090,152.5,678.9,857.6,0.0,-,0,0,0.000
1790430886,s7-ss-tcp,168117,57,1140,1140,133.3,644.7,852.5,0.0,-,0,0,0.000
1790430886,s8-tuic,163066,32,1092,1092,147.9,673.5,866.7,0.0,-,0,0,0.000
1790430886,s9-anytls,134613,21,976,976,195.3,713.7,879.4,0.0,-,0,0,0.000
1790430886,s10-vless-xhttp,145218,23,1021,1021,172.5,687.4,877.3,0.0,-,0,0,0.000
1790430886,s11-http-proxy,137978,34,924,924,229.3,741.0,894.2,0.0,-,0,0,0.000
1790430886,s12-vmess-h3,142966,17,947,947,217.9,731.6,896.3,0.0,-,0,0,0.000
1790430886,__proc__,0,0,0,0,-,-,-,1221.0,28559,38640,4592325,8017.187
1790430916,s1-short,148295,38,983,983,198.5,707.4,870.7,0.0,-,0,0,0.000
1790430916,s2-long,7,4,0,0,36.5,112.7,112.7,0.0,-,0,0,0.000
1790430916,s3-quic,407298,0,376832,376832,3.1,82.6,490.6,0.0,-,0,0,0.000
1790430916,s4-mixed-kcp,53925,1,3952189,3952189,262.8,1604.2,2156.2,0.0,-,0,0,0.000
1790430916,s5-vmess-ws,147729,27,989,989,201.8,708.5,874.1,0.0,-,0,0,0.000
1790430916,s6-trojan-grpc,161922,28,1079,1079,154.2,667.2,840.2,0.0,-,0,0,0.000
1790430916,s7-ss-tcp,168651,57,1121,1121,133.3,655.5,837.1,0.0,-,0,0,0.000
1790430916,s8-tuic,163574,32,1067,1067,150.2,668.1,852.1,0.0,-,0,0,0.000
1790430916,s9-anytls,135091,21,1004,1004,192.5,724.5,877.2,0.0,-,0,0,0.000
1790430916,s10-vless-xhttp,145705,23,1023,1023,176.5,699.7,874.1,0.0,-,0,0,0.000
1790430916,s11-http-proxy,138420,34,928,928,233.5,750.1,891.7,0.0,-,0,0,0.000
1790430916,s12-vmess-h3,143424,17,962,962,219.0,740.1,883.5,0.0,-,0,0,0.000
1790430916,__proc__,0,0,0,0,-,-,-,1215.9,28469,38574,4607911,8045.310
1790430946,s1-short,148779,38,1016,1016,194.7,710.5,865.5,0.0,-,0,0,0.000
1790430946,s2-long,7,4,0,0,36.5,112.7,112.7,0.0,-,0,0,0.000
1790430946,s3-quic,408707,0,384751,384751,3.1,89.2,492.9,0.0,-,0,0,0.000
1790430946,s4-mixed-kcp,54112,1,4244102,4244102,260.5,1607.7,2156.2,0.0,-,0,0,0.000
1790430946,s5-vmess-ws,148203,27,995,995,200.5,713.5,878.5,0.0,-,0,0,0.000
1790430946,s6-trojan-grpc,162456,28,1121,1121,154.6,680.7,849.0,0.0,-,0,0,0.000
1790430946,s7-ss-tcp,169199,57,1151,1151,141.0,669.7,846.9,0.0,-,0,0,0.000
1790430946,s8-tuic,164102,32,1109,1109,154.4,684.3,866.4,0.0,-,0,0,0.000
1790430946,s9-anytls,135572,21,1010,1010,191.8,730.9,875.3,0.0,-,0,0,0.000
1790430946,s10-vless-xhttp,146208,23,1056,1056,180.9,707.9,859.1,0.0,-,0,0,0.000
1790430946,s11-http-proxy,138870,34,945,945,233.8,759.0,913.5,0.0,-,0,0,0.000
1790430946,s12-vmess-h3,143886,17,970,970,220.7,742.9,882.2,0.0,-,0,0,0.000
1790430946,__proc__,0,0,0,0,-,-,-,1220.3,28265,38521,4623612,8072.231
1790430976,s1-short,149243,38,974,974,202.6,709.7,864.4,0.0,-,0,0,0.000
1790430976,s2-long,7,4,0,0,36.5,112.7,112.7,0.0,-,0,0,0.000
1790430976,s3-quic,410163,0,397585,397585,3.1,79.9,491.2,0.0,-,0,0,0.000
1790430976,s4-mixed-kcp,54291,1,4246069,4246069,260.5,1609.4,2172.9,0.0,-,0,0,0.000
1790430976,s5-vmess-ws,148666,27,972,972,202.8,708.5,868.7,0.0,-,0,0,0.000
1790430976,s6-trojan-grpc,162966,28,1071,1071,155.8,680.0,838.5,0.0,-,0,0,0.000
1790430976,s7-ss-tcp,169740,57,1136,1136,145.5,665.7,832.5,0.0,-,0,0,0.000
1790430976,s8-tuic,164617,32,1082,1082,155.0,691.0,856.7,0.0,-,0,0,0.000
1790430976,s9-anytls,136039,21,981,981,199.5,729.5,863.3,0.0,-,0,0,0.000
1790430976,s10-vless-xhttp,146696,23,1025,1025,187.3,702.7,848.5,0.0,-,0,0,0.000
1790430976,s11-http-proxy,139310,34,924,924,235.6,751.8,913.5,0.0,-,0,0,0.000
1790430976,s12-vmess-h3,144338,17,949,949,218.6,717.9,869.3,0.0,-,0,0,0.000
1790430976,__proc__,0,0,0,0,-,-,-,1222.8,28124,38104,4640464,8099.447
1790431006,s1-short,149754,38,1073,1073,200.7,720.7,854.2,0.0,-,0,0,0.000
1790431006,s2-long,7,4,0,0,36.5,112.7,112.7,0.0,-,0,0,0.000
1790431006,s3-quic,411896,0,473225,473225,3.0,71.3,476.1,0.0,-,0,0,0.000
1790431006,s4-mixed-kcp,54477,1,4120548,4120548,261.5,1607.6,2172.9,0.0,-,0,0,0.000
1790431006,s5-vmess-ws,149175,27,1069,1069,204.0,719.2,858.8,0.0,-,0,0,0.000
1790431006,s6-trojan-grpc,163529,28,1182,1182,152.3,680.7,832.4,0.0,-,0,0,0.000
1790431006,s7-ss-tcp,170342,57,1264,1264,139.3,670.5,823.3,0.0,-,0,0,0.000
1790431006,s8-tuic,165216,32,1258,1258,152.9,686.9,832.0,0.0,-,0,0,0.000
1790431006,s9-anytls,136561,21,1096,1096,199.4,730.3,856.3,0.0,-,0,0,0.000
1790431006,s10-vless-xhttp,147236,23,1134,1134,179.5,702.4,837.1,0.0,-,0,0,0.000
1790431006,s11-http-proxy,139798,34,1025,1025,227.7,748.8,868.3,0.0,-,0,0,0.000
1790431006,s12-vmess-h3,144835,17,1044,1044,213.9,732.3,860.3,0.0,-,0,0,0.000
1790431006,__proc__,0,0,0,0,-,-,-,1224.3,28424,39120,4660835,8125.676
1790431036,s1-short,150259,38,1060,1060,196.1,722.4,846.5,0.0,-,0,0,0.000
1790431036,s2-long,7,4,0,0,36.5,112.7,112.7,0.0,-,0,0,0.000
1790431036,s3-quic,413586,0,461483,461483,3.0,73.2,451.5,0.0,-,0,0,0.000
1790431036,s4-mixed-kcp,54668,1,4131857,4131857,263.1,1590.4,2172.9,0.0,-,0,0,0.000
1790431036,s5-vmess-ws,149675,27,1050,1050,202.0,727.2,854.7,0.0,-,0,0,0.000
1790431036,s6-trojan-grpc,164084,28,1166,1166,154.6,684.4,838.0,0.0,-,0,0,0.000
1790431036,s7-ss-tcp,170917,57,1208,1208,131.8,659.9,829.4,0.0,-,0,0,0.000
1790431036,s8-tuic,165775,32,1174,1174,151.0,692.1,831.9,0.0,-,0,0,0.000
1790431036,s9-anytls,137072,21,1073,1073,192.4,730.3,854.7,0.0,-,0,0,0.000
1790431036,s10-vless-xhttp,147769,23,1119,1119,172.0,707.9,846.6,0.0,-,0,0,0.000
1790431036,s11-http-proxy,140278,34,1008,1008,224.4,757.2,868.3,0.0,-,0,0,0.000
1790431036,s12-vmess-h3,145318,17,1014,1014,213.5,745.3,862.9,0.0,-,0,0,0.000
1790431036,__proc__,0,0,0,0,-,-,-,1211.3,28541,39080,4679632,8152.652
1790431066,s1-short,150727,38,983,983,193.7,723.4,843.1,0.0,-,0,0,0.000
1790431066,s2-long,7,4,0,0,36.5,112.7,112.7,0.0,-,0,0,0.000
1790431066,s3-quic,415024,0,392670,392670,3.0,78.1,435.3,0.0,-,0,0,0.000
1790431066,s4-mixed-kcp,54849,1,4225368,4225368,259.7,1598.8,2172.9,0.0,-,0,0,0.000
1790431066,s5-vmess-ws,150140,27,976,976,199.0,724.3,854.5,0.0,-,0,0,0.000
1790431066,s6-trojan-grpc,164615,28,1115,1115,153.8,682.3,836.5,0.0,-,0,0,0.000
1790431066,s7-ss-tcp,171464,57,1149,1149,130.0,665.7,831.0,0.0,-,0,0,0.000
1790431066,s8-tuic,166303,32,1109,1109,149.2,695.3,833.1,0.0,-,0,0,0.000
1790431066,s9-anytls,137544,21,991,991,188.8,727.5,851.0,0.0,-,0,0,0.000
1790431066,s10-vless-xhttp,148268,23,1048,1048,169.2,716.8,848.5,0.0,-,0,0,0.000
1790431066,s11-http-proxy,140726,34,941,941,216.4,755.2,869.9,0.0,-,0,0,0.000
1790431066,s12-vmess-h3,145771,17,951,951,211.9,746.1,860.3,0.0,-,0,0,0.000
1790431066,__proc__,0,0,0,0,-,-,-,1210.6,28603,38809,4695900,8179.066
1790431096,s1-short,151192,38,976,976,191.2,733.7,845.3,0.0,-,0,0,0.000
1790431096,s2-long,7,4,0,0,36.5,112.7,112.7,0.0,-,0,0,0.000
1790431096,s3-quic,416231,0,329591,329591,3.1,80.4,487.7,0.0,-,0,0,0.000
1790431096,s4-mixed-kcp,55025,1,3909692,3909692,259.7,1605.6,2156.2,0.0,-,0,0,0.000
1790431096,s5-vmess-ws,150597,27,960,960,196.5,731.1,858.1,0.0,-,0,0,0.000
1790431096,s6-trojan-grpc,165127,28,1075,1075,148.8,694.3,836.5,0.0,-,0,0,0.000
1790431096,s7-ss-tcp,171983,57,1090,1090,133.7,692.8,822.8,0.0,-,0,0,0.000
1790431096,s8-tuic,166829,32,1105,1105,142.8,698.2,837.9,0.0,-,0,0,0.000
1790431096,s9-anytls,138018,21,995,995,186.6,739.7,851.4,0.0,-,0,0,0.000
1790431096,s10-vless-xhttp,148761,23,1035,1035,171.3,724.3,851.3,0.0,-,0,0,0.000
1790431096,s11-http-proxy,141155,34,901,901,218.3,757.8,864.5,0.0,-,0,0,0.000
1790431096,s12-vmess-h3,146218,17,939,939,215.8,748.8,860.3,0.0,-,0,0,0.000
1790431096,__proc__,0,0,0,0,-,-,-,1213.6,28340,38350,4708988,8206.345
1790431126,s1-short,151662,38,987,987,190.4,737.0,844.9,0.0,-,0,0,0.000
1790431126,s2-long,7,4,0,0,36.5,112.7,112.7,0.0,-,0,0,0.000
1790431126,s3-quic,417698,0,400589,400589,3.1,87.3,501.2,0.0,-,0,0,0.000
1790431126,s4-mixed-kcp,55200,1,4077107,4077107,264.4,1617.0,2145.2,0.0,-,0,0,0.000
1790431126,s5-vmess-ws,151064,27,981,981,199.3,739.3,854.5,0.0,-,0,0,0.000
1790431126,s6-trojan-grpc,165640,28,1077,1077,154.6,700.4,836.5,0.0,-,0,0,0.000
1790431126,s7-ss-tcp,172523,57,1134,1134,141.9,690.6,822.8,0.0,-,0,0,0.000
1790431126,s8-tuic,167343,32,1079,1079,147.6,697.7,837.1,0.0,-,0,0,0.000
1790431126,s9-anytls,138481,21,972,972,190.6,739.7,843.2,0.0,-,0,0,0.000
1790431126,s10-vless-xhttp,149250,23,1027,1027,177.4,724.3,846.9,0.0,-,0,0,0.000
1790431126,s11-http-proxy,141607,34,949,949,227.4,760.5,869.6,0.0,-,0,0,0.000
1790431126,s12-vmess-h3,146680,17,970,970,221.9,745.7,854.6,0.0,-,0,0,0.000
1790431126,__proc__,0,0,0,0,-,-,-,1219.5,28337,38433,4726556,8233.854
1790431156,s1-short,152150,38,1025,1025,193.7,736.2,850.5,0.0,-,0,0,0.000
1790431156,s2-long,7,4,0,0,36.5,112.7,112.7,0.0,-,0,0,0.000
1790431156,s3-quic,419080,0,377378,377378,3.1,95.3,532.6,0.0,-,0,0,0.000
1790431156,s4-mixed-kcp,55376,1,4169993,4169993,264.4,1617.0,2161.0,0.0,-,0,0,0.000
1790431156,s5-vmess-ws,151549,27,1018,1018,198.3,738.6,858.3,0.0,-,0,0,0.000
1790431156,s6-trojan-grpc,166178,28,1130,1130,150.1,704.7,833.7,0.0,-,0,0,0.000
1790431156,s7-ss-tcp,173087,57,1184,1184,142.4,697.4,822.8,0.0,-,0,0,0.000
1790431156,s8-tuic,167886,32,1140,1140,147.3,699.0,831.5,0.0,-,0,0,0.000
1790431156,s9-anytls,138972,21,1031,1031,195.5,741.1,847.0,0.0,-,0,0,0.000
1790431156,s10-vless-xhttp,149759,23,1069,1069,175.5,723.8,847.9,0.0,-,0,0,0.000
1790431156,s11-http-proxy,142063,34,958,958,230.7,772.1,872.9,0.0,-,0,0,0.000
1790431156,s12-vmess-h3,147153,17,993,993,218.0,746.0,855.2,0.0,-,0,0,0.000
1790431156,__proc__,0,0,0,0,-,-,-,1220.7,28098,38409,4742087,8261.382
1790431186,s1-short,152653,38,1056,1056,197.4,738.7,856.7,0.0,-,0,0,0.000
1790431186,s2-long,7,4,0,0,36.5,112.7,112.7,0.0,-,0,0,0.000
1790431186,s3-quic,420815,0,473771,473771,3.0,78.3,450.3,0.0,-,0,0,0.000
1790431186,s4-mixed-kcp,55556,1,4206325,4206325,264.7,1630.5,2161.0,0.0,-,0,0,0.000
1790431186,s5-vmess-ws,152051,27,1054,1054,201.8,744.1,858.3,0.0,-,0,0,0.000
1790431186,s6-trojan-grpc,166731,28,1161,1161,151.9,701.5,838.0,0.0,-,0,0,0.000
1790431186,s7-ss-tcp,173665,57,1214,1214,137.5,679.7,817.7,0.0,-,0,0,0.000
1790431186,s8-tuic,168446,32,1176,1176,147.1,698.6,831.0,0.0,-,0,0,0.000
1790431186,s9-anytls,139486,21,1079,1079,197.0,745.7,853.4,0.0,-,0,0,0.000
1790431186,s10-vless-xhttp,150274,23,1082,1082,170.9,708.5,840.8,0.0,-,0,0,0.000
1790431186,s11-http-proxy,142535,34,991,991,224.6,757.3,859.2,0.0,-,0,0,0.000
1790431186,s12-vmess-h3,147640,17,1023,1023,210.6,746.5,855.2,0.0,-,0,0,0.000
1790431186,__proc__,0,0,0,0,-,-,-,1221.3,28382,38910,4762354,8288.039
1790431216,s1-short,153147,38,1037,1037,201.1,737.6,851.6,0.0,-,0,0,0.000
1790431216,s2-long,7,4,0,0,36.5,112.7,112.7,0.0,-,0,0,0.000
1790431216,s3-quic,422246,0,390758,390758,3.0,86.0,453.5,0.0,-,0,0,0.000
1790431216,s4-mixed-kcp,55738,1,3937082,3937082,262.7,1605.6,2155.5,0.0,-,0,0,0.000
1790431216,s5-vmess-ws,152545,27,1037,1037,201.8,737.9,858.1,0.0,-,0,0,0.000
1790431216,s6-trojan-grpc,167280,28,1153,1153,148.5,710.2,836.5,0.0,-,0,0,0.000
1790431216,s7-ss-tcp,174220,57,1166,1166,132.9,672.7,808.2,0.0,-,0,0,0.000
1790431216,s8-tuic,168985,32,1132,1132,141.6,705.8,828.8,0.0,-,0,0,0.000
1790431216,s9-anytls,139984,21,1046,1046,196.5,732.0,848.4,0.0,-,0,0,0.000
1790431216,s10-vless-xhttp,150786,23,1075,1075,161.4,718.1,845.4,0.0,-,0,0,0.000
1790431216,s11-http-proxy,142979,34,932,932,223.6,757.2,860.4,0.0,-,0,0,0.000
1790431216,s12-vmess-h3,148122,17,1012,1012,209.4,746.0,860.7,0.0,-,0,0,0.000
1790431216,__proc__,0,0,0,0,-,-,-,1210.6,28673,39175,4778296,8315.149
1790431246,s1-short,153612,38,976,976,193.2,736.2,841.9,0.0,-,0,0,0.000
1790431246,s2-long,7,4,0,0,36.5,112.7,112.7,0.0,-,0,0,0.000
1790431246,s3-quic,423724,0,403593,403593,3.0,81.8,468.6,0.0,-,0,0,0.000
1790431246,s4-mixed-kcp,55910,1,3699912,3699912,260.5,1629.2,2156.2,0.0,-,0,0,0.000
1790431246,s5-vmess-ws,153004,27,964,964,196.9,747.8,854.5,0.0,-,0,0,0.000
1790431246,s6-trojan-grpc,167791,28,1073,1073,148.6,703.1,811.9,0.0,-,0,0,0.000
1790431246,s7-ss-tcp,174745,57,1102,1102,134.5,674.9,795.5,0.0,-,0,0,0.000
1790431246,s8-tuic,169506,32,1094,1094,143.1,685.4,809.0,0.0,-,0,0,0.000
1790431246,s9-anytls,140448,22,974,974,189.7,739.7,833.9,0.0,-,0,0,0.000
1790431246,s10-vless-xhttp,151274,23,1025,1025,164.8,719.5,830.2,0.0,-,0,0,0.000
1790431246,s11-http-proxy,143419,34,924,924,216.5,764.1,860.4,0.0,-,0,0,0.000
1790431246,s12-vmess-h3,148566,17,932,932,213.3,754.1,860.7,0.0,-,0,0,0.000
1790431246,__proc__,0,0,0,0,-,-,-,1214.2,28343,38313,4795414,8341.527
1790431276,s1-short,154078,38,979,979,198.5,733.1,826.0,0.0,-,0,0,0.000
1790431276,s2-long,7,4,0,0,36.5,112.7,112.7,0.0,-,0,0,0.000
1790431276,s3-quic,425251,0,416973,416973,3.0,84.2,489.9,0.0,-,0,0,0.000
1790431276,s4-mixed-kcp,56084,1,3822323,3822323,260.5,1630.5,2163.0,0.0,-,0,0,0.000
1790431276,s5-vmess-ws,153471,27,981,981,198.3,737.1,837.3,0.0,-,0,0,0.000
1790431276,s6-trojan-grpc,168320,28,1111,1111,150.2,697.3,805.0,0.0,-,0,0,0.000
1790431276,s7-ss-tcp,175290,57,1144,1144,136.7,672.0,794.0,0.0,-,0,0,0.000
1790431276,s8-tuic,170041,32,1124,1124,142.4,682.8,814.2,0.0,-,0,0,0.000
1790431276,s9-anytls,140916,22,983,983,194.3,732.3,829.6,0.0,-,0,0,0.000
1790431276,s10-vless-xhttp,151770,23,1042,1042,169.8,716.1,820.4,0.0,-,0,0,0.000
1790431276,s11-http-proxy,143867,34,941,941,217.2,764.1,863.2,0.0,-,0,0,0.000
1790431276,s12-vmess-h3,149020,17,953,953,217.6,759.6,860.5,0.0,-,0,0,0.000
1790431276,__proc__,0,0,0,0,-,-,-,1210.9,28337,38444,4812630,8368.317
1790431306,s1-short,154559,38,1010,1010,198.9,732.7,821.9,0.0,-,0,0,0.000
1790431306,s2-long,7,4,0,0,36.5,112.7,112.7,0.0,-,0,0,0.000
1790431306,s3-quic,426810,0,425711,425711,3.0,74.9,450.9,0.0,-,0,0,0.000
1790431306,s4-mixed-kcp,56271,1,4203052,4203052,261.5,1618.7,2155.5,0.0,-,0,0,0.000
1790431306,s5-vmess-ws,153934,27,972,972,200.9,738.6,837.1,0.0,-,0,0,0.000
1790431306,s6-trojan-grpc,168845,28,1102,1102,150.2,681.5,801.0,0.0,-,0,0,0.000
1790431306,s7-ss-tcp,175845,57,1166,1166,139.7,660.8,796.1,0.0,-,0,0,0.000
1790431306,s8-tuic,170573,32,1117,1117,141.0,678.3,817.6,0.0,-,0,0,0.000
1790431306,s9-anytls,141389,22,993,993,195.8,728.6,827.5,0.0,-,0,0,0.000
1790431306,s10-vless-xhttp,152267,23,1044,1044,175.9,715.3,819.4,0.0,-,0,0,0.000
1790431306,s11-http-proxy,144315,34,941,941,229.0,756.7,852.9,0.0,-,0,0,0.000
1790431306,s12-vmess-h3,149477,17,960,960,221.9,743.0,844.4,0.0,-,0,0,0.000
1790431306,__proc__,0,0,0,0,-,-,-,1220.3,28405,38539,4830291,8394.520
1790431336,s1-short,155047,38,1025,1025,204.7,724.1,814.3,0.0,-,0,0,0.000
1790431336,s2-long,7,4,0,0,36.5,112.7,112.7,0.0,-,0,0,0.000
1790431336,s3-quic,428226,0,386662,386662,3.0,77.3,431.0,0.0,-,0,0,0.000
1790431336,s4-mixed-kcp,56455,1,4070897,4070897,262.9,1617.0,2155.5,0.0,-,0,0,0.000
1790431336,s5-vmess-ws,154419,27,1018,1018,201.2,728.2,822.8,0.0,-,0,0,0.000
1790431336,s6-trojan-grpc,169378,28,1119,1119,149.4,696.0,802.7,0.0,-,0,0,0.000
1790431336,s7-ss-tcp,176413,57,1193,1193,139.7,670.2,797.1,0.0,-,0,0,0.000
1790431336,s8-tuic,171105,32,1117,1117,144.3,699.5,817.6,0.0,-,0,0,0.000
1790431336,s9-anytls,141874,22,1018,1018,204.5,722.1,812.0,0.0,-,0,0,0.000
1790431336,s10-vless-xhttp,152778,23,1073,1073,179.1,706.0,810.4,0.0,-,0,0,0.000
1790431336,s11-http-proxy,144763,34,941,941,233.1,760.7,852.9,0.0,-,0,0,0.000
1790431336,s12-vmess-h3,149942,17,976,976,224.5,741.1,841.8,0.0,-,0,0,0.000
1790431336,__proc__,0,0,0,0,-,-,-,1218.6,27932,38199,4846222,8420.748
1790431366,s1-short,155583,38,1126,1126,206.8,732.7,821.9,0.0,-,0,0,0.000
1790431366,s2-long,7,4,0,0,36.5,112.7,112.7,0.0,-,0,0,0.000
1790431366,s3-quic,430135,0,521284,521284,3.0,74.2,430.8,0.0,-,0,0,0.000
1790431366,s4-mixed-kcp,56644,1,4102038,4102038,260.7,1609.4,2121.7,0.0,-,0,0,0.000
1790431366,s5-vmess-ws,154940,27,1094,1094,204.4,737.9,836.3,0.0,-,0,0,0.000
1790431366,s6-trojan-grpc,169962,28,1226,1226,146.5,697.3,803.9,0.0,-,0,0,0.000
1790431366,s7-ss-tcp,177019,57,1273,1273,129.0,644.2,792.2,0.0,-,0,0,0.000
1790431366,s8-tuic,171680,32,1208,1208,143.7,711.6,820.0,0.0,-,0,0,0.000
1790431366,s9-anytls,142401,22,1107,1107,204.2,734.9,825.8,0.0,-,0,0,0.000
1790431366,s10-vless-xhttp,153316,23,1130,1130,168.8,708.2,816.5,0.0,-,0,0,0.000
1790431366,s11-http-proxy,145259,34,1042,1042,230.3,753.2,846.9,0.0,-,0,0,0.000
1790431366,s12-vmess-h3,150451,17,1069,1069,213.7,748.5,845.4,0.0,-,0,0,0.000
1790431366,__proc__,0,0,0,0,-,-,-,1218.1,28289,39140,4868696,8446.756
1790431396,s1-short,156083,38,1050,1050,201.3,724.1,826.6,0.0,-,0,0,0.000
1790431396,s2-long,7,4,0,0,36.5,112.7,112.7,0.0,-,0,0,0.000
1790431396,s3-quic,431547,0,385570,385570,3.1,78.6,446.1,0.0,-,0,0,0.000
1790431396,s4-mixed-kcp,56825,1,4041107,4041107,259.7,1620.2,2142.4,0.0,-,0,0,0.000
1790431396,s5-vmess-ws,155436,27,1042,1042,199.9,737.9,837.4,0.0,-,0,0,0.000
1790431396,s6-trojan-grpc,170505,28,1140,1140,142.1,686.2,803.9,0.0,-,0,0,0.000
1790431396,s7-ss-tcp,177578,57,1174,1174,126.1,646.0,791.1,0.0,-,0,0,0.000
1790431396,s8-tuic,172219,32,1132,1132,141.1,711.6,819.0,0.0,-,0,0,0.000
1790431396,s9-anytls,142899,22,1046,1046,198.3,723.9,825.5,0.0,-,0,0,0.000
1790431396,s10-vless-xhttp,153825,23,1069,1069,164.0,712.8,819.4,0.0,-,0,0,0.000
1790431396,s11-http-proxy,145715,34,958,958,219.6,754.5,847.6,0.0,-,0,0,0.000
1790431396,s12-vmess-h3,150928,17,1002,1002,213.0,750.5,847.2,0.0,-,0,0,0.000
1790431396,__proc__,0,0,0,0,-,-,-,1213.6,28418,38868,4884091,8474.485
1790431426,s1-short,156556,38,993,993,195.8,729.3,814.7,0.0,-,0,0,0.000
1790431426,s2-long,7,4,0,0,36.5,112.7,112.7,0.0,-,0,0,0.000
1790431426,s3-quic,433077,0,417792,417792,3.0,74.1,507.0,0.0,-,0,0,0.000
1790431426,s4-mixed-kcp,57000,1,4104791,4104791,260.5,1620.2,2118.7,0.0,-,0,0,0.000
1790431426,s5-vmess-ws,155906,27,987,987,198.5,747.3,827.8,0.0,-,0,0,0.000
1790431426,s6-trojan-grpc,171024,28,1090,1090,148.5,694.5,802.5,0.0,-,0,0,0.000
1790431426,s7-ss-tcp,178121,57,1140,1140,125.8,656.3,791.6,0.0,-,0,0,0.000
1790431426,s8-tuic,172744,32,1102,1102,143.7,711.1,814.1,0.0,-,0,0,0.000
1790431426,s9-anytls,143377,22,1004,1004,195.1,734.5,820.1,0.0,-,0,0,0.000
1790431426,s10-vless-xhttp,154314,23,1027,1027,167.1,726.6,812.8,0.0,-,0,0,0.000
1790431426,s11-http-proxy,146163,34,941,941,217.1,753.0,842.3,0.0,-,0,0,0.000
1790431426,s12-vmess-h3,151390,17,970,970,214.5,754.3,843.9,0.0,-,0,0,0.000
1790431426,__proc__,0,0,0,0,-,-,-,1215.3,28518,38863,4901473,8502.438
1790431456,s1-short,157011,38,956,956,195.3,741.9,826.4,0.0,-,0,0,0.000
1790431456,s2-long,7,4,0,0,36.5,112.7,112.7,0.0,-,0,0,0.000
1790431456,s3-quic,434572,0,408235,408235,3.0,74.1,494.1,0.0,-,0,0,0.000
1790431456,s4-mixed-kcp,57176,1,3827592,3827592,261.3,1618.7,2118.7,0.0,-,0,0,0.000
1790431456,s5-vmess-ws,156352,27,937,937,200.3,747.8,833.5,0.0,-,0,0,0.000
1790431456,s6-trojan-grpc,171530,28,1063,1063,147.9,703.6,806.7,0.0,-,0,0,0.000
1790431456,s7-ss-tcp,178639,57,1088,1088,128.5,692.6,802.8,0.0,-,0,0,0.000
1790431456,s8-tuic,173235,32,1031,1031,144.3,723.1,822.0,0.0,-,0,0,0.000
1790431456,s9-anytls,143833,22,958,958,196.5,744.3,827.5,0.0,-,0,0,0.000
1790431456,s10-vless-xhttp,154794,23,1008,1008,173.1,734.8,824.3,0.0,-,0,0,0.000
1790431456,s11-http-proxy,146595,34,907,907,219.5,754.5,847.6,0.0,-,0,0,0.000
1790431456,s12-vmess-h3,151830,17,924,924,217.2,759.3,851.3,0.0,-,0,0,0.000
1790431456,__proc__,0,0,0,0,-,-,-,1210.2,28345,38374,4919049,8529.817
1790431486,s1-short,157503,38,1033,1033,196.9,739.9,830.6,0.0,-,0,0,0.000
1790431486,s2-long,7,4,0,0,36.5,112.7,112.7,0.0,-,0,0,0.000
1790431486,s3-quic,436043,0,401681,401681,2.9,69.0,458.9,0.0,-,0,0,0.000
1790431486,s4-mixed-kcp,57362,1,3811342,3811342,260.7,1626.3,2105.2,0.0,-,0,0,0.000
1790431486,s5-vmess-ws,156834,27,1012,1012,198.7,747.3,837.4,0.0,-,0,0,0.000
1790431486,s6-trojan-grpc,172064,28,1121,1121,148.5,694.2,807.5,0.0,-,0,0,0.000
1790431486,s7-ss-tcp,179202,57,1182,1182,136.7,681.2,800.6,0.0,-,0,0,0.000
1790431486,s8-tuic,173776,32,1136,1136,146.6,718.2,822.0,0.0,-,0,0,0.000
1790431486,s9-anytls,144323,22,1029,1029,195.0,744.3,831.6,0.0,-,0,0,0.000
1790431486,s10-vless-xhttp,155303,23,1069,1069,181.1,733.0,832.2,0.0,-,0,0,0.000
1790431486,s11-http-proxy,147058,34,972,972,222.6,753.0,851.1,0.0,-,0,0,0.000
1790431486,s12-vmess-h3,152301,17,989,989,219.2,754.3,852.3,0.0,-,0,0,0.000
1790431486,__proc__,0,0,0,0,-,-,-,1218.1,28246,38622,4935999,8556.620
1790431516,s1-short,157989,38,1021,1021,201.5,744.2,841.0,0.0,-,0,0,0.000
1790431516,s2-long,7,4,0,0,36.5,112.7,112.7,0.0,-,0,0,0.000
1790431516,s3-quic,437713,0,456021,456021,3.0,74.1,464.6,0.0,-,0,0,0.000
1790431516,s4-mixed-kcp,57543,1,3772376,3772376,260.5,1635.9,2105.2,0.0,-,0,0,0.000
1790431516,s5-vmess-ws,157325,27,1031,1031,196.4,748.5,845.7,0.0,-,0,0,0.000
1790431516,s6-trojan-grpc,172603,28,1132,1132,149.9,715.3,813.9,0.0,-,0,0,0.000
1790431516,s7-ss-tcp,179775,57,1203,1203,134.6,692.6,802.8,0.0,-,0,0,0.000
1790431516,s8-tuic,174326,32,1155,1155,146.4,725.5,828.9,0.0,-,0,0,0.000
1790431516,s9-anytls,144810,22,1023,1023,198.1,748.7,846.9,0.0,-,0,0,0.000
1790431516,s10-vless-xhttp,155818,23,1082,1082,178.5,727.2,832.9,0.0,-,0,0,0.000
1790431516,s11-http-proxy,147521,34,972,972,222.9,754.2,858.2,0.0,-,0,0,0.000
1790431516,s12-vmess-h3,152769,17,983,983,213.3,756.9,855.5,0.0,-,0,0,0.000
1790431516,__proc__,0,0,0,0,-,-,-,1218.6,28502,38879,4956002,8583.496
1790431546,s1-short,158504,38,1082,1082,193.3,747.2,842.6,0.0,-,0,0,0.000
1790431546,s2-long,7,4,0,0,36.5,112.7,112.7,0.0,-,0,0,0.000
1790431546,s3-quic,439294,0,431718,431718,3.0,75.0,438.0,0.0,-,0,0,0.000
1790431546,s4-mixed-kcp,57726,1,3555687,3555687,259.0,1636.4,2101.1,0.0,-,0,0,0.000
1790431546,s5-vmess-ws,157835,27,1071,1071,193.4,751.7,846.0,0.0,-,0,0,0.000
1790431546,s6-trojan-grpc,173169,28,1189,1189,149.2,708.8,813.8,0.0,-,0,0,0.000
1790431546,s7-ss-tcp,180360,57,1228,1228,132.4,670.9,800.6,0.0,-,0,0,0.000
1790431546,s8-tuic,174900,32,1205,1205,147.4,720.5,826.4,0.0,-,0,0,0.000
1790431546,s9-anytls,145319,22,1069,1069,190.9,758.6,851.5,0.0,-,0,0,0.000
1790431546,s10-vless-xhttp,156354,23,1126,1126,167.3,725.9,827.3,0.0,-,0,0,0.000
1790431546,s11-http-proxy,148002,34,1010,1010,210.4,759.9,861.0,0.0,-,0,0,0.000
1790431546,s12-vmess-h3,153263,17,1037,1037,206.0,758.5,856.9,0.0,-,0,0,0.000
1790431546,__proc__,0,0,0,0,-,-,-,1213.0,28536,39125,4973656,8610.278
1790431576,s1-short,159001,38,1044,1044,191.1,731.8,842.2,0.0,-,0,0,0.000
1790431576,s2-long,7,4,0,0,36.5,112.7,112.7,0.0,-,0,0,0.000
1790431576,s3-quic,440998,0,465306,465306,3.0,73.0,434.5,0.0,-,0,0,0.000
1790431576,s4-mixed-kcp,57913,1,4168012,4168012,255.8,1635.9,2118.8,0.0,-,0,0,0.000
1790431576,s5-vmess-ws,158333,27,1046,1046,191.4,740.3,846.0,0.0,-,0,0,0.000
1790431576,s6-trojan-grpc,173707,28,1130,1130,156.2,703.6,813.8,0.0,-,0,0,0.000
1790431576,s7-ss-tcp,180927,57,1191,1191,132.2,662.3,799.5,0.0,-,0,0,0.000
1790431576,s8-tuic,175442,32,1138,1138,150.4,707.1,826.4,0.0,-,0,0,0.000
1790431576,s9-anytls,145814,22,1040,1040,190.5,753.5,851.5,0.0,-,0,0,0.000
1790431576,s10-vless-xhttp,156875,23,1094,1094,169.2,718.9,827.3,0.0,-,0,0,0.000
1790431576,s11-http-proxy,148474,34,991,991,204.9,757.4,861.0,0.0,-,0,0,0.000
1790431576,s12-vmess-h3,153745,17,1012,1012,203.1,755.0,856.3,0.0,-,0,0,0.000
1790431576,__proc__,0,0,0,0,-,-,-,1204.5,28767,39346,4993218,8635.850
1790431606,s1-short,159456,38,956,956,192.6,731.7,844.9,0.0,-,0,0,0.000
1790431606,s2-long,7,4,0,0,36.5,112.7,112.7,0.0,-,0,0,0.000
1790431606,s3-quic,442500,0,410146,410146,3.0,73.7,422.5,0.0,-,0,0,0.000
1790431606,s4-mixed-kcp,58088,1,3983711,3983711,255.8,1636.4,2118.8,0.0,-,0,0,0.000
1790431606,s5-vmess-ws,158787,27,953,953,192.9,740.3,848.5,0.0,-,0,0,0.000
1790431606,s6-trojan-grpc,174213,28,1063,1063,159.0,683.6,817.9,0.0,-,0,0,0.000
1790431606,s7-ss-tcp,181457,57,1113,1113,134.0,662.4,800.7,0.0,-,0,0,0.000
1790431606,s8-tuic,175962,32,1092,1092,150.3,678.3,823.3,0.0,-,0,0,0.000
1790431606,s9-anytls,146276,22,970,970,189.5,741.5,859.0,0.0,-,0,0,0.000
1790431606,s10-vless-xhttp,157353,23,1004,1004,175.0,718.9,834.8,0.0,-,0,0,0.000
1790431606,s11-http-proxy,148905,34,905,905,207.8,758.5,863.0,0.0,-,0,0,0.000
1790431606,s12-vmess-h3,154196,17,947,947,208.1,754.1,860.6,0.0,-,0,0,0.000
1790431606,__proc__,0,0,0,0,-,-,-,1208.1,28343,38343,5010822,8659.844
1790431636,s1-short,159913,38,960,960,193.0,735.2,849.1,0.0,-,0,0,0.000
1790431636,s2-long,7,4,0,0,36.5,112.7,112.7,0.0,-,0,0,0.000
1790431636,s3-quic,443913,0,385843,385843,3.0,74.0,452.5,0.0,-,0,0,0.000
1790431636,s4-mixed-kcp,58265,1,4019123,4019123,259.0,1642.5,2118.8,0.0,-,0,0,0.000
1790431636,s5-vmess-ws,159249,27,970,970,191.3,742.6,853.3,0.0,-,0,0,0.000
1790431636,s6-trojan-grpc,174736,28,1098,1098,159.7,686.9,823.5,0.0,-,0,0,0.000
1790431636,s7-ss-tcp,181991,57,1121,1121,139.5,664.7,810.6,0.0,-,0,0,0.000
1790431636,s8-tuic,176473,32,1073,1073,150.8,685.7,826.8,0.0,-,0,0,0.000
1790431636,s9-anytls,146734,22,962,962,190.1,746.1,863.8,0.0,-,0,0,0.000
1790431636,s10-vless-xhttp,157843,23,1029,1029,179.4,711.7,835.4,0.0,-,0,0,0.000
1790431636,s11-http-proxy,149332,34,897,897,210.2,774.1,878.8,0.0,-,0,0,0.000
1790431636,s12-vmess-h3,154637,17,926,926,208.4,756.0,860.6,0.0,-,0,0,0.000
1790431636,__proc__,0,0,0,0,-,-,-,1208.5,28293,38258,5026576,8687.850
1790431666,s1-short,160366,38,951,951,193.3,706.8,849.1,0.0,-,0,0,0.000
1790431666,s2-long,7,4,0,0,36.5,112.7,112.7,0.0,-,0,0,0.000
1790431666,s3-quic,445305,0,380109,380109,3.0,83.8,462.4,0.0,-,0,0,0.000
1790431666,s4-mixed-kcp,58443,1,4291149,4291149,259.9,1636.4,2118.8,0.0,-,0,0,0.000
1790431666,s5-vmess-ws,159700,27,947,947,193.1,712.0,853.3,0.0,-,0,0,0.000
1790431666,s6-trojan-grpc,175253,28,1086,1086,158.5,668.3,816.4,0.0,-,0,0,0.000
1790431666,s7-ss-tcp,182539,57,1151,1151,143.9,650.4,797.5,0.0,-,0,0,0.000
1790431666,s8-tuic,176989,32,1084,1084,151.3,675.5,809.9,0.0,-,0,0,0.000
1790431666,s9-anytls,147190,22,958,958,191.3,725.0,863.8,0.0,-,0,0,0.000
1790431666,s10-vless-xhttp,158329,23,1021,1021,182.7,692.5,837.4,0.0,-,0,0,0.000
1790431666,s11-http-proxy,149772,34,924,924,212.3,765.1,886.3,0.0,-,0,0,0.000
1790431666,s12-vmess-h3,155080,17,930,930,209.5,735.0,863.9,0.0,-,0,0,0.000
1790431666,__proc__,0,0,0,0,-,-,-,1216.1,28181,37991,5042099,8715.202
1790431696,s1-short,160887,38,1094,1094,197.2,703.7,846.4,0.0,-,0,0,0.000
1790431696,s2-long,7,4,0,0,36.5,112.7,112.7,0.0,-,0,0,0.000
1790431696,s3-quic,446821,0,413969,413969,3.1,82.5,473.6,0.0,-,0,0,0.000
1790431696,s4-mixed-kcp,58627,1,4209400,4209400,259.9,1636.4,2118.8,0.0,-,0,0,0.000
1790431696,s5-vmess-ws,160217,27,1086,1086,196.8,706.5,850.0,0.0,-,0,0,0.000
1790431696,s6-trojan-grpc,175825,28,1201,1201,156.5,668.2,811.9,0.0,-,0,0,0.000
1790431696,s7-ss-tcp,183133,57,1247,1247,138.4,649.2,787.8,0.0,-,0,0,0.000
1790431696,s8-tuic,177571,32,1222,1222,151.5,673.9,804.6,0.0,-,0,0,0.000
1790431696,s9-anytls,147717,22,1107,1107,194.7,717.2,860.2,0.0,-,0,0,0.000
1790431696,s10-vless-xhttp,158865,23,1126,1126,180.9,679.3,828.4,0.0,-,0,0,0.000
1790431696,s11-http-proxy,150260,34,1025,1025,218.9,752.1,886.3,0.0,-,0,0,0.000
1790431696,s12-vmess-h3,155582,17,1054,1054,207.8,725.7,863.9,0.0,-,0,0,0.000
1790431696,__proc__,0,0,0,0,-,-,-,1216.3,28250,38926,5059000,8742.736
1790431726,s1-short,161402,38,1082,1082,195.3,703.2,841.4,0.0,-,0,0,0.000
1790431726,s2-long,7,4,0,0,36.5,112.7,112.7,0.0,-,0,0,0.000
1790431726,s3-quic,448453,0,445645,445645,3.1,80.1,429.1,0.0,-,0,0,0.000
1790431726,s4-mixed-kcp,58819,1,4244120,4244120,257.3,1629.0,2101.1,0.0,-,0,0,0.000
1790431726,s5-vmess-ws,160727,27,1071,1071,197.2,704.8,843.4,0.0,-,0,0,0.000
1790431726,s6-trojan-grpc,176400,28,1208,1208,151.8,672.2,811.9,0.0,-,0,0,0.000
1790431726,s7-ss-tcp,183716,57,1224,1224,131.6,644.1,789.5,0.0,-,0,0,0.000
1790431726,s8-tuic,178150,32,1216,1216,147.2,675.5,802.8,0.0,-,0,0,0.000
1790431726,s9-anytls,148230,22,1077,1077,194.5,712.3,853.8,0.0,-,0,0,0.000
1790431726,s10-vless-xhttp,159401,23,1126,1126,170.8,679.4,827.3,0.0,-,0,0,0.000
1790431726,s11-http-proxy,150734,34,995,995,215.5,746.2,878.8,0.0,-,0,0,0.000
1790431726,s12-vmess-h3,156072,17,1029,1029,206.3,727.0,860.6,0.0,-,0,0,0.000
1790431726,__proc__,0,0,0,0,-,-,-,1219.8,28540,39072,5078098,8769.968
1790431756,s1-short,161893,38,1031,1031,191.7,693.2,833.0,0.0,-,0,0,0.000
1790431756,s2-long,7,4,0,0,36.5,112.7,112.7,0.0,-,0,0,0.000
1790431756,s3-quic,449794,0,366182,366182,3.1,88.3,428.8,0.0,-,0,0,0.000
1790431756,s4-mixed-kcp,59004,1,4170830,4170830,260.2,1629.0,2118.7,0.0,-,0,0,0.000
1790431756,s5-vmess-ws,161207,27,1008,1008,195.3,688.8,831.3,0.0,-,0,0,0.000
1790431756,s6-trojan-grpc,176936,28,1126,1126,149.9,649.3,792.4,0.0,-,0,0,0.000
1790431756,s7-ss-tcp,184271,57,1166,1166,129.5,636.0,789.5,0.0,-,0,0,0.000
1790431756,s8-tuic,178693,32,1140,1140,143.6,650.4,793.5,0.0,-,0,0,0.000
1790431756,s9-anytls,148720,22,1029,1029,192.1,701.0,833.6,0.0,-,0,0,0.000
1790431756,s10-vless-xhttp,159910,23,1069,1069,169.6,675.0,816.4,0.0,-,0,0,0.000
1790431756,s11-http-proxy,151178,34,932,932,214.8,731.3,870.5,0.0,-,0,0,0.000
1790431756,s12-vmess-h3,156526,17,953,953,210.4,728.6,854.0,0.0,-,0,0,0.000
1790431756,__proc__,0,0,0,0,-,-,-,1214.6,28825,38992,5092784,8796.893
1790431786,s1-short,162354,38,968,968,194.5,703.1,821.5,0.0,-,0,0,0.000
1790431786,s2-long,7,4,0,0,36.5,112.7,112.7,0.0,-,0,0,0.000
1790431786,s3-quic,451316,0,415607,415607,3.1,88.9,469.1,0.0,-,0,0,0.000
1790431786,s4-mixed-kcp,59173,1,3849913,3849913,259.7,1629.0,2121.7,0.0,-,0,0,0.000
1790431786,s5-vmess-ws,161665,27,962,962,198.7,705.7,821.1,0.0,-,0,0,0.000
1790431786,s6-trojan-grpc,177447,28,1073,1073,147.6,664.2,798.7,0.0,-,0,0,0.000
1790431786,s7-ss-tcp,184799,57,1109,1109,132.2,658.4,793.9,0.0,-,0,0,0.000
1790431786,s8-tuic,179204,32,1073,1073,143.6,675.2,797.9,0.0,-,0,0,0.000
1790431786,s9-anytls,149181,22,968,968,195.1,705.1,821.3,0.0,-,0,0,0.000
1790431786,s10-vless-xhttp,160382,23,991,991,176.6,693.2,814.2,0.0,-,0,0,0.000
1790431786,s11-http-proxy,151611,34,909,909,216.9,748.8,859.6,0.0,-,0,0,0.000
1790431786,s12-vmess-h3,156977,17,947,947,213.0,737.0,839.1,0.0,-,0,0,0.000
1790431786,__proc__,0,0,0,0,-,-,-,1216.4,28504,38399,5110361,8822.719
1790431816,s1-short,162833,38,1006,1006,194.1,714.0,840.2,0.0,-,0,0,0.000
1790431816,s2-long,7,4,0,0,36.5,112.7,112.7,0.0,-,0,0,0.000
1790431816,s3-quic,452698,0,377378,377378,3.1,86.6,499.2,0.0,-,0,0,0.000
1790431816,s4-mixed-kcp,59349,1,3976861,3976861,257.6,1647.9,2155.1,0.0,-,0,0,0.000
1790431816,s5-vmess-ws,162147,27,1012,1012,198.6,721.0,834.3,0.0,-,0,0,0.000
1790431816,s6-trojan-grpc,177964,28,1086,1086,146.5,679.5,801.0,0.0,-,0,0,0.000
1790431816,s7-ss-tcp,185335,57,1126,1126,135.5,673.7,803.7,0.0,-,0,0,0.000
1790431816,s8-tuic,179729,32,1102,1102,141.5,685.0,802.2,0.0,-,0,0,0.000
1790431816,s9-anytls,149666,22,1018,1018,190.8,713.9,836.6,0.0,-,0,0,0.000
1790431816,s10-vless-xhttp,160877,23,1040,1040,181.5,708.7,827.3,0.0,-,0,0,0.000
1790431816,s11-http-proxy,152056,34,934,934,226.9,748.8,867.7,0.0,-,0,0,0.000
1790431816,s12-vmess-h3,157443,17,979,979,219.5,733.8,850.9,0.0,-,0,0,0.000
1790431816,__proc__,0,0,0,0,-,-,-,1212.3,28565,38743,5125687,8850.296
1790431846,s1-short,163307,38,995,995,198.9,705.3,840.2,0.0,-,0,0,0.000
1790431846,s2-long,7,4,0,0,36.5,112.7,112.7,0.0,-,0,0,0.000
1790431846,s3-quic,454165,0,400589,400589,3.1,78.1,443.6,0.0,-,0,0,0.000
1790431846,s4-mixed-kcp,59526,1,3893464,3893464,258.7,1654.7,2121.7,0.0,-,0,0,0.000
1790431846,s5-vmess-ws,162618,27,989,989,200.6,707.6,831.3,0.0,-,0,0,0.000
1790431846,s6-trojan-grpc,178482,28,1088,1088,147.3,673.9,813.0,0.0,-,0,0,0.000
1790431846,s7-ss-tcp,185887,57,1159,1159,138.4,669.8,807.7,0.0,-,0,0,0.000
1790431846,s8-tuic,180249,32,1092,1092,145.8,684.6,809.9,0.0,-,0,0,0.000
1790431846,s9-anytls,150138,22,991,991,196.9,705.8,836.6,0.0,-,0,0,0.000
1790431846,s10-vless-xhttp,161369,23,1033,1033,184.7,700.3,827.3,0.0,-,0,0,0.000
1790431846,s11-http-proxy,152504,34,941,941,232.6,749.1,882.0,0.0,-,0,0,0.000
1790431846,s12-vmess-h3,157901,17,962,962,222.1,725.9,845.2,0.0,-,0,0,0.000
1790431846,__proc__,0,0,0,0,-,-,-,1216.6,28075,38169,5142085,8875.533
1790431876,s1-short,163847,38,1134,1134,198.3,708.2,835.8,0.0,-,0,0,0.000
1790431876,s2-long,7,4,0,0,36.5,112.7,112.7,0.0,-,0,0,0.000
1790431876,s3-quic,456000,0,501077,501077,3.0,72.4,440.8,0.0,-,0,0,0.000
1790431876,s4-mixed-kcp,59711,1,4188831,4188831,257.8,1638.8,2121.7,0.0,-,0,0,0.000
1790431876,s5-vmess-ws,163153,27,1124,1124,202.2,712.7,826.9,0.0,-,0,0,0.000
1790431876,s6-trojan-grpc,179070,28,1235,1235,147.9,680.6,802.6,0.0,-,0,0,0.000
1790431876,s7-ss-tcp,186497,57,1281,1281,133.4,674.5,807.7,0.0,-,0,0,0.000
1790431876,s8-tuic,180846,32,1254,1254,144.9,682.9,804.9,0.0,-,0,0,0.000
1790431876,s9-anytls,150669,22,1115,1115,198.8,704.7,831.9,0.0,-,0,0,0.000
1790431876,s10-vless-xhttp,161917,23,1151,1151,177.4,693.9,814.1,0.0,-,0,0,0.000
1790431876,s11-http-proxy,153003,34,1048,1048,231.9,743.0,877.0,0.0,-,0,0,0.000
1790431876,s12-vmess-h3,158420,17,1090,1090,212.8,727.1,843.2,0.0,-,0,0,0.000
1790431876,__proc__,0,0,0,0,-,-,-,1220.8,28397,39337,5163801,8902.753
1790431906,s1-short,164346,38,1048,1048,195.1,711.3,830.6,0.0,-,0,0,0.000
1790431906,s2-long,7,4,0,0,36.5,112.7,112.7,0.0,-,0,0,0.000
1790431906,s3-quic,457563,0,426803,426803,3.0,78.0,433.4,0.0,-,0,0,0.000
1790431906,s4-mixed-kcp,59893,1,4161602,4161602,258.8,1635.9,2144.5,0.0,-,0,0,0.000
1790431906,s5-vmess-ws,163651,27,1046,1046,201.6,710.5,821.5,0.0,-,0,0,0.000
1790431906,s6-trojan-grpc,179610,28,1134,1134,147.8,690.0,802.1,0.0,-,0,0,0.000
1790431906,s7-ss-tcp,187072,57,1208,1208,131.4,662.0,804.9,0.0,-,0,0,0.000
1790431906,s8-tuic,181396,32,1155,1155,145.6,677.6,794.9,0.0,-,0,0,0.000
1790431906,s9-anytls,151158,22,1027,1027,196.8,710.2,826.2,0.0,-,0,0,0.000
1790431906,s10-vless-xhttp,162436,23,1090,1090,174.0,703.7,812.7,0.0,-,0,0,0.000
1790431906,s11-http-proxy,153477,34,995,995,224.2,729.2,867.1,0.0,-,0,0,0.000
1790431906,s12-vmess-h3,158906,17,1021,1021,215.0,726.7,839.3,0.0,-,0,0,0.000
1790431906,__proc__,0,0,0,0,-,-,-,1217.2,28463,39019,5181953,8929.201
1790431936,s1-short,164801,38,956,956,193.1,703.6,832.4,0.0,-,0,0,0.000
1790431936,s2-long,7,4,0,0,36.5,112.7,112.7,0.0,-,0,0,0.000
1790431936,s3-quic,458989,0,389393,389393,3.0,78.0,481.0,0.0,-,0,0,0.000
1790431936,s4-mixed-kcp,60070,1,3882686,3882686,256.9,1629.9,2144.5,0.0,-,0,0,0.000
1790431936,s5-vmess-ws,164102,27,947,947,196.5,707.1,825.3,0.0,-,0,0,0.000
1790431936,s6-trojan-grpc,180106,28,1042,1042,155.5,689.8,813.7,0.0,-,0,0,0.000
1790431936,s7-ss-tcp,187600,57,1109,1109,133.5,648.4,795.1,0.0,-,0,0,0.000
1790431936,s8-tuic,181896,32,1050,1050,151.1,660.2,796.4,0.0,-,0,0,0.000
1790431936,s9-anytls,151613,22,956,956,194.7,704.7,826.2,0.0,-,0,0,0.000
1790431936,s10-vless-xhttp,162911,23,998,998,176.3,697.8,814.1,0.0,-,0,0,0.000
1790431936,s11-http-proxy,153909,34,907,907,217.5,734.4,867.1,0.0,-,0,0,0.000
1790431936,s12-vmess-h3,159353,17,939,939,212.5,733.0,836.3,0.0,-,0,0,0.000
1790431936,__proc__,0,0,0,0,-,-,-,1206.7,28493,38561,5199324,8955.113
1790431966,s1-short,165265,38,974,974,193.0,719.9,850.4,0.0,-,0,0,0.000
1790431966,s2-long,7,4,0,0,36.5,112.7,112.7,0.0,-,0,0,0.000
1790431966,s3-quic,460435,0,394854,394854,3.0,78.0,484.3,0.0,-,0,0,0.000
1790431966,s4-mixed-kcp,60240,1,3736228,3736228,260.7,1629.9,2157.8,0.0,-,0,0,0.000
1790431966,s5-vmess-ws,164565,27,972,972,194.9,719.8,837.1,0.0,-,0,0,0.000
1790431966,s6-trojan-grpc,180615,28,1069,1069,156.4,695.2,821.7,0.0,-,0,0,0.000
1790431966,s7-ss-tcp,188131,57,1115,1115,135.3,680.3,814.2,0.0,-,0,0,0.000
1790431966,s8-tuic,182404,32,1067,1067,152.6,684.6,822.7,0.0,-,0,0,0.000
1790431966,s9-anytls,152072,22,964,964,195.3,719.1,840.8,0.0,-,0,0,0.000
1790431966,s10-vless-xhttp,163395,23,1016,1016,177.9,712.9,821.6,0.0,-,0,0,0.000
1790431966,s11-http-proxy,154340,34,905,905,217.0,753.4,872.5,0.0,-,0,0,0.000
1790431966,s12-vmess-h3,159793,17,924,924,213.7,742.3,843.8,0.0,-,0,0,0.000
1790431966,__proc__,0,0,0,0,-,-,-,1206.4,28469,38476,5215863,8982.153
1790431996,s1-short,165752,38,1023,1023,194.9,729.1,850.9,0.0,-,0,0,0.000
1790431996,s2-long,7,4,0,0,36.5,112.7,112.7,0.0,-,0,0,0.000
1790431996,s3-quic,461837,0,382839,382839,3.0,88.2,482.2,0.0,-,0,0,0.000
1790431996,s4-mixed-kcp,60430,1,4034902,4034902,260.9,1647.9,2178.3,0.0,-,0,0,0.000
1790431996,s5-vmess-ws,165049,27,1016,1016,195.7,727.3,840.7,0.0,-,0,0,0.000
1790431996,s6-trojan-grpc,181142,28,1107,1107,158.8,698.4,830.1,0.0,-,0,0,0.000
1790431996,s7-ss-tcp,188680,57,1153,1153,143.2,675.4,816.5,0.0,-,0,0,0.000
1790431996,s8-tuic,182931,32,1107,1107,154.8,682.7,835.2,0.0,-,0,0,0.000
1790431996,s9-anytls,152553,22,1010,1010,197.5,725.6,844.4,0.0,-,0,0,0.000
1790431996,s10-vless-xhttp,163908,23,1077,1077,184.0,719.0,826.4,0.0,-,0,0,0.000
1790431996,s11-http-proxy,154801,34,968,968,219.1,752.0,872.5,0.0,-,0,0,0.000
1790431996,s12-vmess-h3,160268,17,998,998,215.1,737.5,842.5,0.0,-,0,0,0.000
1790431996,__proc__,0,0,0,0,-,-,-,1211.0,28175,38562,5231961,9008.111
1790432026,s1-short,166223,38,989,989,200.9,721.3,850.9,0.0,-,0,0,0.000
1790432026,s2-long,7,4,0,0,36.5,112.7,112.7,0.0,-,0,0,0.000
1790432026,s3-quic,463447,0,439637,439637,3.0,75.9,457.9,0.0,-,0,0,0.000
1790432026,s4-mixed-kcp,60616,1,4240544,4240544,260.5,1642.8,2178.3,0.0,-,0,0,0.000
1790432026,s5-vmess-ws,165520,27,989,989,201.8,717.6,840.7,0.0,-,0,0,0.000
1790432026,s6-trojan-grpc,181662,28,1092,1092,159.9,686.0,819.4,0.0,-,0,0,0.000
1790432026,s7-ss-tcp,189231,57,1157,1157,146.5,656.1,809.0,0.0,-,0,0,0.000
1790432026,s8-tuic,183454,32,1098,1098,157.3,669.2,825.0,0.0,-,0,0,0.000
1790432026,s9-anytls,153025,22,991,991,201.3,719.1,844.4,0.0,-,0,0,0.000
1790432026,s10-vless-xhttp,164393,23,1018,1018,190.5,712.6,826.4,0.0,-,0,0,0.000
1790432026,s11-http-proxy,155252,34,947,947,225.3,750.5,872.5,0.0,-,0,0,0.000
1790432026,s12-vmess-h3,160721,17,951,951,215.8,728.7,842.5,0.0,-,0,0,0.000
1790432026,__proc__,0,0,0,0,-,-,-,1222.3,27707,37897,5250239,9034.878
1790432056,s1-short,166763,38,1134,1134,197.4,703.4,840.6,0.0,-,0,0,0.000
1790432056,s2-long,7,4,0,0,36.5,112.7,112.7,0.0,-,0,0,0.000
1790432056,s3-quic,465352,0,520192,520192,3.0,72.1,443.5,0.0,-,0,0,0.000
1790432056,s4-mixed-kcp,60816,1,4355241,4355241,260.9,1628.9,2155.1,0.0,-,0,0,0.000
1790432056,s5-vmess-ws,166058,27,1130,1130,198.9,700.0,828.7,0.0,-,0,0,0.000
1790432056,s6-trojan-grpc,182254,28,1243,1243,156.0,668.0,812.5,0.0,-,0,0,0.000
1790432056,s7-ss-tcp,189843,57,1285,1285,134.3,623.7,796.3,0.0,-,0,0,0.000
1790432056,s8-tuic,184053,32,1258,1258,156.9,658.8,814.6,0.0,-,0,0,0.000
1790432056,s9-anytls,153563,22,1130,1130,198.8,700.0,838.0,0.0,-,0,0,0.000
1790432056,s10-vless-xhttp,164937,23,1142,1142,178.8,668.6,809.8,0.0,-,0,0,0.000
1790432056,s11-http-proxy,155772,34,1092,1092,210.2,716.7,872.5,0.0,-,0,0,0.000
1790432056,s12-vmess-h3,161243,17,1096,1096,205.8,713.1,836.9,0.0,-,0,0,0.000
1790432056,__proc__,0,0,0,0,-,-,-,1225.6,28133,39229,5273579,9060.501
1790432086,s1-short,167256,38,1035,1035,196.4,698.2,830.4,0.0,-,0,0,0.000
1790432086,s2-long,7,4,0,0,36.5,112.7,112.7,0.0,-,0,0,0.000
1790432086,s3-quic,466811,0,398404,398404,3.0,80.0,437.3,0.0,-,0,0,0.000
1790432086,s4-mixed-kcp,61000,1,4035186,4035186,255.9,1626.3,2173.1,0.0,-,0,0,0.000
1790432086,s5-vmess-ws,166545,27,1023,1023,196.1,697.9,816.4,0.0,-,0,0,0.000
1790432086,s6-trojan-grpc,182808,28,1163,1163,155.1,663.6,805.6,0.0,-,0,0,0.000
1790432086,s7-ss-tcp,190407,57,1184,1184,132.7,620.3,795.8,0.0,-,0,0,0.000
1790432086,s8-tuic,184600,32,1149,1149,153.7,663.5,810.7,0.0,-,0,0,0.000
1790432086,s9-anytls,154063,22,1050,1050,197.2,701.4,827.7,0.0,-,0,0,0.000
1790432086,s10-vless-xhttp,165464,23,1107,1107,173.5,664.9,807.4,0.0,-,0,0,0.000
1790432086,s11-http-proxy,156228,34,958,958,205.1,716.9,844.7,0.0,-,0,0,0.000
1790432086,s12-vmess-h3,161722,17,1006,1006,205.0,713.1,826.7,0.0,-,0,0,0.000
1790432086,__proc__,0,0,0,0,-,-,-,1213.7,28550,39142,5289857,9087.363
1790432116,s1-short,167716,38,966,966,195.2,687.7,830.4,0.0,-,0,0,0.000
1790432116,s2-long,7,4,0,0,36.5,112.7,112.7,0.0,-,0,0,0.000
1790432116,s3-quic,468254,0,394035,394035,3.0,82.1,444.7,0.0,-,0,0,0.000
1790432116,s4-mixed-kcp,61173,1,3971574,3971574,256.6,1629.0,2173.1,0.0,-,0,0,0.000
1790432116,s5-vmess-ws,167009,27,974,974,192.0,692.9,828.7,0.0,-,0,0,0.000
1790432116,s6-trojan-grpc,183309,28,1052,1052,154.2,663.9,817.8,0.0,-,0,0,0.000
1790432116,s7-ss-tcp,190924,57,1086,1086,133.7,644.4,808.5,0.0,-,0,0,0.000
1790432116,s8-tuic,185094,32,1037,1037,153.9,670.8,825.1,0.0,-,0,0,0.000
1790432116,s9-anytls,154524,22,968,968,194.9,699.2,830.9,0.0,-,0,0,0.000
1790432116,s10-vless-xhttp,165937,23,993,993,174.8,671.5,815.3,0.0,-,0,0,0.000
1790432116,s11-http-proxy,156666,34,920,920,204.6,729.1,853.5,0.0,-,0,0,0.000
1790432116,s12-vmess-h3,162171,17,943,943,206.4,722.2,831.4,0.0,-,0,0,0.000
1790432116,__proc__,0,0,0,0,-,-,-,1212.3,28314,38441,5306949,9113.080
1790432146,s1-short,168184,38,983,983,195.3,700.8,831.9,0.0,-,0,0,0.000
1790432146,s2-long,7,4,0,0,36.5,112.7,112.7,0.0,-,0,0,0.000
1790432146,s3-quic,469621,0,373282,373282,3.0,92.0,487.1,0.0,-,0,0,0.000
1790432146,s4-mixed-kcp,61343,1,3953900,3953900,255.9,1629.0,2195.6,0.0,-,0,0,0.000
1790432146,s5-vmess-ws,167469,27,966,966,193.0,697.9,829.6,0.0,-,0,0,0.000
1790432146,s6-trojan-grpc,183822,28,1077,1077,154.1,678.7,821.7,0.0,-,0,0,0.000
1790432146,s7-ss-tcp,191443,57,1090,1090,136.0,674.1,819.2,0.0,-,0,0,0.000
1790432146,s8-tuic,185595,32,1052,1052,154.6,689.5,833.6,0.0,-,0,0,0.000
1790432146,s9-anytls,155001,22,1002,1002,193.0,707.7,838.4,0.0,-,0,0,0.000
1790432146,s10-vless-xhttp,166415,23,1004,1004,178.7,699.0,826.0,0.0,-,0,0,0.000
1790432146,s11-http-proxy,157100,34,911,911,210.1,740.7,854.8,0.0,-,0,0,0.000
1790432146,s12-vmess-h3,162623,17,949,949,211.0,724.2,833.3,0.0,-,0,0,0.000
1790432146,__proc__,0,0,0,0,-,-,-,1208.9,28221,38379,5322262,9141.182
1790432176,s1-short,168668,38,1016,1016,195.3,706.8,830.1,0.0,-,0,0,0.000
1790432176,s2-long,7,4,0,0,36.5,112.7,112.7,0.0,-,0,0,0.000
1790432176,s3-quic,471080,0,398404,398404,3.0,83.9,465.8,0.0,-,0,0,0.000
1790432176,s4-mixed-kcp,61529,1,3954495,3954495,257.5,1628.9,2157.8,0.0,-,0,0,0.000
1790432176,s5-vmess-ws,167944,27,998,998,192.2,704.0,825.4,0.0,-,0,0,0.000
1790432176,s6-trojan-grpc,184356,28,1121,1121,152.2,664.9,807.9,0.0,-,0,0,0.000
1790432176,s7-ss-tcp,191996,57,1161,1161,140.3,667.4,804.1,0.0,-,0,0,0.000
1790432176,s8-tuic,186130,32,1124,1124,149.9,674.0,811.6,0.0,-,0,0,0.000
1790432176,s9-anytls,155487,22,1021,1021,191.9,715.0,838.0,0.0,-,0,0,0.000
1790432176,s10-vless-xhttp,166915,23,1050,1050,182.6,709.0,826.4,0.0,-,0,0,0.000
1790432176,s11-http-proxy,157562,34,970,970,215.5,729.1,840.9,0.0,-,0,0,0.000
1790432176,s12-vmess-h3,163085,17,970,970,212.7,720.3,832.9,0.0,-,0,0,0.000
1790432176,__proc__,0,0,0,0,-,-,-,1218.9,27905,38208,5338925,9167.978
1790432206,s1-short,169151,38,1014,1014,201.5,707.7,827.6,0.0,-,0,0,0.000
1790432206,s2-long,7,4,0,0,36.5,112.7,112.7,0.0,-,0,0,0.000
1790432206,s3-quic,472581,0,409873,409873,3.0,81.2,465.8,0.0,-,0,0,0.000
1790432206,s4-mixed-kcp,61704,1,4213669,4213669,257.9,1624.0,2173.1,0.0,-,0,0,0.000
1790432206,s5-vmess-ws,168425,27,1010,1010,198.1,704.9,826.3,0.0,-,0,0,0.000
1790432206,s6-trojan-grpc,184890,28,1121,1121,151.7,660.6,809.2,0.0,-,0,0,0.000
1790432206,s7-ss-tcp,192550,57,1163,1163,140.0,667.3,806.1,0.0,-,0,0,0.000
1790432206,s8-tuic,186665,32,1124,1124,149.2,677.0,817.3,0.0,-,0,0,0.000
1790432206,s9-anytls,155973,22,1021,1021,196.8,714.7,836.0,0.0,-,0,0,0.000
1790432206,s10-vless-xhttp,167415,23,1050,1050,183.6,709.9,827.7,0.0,-,0,0,0.000
1790432206,s11-http-proxy,158001,34,922,922,223.1,750.1,857.4,0.0,-,0,0,0.000
1790432206,s12-vmess-h3,163556,17,989,989,210.7,713.5,834.7,0.0,-,0,0,0.000
1790432206,__proc__,0,0,0,0,-,-,-,1218.0,27838,38242,5355999,9194.371
1790432236,s1-short,169677,38,1105,1105,202.6,698.2,824.6,0.0,-,0,0,0.000
1790432236,s2-long,7,4,0,0,36.5,112.7,112.7,0.0,-,0,0,0.000
1790432236,s3-quic,474260,0,458479,458479,3.0,77.4,451.5,0.0,-,0,0,0.000
1790432236,s4-mixed-kcp,61896,1,4407602,4407602,258.2,1616.2,2155.1,0.0,-,0,0,0.000
1790432236,s5-vmess-ws,168947,27,1096,1096,199.4,694.4,826.3,0.0,-,0,0,0.000
1790432236,s6-trojan-grpc,185470,28,1218,1218,149.9,662.8,810.8,0.0,-,0,0,0.000
1790432236,s7-ss-tcp,193143,57,1245,1245,135.4,664.0,806.1,0.0,-,0,0,0.000
1790432236,s8-tuic,187247,32,1222,1222,149.5,680.2,816.8,0.0,-,0,0,0.000
1790432236,s9-anytls,156512,22,1132,1132,195.5,706.5,828.7,0.0,-,0,0,0.000
1790432236,s10-vless-xhttp,167960,23,1144,1144,178.9,678.7,818.8,0.0,-,0,0,0.000
1790432236,s11-http-proxy,158475,34,995,995,217.9,718.7,847.0,0.0,-,0,0,0.000
1790432236,s12-vmess-h3,164060,17,1058,1058,205.4,704.1,832.3,0.0,-,0,0,0.000
1790432236,__proc__,0,0,0,0,-,-,-,1213.7,28266,39088,5375489,9220.358
1790432266,s1-short,170164,38,1023,1023,194.6,689.0,824.6,0.0,-,0,0,0.000
1790432266,s2-long,7,4,0,0,36.5,112.7,112.7,0.0,-,0,0,0.000
1790432266,s3-quic,475667,0,384205,384205,3.1,81.4,475.0,0.0,-,0,0,0.000
1790432266,s4-mixed-kcp,62077,1,3913069,3913069,258.2,1625.4,2155.1,0.0,-,0,0,0.000
1790432266,s5-vmess-ws,169434,27,1023,1023,193.2,693.7,830.6,0.0,-,0,0,0.000
1790432266,s6-trojan-grpc,186001,28,1115,1115,149.8,668.2,815.1,0.0,-,0,0,0.000
1790432266,s7-ss-tcp,193711,57,1193,1193,133.0,673.4,808.2,0.0,-,0,0,0.000
1790432266,s8-tuic,187779,32,1117,1117,147.5,681.8,818.5,0.0,-,0,0,0.000
1790432266,s9-anytls,156999,22,1023,1023,184.3,696.5,826.2,0.0,-,0,0,0.000
1790432266,s10-vless-xhttp,168464,23,1058,1058,171.1,683.6,821.5,0.0,-,0,0,0.000
1790432266,s11-http-proxy,158931,34,958,958,210.2,733.1,863.8,0.0,-,0,0,0.000
1790432266,s12-vmess-h3,164537,17,1002,1002,207.1,703.8,834.0,0.0,-,0,0,0.000
1790432266,__proc__,0,0,0,0,-,-,-,1209.7,28438,38796,5391233,9247.277
1790432296,s1-short,170624,38,966,966,196.4,707.2,824.6,0.0,-,0,0,0.000
1790432296,s2-long,7,4,0,0,36.5,112.7,112.7,0.0,-,0,0,0.000
1790432296,s3-quic,477023,0,370278,370278,3.1,85.1,501.0,0.0,-,0,0,0.000
1790432296,s4-mixed-kcp,62255,1,3791554,3791554,261.9,1642.8,2155.1,0.0,-,0,0,0.000
1790432296,s5-vmess-ws,169887,27,951,951,195.5,709.8,830.6,0.0,-,0,0,0.000
1790432296,s6-trojan-grpc,186501,28,1050,1050,148.9,686.8,810.8,0.0,-,0,0,0.000
1790432296,s7-ss-tcp,194228,57,1086,1086,131.4,675.9,803.5,0.0,-,0,0,0.000
1790432296,s8-tuic,188278,32,1048,1048,149.8,686.5,815.6,0.0,-,0,0,0.000
1790432296,s9-anytls,157461,22,970,970,184.9,708.6,826.2,0.0,-,0,0,0.000
1790432296,s10-vless-xhttp,168942,23,1004,1004,173.2,694.4,820.8,0.0,-,0,0,0.000
1790432296,s11-http-proxy,159358,34,897,897,212.2,749.3,865.4,0.0,-,0,0,0.000
1790432296,s12-vmess-h3,164983,17,937,937,209.2,719.2,834.0,0.0,-,0,0,0.000
1790432296,__proc__,0,0,0,0,-,-,-,1204.9,28233,38289,5407407,9273.048
1790432326,s1-short,171047,38,888,888,201.5,722.0,833.4,0.0,-,0,0,0.000
1790432326,s2-long,7,4,0,0,36.5,112.7,112.7,0.0,-,0,0,0.000
1790432326,s3-quic,478122,0,300100,300100,3.1,86.1,539.3,0.0,-,0,0,0.000
1790432326,s4-mixed-kcp,62412,1,3546105,3546105,265.3,1667.6,2176.7,0.0,-,0,0,0.000
1790432326,s5-vmess-ws,170310,27,888,888,200.1,731.8,841.2,0.0,-,0,0,0.000
1790432326,s6-trojan-grpc,186966,28,976,976,150.8,705.4,805.3,0.0,-,0,0,0.000
1790432326,s7-ss-tcp,194710,57,1012,1012,131.7,693.8,802.2,0.0,-,0,0,0.000
1790432326,s8-tuic,188748,32,987,987,150.9,696.0,811.6,0.0,-,0,0,0.000
1790432326,s9-anytls,157894,22,909,909,188.4,728.2,832.3,0.0,-,0,0,0.000
1790432326,s10-vless-xhttp,169380,23,920,920,179.0,721.9,828.2,0.0,-,0,0,0.000
1790432326,s11-http-proxy,159757,34,838,838,222.0,773.1,876.5,0.0,-,0,0,0.000
1790432326,s12-vmess-h3,165402,17,880,880,217.7,748.1,842.8,0.0,-,0,0,0.000
1790432326,__proc__,0,0,0,0,-,-,-,1201.5,27962,37582,5419801,9301.531
1790432356,s1-short,171525,38,1004,1004,200.3,736.4,826.8,0.0,-,0,0,0.000
1790432356,s2-long,7,4,0,0,36.5,112.7,112.7,0.0,-,0,0,0.000
1790432356,s3-quic,479519,0,381474,381474,3.1,96.2,544.8,0.0,-,0,0,0.000
1790432356,s4-mixed-kcp,62594,1,4211283,4211283,265.3,1676.8,2158.7,0.0,-,0,0,0.000
1790432356,s5-vmess-ws,170779,27,985,985,203.1,741.8,831.1,0.0,-,0,0,0.000
1790432356,s6-trojan-grpc,187492,28,1105,1105,152.8,703.4,803.7,0.0,-,0,0,0.000
1790432356,s7-ss-tcp,195262,57,1159,1159,136.3,692.7,800.2,0.0,-,0,0,0.000
1790432356,s8-tuic,189275,32,1107,1107,150.4,693.0,805.7,0.0,-,0,0,0.000
1790432356,s9-anytls,158368,22,995,995,188.4,735.2,824.5,0.0,-,0,0,0.000
1790432356,s10-vless-xhttp,169879,23,1048,1048,184.5,728.2,818.5,0.0,-,0,0,0.000
1790432356,s11-http-proxy,160204,34,939,939,230.6,773.3,880.7,0.0,-,0,0,0.000
1790432356,s12-vmess-h3,165863,17,968,968,221.6,745.0,835.9,0.0,-,0,0,0.000
1790432356,__proc__,0,0,0,0,-,-,-,1214.9,27931,38079,5435171,9328.972
1790432386,s1-short,171984,38,964,964,205.6,731.3,828.4,0.0,-,0,0,0.000
1790432386,s2-long,7,4,0,0,36.5,112.7,112.7,0.0,-,0,0,0.000
1790432386,s3-quic,480603,0,296004,296004,3.1,104.3,585.2,0.0,-,0,0,0.000
1790432386,s4-mixed-kcp,62766,1,4232287,4232287,266.1,1675.5,2158.7,0.0,-,0,0,0.000
1790432386,s5-vmess-ws,171241,27,970,970,205.6,740.1,830.9,0.0,-,0,0,0.000
1790432386,s6-trojan-grpc,187978,28,1021,1021,154.6,700.3,794.7,0.0,-,0,0,0.000
1790432386,s7-ss-tcp,195766,57,1058,1058,141.3,684.1,796.9,0.0,-,0,0,0.000
1790432386,s8-tuic,189773,32,1046,1046,150.4,688.0,799.2,0.0,-,0,0,0.000
1790432386,s9-anytls,158827,22,964,964,197.1,733.9,823.9,0.0,-,0,0,0.000
1790432386,s10-vless-xhttp,170357,23,1004,1004,188.2,723.4,812.3,0.0,-,0,0,0.000
1790432386,s11-http-proxy,160637,34,909,909,238.5,777.3,875.9,0.0,-,0,0,0.000
1790432386,s12-vmess-h3,166310,17,939,939,224.2,746.4,836.5,0.0,-,0,0,0.000
1790432386,__proc__,0,0,0,0,-,-,-,1212.6,27523,37300,5446901,9356.675
1790432416,s1-short,172406,38,886,886,210.5,739.4,857.5,0.0,-,0,0,0.000
1790432416,s2-long,7,4,0,0,36.5,112.7,112.7,0.0,-,0,0,0.000
1790432416,s3-quic,481825,0,333687,333687,3.1,107.0,562.9,0.0,-,0,0,0.000
1790432416,s4-mixed-kcp,62930,1,3777478,3777478,266.4,1686.4,2193.7,0.0,-,0,0,0.000
1790432416,s5-vmess-ws,171668,27,897,897,207.6,745.5,853.1,0.0,-,0,0,0.000
1790432416,s6-trojan-grpc,188444,28,979,979,158.0,722.7,837.9,0.0,-,0,0,0.000
1790432416,s7-ss-tcp,196256,57,1029,1029,145.0,699.5,820.1,0.0,-,0,0,0.000
1790432416,s8-tuic,190252,32,1006,1006,153.0,700.9,818.5,0.0,-,0,0,0.000
1790432416,s9-anytls,159263,22,916,916,202.8,739.8,847.5,0.0,-,0,0,0.000
1790432416,s10-vless-xhttp,170802,23,934,934,192.9,730.3,857.6,0.0,-,0,0,0.000
1790432416,s11-http-proxy,161037,34,840,840,239.9,781.3,895.5,0.0,-,0,0,0.000
1790432416,s12-vmess-h3,166722,17,865,865,225.9,749.1,853.4,0.0,-,0,0,0.000
1790432416,__proc__,0,0,0,0,-,-,-,1150.1,27118,36526,5460372,9384.348
1790432446,s1-short,172908,38,1054,1054,212.5,734.9,857.5,0.0,-,0,0,0.000
1790432446,s2-long,7,4,0,0,36.5,112.7,112.7,0.0,-,0,0,0.000
1790432446,s3-quic,483413,0,433630,433630,3.0,107.3,500.8,0.0,-,0,0,0.000
1790432446,s4-mixed-kcp,63120,1,4070411,4070411,264.4,1682.7,2185.6,0.0,-,0,0,0.000
1790432446,s5-vmess-ws,172168,27,1050,1050,209.3,742.0,853.1,0.0,-,0,0,0.000
1790432446,s6-trojan-grpc,189000,28,1168,1168,159.5,702.0,816.8,0.0,-,0,0,0.000
1790432446,s7-ss-tcp,196831,57,1208,1208,151.9,683.2,807.8,0.0,-,0,0,0.000
1790432446,s8-tuic,190823,32,1199,1199,156.8,686.5,804.1,0.0,-,0,0,0.000
1790432446,s9-anytls,159766,22,1056,1056,205.0,735.2,847.5,0.0,-,0,0,0.000
1790432446,s10-vless-xhttp,171322,23,1092,1092,193.3,716.5,826.3,0.0,-,0,0,0.000
1790432446,s11-http-proxy,161513,34,1000,1000,241.5,766.4,892.0,0.0,-,0,0,0.000
1790432446,s12-vmess-h3,167211,17,1027,1027,220.2,747.5,853.4,0.0,-,0,0,0.000
1790432446,__proc__,0,0,0,0,-,-,-,1167.7,27851,38239,5478485,9410.245
1790432476,s1-short,173410,38,1054,1054,207.9,722.2,834.1,0.0,-,0,0,0.000
1790432476,s2-long,7,4,0,0,36.5,112.7,112.7,0.0,-,0,0,0.000
1790432476,s3-quic,484981,0,428169,428169,3.0,84.6,456.4,0.0,-,0,0,0.000
1790432476,s4-mixed-kcp,63311,1,4000370,4000370,264.4,1667.6,2173.1,0.0,-,0,0,0.000
1790432476,s5-vmess-ws,172672,27,1058,1058,207.0,730.5,837.0,0.0,-,0,0,0.000
1790432476,s6-trojan-grpc,189551,28,1157,1157,158.6,688.9,801.6,0.0,-,0,0,0.000
1790432476,s7-ss-tcp,197396,57,1186,1186,146.9,662.7,803.6,0.0,-,0,0,0.000
1790432476,s8-tuic,191367,32,1142,1142,155.4,672.7,791.3,0.0,-,0,0,0.000
1790432476,s9-anytls,160271,22,1060,1060,201.4,727.0,830.3,0.0,-,0,0,0.000
1790432476,s10-vless-xhttp,171841,23,1090,1090,182.8,694.4,811.0,0.0,-,0,0,0.000
1790432476,s11-http-proxy,161982,34,985,985,235.8,753.0,871.6,0.0,-,0,0,0.000
1790432476,s12-vmess-h3,167698,17,1023,1023,219.6,733.0,837.6,0.0,-,0,0,0.000
1790432476,__proc__,0,0,0,0,-,-,-,1183.8,27856,38185,5496583,9437.017
1790432506,s1-short,173894,38,1016,1016,206.3,711.3,834.1,0.0,-,0,0,0.000
1790432506,s2-long,7,4,0,0,36.5,112.7,112.7,0.0,-,0,0,0.000
1790432506,s3-quic,486325,0,367002,367002,3.0,85.9,468.5,0.0,-,0,0,0.000
1790432506,s4-mixed-kcp,63495,1,4004865,4004865,265.9,1659.2,2176.7,0.0,-,0,0,0.000
1790432506,s5-vmess-ws,173147,27,998,998,206.6,717.4,836.4,0.0,-,0,0,0.000
1790432506,s6-trojan-grpc,190081,28,1113,1113,159.4,681.5,799.8,0.0,-,0,0,0.000
1790432506,s7-ss-tcp,197953,57,1170,1170,143.2,651.5,799.2,0.0,-,0,0,0.000
1790432506,s8-tuic,191903,32,1126,1126,155.1,657.3,784.9,0.0,-,0,0,0.000
1790432506,s9-anytls,160757,22,1021,1021,198.8,697.7,820.9,0.0,-,0,0,0.000
1790432506,s10-vless-xhttp,172343,23,1054,1054,178.6,686.9,807.0,0.0,-,0,0,0.000
1790432506,s11-http-proxy,162438,34,958,958,223.6,750.8,871.6,0.0,-,0,0,0.000
1790432506,s12-vmess-h3,168161,17,972,972,218.2,726.5,837.6,0.0,-,0,0,0.000
1790432506,__proc__,0,0,0,0,-,-,-,1184.4,27631,37709,5512266,9464.120
1790432536,s1-short,174403,38,1069,1069,197.9,696.9,830.3,0.0,-,0,0,0.000
1790432536,s2-long,7,4,0,0,36.5,112.7,112.7,0.0,-,0,0,0.000
1790432536,s3-quic,487795,0,401408,401408,3.0,90.3,467.5,0.0,-,0,0,0.000
1790432536,s4-mixed-kcp,63690,1,4400875,4400875,264.0,1657.5,2176.7,0.0,-,0,0,0.000
1790432536,s5-vmess-ws,173646,27,1048,1048,200.7,700.8,830.9,0.0,-,0,0,0.000
1790432536,s6-trojan-grpc,190637,28,1168,1168,159.5,657.7,788.1,0.0,-,0,0,0.000
1790432536,s7-ss-tcp,198533,57,1218,1218,144.9,634.0,772.4,0.0,-,0,0,0.000
1790432536,s8-tuic,192456,32,1161,1161,154.3,646.7,775.7,0.0,-,0,0,0.000
1790432536,s9-anytls,161270,22,1077,1077,190.4,699.6,820.9,0.0,-,0,0,0.000
1790432536,s10-vless-xhttp,172877,23,1121,1121,179.4,683.6,807.0,0.0,-,0,0,0.000
1790432536,s11-http-proxy,162908,34,987,987,225.2,739.5,853.2,0.0,-,0,0,0.000
1790432536,s12-vmess-h3,168648,17,1023,1023,219.1,709.8,822.2,0.0,-,0,0,0.000
1790432536,__proc__,0,0,0,0,-,-,-,1223.8,27729,38122,5529016,9489.318
1790432566,s1-short,174864,38,968,968,197.8,705.5,826.0,0.0,-,0,0,0.000
1790432566,s2-long,7,4,0,0,36.5,112.7,112.7,0.0,-,0,0,0.000
1790432566,s3-quic,489164,0,373828,373828,3.0,90.9,489.9,0.0,-,0,0,0.000
1790432566,s4-mixed-kcp,63866,1,3824952,3824952,265.9,1659.2,2158.7,0.0,-,0,0,0.000
1790432566,s5-vmess-ws,174112,27,979,979,197.5,723.1,831.1,0.0,-,0,0,0.000
1790432566,s6-trojan-grpc,191134,28,1044,1044,159.4,668.0,792.4,0.0,-,0,0,0.000
1790432566,s7-ss-tcp,199059,57,1105,1105,147.3,651.2,791.9,0.0,-,0,0,0.000
1790432566,s8-tuic,192972,32,1084,1084,152.7,658.2,784.9,0.0,-,0,0,0.000
1790432566,s9-anytls,161735,22,976,976,190.1,703.4,807.0,0.0,-,0,0,0.000
1790432566,s10-vless-xhttp,173353,23,1000,1000,182.5,689.9,809.1,0.0,-,0,0,0.000
1790432566,s11-http-proxy,163351,34,930,930,228.6,752.0,871.6,0.0,-,0,0,0.000
1790432566,s12-vmess-h3,169101,17,951,951,218.3,724.3,828.8,0.0,-,0,0,0.000
1790432566,__proc__,0,0,0,0,-,-,-,1230.5,27435,37373,5544558,9515.850
1790432596,s1-short,175330,38,979,979,199.1,711.8,834.6,0.0,-,0,0,0.000
1790432596,s2-long,7,4,0,0,36.5,112.7,112.7,0.0,-,0,0,0.000
1790432596,s3-quic,490564,0,382293,382293,3.0,89.6,505.8,0.0,-,0,0,0.000
1790432596,s4-mixed-kcp,64043,1,3911228,3911228,265.2,1664.5,2158.7,0.0,-,0,0,0.000
1790432596,s5-vmess-ws,174574,27,970,970,198.1,717.4,831.1,0.0,-,0,0,0.000
1790432596,s6-trojan-grpc,191655,28,1094,1094,156.7,668.0,820.9,0.0,-,0,0,0.000
1790432596,s7-ss-tcp,199598,57,1132,1132,149.2,652.9,805.6,0.0,-,0,0,0.000
1790432596,s8-tuic,193499,32,1107,1107,152.8,662.9,818.0,0.0,-,0,0,0.000
1790432596,s9-anytls,162205,22,987,987,195.0,710.5,835.3,0.0,-,0,0,0.000
1790432596,s10-vless-xhttp,173839,23,1021,1021,183.2,690.3,830.7,0.0,-,0,0,0.000
1790432596,s11-http-proxy,163784,34,909,909,227.9,751.1,863.9,0.0,-,0,0,0.000
1790432596,s12-vmess-h3,169544,17,930,930,216.3,719.7,829.0,0.0,-,0,0,0.000
1790432596,__proc__,0,0,0,0,-,-,-,1226.5,27507,37405,5559874,9542.912
1790432626,s1-short,175849,38,1090,1090,196.8,712.0,858.9,0.0,-,0,0,0.000
1790432626,s2-long,7,4,0,0,36.5,112.7,112.7,0.0,-,0,0,0.000
1790432626,s3-quic,492041,0,403319,403319,3.0,79.0,505.1,0.0,-,0,0,0.000
1790432626,s4-mixed-kcp,64232,1,4209302,4209302,262.5,1664.7,2106.5,0.0,-,0,0,0.000
1790432626,s5-vmess-ws,175074,27,1050,1050,198.0,726.3,847.5,0.0,-,0,0,0.000
1790432626,s6-trojan-grpc,192223,28,1193,1193,155.9,654.5,788.6,0.0,-,0,0,0.000
1790432626,s7-ss-tcp,200194,57,1252,1252,144.7,626.7,766.3,0.0,-,0,0,0.000
1790432626,s8-tuic,194070,32,1199,1199,153.4,653.7,811.1,0.0,-,0,0,0.000
1790432626,s9-anytls,162720,22,1082,1082,193.2,714.5,844.7,0.0,-,0,0,0.000
1790432626,s10-vless-xhttp,174358,23,1090,1090,177.7,693.0,842.4,0.0,-,0,0,0.000
1790432626,s11-http-proxy,164264,34,1008,1008,221.4,750.8,854.8,0.0,-,0,0,0.000
1790432626,s12-vmess-h3,170026,17,1012,1012,207.2,714.7,852.2,0.0,-,0,0,0.000
1790432626,__proc__,0,0,0,0,-,-,-,1213.9,28189,38669,5576358,9568.343
1790432656,s1-short,176309,38,966,966,194.7,701.1,821.8,0.0,-,0,0,0.000
1790432656,s2-long,7,4,0,0,36.5,112.7,112.7,0.0,-,0,0,0.000
1790432656,s3-quic,493382,0,366182,366182,3.0,86.1,513.9,0.0,-,0,0,0.000
1790432656,s4-mixed-kcp,64406,1,3824470,3824470,264.0,1664.6,2102.2,0.0,-,0,0,0.000
1790432656,s5-vmess-ws,175539,27,976,976,196.2,720.0,838.3,0.0,-,0,0,0.000
1790432656,s6-trojan-grpc,192732,28,1069,1069,155.8,665.8,794.0,0.0,-,0,0,0.000
1790432656,s7-ss-tcp,200730,57,1126,1126,140.9,645.6,791.9,0.0,-,0,0,0.000
1790432656,s8-tuic,194584,32,1079,1079,153.4,678.0,818.0,0.0,-,0,0,0.000
1790432656,s9-anytls,163191,22,989,989,188.0,696.5,819.2,0.0,-,0,0,0.000
1790432656,s10-vless-xhttp,174844,23,1021,1021,171.4,680.2,805.1,0.0,-,0,0,0.000
1790432656,s11-http-proxy,164700,34,916,916,216.6,753.1,854.2,0.0,-,0,0,0.000
1790432656,s12-vmess-h3,170482,17,958,958,204.2,708.6,828.0,0.0,-,0,0,0.000
1790432656,__proc__,0,0,0,0,-,-,-,1210.1,27633,37821,5591886,9594.785
1790432686,s1-short,176816,38,1065,1065,191.3,705.5,817.3,0.0,-,0,0,0.000
1790432686,s2-long,7,4,0,0,36.5,112.7,112.7,0.0,-,0,0,0.000
1790432686,s3-quic,495019,0,447010,447010,3.0,87.7,505.1,0.0,-,0,0,0.000
1790432686,s4-mixed-kcp,64597,1,3732995,3732995,266.1,1657.0,2102.2,0.0,-,0,0,0.000
1790432686,s5-vmess-ws,176041,27,1054,1054,193.9,720.7,823.6,0.0,-,0,0,0.000
1790432686,s6-trojan-grpc,193292,28,1176,1176,153.1,668.8,798.4,0.0,-,0,0,0.000
1790432686,s7-ss-tcp,201303,57,1203,1203,134.2,650.4,792.6,0.0,-,0,0,0.000
1790432686,s8-tuic,195137,32,1161,1161,149.6,681.6,818.0,0.0,-,0,0,0.000
1790432686,s9-anytls,163692,22,1052,1052,185.3,709.9,819.2,0.0,-,0,0,0.000
1790432686,s10-vless-xhttp,175370,23,1105,1105,169.4,685.4,809.1,0.0,-,0,0,0.000
1790432686,s11-http-proxy,165188,34,1025,1025,205.6,739.5,833.2,0.0,-,0,0,0.000
1790432686,s12-vmess-h3,170976,17,1037,1037,201.7,710.2,815.0,0.0,-,0,0,0.000
1790432686,__proc__,0,0,0,0,-,-,-,1201.7,28054,38858,5610432,9620.808
1790432716,s1-short,177291,38,998,998,189.7,729.6,830.7,0.0,-,0,0,0.000
1790432716,s2-long,7,4,0,0,36.5,112.7,112.7,0.0,-,0,0,0.000
1790432716,s3-quic,496348,0,362906,362906,3.0,89.8,513.9,0.0,-,0,0,0.000
1790432716,s4-mixed-kcp,64775,1,4024258,4024258,266.1,1663.5,2104.7,0.0,-,0,0,0.000
1790432716,s5-vmess-ws,176516,27,998,998,194.0,738.8,828.0,0.0,-,0,0,0.000
1790432716,s6-trojan-grpc,193805,28,1077,1077,152.5,684.7,805.7,0.0,-,0,0,0.000
1790432716,s7-ss-tcp,201836,57,1119,1119,132.8,663.2,800.4,0.0,-,0,0,0.000
1790432716,s8-tuic,195652,32,1082,1082,150.1,710.9,817.4,0.0,-,0,0,0.000
1790432716,s9-anytls,164169,22,1002,1002,182.5,731.4,819.8,0.0,-,0,0,0.000
1790432716,s10-vless-xhttp,175873,23,1056,1056,169.6,702.6,814.0,0.0,-,0,0,0.000
1790432716,s11-http-proxy,165626,34,920,920,216.0,757.4,847.4,0.0,-,0,0,0.000
1790432716,s12-vmess-h3,171433,17,960,960,206.9,732.3,837.4,0.0,-,0,0,0.000
1790432716,__proc__,0,0,0,0,-,-,-,1198.1,28238,38371,5625182,9648.171
1790432746,s1-short,177771,38,1008,1008,189.7,737.9,847.8,0.0,-,0,0,0.000
1790432746,s2-long,7,4,0,0,36.5,112.7,112.7,0.0,-,0,0,0.000
1790432746,s3-quic,497768,0,387755,387755,3.0,92.0,470.8,0.0,-,0,0,0.000
1790432746,s4-mixed-kcp,64957,1,4223452,4223452,267.0,1667.6,2106.5,0.0,-,0,0,0.000
1790432746,s5-vmess-ws,176994,27,1004,1004,192.6,743.2,837.6,0.0,-,0,0,0.000
1790432746,s6-trojan-grpc,194344,28,1132,1132,153.7,704.2,823.1,0.0,-,0,0,0.000
1790432746,s7-ss-tcp,202398,57,1180,1180,140.4,687.8,810.7,0.0,-,0,0,0.000
1790432746,s8-tuic,196188,32,1126,1126,150.1,727.3,835.3,0.0,-,0,0,0.000
1790432746,s9-anytls,164648,22,1006,1006,184.4,738.2,842.9,0.0,-,0,0,0.000
1790432746,s10-vless-xhttp,176386,23,1077,1077,172.1,718.0,831.7,0.0,-,0,0,0.000
1790432746,s11-http-proxy,166074,34,941,941,218.4,767.3,855.9,0.0,-,0,0,0.000
1790432746,s12-vmess-h3,171890,17,960,960,211.1,738.5,848.1,0.0,-,0,0,0.000
1790432746,__proc__,0,0,0,0,-,-,-,1206.8,28159,38387,5641229,9674.605
1790432776,s1-short,178249,38,1004,1004,193.5,749.2,856.1,0.0,-,0,0,0.000
1790432776,s2-long,7,4,0,0,36.5,112.7,112.7,0.0,-,0,0,0.000
1790432776,s3-quic,499229,0,398950,398950,3.1,89.9,463.7,0.0,-,0,0,0.000
1790432776,s4-mixed-kcp,65141,1,4094579,4094579,267.4,1664.6,2102.2,0.0,-,0,0,0.000
1790432776,s5-vmess-ws,177466,27,991,991,193.2,752.7,847.5,0.0,-,0,0,0.000
1790432776,s6-trojan-grpc,194863,28,1090,1090,150.3,709.9,822.5,0.0,-,0,0,0.000
1790432776,s7-ss-tcp,202953,57,1166,1166,143.7,698.8,813.4,0.0,-,0,0,0.000
1790432776,s8-tuic,196720,32,1117,1117,148.2,728.6,840.0,0.0,-,0,0,0.000
1790432776,s9-anytls,165125,22,1002,1002,190.9,748.9,852.8,0.0,-,0,0,0.000
1790432776,s10-vless-xhttp,176887,23,1052,1052,177.4,733.7,838.3,0.0,-,0,0,0.000
1790432776,s11-http-proxy,166522,34,941,941,221.3,771.2,863.9,0.0,-,0,0,0.000
1790432776,s12-vmess-h3,172343,17,951,951,213.2,749.7,856.4,0.0,-,0,0,0.000
1790432776,__proc__,0,0,0,0,-,-,-,1213.2,28289,38441,5657152,9701.348
1790432806,s1-short,178751,38,1054,1054,200.3,746.9,853.3,0.0,-,0,0,0.000
1790432806,s2-long,7,4,0,0,36.5,112.7,112.7,0.0,-,0,0,0.000
1790432806,s3-quic,500734,0,410965,410965,3.1,82.3,463.7,0.0,-,0,0,0.000
1790432806,s4-mixed-kcp,65322,1,4209482,4209482,267.0,1669.7,2096.5,0.0,-,0,0,0.000
1790432806,s5-vmess-ws,177964,27,1046,1046,197.6,748.4,844.4,0.0,-,0,0,0.000
1790432806,s6-trojan-grpc,195420,28,1170,1170,152.9,711.5,832.1,0.0,-,0,0,0.000
1790432806,s7-ss-tcp,203523,57,1197,1197,139.7,694.3,826.3,0.0,-,0,0,0.000
1790432806,s8-tuic,197270,32,1155,1155,152.5,728.8,848.2,0.0,-,0,0,0.000
1790432806,s9-anytls,165637,22,1075,1075,196.3,744.8,854.7,0.0,-,0,0,0.000
1790432806,s10-vless-xhttp,177408,23,1094,1094,173.3,722.8,838.8,0.0,-,0,0,0.000
1790432806,s11-http-proxy,166989,34,981,981,222.0,773.3,866.7,0.0,-,0,0,0.000
1790432806,s12-vmess-h3,172837,17,1037,1037,208.9,749.0,852.7,0.0,-,0,0,0.000
1790432806,__proc__,0,0,0,0,-,-,-,1215.3,28331,39036,5674509,9728.730
1790432836,s1-short,179268,38,1086,1086,193.0,741.8,859.2,0.0,-,0,0,0.000
1790432836,s2-long,7,4,0,0,36.5,112.7,112.7,0.0,-,0,0,0.000
1790432836,s3-quic,502366,0,445645,445645,3.0,80.4,479.5,0.0,-,0,0,0.000
1790432836,s4-mixed-kcp,65518,1,4036890,4036890,265.2,1669.7,2096.5,0.0,-,0,0,0.000
1790432836,s5-vmess-ws,178488,27,1100,1100,192.2,746.7,854.6,0.0,-,0,0,0.000
1790432836,s6-trojan-grpc,196001,28,1220,1220,146.5,708.3,834.8,0.0,-,0,0,0.000
1790432836,s7-ss-tcp,204114,57,1241,1241,132.0,672.6,820.9,0.0,-,0,0,0.000
1790432836,s8-tuic,197840,32,1197,1197,149.3,718.9,845.7,0.0,-,0,0,0.000
1790432836,s9-anytls,166165,22,1109,1109,190.7,734.6,861.1,0.0,-,0,0,0.000
1790432836,s10-vless-xhttp,177950,23,1138,1138,164.1,709.9,838.3,0.0,-,0,0,0.000
1790432836,s11-http-proxy,167478,34,1027,1027,212.1,771.4,866.7,0.0,-,0,0,0.000
1790432836,s12-vmess-h3,173345,17,1067,1067,204.2,748.0,856.9,0.0,-,0,0,0.000
1790432836,__proc__,0,0,0,0,-,-,-,1231.2,28405,39252,5693778,9755.306
1790432866,s1-short,179717,38,943,943,197.2,730.4,859.2,0.0,-,0,0,0.000
1790432866,s2-long,7,4,0,0,36.5,112.7,112.7,0.0,-,0,0,0.000
1790432866,s3-quic,503825,0,398404,398404,3.0,79.4,502.0,0.0,-,0,0,0.000
1790432866,s4-mixed-kcp,65685,1,3678251,3678251,266.1,1666.7,2101.6,0.0,-,0,0,0.000
1790432866,s5-vmess-ws,178936,27,941,941,193.5,738.5,859.2,0.0,-,0,0,0.000
1790432866,s6-trojan-grpc,196513,28,1075,1075,144.0,691.8,843.0,0.0,-,0,0,0.000
1790432866,s7-ss-tcp,204633,57,1090,1090,131.1,673.8,817.6,0.0,-,0,0,0.000
1790432866,s8-tuic,198346,32,1063,1063,148.3,703.9,849.4,0.0,-,0,0,0.000
1790432866,s9-anytls,166614,22,943,943,192.5,730.6,858.1,0.0,-,0,0,0.000
1790432866,s10-vless-xhttp,178412,23,970,970,166.8,706.0,843.1,0.0,-,0,0,0.000
1790432866,s11-http-proxy,167902,34,890,890,210.0,769.7,867.0,0.0,-,0,0,0.000
1790432866,s12-vmess-h3,173781,17,916,916,208.7,743.6,852.4,0.0,-,0,0,0.000
1790432866,__proc__,0,0,0,0,-,-,-,1209.5,28574,38635,5711204,9782.069
1790432896,s1-short,180190,38,993,993,195.2,721.4,849.7,0.0,-,0,0,0.000
1790432896,s2-long,7,4,0,0,36.5,112.7,112.7,0.0,-,0,0,0.000
1790432896,s3-quic,505133,0,357171,357171,3.1,83.0,505.9,0.0,-,0,0,0.000
1790432896,s4-mixed-kcp,65856,1,3926319,3926319,267.1,1676.8,2102.2,0.0,-,0,0,0.000
1790432896,s5-vmess-ws,179407,27,989,989,192.2,730.2,843.2,0.0,-,0,0,0.000
1790432896,s6-trojan-grpc,197032,28,1090,1090,143.3,694.1,841.0,0.0,-,0,0,0.000
1790432896,s7-ss-tcp,205165,57,1117,1117,130.7,682.7,832.2,0.0,-,0,0,0.000
1790432896,s8-tuic,198870,32,1100,1100,146.0,699.6,845.7,0.0,-,0,0,0.000
1790432896,s9-anytls,167087,22,993,993,193.6,721.4,849.4,0.0,-,0,0,0.000
1790432896,s10-vless-xhttp,178905,23,1035,1035,169.4,705.5,838.8,0.0,-,0,0,0.000
1790432896,s11-http-proxy,168347,34,934,934,215.9,779.0,867.7,0.0,-,0,0,0.000
1790432896,s12-vmess-h3,174236,17,956,956,213.5,747.4,850.9,0.0,-,0,0,0.000
1790432896,__proc__,0,0,0,0,-,-,-,1208.8,28562,38751,5725513,9809.471
1790432926,s1-short,180671,38,1010,1010,192.5,735.9,859.0,0.0,-,0,0,0.000
1790432926,s2-long,7,4,0,0,36.5,112.7,112.7,0.0,-,0,0,0.000
1790432926,s3-quic,506514,0,377105,377105,3.1,86.9,500.3,0.0,-,0,0,0.000
1790432926,s4-mixed-kcp,66035,1,4209786,4209786,267.7,1678.2,2081.3,0.0,-,0,0,0.000
1790432926,s5-vmess-ws,179884,27,1002,1002,190.8,739.3,858.5,0.0,-,0,0,0.000
1790432926,s6-trojan-grpc,197566,28,1121,1121,144.4,705.2,846.0,0.0,-,0,0,0.000
1790432926,s7-ss-tcp,205718,57,1161,1161,134.0,691.5,836.3,0.0,-,0,0,0.000
1790432926,s8-tuic,199395,32,1102,1102,148.3,707.4,857.0,0.0,-,0,0,0.000
1790432926,s9-anytls,167575,22,1025,1025,189.9,732.5,856.2,0.0,-,0,0,0.000
1790432926,s10-vless-xhttp,179405,23,1050,1050,174.3,717.7,843.2,0.0,-,0,0,0.000
1790432926,s11-http-proxy,168792,34,934,934,217.1,786.5,875.1,0.0,-,0,0,0.000
1790432926,s12-vmess-h3,174695,17,964,964,218.6,748.5,858.2,0.0,-,0,0,0.000
1790432926,__proc__,0,0,0,0,-,-,-,1211.7,28187,38352,5740931,9837.559
1790432956,s1-short,181148,38,1002,1002,192.3,735.1,859.2,0.0,-,0,0,0.000
1790432956,s2-long,7,4,0,0,36.5,112.7,112.7,0.0,-,0,0,0.000
1790432956,s3-quic,507892,0,376286,376286,3.1,89.6,492.4,0.0,-,0,0,0.000
1790432956,s4-mixed-kcp,66215,1,4143554,4143554,267.8,1671.1,2079.2,0.0,-,0,0,0.000
1790432956,s5-vmess-ws,180364,27,1008,1008,189.4,740.2,859.3,0.0,-,0,0,0.000
1790432956,s6-trojan-grpc,198091,28,1102,1102,144.8,708.3,847.8,0.0,-,0,0,0.000
1790432956,s7-ss-tcp,206257,57,1132,1132,138.7,699.8,841.7,0.0,-,0,0,0.000
1790432956,s8-tuic,199912,32,1086,1086,146.0,708.9,857.0,0.0,-,0,0,0.000
1790432956,s9-anytls,168060,22,1018,1018,192.6,733.2,861.1,0.0,-,0,0,0.000
1790432956,s10-vless-xhttp,179895,23,1029,1029,178.4,721.0,844.0,0.0,-,0,0,0.000
1790432956,s11-http-proxy,169239,34,939,939,226.9,787.3,875.1,0.0,-,0,0,0.000
1790432956,s12-vmess-h3,175155,17,966,966,221.5,742.1,856.7,0.0,-,0,0,0.000
1790432956,__proc__,0,0,0,0,-,-,-,1204.8,28404,38509,5755900,9864.938
1790432986,s1-short,181690,38,1138,1138,196.4,729.3,859.2,0.0,-,0,0,0.000
1790432986,s2-long,7,4,0,0,36.5,112.7,112.7,0.0,-,0,0,0.000
1790432986,s3-quic,509434,0,421069,421069,3.1,80.3,484.2,0.0,-,0,0,0.000
1790432986,s4-mixed-kcp,66400,1,4109577,4109577,264.0,1674.4,2079.2,0.0,-,0,0,0.000
1790432986,s5-vmess-ws,180895,27,1115,1115,192.3,734.9,859.3,0.0,-,0,0,0.000
1790432986,s6-trojan-grpc,198668,28,1212,1212,146.1,702.0,840.7,0.0,-,0,0,0.000
1790432986,s7-ss-tcp,206863,57,1273,1273,136.1,684.3,837.6,0.0,-,0,0,0.000
1790432986,s8-tuic,200504,32,1243,1243,148.2,705.2,854.7,0.0,-,0,0,0.000
1790432986,s9-anytls,168609,22,1153,1153,193.8,729.8,861.1,0.0,-,0,0,0.000
1790432986,s10-vless-xhttp,180450,23,1166,1166,172.8,708.4,836.1,0.0,-,0,0,0.000
1790432986,s11-http-proxy,169727,34,1025,1025,221.3,772.7,872.6,0.0,-,0,0,0.000
1790432986,s12-vmess-h3,175679,17,1100,1100,209.7,740.2,856.7,0.0,-,0,0,0.000
1790432986,__proc__,0,0,0,0,-,-,-,1213.3,28597,39606,5773141,9891.997
1790433016,s1-short,182174,38,1016,1016,197.1,732.6,852.0,0.0,-,0,0,0.000
1790433016,s2-long,7,4,0,0,36.5,112.7,112.7,0.0,-,0,0,0.000
1790433016,s3-quic,511003,0,428442,428442,3.1,81.5,485.1,0.0,-,0,0,0.000
1790433016,s4-mixed-kcp,66580,1,4007943,4007943,261.4,1671.6,2073.3,0.0,-,0,0,0.000
1790433016,s5-vmess-ws,181372,27,1002,1002,193.0,735.8,853.8,0.0,-,0,0,0.000
1790433016,s6-trojan-grpc,199189,28,1094,1094,145.1,697.6,837.4,0.0,-,0,0,0.000
1790433016,s7-ss-tcp,207426,57,1182,1182,131.2,677.7,812.0,0.0,-,0,0,0.000
1790433016,s8-tuic,201038,32,1121,1121,150.2,703.1,848.2,0.0,-,0,0,0.000
1790433016,s9-anytls,169093,22,1016,1016,190.9,727.6,851.2,0.0,-,0,0,0.000
1790433016,s10-vless-xhttp,180946,23,1042,1042,170.5,709.5,827.7,0.0,-,0,0,0.000
1790433016,s11-http-proxy,170183,34,958,958,209.8,770.3,871.6,0.0,-,0,0,0.000
1790433016,s12-vmess-h3,176142,17,972,972,210.1,740.4,850.9,0.0,-,0,0,0.000
1790433016,__proc__,0,0,0,0,-,-,-,1214.9,28385,38672,5791522,9917.472
1790433046,s1-short,182639,38,976,976,195.9,724.5,846.1,0.0,-,0,0,0.000
1790433046,s2-long,7,4,0,0,36.5,112.7,112.7,0.0,-,0,0,0.000
1790433046,s3-quic,512597,0,435268,435268,3.0,80.2,466.7,0.0,-,0,0,0.000
1790433046,s4-mixed-kcp,66756,1,3980238,3980238,262.3,1676.9,2079.2,0.0,-,0,0,0.000
1790433046,s5-vmess-ws,181837,27,976,976,193.5,728.7,847.7,0.0,-,0,0,0.000
1790433046,s6-trojan-grpc,199707,28,1088,1088,147.7,690.3,815.5,0.0,-,0,0,0.000
1790433046,s7-ss-tcp,207960,57,1121,1121,128.6,674.0,791.7,0.0,-,0,0,0.000
1790433046,s8-tuic,201551,32,1077,1077,148.2,698.4,840.1,0.0,-,0,0,0.000
1790433046,s9-anytls,169560,22,981,981,191.3,719.9,839.4,0.0,-,0,0,0.000
1790433046,s10-vless-xhttp,181427,23,1010,1010,169.1,704.3,813.0,0.0,-,0,0,0.000
1790433046,s11-http-proxy,170629,34,937,937,207.7,760.6,867.0,0.0,-,0,0,0.000
1790433046,s12-vmess-h3,176599,17,960,960,213.9,731.1,846.4,0.0,-,0,0,0.000
1790433046,__proc__,0,0,0,0,-,-,-,1217.0,28474,38647,5809727,9944.285
1790433076,s1-short,183117,38,1004,1004,200.2,718.1,826.1,0.0,-,0,0,0.000
1790433076,s2-long,7,4,0,0,36.5,112.7,112.7,0.0,-,0,0,0.000
1790433076,s3-quic,514015,0,387209,387209,3.0,78.0,457.5,0.0,-,0,0,0.000
1790433076,s4-mixed-kcp,66938,1,3731833,3731833,259.9,1671.6,2079.2,0.0,-,0,0,0.000
1790433076,s5-vmess-ws,182309,27,991,991,198.6,723.5,844.2,0.0,-,0,0,0.000
1790433076,s6-trojan-grpc,200229,28,1096,1096,150.3,685.0,799.3,0.0,-,0,0,0.000
1790433076,s7-ss-tcp,208497,57,1128,1128,129.5,678.1,785.0,0.0,-,0,0,0.000
1790433076,s8-tuic,202068,32,1086,1086,149.3,699.5,828.0,0.0,-,0,0,0.000
1790433076,s9-anytls,170039,22,1006,1006,195.7,710.2,831.7,0.0,-,0,0,0.000
1790433076,s10-vless-xhttp,181923,23,1042,1042,172.6,708.3,811.6,0.0,-,0,0,0.000
1790433076,s11-http-proxy,171074,34,934,934,213.6,752.9,866.4,0.0,-,0,0,0.000
1790433076,s12-vmess-h3,177060,17,968,968,222.4,731.4,839.5,0.0,-,0,0,0.000
1790433076,__proc__,0,0,0,0,-,-,-,1228.2,28272,38475,5826093,9970.720
1790433106,s1-short,183585,38,983,983,201.0,728.3,835.8,0.0,-,0,0,0.000
1790433106,s2-long,7,4,0,0,36.5,112.7,112.7,0.0,-,0,0,0.000
1790433106,s3-quic,515315,0,354987,354987,3.0,85.8,472.2,0.0,-,0,0,0.000
1790433106,s4-mixed-kcp,67117,1,3999813,3999813,260.9,1671.6,2078.7,0.0,-,0,0,0.000
1790433106,s5-vmess-ws,182780,27,989,989,197.9,726.5,840.2,0.0,-,0,0,0.000
1790433106,s6-trojan-grpc,200745,28,1084,1084,152.0,687.9,815.5,0.0,-,0,0,0.000
1790433106,s7-ss-tcp,209051,57,1163,1163,132.2,684.3,795.4,0.0,-,0,0,0.000
1790433106,s8-tuic,202596,32,1109,1109,149.8,703.1,834.1,0.0,-,0,0,0.000
1790433106,s9-anytls,170503,22,974,974,196.2,726.2,836.4,0.0,-,0,0,0.000
1790433106,s10-vless-xhttp,182412,23,1027,1027,182.0,719.8,822.1,0.0,-,0,0,0.000
1790433106,s11-http-proxy,171505,34,905,905,226.9,757.8,867.2,0.0,-,0,0,0.000
1790433106,s12-vmess-h3,177507,17,939,939,229.9,740.2,845.7,0.0,-,0,0,0.000
1790433106,__proc__,0,0,0,0,-,-,-,1226.3,28238,38374,5839945,9998.911
1790433136,s1-short,184055,38,987,987,204.4,723.9,840.4,0.0,-,0,0,0.000
1790433136,s2-long,7,4,0,0,36.5,112.7,112.7,0.0,-,0,0,0.000
1790433136,s3-quic,516701,0,378470,378470,3.1,95.7,497.4,0.0,-,0,0,0.000
1790433136,s4-mixed-kcp,67293,1,3906068,3906068,264.1,1680.4,2081.3,0.0,-,0,0,0.000
1790433136,s5-vmess-ws,183249,27,985,985,200.0,718.2,844.5,0.0,-,0,0,0.000
1790433136,s6-trojan-grpc,201254,28,1069,1069,155.9,682.3,796.6,0.0,-,0,0,0.000
1790433136,s7-ss-tcp,209590,57,1132,1132,138.5,677.3,785.0,0.0,-,0,0,0.000
1790433136,s8-tuic,203094,32,1046,1046,154.5,693.5,815.3,0.0,-,0,0,0.000
1790433136,s9-anytls,170971,22,983,983,201.2,715.6,840.5,0.0,-,0,0,0.000
1790433136,s10-vless-xhttp,182909,23,1044,1044,185.6,710.3,826.3,0.0,-,0,0,0.000
1790433136,s11-http-proxy,171953,34,941,941,236.2,746.0,859.5,0.0,-,0,0,0.000
1790433136,s12-vmess-h3,177964,17,960,960,230.4,726.6,839.5,0.0,-,0,0,0.000
1790433136,__proc__,0,0,0,0,-,-,-,1238.1,27695,37784,5855628,10024.654
1790433166,s1-short,184555,38,1050,1050,206.2,723.9,829.2,0.0,-,0,0,0.000
1790433166,s2-long,7,4,0,0,36.5,112.7,112.7,0.0,-,0,0,0.000
1790433166,s3-quic,518196,0,408235,408235,3.1,93.5,472.2,0.0,-,0,0,0.000
1790433166,s4-mixed-kcp,67478,1,4341046,4341046,264.1,1680.9,2078.7,0.0,-,0,0,0.000
1790433166,s5-vmess-ws,183752,27,1056,1056,200.8,718.5,838.5,0.0,-,0,0,0.000
1790433166,s6-trojan-grpc,201815,28,1178,1178,152.9,682.9,805.2,0.0,-,0,0,0.000
1790433166,s7-ss-tcp,210178,57,1235,1235,136.3,667.3,794.2,0.0,-,0,0,0.000
1790433166,s8-tuic,203668,32,1205,1205,151.8,691.0,818.0,0.0,-,0,0,0.000
1790433166,s9-anytls,171483,22,1075,1075,201.9,712.3,829.1,0.0,-,0,0,0.000
1790433166,s10-vless-xhttp,183438,23,1111,1111,179.7,703.4,825.3,0.0,-,0,0,0.000
1790433166,s11-http-proxy,172421,34,983,983,232.0,741.7,854.8,0.0,-,0,0,0.000
1790433166,s12-vmess-h3,178449,17,1018,1018,222.5,722.3,828.5,0.0,-,0,0,0.000
1790433166,__proc__,0,0,0,0,-,-,-,1234.2,28206,38723,5873019,10051.942
1790433196,s1-short,185048,38,1035,1035,207.7,729.3,833.2,0.0,-,0,0,0.000
1790433196,s2-long,7,4,0,0,36.5,112.7,112.7,0.0,-,0,0,0.000
1790433196,s3-quic,519897,0,464486,464486,3.0,81.0,435.0,0.0,-,0,0,0.000
1790433196,s4-mixed-kcp,67664,1,4307774,4307774,264.0,1680.9,2095.0,0.0,-,0,0,0.000
1790433196,s5-vmess-ws,184240,27,1025,1025,202.9,728.0,840.2,0.0,-,0,0,0.000
1790433196,s6-trojan-grpc,202360,28,1144,1144,153.7,694.7,812.1,0.0,-,0,0,0.000
1790433196,s7-ss-tcp,210753,57,1208,1208,130.3,670.4,796.0,0.0,-,0,0,0.000
1790433196,s8-tuic,204218,32,1155,1155,153.2,710.4,822.5,0.0,-,0,0,0.000
1790433196,s9-anytls,171980,22,1044,1044,201.5,726.2,833.5,0.0,-,0,0,0.000
1790433196,s10-vless-xhttp,183961,23,1098,1098,172.8,703.4,823.0,0.0,-,0,0,0.000
1790433196,s11-http-proxy,172885,34,974,974,228.3,734.8,839.2,0.0,-,0,0,0.000
1790433196,s12-vmess-h3,178922,17,993,993,221.9,732.7,834.0,0.0,-,0,0,0.000
1790433196,__proc__,0,0,0,0,-,-,-,1229.7,28452,38779,5891660,10078.399
1790433226,s1-short,185534,38,1021,1021,203.9,729.0,827.3,0.0,-,0,0,0.000
1790433226,s2-long,7,4,0,0,36.5,112.7,112.7,0.0,-,0,0,0.000
1790433226,s3-quic,521392,0,408235,408235,3.1,79.6,444.0,0.0,-,0,0,0.000
1790433226,s4-mixed-kcp,67841,1,3993038,3993038,265.2,1680.9,2111.7,0.0,-,0,0,0.000
1790433226,s5-vmess-ws,184720,27,1008,1008,200.6,725.5,834.2,0.0,-,0,0,0.000
1790433226,s6-trojan-grpc,202886,28,1105,1105,154.6,703.6,812.1,0.0,-,0,0,0.000
1790433226,s7-ss-tcp,211301,57,1151,1151,129.4,669.6,795.4,0.0,-,0,0,0.000
1790433226,s8-tuic,204757,32,1132,1132,152.3,709.3,819.9,0.0,-,0,0,0.000
1790433226,s9-anytls,172463,22,1014,1014,198.4,722.2,827.3,0.0,-,0,0,0.000
1790433226,s10-vless-xhttp,184469,23,1067,1067,168.1,713.9,823.0,0.0,-,0,0,0.000
1790433226,s11-http-proxy,173329,34,932,932,223.5,733.9,843.3,0.0,-,0,0,0.000
1790433226,s12-vmess-h3,179397,17,998,998,222.3,734.5,831.8,0.0,-,0,0,0.000
1790433226,__proc__,0,0,0,0,-,-,-,1219.8,28412,38703,5908890,10105.319
1790433256,s1-short,186002,38,983,983,203.4,726.0,829.9,0.0,-,0,0,0.000
1790433256,s2-long,7,4,0,0,36.5,112.7,112.7,0.0,-,0,0,0.000
1790433256,s3-quic,522808,0,386662,386662,3.0,78.2,476.4,0.0,-,0,0,0.000
1790433256,s4-mixed-kcp,68024,1,4192137,4192137,264.9,1680.5,2148.0,0.0,-,0,0,0.000
1790433256,s5-vmess-ws,185189,27,985,985,199.0,716.7,838.5,0.0,-,0,0,0.000
1790433256,s6-trojan-grpc,203397,28,1073,1073,155.5,692.8,819.7,0.0,-,0,0,0.000
1790433256,s7-ss-tcp,211844,57,1140,1140,132.1,670.1,803.0,0.0,-,0,0,0.000
1790433256,s8-tuic,205269,32,1075,1075,152.6,704.9,830.1,0.0,-,0,0,0.000
1790433256,s9-anytls,172931,22,983,983,196.2,716.4,833.5,0.0,-,0,0,0.000
1790433256,s10-vless-xhttp,184954,23,1018,1018,173.4,708.9,829.1,0.0,-,0,0,0.000
1790433256,s11-http-proxy,173767,34,920,920,222.0,740.3,842.5,0.0,-,0,0,0.000
1790433256,s12-vmess-h3,179847,17,945,945,224.6,742.8,834.0,0.0,-,0,0,0.000
1790433256,__proc__,0,0,0,0,-,-,-,1219.6,28185,38255,5925338,10131.695
1790433286,s1-short,186484,38,1012,1012,200.3,738.5,833.2,0.0,-,0,0,0.000
1790433286,s2-long,7,4,0,0,36.5,112.7,112.7,0.0,-,0,0,0.000
1790433286,s3-quic,524183,0,375467,375467,3.1,87.1,504.4,0.0,-,0,0,0.000
1790433286,s4-mixed-kcp,68209,1,4247357,4247357,267.0,1674.4,2111.7,0.0,-,0,0,0.000
1790433286,s5-vmess-ws,185669,27,1008,1008,198.2,730.6,840.0,0.0,-,0,0,0.000
1790433286,s6-trojan-grpc,203935,28,1130,1130,153.8,708.9,821.5,0.0,-,0,0,0.000
1790433286,s7-ss-tcp,212404,57,1176,1176,136.7,680.8,806.1,0.0,-,0,0,0.000
1790433286,s8-tuic,205816,32,1149,1149,149.7,725.0,830.1,0.0,-,0,0,0.000
1790433286,s9-anytls,173427,22,1042,1042,192.0,727.6,840.4,0.0,-,0,0,0.000
1790433286,s10-vless-xhttp,185469,23,1082,1082,175.8,720.8,831.5,0.0,-,0,0,0.000
1790433286,s11-http-proxy,174216,34,943,943,232.3,742.9,844.9,0.0,-,0,0,0.000
1790433286,s12-vmess-h3,180310,17,972,972,228.7,743.7,835.9,0.0,-,0,0,0.000
1790433286,__proc__,0,0,0,0,-,-,-,1227.5,27980,38176,5940540,10160.107
1790433316,s1-short,186946,38,970,970,200.6,747.2,843.0,0.0,-,0,0,0.000
1790433316,s2-long,7,4,0,0,36.5,112.7,112.7,0.0,-,0,0,0.000
1790433316,s3-quic,525509,0,362086,362086,3.0,95.2,482.4,0.0,-,0,0,0.000
1790433316,s4-mixed-kcp,68393,1,4084800,4084800,268.4,1671.1,2110.0,0.0,-,0,0,0.000
1790433316,s5-vmess-ws,186125,27,958,958,197.7,748.1,844.9,0.0,-,0,0,0.000
1790433316,s6-trojan-grpc,204447,28,1075,1075,155.0,712.3,835.6,0.0,-,0,0,0.000
1790433316,s7-ss-tcp,212947,57,1140,1140,141.5,682.0,819.0,0.0,-,0,0,0.000
1790433316,s8-tuic,206331,32,1082,1082,152.5,727.1,833.2,0.0,-,0,0,0.000
1790433316,s9-anytls,173890,22,972,972,194.7,743.2,842.6,0.0,-,0,0,0.000
1790433316,s10-vless-xhttp,185943,23,995,995,179.7,733.3,846.5,0.0,-,0,0,0.000
1790433316,s11-http-proxy,174656,34,924,924,232.1,757.8,848.1,0.0,-,0,0,0.000
1790433316,s12-vmess-h3,180755,17,934,934,226.7,749.7,842.5,0.0,-,0,0,0.000
1790433316,__proc__,0,0,0,0,-,-,-,1219.8,28043,37949,5956076,10187.156
1790433346,s1-short,187444,38,1046,1046,200.4,750.2,844.4,0.0,-,0,0,0.000
1790433346,s2-long,7,4,0,0,36.5,112.7,112.7,0.0,-,0,0,0.000
1790433346,s3-quic,527215,0,465852,465852,3.0,78.3,442.1,0.0,-,0,0,0.000
1790433346,s4-mixed-kcp,68574,1,4190202,4190202,268.2,1650.2,2106.4,0.0,-,0,0,0.000
1790433346,s5-vmess-ws,186621,27,1042,1042,198.9,753.3,852.5,0.0,-,0,0,0.000
1790433346,s6-trojan-grpc,204996,28,1153,1153,154.4,718.5,832.2,0.0,-,0,0,0.000
1790433346,s7-ss-tcp,213520,57,1203,1203,139.5,679.3,811.3,0.0,-,0,0,0.000
1790433346,s8-tuic,206866,32,1124,1124,153.9,738.8,835.3,0.0,-,0,0,0.000
1790433346,s9-anytls,174396,22,1063,1063,195.0,754.7,847.4,0.0,-,0,0,0.000
1790433346,s10-vless-xhttp,186457,23,1079,1079,173.1,722.4,844.9,0.0,-,0,0,0.000
1790433346,s11-http-proxy,175132,34,1000,1000,231.9,768.6,857.2,0.0,-,0,0,0.000
1790433346,s12-vmess-h3,181239,17,1016,1016,219.1,752.6,845.8,0.0,-,0,0,0.000
1790433346,__proc__,0,0,0,0,-,-,-,1221.8,28191,38650,5976442,10213.773
1790433376,s1-short,187956,38,1075,1075,199.2,740.9,840.8,0.0,-,0,0,0.000
1790433376,s2-long,7,4,0,0,36.5,112.7,112.7,0.0,-,0,0,0.000
1790433376,s3-quic,528847,0,445645,445645,3.0,80.0,480.7,0.0,-,0,0,0.000
1790433376,s4-mixed-kcp,68761,1,4207467,4207467,265.7,1648.1,2080.6,0.0,-,0,0,0.000
1790433376,s5-vmess-ws,187134,27,1077,1077,198.4,744.5,846.2,0.0,-,0,0,0.000
1790433376,s6-trojan-grpc,205548,28,1159,1159,152.1,716.3,817.9,0.0,-,0,0,0.000
1790433376,s7-ss-tcp,214103,57,1224,1224,131.8,674.4,802.7,0.0,-,0,0,0.000
1790433376,s8-tuic,207425,32,1174,1174,152.4,732.6,828.9,0.0,-,0,0,0.000
1790433376,s9-anytls,174913,22,1086,1086,191.4,737.9,838.0,0.0,-,0,0,0.000
1790433376,s10-vless-xhttp,186987,23,1113,1113,165.0,722.0,831.0,0.0,-,0,0,0.000
1790433376,s11-http-proxy,175613,34,1010,1010,216.6,752.4,845.9,0.0,-,0,0,0.000
1790433376,s12-vmess-h3,181737,17,1046,1046,212.3,743.7,839.1,0.0,-,0,0,0.000
1790433376,__proc__,0,0,0,0,-,-,-,1212.2,28317,38934,5995600,10239.869
1790433406,s1-short,188423,38,981,981,196.0,741.3,845.1,0.0,-,0,0,0.000
1790433406,s2-long,7,4,0,0,36.5,112.7,112.7,0.0,-,0,0,0.000
1790433406,s3-quic,530333,0,405777,405777,3.1,69.4,481.6,0.0,-,0,0,0.000
1790433406,s4-mixed-kcp,68931,1,3910296,3910296,265.6,1650.2,2079.2,0.0,-,0,0,0.000
1790433406,s5-vmess-ws,187596,27,970,970,195.0,751.1,850.7,0.0,-,0,0,0.000
1790433406,s6-trojan-grpc,206055,28,1065,1065,154.2,712.3,819.6,0.0,-,0,0,0.000
1790433406,s7-ss-tcp,214629,57,1105,1105,130.0,671.4,803.0,0.0,-,0,0,0.000
1790433406,s8-tuic,207941,32,1084,1084,149.5,725.1,826.1,0.0,-,0,0,0.000
1790433406,s9-anytls,175384,22,989,989,185.9,737.7,842.3,0.0,-,0,0,0.000
1790433406,s10-vless-xhttp,187472,23,1018,1018,166.5,719.7,842.5,0.0,-,0,0,0.000
1790433406,s11-http-proxy,176049,34,916,916,209.1,767.6,858.0,0.0,-,0,0,0.000
1790433406,s12-vmess-h3,182186,17,943,943,212.3,752.1,848.6,0.0,-,0,0,0.000
1790433406,__proc__,0,0,0,0,-,-,-,1208.4,28176,38212,6012094,10265.629
1790433436,s1-short,188883,38,966,966,193.9,746.2,837.0,0.0,-,0,0,0.000
1790433436,s2-long,7,4,0,0,36.5,112.7,112.7,0.0,-,0,0,0.000
1790433436,s3-quic,531647,0,358810,358810,3.1,83.9,499.8,0.0,-,0,0,0.000
1790433436,s4-mixed-kcp,69112,1,3917092,3917092,265.9,1650.3,2079.2,0.0,-,0,0,0.000
1790433436,s5-vmess-ws,188059,27,972,972,192.6,750.5,839.6,0.0,-,0,0,0.000
1790433436,s6-trojan-grpc,206565,28,1071,1071,154.1,711.2,819.6,0.0,-,0,0,0.000
1790433436,s7-ss-tcp,215157,57,1109,1109,129.5,688.4,821.1,0.0,-,0,0,0.000
1790433436,s8-tuic,208449,32,1067,1067,149.5,725.9,826.1,0.0,-,0,0,0.000
1790433436,s9-anytls,175841,22,960,960,184.3,747.8,838.3,0.0,-,0,0,0.000
1790433436,s10-vless-xhttp,187950,23,1004,1004,171.4,734.5,841.3,0.0,-,0,0,0.000
1790433436,s11-http-proxy,176483,34,911,911,207.1,773.3,855.4,0.0,-,0,0,0.000
1790433436,s12-vmess-h3,182631,17,934,934,211.9,764.4,848.1,0.0,-,0,0,0.000
1790433436,__proc__,0,0,0,0,-,-,-,1204.9,28392,38348,6026927,10293.132
1790433466,s1-short,189373,38,1029,1029,194.4,745.9,838.3,0.0,-,0,0,0.000
1790433466,s2-long,7,4,0,0,36.5,112.7,112.7,0.0,-,0,0,0.000
1790433466,s3-quic,532918,0,347068,347068,3.1,95.5,490.5,0.0,-,0,0,0.000
1790433466,s4-mixed-kcp,69294,1,4200857,4200857,269.1,1650.3,2088.2,0.0,-,0,0,0.000
1790433466,s5-vmess-ws,188540,27,1010,1010,193.9,751.2,840.6,0.0,-,0,0,0.000
1790433466,s6-trojan-grpc,207092,28,1107,1107,155.1,705.1,814.3,0.0,-,0,0,0.000
1790433466,s7-ss-tcp,215713,57,1168,1168,137.5,685.8,815.5,0.0,-,0,0,0.000
1790433466,s8-tuic,208989,32,1134,1134,149.4,718.2,822.9,0.0,-,0,0,0.000
1790433466,s9-anytls,176329,22,1025,1025,185.8,750.6,838.3,0.0,-,0,0,0.000
1790433466,s10-vless-xhttp,188464,23,1079,1079,177.6,740.0,841.3,0.0,-,0,0,0.000
1790433466,s11-http-proxy,176937,34,953,953,215.8,771.1,854.5,0.0,-,0,0,0.000
1790433466,s12-vmess-h3,183101,17,987,987,217.4,761.3,839.1,0.0,-,0,0,0.000
1790433466,__proc__,0,0,0,0,-,-,-,1208.3,28191,38364,6040714,10321.028
1790433496,s1-short,189845,38,991,991,197.4,731.7,833.8,0.0,-,0,0,0.000
1790433496,s2-long,7,4,0,0,36.5,112.7,112.7,0.0,-,0,0,0.000
1790433496,s3-quic,534390,0,401954,401954,3.1,102.9,487.0,0.0,-,0,0,0.000
1790433496,s4-mixed-kcp,69481,1,4099921,4099921,268.6,1650.3,2079.2,0.0,-,0,0,0.000
1790433496,s5-vmess-ws,189007,27,981,981,195.4,743.1,839.3,0.0,-,0,0,0.000
1790433496,s6-trojan-grpc,207622,28,1113,1113,154.6,704.3,814.3,0.0,-,0,0,0.000
1790433496,s7-ss-tcp,216270,57,1170,1170,142.0,686.5,815.2,0.0,-,0,0,0.000
1790433496,s8-tuic,209516,32,1107,1107,148.9,717.9,822.9,0.0,-,0,0,0.000
1790433496,s9-anytls,176801,22,991,991,194.8,742.8,837.0,0.0,-,0,0,0.000
1790433496,s10-vless-xhttp,188977,23,1077,1077,183.2,732.5,834.2,0.0,-,0,0,0.000
1790433496,s11-http-proxy,177389,34,949,949,220.0,776.1,855.3,0.0,-,0,0,0.000
1790433496,s12-vmess-h3,183562,17,968,968,216.8,749.4,843.1,0.0,-,0,0,0.000
1790433496,__proc__,0,0,0,0,-,-,-,1210.4,27941,38046,6057259,10347.962
1790433526,s1-short,190374,38,1111,1111,198.2,743.9,836.3,0.0,-,0,0,0.000
1790433526,s2-long,7,4,0,0,36.5,112.7,112.7,0.0,-,0,0,0.000
1790433526,s3-quic,535931,0,420796,420796,3.1,79.9,450.4,0.0,-,0,0,0.000
1790433526,s4-mixed-kcp,69667,1,4178933,4178933,266.5,1650.3,2088.2,0.0,-,0,0,0.000
1790433526,s5-vmess-ws,189530,27,1098,1098,198.4,749.5,842.0,0.0,-,0,0,0.000
1790433526,s6-trojan-grpc,208188,28,1189,1189,159.0,693.8,812.4,0.0,-,0,0,0.000
1790433526,s7-ss-tcp,216864,57,1247,1247,139.8,678.5,815.2,0.0,-,0,0,0.000
1790433526,s8-tuic,210080,32,1184,1184,155.0,702.7,821.1,0.0,-,0,0,0.000
1790433526,s9-anytls,177335,22,1121,1121,197.4,749.4,837.5,0.0,-,0,0,0.000
1790433526,s10-vless-xhttp,189513,23,1126,1126,180.9,703.1,834.2,0.0,-,0,0,0.000
1790433526,s11-http-proxy,177861,34,991,991,214.8,770.9,864.0,0.0,-,0,0,0.000
1790433526,s12-vmess-h3,184069,17,1065,1065,202.7,753.5,847.4,0.0,-,0,0,0.000
1790433526,__proc__,0,0,0,0,-,-,-,1216.1,28433,39151,6075381,10375.548
1790433556,s1-short,190897,38,1098,1098,195.2,723.5,841.2,0.0,-,0,0,0.000
1790433556,s2-long,7,4,0,0,36.5,112.7,112.7,0.0,-,0,0,0.000
1790433556,s3-quic,537456,0,416427,416427,3.0,85.8,466.4,0.0,-,0,0,0.000
1790433556,s4-mixed-kcp,69855,1,4192043,4192043,263.6,1661.9,2080.6,0.0,-,0,0,0.000
1790433556,s5-vmess-ws,190047,27,1086,1086,195.2,738.6,856.3,0.0,-,0,0,0.000
1790433556,s6-trojan-grpc,208754,28,1189,1189,155.1,679.4,806.4,0.0,-,0,0,0.000
1790433556,s7-ss-tcp,217460,57,1252,1252,132.2,647.1,794.2,0.0,-,0,0,0.000
1790433556,s8-tuic,210662,32,1222,1222,149.3,685.0,813.6,0.0,-,0,0,0.000
1790433556,s9-anytls,177858,22,1098,1098,192.7,729.1,835.0,0.0,-,0,0,0.000
1790433556,s10-vless-xhttp,190062,23,1153,1153,170.9,691.6,826.1,0.0,-,0,0,0.000
1790433556,s11-http-proxy,178346,34,1018,1018,197.8,762.4,866.8,0.0,-,0,0,0.000
1790433556,s12-vmess-h3,184571,17,1054,1054,203.5,747.6,853.1,0.0,-,0,0,0.000
1790433556,__proc__,0,0,0,0,-,-,-,1217.2,28887,39633,6093101,10402.916
1790433586,s1-short,191382,38,1018,1018,190.3,702.6,833.8,0.0,-,0,0,0.000
1790433586,s2-long,7,4,0,0,36.5,112.7,112.7,0.0,-,0,0,0.000
1790433586,s3-quic,538859,0,383113,383113,3.0,92.0,466.4,0.0,-,0,0,0.000
1790433586,s4-mixed-kcp,70036,1,4137530,4137530,262.7,1650.4,2080.6,0.0,-,0,0,0.000
1790433586,s5-vmess-ws,190531,27,1016,1016,190.3,718.3,843.0,0.0,-,0,0,0.000
1790433586,s6-trojan-grpc,209289,28,1124,1124,153.2,673.1,806.4,0.0,-,0,0,0.000
1790433586,s7-ss-tcp,218014,57,1163,1163,129.4,655.2,806.1,0.0,-,0,0,0.000
1790433586,s8-tuic,211205,32,1140,1140,143.7,665.2,802.9,0.0,-,0,0,0.000
1790433586,s9-anytls,178340,22,1012,1012,189.5,707.6,824.7,0.0,-,0,0,0.000
1790433586,s10-vless-xhttp,190563,23,1052,1052,172.3,685.0,822.7,0.0,-,0,0,0.000
1790433586,s11-http-proxy,178794,34,941,941,202.5,761.8,873.6,0.0,-,0,0,0.000
1790433586,s12-vmess-h3,185049,17,1004,1004,204.0,745.6,851.9,0.0,-,0,0,0.000
1790433586,__proc__,0,0,0,0,-,-,-,1219.5,28672,38963,6109092,10428.735
1790433616,s1-short,191851,38,985,985,185.3,723.5,835.3,0.0,-,0,0,0.000
1790433616,s2-long,7,4,0,0,36.5,112.7,112.7,0.0,-,0,0,0.000
1790433616,s3-quic,540257,0,381747,381747,3.0,92.0,493.9,0.0,-,0,0,0.000
1790433616,s4-mixed-kcp,70215,1,3936409,3936409,263.4,1650.3,2088.2,0.0,-,0,0,0.000
1790433616,s5-vmess-ws,190999,27,983,983,184.2,732.7,838.3,0.0,-,0,0,0.000
1790433616,s6-trojan-grpc,209801,28,1075,1075,150.0,678.7,805.7,0.0,-,0,0,0.000
1790433616,s7-ss-tcp,218549,57,1124,1124,132.4,655.8,788.1,0.0,-,0,0,0.000
1790433616,s8-tuic,211724,32,1090,1090,141.0,669.0,798.6,0.0,-,0,0,0.000
1790433616,s9-anytls,178813,22,993,993,183.8,727.9,833.6,0.0,-,0,0,0.000
1790433616,s10-vless-xhttp,191055,23,1033,1033,172.5,704.9,826.1,0.0,-,0,0,0.000
1790433616,s11-http-proxy,179227,34,909,909,205.5,767.6,863.5,0.0,-,0,0,0.000
1790433616,s12-vmess-h3,185507,17,962,962,202.0,745.3,851.4,0.0,-,0,0,0.000
1790433616,__proc__,0,0,0,0,-,-,-,1210.6,28590,38691,6124828,10454.970
1790433646,s1-short,192334,38,1014,1014,185.6,720.3,829.5,0.0,-,0,0,0.000
1790433646,s2-long,7,4,0,0,36.5,112.7,112.7,0.0,-,0,0,0.000
1790433646,s3-quic,541358,0,300646,300646,3.1,99.5,498.1,0.0,-,0,0,0.000
1790433646,s4-mixed-kcp,70392,1,4230752,4230752,263.9,1648.2,2085.0,0.0,-,0,0,0.000
1790433646,s5-vmess-ws,191481,27,1012,1012,182.8,730.9,827.6,0.0,-,0,0,0.000
1790433646,s6-trojan-grpc,210332,28,1115,1115,148.2,683.7,806.1,0.0,-,0,0,0.000
1790433646,s7-ss-tcp,219101,57,1159,1159,136.3,659.1,784.0,0.0,-,0,0,0.000
1790433646,s8-tuic,212261,32,1128,1128,139.0,664.9,798.6,0.0,-,0,0,0.000
1790433646,s9-anytls,179301,22,1025,1025,185.4,729.1,830.5,0.0,-,0,0,0.000
1790433646,s10-vless-xhttp,191557,23,1054,1054,173.8,708.1,819.5,0.0,-,0,0,0.000
1790433646,s11-http-proxy,179666,34,922,922,213.5,772.1,864.0,0.0,-,0,0,0.000
1790433646,s12-vmess-h3,185967,17,966,966,200.0,747.6,843.0,0.0,-,0,0,0.000
1790433646,__proc__,0,0,0,0,-,-,-,1237.5,28389,38522,6136164,10483.090
1790433676,s1-short,192823,38,1027,1027,188.8,716.7,836.0,0.0,-,0,0,0.000
1790433676,s2-long,7,4,0,0,36.5,112.7,112.7,0.0,-,0,0,0.000
1790433676,s3-quic,542959,0,437180,437180,3.1,95.6,480.7,0.0,-,0,0,0.000
1790433676,s4-mixed-kcp,70568,1,3692981,3692981,264.9,1639.2,2088.2,0.0,-,0,0,0.000
1790433676,s5-vmess-ws,191959,27,1004,1004,187.4,721.0,836.0,0.0,-,0,0,0.000
1790433676,s6-trojan-grpc,210856,28,1100,1100,149.7,671.1,822.0,0.0,-,0,0,0.000
1790433676,s7-ss-tcp,219645,57,1142,1142,136.0,652.0,794.0,0.0,-,0,0,0.000
1790433676,s8-tuic,212797,32,1126,1126,140.2,658.2,802.9,0.0,-,0,0,0.000
1790433676,s9-anytls,179791,22,1029,1029,190.1,722.2,835.0,0.0,-,0,0,0.000
1790433676,s10-vless-xhttp,192056,23,1048,1048,173.7,676.4,808.5,0.0,-,0,0,0.000
1790433676,s11-http-proxy,180120,34,953,953,216.0,762.4,859.1,0.0,-,0,0,0.000
1790433676,s12-vmess-h3,186436,17,985,985,195.0,745.6,845.5,0.0,-,0,0,0.000
1790433676,__proc__,0,0,0,0,-,-,-,1244.3,28314,38519,6154494,10509.141
1790433706,s1-short,193330,38,1065,1065,185.2,695.1,834.7,0.0,-,0,0,0.000
1790433706,s2-long,7,4,0,0,36.5,112.7,112.7,0.0,-,0,0,0.000
1790433706,s3-quic,544686,0,471586,471586,3.0,77.5,451.5,0.0,-,0,0,0.000
1790433706,s4-mixed-kcp,70751,1,3711546,3711546,262.3,1639.2,2076.5,0.0,-,0,0,0.000
1790433706,s5-vmess-ws,192465,27,1063,1063,184.1,702.8,827.0,0.0,-,0,0,0.000
1790433706,s6-trojan-grpc,211413,28,1170,1170,149.6,664.3,825.8,0.0,-,0,0,0.000
1790433706,s7-ss-tcp,220231,57,1231,1231,130.9,639.8,813.1,0.0,-,0,0,0.000
1790433706,s8-tuic,213386,32,1237,1237,138.0,657.1,808.7,0.0,-,0,0,0.000
1790433706,s9-anytls,180297,22,1063,1063,182.9,697.4,835.0,0.0,-,0,0,0.000
1790433706,s10-vless-xhttp,192587,23,1115,1115,165.1,675.4,814.2,0.0,-,0,0,0.000
1790433706,s11-http-proxy,180614,34,1037,1037,208.2,734.3,856.1,0.0,-,0,0,0.000
1790433706,s12-vmess-h3,186936,17,1050,1050,190.4,724.1,842.2,0.0,-,0,0,0.000
1790433706,__proc__,0,0,0,0,-,-,-,1239.1,28642,39316,6174569,10534.461
1790433736,s1-short,193818,38,1025,1025,180.5,679.1,841.5,0.0,-,0,0,0.000
1790433736,s2-long,7,4,0,0,36.5,112.7,112.7,0.0,-,0,0,0.000
1790433736,s3-quic,546049,0,372190,372190,3.0,80.8,452.3,0.0,-,0,0,0.000
1790433736,s4-mixed-kcp,70931,1,4136500,4136500,260.9,1638.0,2085.0,0.0,-,0,0,0.000
1790433736,s5-vmess-ws,192943,27,1004,1004,181.9,709.6,841.4,0.0,-,0,0,0.000
1790433736,s6-trojan-grpc,211950,28,1128,1128,148.1,671.7,838.3,0.0,-,0,0,0.000
1790433736,s7-ss-tcp,220785,57,1163,1163,128.4,646.1,816.7,0.0,-,0,0,0.000
1790433736,s8-tuic,213928,32,1138,1138,135.6,652.7,809.1,0.0,-,0,0,0.000
1790433736,s9-anytls,180779,22,1012,1012,179.0,689.5,840.2,0.0,-,0,0,0.000
1790433736,s10-vless-xhttp,193088,23,1052,1052,163.4,680.2,825.4,0.0,-,0,0,0.000
1790433736,s11-http-proxy,181068,34,953,953,200.4,741.4,859.1,0.0,-,0,0,0.000
1790433736,s12-vmess-h3,187411,17,998,998,189.3,729.6,846.2,0.0,-,0,0,0.000
1790433736,__proc__,0,0,0,0,-,-,-,1228.3,28780,39039,6189844,10561.926
1790433766,s1-short,194303,38,1018,1018,180.3,676.0,859.4,0.0,-,0,0,0.000
1790433766,s2-long,7,4,0,0,36.5,112.7,112.7,0.0,-,0,0,0.000
1790433766,s3-quic,547480,0,390758,390758,3.0,86.4,452.3,0.0,-,0,0,0.000
1790433766,s4-mixed-kcp,71106,1,4066579,4066579,262.2,1638.4,2093.3,0.0,-,0,0,0.000
1790433766,s5-vmess-ws,193423,27,1008,1008,183.5,690.9,847.1,0.0,-,0,0,0.000
1790433766,s6-trojan-grpc,212479,28,1111,1111,148.1,674.0,845.6,0.0,-,0,0,0.000
1790433766,s7-ss-tcp,221336,57,1157,1157,127.5,652.5,829.9,0.0,-,0,0,0.000
1790433766,s8-tuic,214456,32,1109,1109,135.3,656.0,828.1,0.0,-,0,0,0.000
1790433766,s9-anytls,181256,22,1002,1002,179.3,687.3,852.3,0.0,-,0,0,0.000
1790433766,s10-vless-xhttp,193579,23,1031,1031,167.1,691.1,845.7,0.0,-,0,0,0.000
1790433766,s11-http-proxy,181520,34,949,949,206.4,752.7,870.3,0.0,-,0,0,0.000
1790433766,s12-vmess-h3,187879,17,983,983,194.8,731.9,858.9,0.0,-,0,0,0.000
1790433766,__proc__,0,0,0,0,-,-,-,1225.1,28505,38808,6205732,10589.282
1790433796,s1-short,194780,38,1002,1002,183.5,700.6,849.6,0.0,-,0,0,0.000
1790433796,s2-long,7,4,0,0,36.5,112.7,112.7,0.0,-,0,0,0.000
1790433796,s3-quic,549031,0,423526,423526,3.1,86.6,452.3,0.0,-,0,0,0.000
1790433796,s4-mixed-kcp,71291,1,4134231,4134231,262.5,1631.9,2095.3,0.0,-,0,0,0.000
1790433796,s5-vmess-ws,193892,27,985,985,186.3,704.3,831.5,0.0,-,0,0,0.000
1790433796,s6-trojan-grpc,213008,28,1111,1111,148.8,674.0,839.7,0.0,-,0,0,0.000
1790433796,s7-ss-tcp,221899,57,1182,1182,133.3,656.3,827.4,0.0,-,0,0,0.000
1790433796,s8-tuic,214991,32,1124,1124,135.0,655.6,828.1,0.0,-,0,0,0.000
1790433796,s9-anytls,181736,22,1008,1008,182.3,701.6,841.9,0.0,-,0,0,0.000
1790433796,s10-vless-xhttp,194082,23,1056,1056,174.0,701.0,837.9,0.0,-,0,0,0.000
1790433796,s11-http-proxy,181976,34,958,958,213.4,742.7,862.2,0.0,-,0,0,0.000
1790433796,s12-vmess-h3,188341,17,970,970,200.4,729.7,857.7,0.0,-,0,0,0.000
1790433796,__proc__,0,0,0,0,-,-,-,1222.6,28534,38723,6223730,10616.392
1790433826,s1-short,195264,38,1016,1016,187.7,682.9,849.6,0.0,-,0,0,0.000
1790433826,s2-long,7,4,0,0,36.5,112.7,112.7,0.0,-,0,0,0.000
1790433826,s3-quic,550361,0,363179,363179,3.0,90.6,425.0,0.0,-,0,0,0.000
1790433826,s4-mixed-kcp,71481,1,4225799,4225799,262.2,1618.7,2088.2,0.0,-,0,0,0.000
1790433826,s5-vmess-ws,194378,27,1021,1021,188.5,696.8,831.5,0.0,-,0,0,0.000
1790433826,s6-trojan-grpc,213541,28,1119,1119,150.8,664.3,839.7,0.0,-,0,0,0.000
1790433826,s7-ss-tcp,222451,57,1159,1159,139.5,641.9,835.9,0.0,-,0,0,0.000
1790433826,s8-tuic,215533,32,1138,1138,142.5,649.3,834.2,0.0,-,0,0,0.000
1790433826,s9-anytls,182227,22,1031,1031,184.3,690.9,847.4,0.0,-,0,0,0.000
1790433826,s10-vless-xhttp,194596,23,1079,1079,178.4,699.8,847.2,0.0,-,0,0,0.000
1790433826,s11-http-proxy,182439,34,972,972,221.7,745.0,860.1,0.0,-,0,0,0.000
1790433826,s12-vmess-h3,188810,17,985,985,199.9,706.8,854.0,0.0,-,0,0,0.000
1790433826,__proc__,0,0,0,0,-,-,-,1219.7,28299,38674,6238532,10643.052
1790433856,s1-short,195807,38,1140,1140,189.3,680.3,849.6,0.0,-,0,0,0.000
1790433856,s2-long,7,4,0,0,36.5,112.7,112.7,0.0,-,0,0,0.000
1790433856,s3-quic,552155,0,489882,489882,3.0,76.5,425.7,0.0,-,0,0,0.000
1790433856,s4-mixed-kcp,71667,1,4147854,4147854,259.7,1625.8,2076.5,0.0,-,0,0,0.000
1790433856,s5-vmess-ws,194924,27,1147,1147,189.5,691.2,828.2,0.0,-,0,0,0.000
1790433856,s6-trojan-grpc,214139,28,1256,1256,150.7,662.8,839.7,0.0,-,0,0,0.000
1790433856,s7-ss-tcp,223066,57,1292,1292,132.6,640.7,835.9,0.0,-,0,0,0.000
1790433856,s8-tuic,216136,32,1266,1266,141.1,641.6,826.3,0.0,-,0,0,0.000
1790433856,s9-anytls,182777,22,1155,1155,185.3,686.3,847.4,0.0,-,0,0,0.000
1790433856,s10-vless-xhttp,195148,23,1159,1159,173.3,671.8,840.6,0.0,-,0,0,0.000
1790433856,s11-http-proxy,182948,34,1069,1069,211.1,718.7,856.0,0.0,-,0,0,0.000
1790433856,s12-vmess-h3,189342,17,1117,1117,195.0,691.6,848.5,0.0,-,0,0,0.000
1790433856,__proc__,0,0,0,0,-,-,-,1229.2,28532,39692,6259637,10669.253
1790433886,s1-short,196314,38,1065,1065,188.2,685.8,856.6,0.0,-,0,0,0.000
1790433886,s2-long,7,4,0,0,36.5,112.7,112.7,0.0,-,0,0,0.000
1790433886,s3-quic,553588,0,391305,391305,3.1,82.0,451.8,0.0,-,0,0,0.000
1790433886,s4-mixed-kcp,71846,1,4126450,4126450,257.0,1631.9,2062.7,0.0,-,0,0,0.000
1790433886,s5-vmess-ws,195429,27,1060,1060,191.0,690.4,842.1,0.0,-,0,0,0.000
1790433886,s6-trojan-grpc,214686,28,1149,1149,150.1,667.7,829.7,0.0,-,0,0,0.000
1790433886,s7-ss-tcp,223627,57,1178,1178,128.7,633.3,805.8,0.0,-,0,0,0.000
1790433886,s8-tuic,216681,32,1144,1144,142.4,650.2,823.2,0.0,-,0,0,0.000
1790433886,s9-anytls,183279,22,1054,1054,187.6,691.0,853.0,0.0,-,0,0,0.000
1790433886,s10-vless-xhttp,195664,23,1084,1084,169.0,667.1,845.4,0.0,-,0,0,0.000
1790433886,s11-http-proxy,183399,34,947,947,210.2,722.0,858.4,0.0,-,0,0,0.000
1790433886,s12-vmess-h3,189833,17,1031,1031,198.8,687.2,854.1,0.0,-,0,0,0.000
1790433886,__proc__,0,0,0,0,-,-,-,1227.0,28556,39194,6275734,10696.650
1790433916,s1-short,196806,38,1033,1033,185.2,680.7,846.5,0.0,-,0,0,0.000
1790433916,s2-long,7,4,0,0,36.5,112.7,112.7,0.0,-,0,0,0.000
1790433916,s3-quic,554784,0,326588,326588,3.1,84.4,475.8,0.0,-,0,0,0.000
1790433916,s4-mixed-kcp,72020,1,4290045,4290045,255.4,1639.2,2062.7,0.0,-,0,0,0.000
1790433916,s5-vmess-ws,195911,27,1012,1012,188.4,691.0,842.1,0.0,-,0,0,0.000
1790433916,s6-trojan-grpc,215223,28,1128,1128,144.1,660.8,826.3,0.0,-,0,0,0.000
1790433916,s7-ss-tcp,224180,57,1161,1161,125.8,637.0,804.1,0.0,-,0,0,0.000
1790433916,s8-tuic,217209,32,1109,1109,138.0,638.5,805.9,0.0,-,0,0,0.000
1790433916,s9-anytls,183771,22,1033,1033,185.3,690.9,846.0,0.0,-,0,0,0.000
1790433916,s10-vless-xhttp,196166,23,1054,1054,166.8,678.2,829.6,0.0,-,0,0,0.000
1790433916,s11-http-proxy,183837,34,920,920,218.4,741.8,865.0,0.0,-,0,0,0.000
1790433916,s12-vmess-h3,190310,17,1002,1002,202.4,706.2,861.7,0.0,-,0,0,0.000
1790433916,__proc__,0,0,0,0,-,-,-,1222.1,28698,39113,6288359,10724.132
1790433946,s1-short,197263,38,960,960,186.3,723.6,870.0,0.0,-,0,0,0.000
1790433946,s2-long,7,4,0,0,36.5,112.7,112.7,0.0,-,0,0,0.000
1790433946,s3-quic,556163,0,376559,376559,3.1,88.2,509.1,0.0,-,0,0,0.000
1790433946,s4-mixed-kcp,72189,1,3806497,3806497,256.5,1652.9,2074.9,0.0,-,0,0,0.000
1790433946,s5-vmess-ws,196361,27,945,945,189.4,726.4,860.6,0.0,-,0,0,0.000
1790433946,s6-trojan-grpc,215719,28,1042,1042,142.9,698.4,853.8,0.0,-,0,0,0.000
1790433946,s7-ss-tcp,224703,57,1098,1098,127.8,661.4,843.2,0.0,-,0,0,0.000
1790433946,s8-tuic,217714,32,1060,1060,137.7,682.5,847.4,0.0,-,0,0,0.000
1790433946,s9-anytls,184223,22,949,949,186.8,725.3,875.2,0.0,-,0,0,0.000
1790433946,s10-vless-xhttp,196639,23,993,993,170.4,715.3,863.9,0.0,-,0,0,0.000
1790433946,s11-http-proxy,184261,34,890,890,221.3,769.9,868.6,0.0,-,0,0,0.000
1790433946,s12-vmess-h3,190760,17,945,945,202.3,723.9,869.3,0.0,-,0,0,0.000
1790433946,__proc__,0,0,0,0,-,-,-,1223.2,28359,38448,6303777,10751.940
1790433976,s1-short,197740,38,1002,1002,192.1,704.3,870.0,0.0,-,0,0,0.000
1790433976,s2-long,7,4,0,0,36.5,112.7,112.7,0.0,-,0,0,0.000
1790433976,s3-quic,557621,0,398131,398131,3.1,88.5,497.0,0.0,-,0,0,0.000
1790433976,s4-mixed-kcp,72373,1,4259347,4259347,255.8,1653.7,2074.9,0.0,-,0,0,0.000
1790433976,s5-vmess-ws,196837,27,1000,1000,189.8,710.6,859.2,0.0,-,0,0,0.000
1790433976,s6-trojan-grpc,216251,28,1117,1117,145.6,686.3,853.8,0.0,-,0,0,0.000
1790433976,s7-ss-tcp,225250,57,1149,1149,135.6,663.9,847.6,0.0,-,0,0,0.000
1790433976,s8-tuic,218254,32,1134,1134,138.0,671.6,846.6,0.0,-,0,0,0.000
1790433976,s9-anytls,184702,22,1006,1006,191.9,717.3,874.9,0.0,-,0,0,0.000
1790433976,s10-vless-xhttp,197137,23,1046,1046,174.8,706.7,863.6,0.0,-,0,0,0.000
1790433976,s11-http-proxy,184717,34,958,958,227.8,754.3,868.2,0.0,-,0,0,0.000
1790433976,s12-vmess-h3,191224,17,974,974,208.0,716.6,869.3,0.0,-,0,0,0.000
1790433976,__proc__,0,0,0,0,-,-,-,1212.9,28726,38966,6320374,10778.839
1790434006,s1-short,198261,38,1094,1094,191.7,718.2,873.7,0.0,-,0,0,0.000
1790434006,s2-long,7,4,0,0,36.5,112.7,112.7,0.0,-,0,0,0.000
1790434006,s3-quic,559333,0,467490,467490,3.0,70.7,450.8,0.0,-,0,0,0.000
1790434006,s4-mixed-kcp,72561,1,4154314,4154314,253.8,1654.7,2076.5,0.0,-,0,0,0.000
1790434006,s5-vmess-ws,197350,27,1077,1077,188.7,723.8,859.2,0.0,-,0,0,0.000
1790434006,s6-trojan-grpc,216829,28,1214,1214,146.6,701.6,854.6,0.0,-,0,0,0.000
1790434006,s7-ss-tcp,225863,57,1287,1287,132.1,679.2,846.1,0.0,-,0,0,0.000
1790434006,s8-tuic,218823,32,1195,1195,141.9,701.0,848.0,0.0,-,0,0,0.000
1790434006,s9-anytls,185222,22,1092,1092,191.0,724.5,873.9,0.0,-,0,0,0.000
1790434006,s10-vless-xhttp,197675,23,1130,1130,166.0,708.1,869.5,0.0,-,0,0,0.000
1790434006,s11-http-proxy,185205,34,1025,1025,221.3,757.8,876.4,0.0,-,0,0,0.000
1790434006,s12-vmess-h3,191726,17,1054,1054,195.6,721.9,869.3,0.0,-,0,0,0.000
1790434006,__proc__,0,0,0,0,-,-,-,1220.2,28659,39399,6340232,10804.766
1790434036,s1-short,198763,38,1054,1054,189.3,726.3,878.2,0.0,-,0,0,0.000
1790434036,s2-long,7,4,0,0,36.5,112.7,112.7,0.0,-,0,0,0.000
1790434036,s3-quic,560892,0,425711,425711,3.0,75.4,450.8,0.0,-,0,0,0.000
1790434036,s4-mixed-kcp,72748,1,3905526,3905526,250.7,1661.9,2081.7,0.0,-,0,0,0.000
1790434036,s5-vmess-ws,197847,27,1044,1044,186.0,725.4,860.0,0.0,-,0,0,0.000
1790434036,s6-trojan-grpc,217385,28,1168,1168,146.9,687.4,869.0,0.0,-,0,0,0.000
1790434036,s7-ss-tcp,226439,57,1210,1210,127.3,645.5,850.8,0.0,-,0,0,0.000
1790434036,s8-tuic,219381,32,1172,1172,144.7,681.2,853.5,0.0,-,0,0,0.000
1790434036,s9-anytls,185725,22,1056,1056,188.8,730.4,875.6,0.0,-,0,0,0.000
1790434036,s10-vless-xhttp,198200,23,1102,1102,158.9,693.5,871.5,0.0,-,0,0,0.000
1790434036,s11-http-proxy,185678,34,993,993,205.3,750.3,875.5,0.0,-,0,0,0.000
1790434036,s12-vmess-h3,192209,17,1014,1014,198.0,729.1,876.3,0.0,-,0,0,0.000
1790434036,__proc__,0,0,0,0,-,-,-,1218.0,28663,39179,6358218,10832.142
1790434066,s1-short,199250,38,1023,1023,187.2,721.6,884.0,0.0,-,0,0,0.000
1790434066,s2-long,7,4,0,0,36.5,112.7,112.7,0.0,-,0,0,0.000
1790434066,s3-quic,562277,0,378197,378197,3.1,79.4,463.1,0.0,-,0,0,0.000
1790434066,s4-mixed-kcp,72928,1,4045805,4045805,250.7,1665.9,2081.7,0.0,-,0,0,0.000
1790434066,s5-vmess-ws,198334,27,1023,1023,185.9,728.1,873.1,0.0,-,0,0,0.000
1790434066,s6-trojan-grpc,217923,28,1130,1130,145.5,704.0,875.7,0.0,-,0,0,0.000
1790434066,s7-ss-tcp,226998,57,1174,1174,126.4,657.2,863.3,0.0,-,0,0,0.000
1790434066,s8-tuic,219916,32,1124,1124,146.2,704.7,869.2,0.0,-,0,0,0.000
1790434066,s9-anytls,186220,22,1040,1040,187.2,725.3,878.5,0.0,-,0,0,0.000
1790434066,s10-vless-xhttp,198716,23,1084,1084,158.9,708.1,876.3,0.0,-,0,0,0.000
1790434066,s11-http-proxy,186121,34,930,930,207.8,756.5,887.3,0.0,-,0,0,0.000
1790434066,s12-vmess-h3,192678,17,985,985,200.7,732.6,886.3,0.0,-,0,0,0.000
1790434066,__proc__,0,0,0,0,-,-,-,1216.6,28778,39128,6372840,10860.331
1790434096,s1-short,199706,38,958,958,184.9,768.3,884.0,0.0,-,0,0,0.000
1790434096,s2-long,7,4,0,0,36.5,112.7,112.7,0.0,-,0,0,0.000
1790434096,s3-quic,563617,0,365909,365909,3.1,86.6,475.2,0.0,-,0,0,0.000
1790434096,s4-mixed-kcp,73103,1,3805734,3805734,250.7,1666.7,2074.9,0.0,-,0,0,0.000
1790434096,s5-vmess-ws,198787,27,951,951,186.2,751.6,875.4,0.0,-,0,0,0.000
1790434096,s6-trojan-grpc,218437,28,1079,1079,143.2,716.9,876.3,0.0,-,0,0,0.000
1790434096,s7-ss-tcp,227523,57,1102,1102,128.7,690.2,862.3,0.0,-,0,0,0.000
1790434096,s8-tuic,220440,32,1100,1100,142.5,710.4,869.2,0.0,-,0,0,0.000
1790434096,s9-anytls,186676,22,958,958,186.7,765.4,883.0,0.0,-,0,0,0.000
1790434096,s10-vless-xhttp,199199,23,1014,1014,162.7,741.2,879.6,0.0,-,0,0,0.000
1790434096,s11-http-proxy,186547,34,895,895,208.6,786.3,883.4,0.0,-,0,0,0.000
1790434096,s12-vmess-h3,193115,17,918,918,204.1,763.6,885.9,0.0,-,0,0,0.000
1790434096,__proc__,0,0,0,0,-,-,-,1214.5,28832,38630,6387184,10888.360
1790434126,s1-short,200189,38,1014,1014,185.4,774.5,887.0,0.0,-,0,0,0.000
1790434126,s2-long,7,4,0,0,36.5,112.7,112.7,0.0,-,0,0,0.000
1790434126,s3-quic,564952,0,364544,364544,3.2,93.0,477.5,0.0,-,0,0,0.000
1790434126,s4-mixed-kcp,73284,1,3772344,3772344,250.7,1669.0,2093.3,0.0,-,0,0,0.000
1790434126,s5-vmess-ws,199268,27,1010,1010,188.4,755.8,880.9,0.0,-,0,0,0.000
1790434126,s6-trojan-grpc,218971,28,1121,1121,141.9,712.1,879.0,0.0,-,0,0,0.000
1790434126,s7-ss-tcp,228074,57,1157,1157,134.7,695.3,867.7,0.0,-,0,0,0.000
1790434126,s8-tuic,220982,32,1138,1138,139.4,672.6,870.0,0.0,-,0,0,0.000
1790434126,s9-anytls,187156,22,1008,1008,185.0,769.0,880.8,0.0,-,0,0,0.000
1790434126,s10-vless-xhttp,199713,23,1079,1079,169.8,748.2,879.6,0.0,-,0,0,0.000
1790434126,s11-http-proxy,186998,34,947,947,214.4,794.5,889.4,0.0,-,0,0,0.000
1790434126,s12-vmess-h3,193583,17,983,983,206.7,770.8,894.4,0.0,-,0,0,0.000
1790434126,__proc__,0,0,0,0,-,-,-,1214.4,28696,38904,6401281,10915.867
1790434156,s1-short,200674,38,1018,1018,189.9,771.4,894.7,0.0,-,0,0,0.000
1790434156,s2-long,7,4,0,0,36.5,112.7,112.7,0.0,-,0,0,0.000
1790434156,s3-quic,566367,0,386389,386389,3.2,91.9,461.3,0.0,-,0,0,0.000
1790434156,s4-mixed-kcp,73468,1,3998986,3998986,252.8,1665.9,2085.0,0.0,-,0,0,0.000
1790434156,s5-vmess-ws,199747,27,1006,1006,194.3,750.6,883.8,0.0,-,0,0,0.000
1790434156,s6-trojan-grpc,219500,28,1111,1111,144.3,708.3,874.4,0.0,-,0,0,0.000
1790434156,s7-ss-tcp,228631,57,1170,1170,136.3,695.7,854.7,0.0,-,0,0,0.000
1790434156,s8-tuic,221521,32,1132,1132,145.1,683.7,860.5,0.0,-,0,0,0.000
1790434156,s9-anytls,187644,22,1025,1025,190.5,771.5,885.4,0.0,-,0,0,0.000
1790434156,s10-vless-xhttp,200220,23,1065,1065,171.7,738.9,880.9,0.0,-,0,0,0.000
1790434156,s11-http-proxy,187454,34,958,958,221.3,791.9,892.0,0.0,-,0,0,0.000
1790434156,s12-vmess-h3,194051,17,983,983,210.3,754.7,894.0,0.0,-,0,0,0.000
1790434156,__proc__,0,0,0,0,-,-,-,1224.6,28666,38869,6416682,10942.507
1790434186,s1-short,201196,38,1096,1096,189.2,775.0,881.5,0.0,-,0,0,0.000
1790434186,s2-long,7,4,0,0,36.5,112.7,112.7,0.0,-,0,0,0.000
1790434186,s3-quic,567930,0,426803,426803,3.1,74.9,447.1,0.0,-,0,0,0.000
1790434186,s4-mixed-kcp,73659,1,4285191,4285191,252.4,1649.7,2085.0,0.0,-,0,0,0.000
1790434186,s5-vmess-ws,200267,27,1092,1092,193.0,753.5,881.6,0.0,-,0,0,0.000
1790434186,s6-trojan-grpc,220077,28,1212,1212,144.5,698.7,865.2,0.0,-,0,0,0.000
1790434186,s7-ss-tcp,229231,57,1260,1260,128.9,690.0,849.9,0.0,-,0,0,0.000
1790434186,s8-tuic,222098,32,1212,1212,146.4,665.3,853.5,0.0,-,0,0,0.000
1790434186,s9-anytls,188175,22,1115,1115,188.8,773.4,880.8,0.0,-,0,0,0.000
1790434186,s10-vless-xhttp,200765,23,1144,1144,166.5,700.4,865.8,0.0,-,0,0,0.000
1790434186,s11-http-proxy,187941,34,1023,1023,211.0,782.5,890.0,0.0,-,0,0,0.000
1790434186,s12-vmess-h3,194568,17,1086,1086,199.6,770.1,884.8,0.0,-,0,0,0.000
1790434186,__proc__,0,0,0,0,-,-,-,1229.2,28810,39633,6434086,10969.083
1790434216,s1-short,201686,38,1029,1029,188.5,727.6,881.1,0.0,-,0,0,0.000
1790434216,s2-long,7,4,0,0,36.5,112.7,112.7,0.0,-,0,0,0.000
1790434216,s3-quic,569386,0,397585,397585,3.1,81.2,437.0,0.0,-,0,0,0.000
1790434216,s4-mixed-kcp,73839,1,4028670,4028670,254.2,1648.0,2081.7,0.0,-,0,0,0.000
1790434216,s5-vmess-ws,200765,27,1046,1046,194.3,727.2,882.6,0.0,-,0,0,0.000
1790434216,s6-trojan-grpc,220622,28,1144,1144,141.8,702.9,864.9,0.0,-,0,0,0.000
1790434216,s7-ss-tcp,229800,57,1195,1195,128.2,656.3,844.1,0.0,-,0,0,0.000
1790434216,s8-tuic,222657,32,1174,1174,141.4,688.3,855.0,0.0,-,0,0,0.000
1790434216,s9-anytls,188680,22,1060,1060,186.2,747.0,882.5,0.0,-,0,0,0.000
1790434216,s10-vless-xhttp,201281,23,1084,1084,164.0,705.9,869.0,0.0,-,0,0,0.000
1790434216,s11-http-proxy,188401,34,966,966,207.6,743.4,892.8,0.0,-,0,0,0.000
1790434216,s12-vmess-h3,195051,17,1014,1014,202.2,743.1,895.4,0.0,-,0,0,0.000
1790434216,__proc__,0,0,0,0,-,-,-,1225.1,28664,39126,6450322,10996.843
1790434246,s1-short,202143,38,960,960,191.6,775.4,881.1,0.0,-,0,0,0.000
1790434246,s2-long,7,4,0,0,36.5,112.7,112.7,0.0,-,0,0,0.000
1790434246,s3-quic,570676,0,352256,352256,3.1,91.9,445.6,0.0,-,0,0,0.000
1790434246,s4-mixed-kcp,74017,1,3757162,3757162,252.5,1651.2,2085.0,0.0,-,0,0,0.000
1790434246,s5-vmess-ws,201222,27,960,960,196.6,753.5,882.1,0.0,-,0,0,0.000
1790434246,s6-trojan-grpc,221148,28,1105,1105,139.7,698.7,850.0,0.0,-,0,0,0.000
1790434246,s7-ss-tcp,230332,57,1117,1117,126.9,672.0,838.2,0.0,-,0,0,0.000
1790434246,s8-tuic,223171,32,1079,1079,138.2,679.1,846.6,0.0,-,0,0,0.000
1790434246,s9-anytls,189154,22,995,995,182.5,747.0,872.8,0.0,-,0,0,0.000
1790434246,s10-vless-xhttp,201769,23,1025,1025,168.8,715.8,864.2,0.0,-,0,0,0.000
1790434246,s11-http-proxy,188826,34,892,892,213.7,784.2,892.8,0.0,-,0,0,0.000
1790434246,s12-vmess-h3,195500,17,943,943,208.2,779.9,895.4,0.0,-,0,0,0.000
1790434246,__proc__,0,0,0,0,-,-,-,1213.3,28914,38945,6464242,11024.756
1790434276,s1-short,202613,38,987,987,189.2,774.9,868.6,0.0,-,0,0,0.000
1790434276,s2-long,7,4,0,0,36.5,112.7,112.7,0.0,-,0,0,0.000
1790434276,s3-quic,572014,0,365363,365363,3.1,94.5,437.0,0.0,-,0,0,0.000
1790434276,s4-mixed-kcp,74191,1,4026306,4026306,252.8,1654.7,2109.2,0.0,-,0,0,0.000
1790434276,s5-vmess-ws,201687,27,976,976,196.1,769.3,868.9,0.0,-,0,0,0.000
1790434276,s6-trojan-grpc,221674,28,1105,1105,137.1,712.1,838.0,0.0,-,0,0,0.000
1790434276,s7-ss-tcp,230878,57,1147,1147,129.8,695.7,828.4,0.0,-,0,0,0.000
1790434276,s8-tuic,223696,32,1102,1102,134.2,720.2,836.5,0.0,-,0,0,0.000
1790434276,s9-anytls,189630,22,1000,1000,177.9,769.1,866.6,0.0,-,0,0,0.000
1790434276,s10-vless-xhttp,202263,23,1037,1037,169.5,749.0,850.7,0.0,-,0,0,0.000
1790434276,s11-http-proxy,189274,34,941,941,219.4,795.1,886.2,0.0,-,0,0,0.000
1790434276,s12-vmess-h3,195959,17,964,964,210.4,788.1,891.7,0.0,-,0,0,0.000
1790434276,__proc__,0,0,0,0,-,-,-,1211.9,28931,39064,6479224,11052.582
1790434306,s1-short,203098,38,1018,1018,184.7,769.4,861.3,0.0,-,0,0,0.000
1790434306,s2-long,7,4,0,0,36.5,112.7,112.7,0.0,-,0,0,0.000
1790434306,s3-quic,573282,0,346249,346249,3.1,98.0,444.9,0.0,-,0,0,0.000
1790434306,s4-mixed-kcp,74379,1,4494758,4494758,251.9,1651.2,2109.2,0.0,-,0,0,0.000
1790434306,s5-vmess-ws,202168,27,1010,1010,191.2,768.5,858.5,0.0,-,0,0,0.000
1790434306,s6-trojan-grpc,222205,28,1115,1115,136.9,702.9,834.4,0.0,-,0,0,0.000
1790434306,s7-ss-tcp,231440,57,1180,1180,134.0,691.3,834.0,0.0,-,0,0,0.000
1790434306,s8-tuic,224240,32,1142,1142,135.5,718.7,841.1,0.0,-,0,0,0.000
1790434306,s9-anytls,190118,22,1025,1025,179.9,771.2,863.6,0.0,-,0,0,0.000
1790434306,s10-vless-xhttp,202766,23,1056,1056,170.5,750.4,844.6,0.0,-,0,0,0.000
1790434306,s11-http-proxy,189736,34,970,970,229.0,799.8,881.0,0.0,-,0,0,0.000
1790434306,s12-vmess-h3,196422,17,972,972,206.7,779.4,864.9,0.0,-,0,0,0.000
1790434306,__proc__,0,0,0,0,-,-,-,1219.8,28516,38704,6493722,11079.968
1790434336,s1-short,203596,38,1046,1046,186.3,772.8,868.6,0.0,-,0,0,0.000
1790434336,s2-long,7,4,0,0,36.5,112.7,112.7,0.0,-,0,0,0.000
1790434336,s3-quic,574717,0,391851,391851,3.1,97.7,492.4,0.0,-,0,0,0.000
1790434336,s4-mixed-kcp,74557,1,4112906,4112906,252.4,1654.7,2129.8,0.0,-,0,0,0.000
1790434336,s5-vmess-ws,202667,27,1048,1048,190.8,769.3,871.3,0.0,-,0,0,0.000
1790434336,s6-trojan-grpc,222770,28,1186,1186,139.4,710.7,825.6,0.0,-,0,0,0.000
1790434336,s7-ss-tcp,232024,57,1226,1226,130.4,694.3,834.0,0.0,-,0,0,0.000
1790434336,s8-tuic,224798,32,1172,1172,138.0,721.0,842.1,0.0,-,0,0,0.000
1790434336,s9-anytls,190619,22,1052,1052,180.7,775.9,869.3,0.0,-,0,0,0.000
1790434336,s10-vless-xhttp,203280,23,1079,1079,169.3,739.8,844.6,0.0,-,0,0,0.000
1790434336,s11-http-proxy,190210,34,995,995,226.4,801.1,880.3,0.0,-,0,0,0.000
1790434336,s12-vmess-h3,196920,17,1046,1046,193.2,779.0,866.8,0.0,-,0,0,0.000
1790434336,__proc__,0,0,0,0,-,-,-,1223.9,28671,39386,6510379,11106.189
1790434366,s1-short,204045,38,943,943,191.5,775.0,881.4,0.0,-,0,0,0.000
1790434366,s2-long,7,4,0,0,36.5,112.7,112.7,0.0,-,0,0,0.000
1790434366,s3-quic,575956,0,338330,338330,3.1,102.1,527.3,0.0,-,0,0,0.000
1790434366,s4-mixed-kcp,74728,1,3840754,3840754,255.2,1666.7,2115.1,0.0,-,0,0,0.000
1790434366,s5-vmess-ws,203117,27,945,945,192.9,777.4,885.1,0.0,-,0,0,0.000
1790434366,s6-trojan-grpc,223265,28,1040,1040,142.0,722.1,842.2,0.0,-,0,0,0.000
1790434366,s7-ss-tcp,232532,57,1067,1067,133.8,702.0,843.7,0.0,-,0,0,0.000
1790434366,s8-tuic,225286,32,1025,1025,140.2,742.5,860.5,0.0,-,0,0,0.000
1790434366,s9-anytls,191072,22,951,951,183.7,781.2,888.4,0.0,-,0,0,0.000
1790434366,s10-vless-xhttp,203750,23,987,987,169.9,740.1,863.7,0.0,-,0,0,0.000
1790434366,s11-http-proxy,190640,34,903,903,227.5,804.9,899.7,0.0,-,0,0,0.000
1790434366,s12-vmess-h3,197360,17,924,924,193.1,780.1,887.1,0.0,-,0,0,0.000
1790434366,__proc__,0,0,0,0,-,-,-,1225.5,28242,38260,6524782,11133.391
1790434396,s1-short,204527,38,1012,1012,194.0,770.9,881.0,0.0,-,0,0,0.000
1790434396,s2-long,7,4,0,0,36.5,112.7,112.7,0.0,-,0,0,0.000
1790434396,s3-quic,577164,0,329865,329865,3.2,105.4,536.7,0.0,-,0,0,0.000
1790434396,s4-mixed-kcp,74901,1,4175950,4175950,255.2,1666.7,2115.1,0.0,-,0,0,0.000
1790434396,s5-vmess-ws,203593,27,1000,1000,195.5,777.0,883.8,0.0,-,0,0,0.000
1790434396,s6-trojan-grpc,223792,28,1107,1107,143.4,723.5,842.0,0.0,-,0,0,0.000
1790434396,s7-ss-tcp,233072,57,1134,1134,132.4,690.4,841.8,0.0,-,0,0,0.000
1790434396,s8-tuic,225822,32,1126,1126,141.3,739.4,856.0,0.0,-,0,0,0.000
1790434396,s9-anytls,191550,22,1004,1004,186.2,777.0,888.4,0.0,-,0,0,0.000
1790434396,s10-vless-xhttp,204250,23,1050,1050,168.1,739.6,860.4,0.0,-,0,0,0.000
1790434396,s11-http-proxy,191072,34,907,907,229.2,805.6,893.1,0.0,-,0,0,0.000
1790434396,s12-vmess-h3,197825,17,976,976,195.1,779.9,886.3,0.0,-,0,0,0.000
1790434396,__proc__,0,0,0,0,-,-,-,1214.8,28477,38716,6538006,11161.431
1790434426,s1-short,204974,38,939,939,200.6,773.4,876.2,0.0,-,0,0,0.000
1790434426,s2-long,7,4,0,0,36.5,112.7,112.7,0.0,-,0,0,0.000
1790434426,s3-quic,578473,0,357444,357444,3.1,91.6,542.6,0.0,-,0,0,0.000
1790434426,s4-mixed-kcp,75069,1,3821083,3821083,256.3,1680.6,2115.1,0.0,-,0,0,0.000
1790434426,s5-vmess-ws,204039,27,937,937,198.6,778.9,876.0,0.0,-,0,0,0.000
1790434426,s6-trojan-grpc,224288,28,1042,1042,143.7,726.8,845.6,0.0,-,0,0,0.000
1790434426,s7-ss-tcp,233582,57,1071,1071,133.2,708.1,841.8,0.0,-,0,0,0.000
1790434426,s8-tuic,226309,32,1023,1023,142.7,748.0,865.6,0.0,-,0,0,0.000
1790434426,s9-anytls,191990,22,924,924,191.8,774.3,886.3,0.0,-,0,0,0.000
1790434426,s10-vless-xhttp,204716,23,979,979,168.9,742.0,865.5,0.0,-,0,0,0.000
1790434426,s11-http-proxy,191494,34,886,886,225.4,807.3,893.1,0.0,-,0,0,0.000
1790434426,s12-vmess-h3,198255,17,903,903,200.2,783.3,877.0,0.0,-,0,0,0.000
1790434426,__proc__,0,0,0,0,-,-,-,1216.0,28131,37791,6552897,11188.220
1790434456,s1-short,205462,38,1025,1025,196.9,763.6,874.2,0.0,-,0,0,0.000
1790434456,s2-long,7,4,0,0,36.5,112.7,112.7,0.0,-,0,0,0.000
1790434456,s3-quic,579584,0,303377,303377,3.2,107.9,556.6,0.0,-,0,0,0.000
1790434456,s4-mixed-kcp,75252,1,4189680,4189680,255.8,1680.6,2109.2,0.0,-,0,0,0.000
1790434456,s5-vmess-ws,204524,27,1018,1018,198.3,775.7,875.0,0.0,-,0,0,0.000
1790434456,s6-trojan-grpc,224823,28,1124,1124,144.9,717.6,843.6,0.0,-,0,0,0.000
1790434456,s7-ss-tcp,234139,57,1170,1170,132.7,704.0,841.7,0.0,-,0,0,0.000
1790434456,s8-tuic,226843,32,1121,1121,145.0,745.1,863.9,0.0,-,0,0,0.000
1790434456,s9-anytls,192486,22,1042,1042,188.7,771.9,877.7,0.0,-,0,0,0.000
1790434456,s10-vless-xhttp,205233,23,1086,1086,169.3,744.4,862.1,0.0,-,0,0,0.000
1790434456,s11-http-proxy,191949,34,956,956,225.1,805.5,898.1,0.0,-,0,0,0.000
1790434456,s12-vmess-h3,198726,17,989,989,207.0,780.5,878.0,0.0,-,0,0,0.000
1790434456,__proc__,0,0,0,0,-,-,-,1210.9,28395,38655,6565728,11214.937
1790434486,s1-short,205956,38,1037,1037,196.6,753.7,871.5,0.0,-,0,0,0.000
1790434486,s2-long,7,4,0,0,36.5,112.7,112.7,0.0,-,0,0,0.000
1790434486,s3-quic,581004,0,387755,387755,3.1,102.7,501.0,0.0,-,0,0,0.000
1790434486,s4-mixed-kcp,75437,1,4320027,4320027,254.9,1680.6,2111.7,0.0,-,0,0,0.000
1790434486,s5-vmess-ws,205006,27,1012,1012,201.5,766.6,870.1,0.0,-,0,0,0.000
1790434486,s6-trojan-grpc,225360,28,1128,1128,149.7,705.1,843.6,0.0,-,0,0,0.000
1790434486,s7-ss-tcp,234710,57,1199,1199,141.6,694.9,840.9,0.0,-,0,0,0.000
1790434486,s8-tuic,227378,32,1124,1124,149.0,724.2,863.9,0.0,-,0,0,0.000
1790434486,s9-anytls,192982,22,1042,1042,193.1,766.4,877.7,0.0,-,0,0,0.000
1790434486,s10-vless-xhttp,205743,23,1071,1071,179.1,733.8,862.1,0.0,-,0,0,0.000
1790434486,s11-http-proxy,192413,34,974,974,227.5,803.1,892.1,0.0,-,0,0,0.000
1790434486,s12-vmess-h3,199209,17,1014,1014,212.0,768.0,866.2,0.0,-,0,0,0.000
1790434486,__proc__,0,0,0,0,-,-,-,1221.2,28087,38442,6581449,11242.255
1790434516,s1-short,206417,38,968,968,201.4,742.4,878.8,0.0,-,0,0,0.000
1790434516,s2-long,7,4,0,0,36.5,112.7,112.7,0.0,-,0,0,0.000
1790434516,s3-quic,582099,0,299008,299008,3.1,111.2,528.8,0.0,-,0,0,0.000
1790434516,s4-mixed-kcp,75609,1,4032878,4032878,255.8,1698.5,2129.8,0.0,-,0,0,0.000
1790434516,s5-vmess-ws,205467,27,968,968,199.0,751.5,877.0,0.0,-,0,0,0.000
1790434516,s6-trojan-grpc,225860,28,1050,1050,154.8,693.0,852.2,0.0,-,0,0,0.000
1790434516,s7-ss-tcp,235235,57,1102,1102,147.4,687.8,845.6,0.0,-,0,0,0.000
1790434516,s8-tuic,227875,32,1044,1044,152.1,715.2,871.5,0.0,-,0,0,0.000
1790434516,s9-anytls,193438,22,958,958,199.7,755.1,887.4,0.0,-,0,0,0.000
1790434516,s10-vless-xhttp,206224,23,1010,1010,188.6,723.2,866.3,0.0,-,0,0,0.000
1790434516,s11-http-proxy,192856,34,930,930,230.1,803.1,898.1,0.0,-,0,0,0.000
1790434516,s12-vmess-h3,199655,17,937,937,209.8,755.7,872.9,0.0,-,0,0,0.000
1790434516,__proc__,0,0,0,0,-,-,-,1217.4,27895,37819,6593151,11269.560
1790434546,s1-short,206950,38,1119,1119,204.8,731.4,881.4,0.0,-,0,0,0.000
1790434546,s2-long,7,4,0,0,36.5,112.7,112.7,0.0,-,0,0,0.000
1790434546,s3-quic,583609,0,412331,412331,3.1,98.8,488.2,0.0,-,0,0,0.000
1790434546,s4-mixed-kcp,75807,1,4210000,4210000,255.7,1672.2,2115.1,0.0,-,0,0,0.000
1790434546,s5-vmess-ws,205995,27,1109,1109,201.7,736.8,881.7,0.0,-,0,0,0.000
1790434546,s6-trojan-grpc,226441,28,1220,1220,158.3,690.4,850.9,0.0,-,0,0,0.000
1790434546,s7-ss-tcp,235833,57,1256,1256,146.1,683.6,841.8,0.0,-,0,0,0.000
1790434546,s8-tuic,228461,32,1231,1231,156.8,709.2,871.5,0.0,-,0,0,0.000
1790434546,s9-anytls,193986,22,1151,1151,202.9,741.5,889.0,0.0,-,0,0,0.000
1790434546,s10-vless-xhttp,206768,23,1142,1142,186.1,705.7,864.7,0.0,-,0,0,0.000
1790434546,s11-http-proxy,193347,34,1031,1031,225.1,790.4,906.9,0.0,-,0,0,0.000
1790434546,s12-vmess-h3,200179,17,1100,1100,205.9,742.2,874.8,0.0,-,0,0,0.000
1790434546,__proc__,0,0,0,0,-,-,-,1218.3,28075,39056,6610039,11296.631
1790434576,s1-short,207431,38,1010,1010,204.4,732.9,880.7,0.0,-,0,0,0.000
1790434576,s2-long,7,4,0,0,36.5,112.7,112.7,0.0,-,0,0,0.000
1790434576,s3-quic,585044,0,391851,391851,3.1,98.5,529.8,0.0,-,0,0,0.000
1790434576,s4-mixed-kcp,75988,1,3910027,3910027,256.7,1666.7,2119.7,0.0,-,0,0,0.000
1790434576,s5-vmess-ws,206480,27,1018,1018,203.4,738.5,877.0,0.0,-,0,0,0.000
1790434576,s6-trojan-grpc,226983,28,1138,1138,157.1,682.8,843.6,0.0,-,0,0,0.000
1790434576,s7-ss-tcp,236390,57,1170,1170,141.6,652.0,771.4,0.0,-,0,0,0.000
1790434576,s8-tuic,228988,32,1107,1107,159.6,701.8,866.4,0.0,-,0,0,0.000
1790434576,s9-anytls,194475,22,1027,1027,202.5,740.9,889.0,0.0,-,0,0,0.000
1790434576,s10-vless-xhttp,207267,23,1048,1048,180.3,704.9,857.9,0.0,-,0,0,0.000
1790434576,s11-http-proxy,193809,34,970,970,220.3,777.5,906.9,0.0,-,0,0,0.000
1790434576,s12-vmess-h3,200650,17,989,989,207.7,741.8,874.3,0.0,-,0,0,0.000
1790434576,__proc__,0,0,0,0,-,-,-,1220.2,28088,38306,6626032,11323.745
1790434606,s1-short,207892,38,968,968,203.3,728.3,866.8,0.0,-,0,0,0.000
1790434606,s2-long,7,4,0,0,36.5,112.7,112.7,0.0,-,0,0,0.000
1790434606,s3-quic,586485,0,393489,393489,3.0,88.6,528.6,0.0,-,0,0,0.000
1790434606,s4-mixed-kcp,76162,1,3809541,3809541,256.3,1649.7,2119.7,0.0,-,0,0,0.000
1790434606,s5-vmess-ws,206939,27,964,964,201.7,736.2,862.0,0.0,-,0,0,0.000
1790434606,s6-trojan-grpc,227501,28,1088,1088,155.9,671.0,783.5,0.0,-,0,0,0.000
1790434606,s7-ss-tcp,236924,57,1121,1121,139.7,664.6,769.3,0.0,-,0,0,0.000
1790434606,s8-tuic,229505,32,1086,1086,161.8,692.2,785.7,0.0,-,0,0,0.000
1790434606,s9-anytls,194941,22,979,979,201.4,727.7,837.0,0.0,-,0,0,0.000
1790434606,s10-vless-xhttp,207758,23,1031,1031,177.1,702.0,799.4,0.0,-,0,0,0.000
1790434606,s11-http-proxy,194249,34,924,924,217.4,771.6,892.1,0.0,-,0,0,0.000
1790434606,s12-vmess-h3,201108,17,962,962,211.1,742.5,864.7,0.0,-,0,0,0.000
1790434606,__proc__,0,0,0,0,-,-,-,1221.3,28107,38251,6642772,11349.828
1790434636,s1-short,208373,38,1010,1010,200.7,716.8,824.6,0.0,-,0,0,0.000
1790434636,s2-long,7,4,0,0,36.5,112.7,112.7,0.0,-,0,0,0.000
1790434636,s3-quic,587916,0,390758,390758,3.0,85.9,518.1,0.0,-,0,0,0.000
1790434636,s4-mixed-kcp,76338,1,4090093,4090093,256.7,1654.6,2137.3,0.0,-,0,0,0.000
1790434636,s5-vmess-ws,207414,27,998,998,200.1,722.2,826.6,0.0,-,0,0,0.000
1790434636,s6-trojan-grpc,228035,28,1121,1121,152.3,665.1,783.5,0.0,-,0,0,0.000
1790434636,s7-ss-tcp,237468,57,1142,1142,136.7,651.7,765.2,0.0,-,0,0,0.000
1790434636,s8-tuic,230036,32,1115,1115,155.5,689.5,772.6,0.0,-,0,0,0.000
1790434636,s9-anytls,195427,22,1021,1021,195.7,719.3,829.0,0.0,-,0,0,0.000
1790434636,s10-vless-xhttp,208267,23,1069,1069,178.8,700.2,801.7,0.0,-,0,0,0.000
1790434636,s11-http-proxy,194691,34,928,928,219.9,755.9,860.6,0.0,-,0,0,0.000
1790434636,s12-vmess-h3,201567,17,964,964,212.4,731.3,830.3,0.0,-,0,0,0.000
1790434636,__proc__,0,0,0,0,-,-,-,1218.2,28143,38253,6658097,11376.889
1790434666,s1-short,208852,38,1006,1006,197.2,721.4,843.0,0.0,-,0,0,0.000
1790434666,s2-long,7,4,0,0,36.5,112.7,112.7,0.0,-,0,0,0.000
1790434666,s3-quic,589293,0,376013,376013,3.0,92.3,489.9,0.0,-,0,0,0.000
1790434666,s4-mixed-kcp,76529,1,4185598,4185598,260.4,1658.3,2138.6,0.0,-,0,0,0.000
1790434666,s5-vmess-ws,207889,27,998,998,195.3,725.9,839.3,0.0,-,0,0,0.000
1790434666,s6-trojan-grpc,228567,28,1117,1117,149.2,675.1,806.4,0.0,-,0,0,0.000
1790434666,s7-ss-tcp,238024,57,1168,1168,141.7,664.6,781.7,0.0,-,0,0,0.000
1790434666,s8-tuic,230576,32,1134,1134,152.2,693.8,802.8,0.0,-,0,0,0.000
1790434666,s9-anytls,195913,22,1021,1021,190.2,725.9,844.9,0.0,-,0,0,0.000
1790434666,s10-vless-xhttp,208778,23,1073,1073,181.7,701.3,825.6,0.0,-,0,0,0.000
1790434666,s11-http-proxy,195131,34,924,924,225.3,758.7,866.2,0.0,-,0,0,0.000
1790434666,s12-vmess-h3,202023,17,958,958,210.4,731.9,849.9,0.0,-,0,0,0.000
1790434666,__proc__,0,0,0,0,-,-,-,1211.4,28318,38426,6672996,11405.383
1790434696,s1-short,209339,38,1023,1023,202.2,712.6,851.3,0.0,-,0,0,0.000
1790434696,s2-long,7,4,0,0,36.5,112.7,112.7,0.0,-,0,0,0.000
1790434696,s3-quic,590757,0,399770,399770,3.1,87.8,458.9,0.0,-,0,0,0.000
1790434696,s4-mixed-kcp,76709,1,4091658,4091658,259.5,1661.8,2137.3,0.0,-,0,0,0.000
1790434696,s5-vmess-ws,208374,27,1018,1018,198.5,716.3,847.5,0.0,-,0,0,0.000
1790434696,s6-trojan-grpc,229109,28,1138,1138,151.5,674.2,815.7,0.0,-,0,0,0.000
1790434696,s7-ss-tcp,238590,57,1189,1189,144.8,667.5,804.4,0.0,-,0,0,0.000
1790434696,s8-tuic,231114,32,1130,1130,149.4,694.0,830.8,0.0,-,0,0,0.000
1790434696,s9-anytls,196409,22,1042,1042,198.9,715.6,854.1,0.0,-,0,0,0.000
1790434696,s10-vless-xhttp,209286,23,1067,1067,185.2,689.3,830.4,0.0,-,0,0,0.000
1790434696,s11-http-proxy,195595,34,974,974,226.4,747.5,862.2,0.0,-,0,0,0.000
1790434696,s12-vmess-h3,202496,17,993,993,209.1,725.4,850.2,0.0,-,0,0,0.000
1790434696,__proc__,0,0,0,0,-,-,-,1223.0,28388,38710,6689907,11432.122
1790434726,s1-short,209841,38,1054,1054,200.4,730.1,858.4,0.0,-,0,0,0.000
1790434726,s2-long,7,4,0,0,36.5,112.7,112.7,0.0,-,0,0,0.000
1790434726,s3-quic,592572,0,495616,495616,3.0,73.2,446.6,0.0,-,0,0,0.000
1790434726,s4-mixed-kcp,76892,1,3746105,3746105,257.5,1636.8,2119.7,0.0,-,0,0,0.000
1790434726,s5-vmess-ws,208870,27,1042,1042,196.9,727.5,858.3,0.0,-,0,0,0.000
1790434726,s6-trojan-grpc,229661,28,1159,1159,151.0,691.5,838.7,0.0,-,0,0,0.000
1790434726,s7-ss-tcp,239174,57,1226,1226,137.2,669.8,830.5,0.0,-,0,0,0.000
1790434726,s8-tuic,231677,32,1182,1182,147.9,716.1,843.8,0.0,-,0,0,0.000
1790434726,s9-anytls,196919,22,1071,1071,194.9,731.5,856.4,0.0,-,0,0,0.000
1790434726,s10-vless-xhttp,209814,23,1109,1109,174.2,705.7,840.4,0.0,-,0,0,0.000
1790434726,s11-http-proxy,196061,34,979,979,220.3,747.9,863.5,0.0,-,0,0,0.000
1790434726,s12-vmess-h3,202980,17,1016,1016,201.0,733.2,861.4,0.0,-,0,0,0.000
1790434726,__proc__,0,0,0,0,-,-,-,1216.8,28727,39120,6711360,11459.517
1790434756,s1-short,210330,38,1027,1027,197.8,742.7,861.2,0.0,-,0,0,0.000
1790434756,s2-long,7,4,0,0,36.5,112.7,112.7,0.0,-,0,0,0.000
1790434756,s3-quic,594133,0,426257,426257,3.0,70.5,432.6,0.0,-,0,0,0.000
1790434756,s4-mixed-kcp,77076,1,3961127,3961127,257.0,1660.2,2142.5,0.0,-,0,0,0.000
1790434756,s5-vmess-ws,209361,27,1031,1031,195.3,740.7,858.7,0.0,-,0,0,0.000
1790434756,s6-trojan-grpc,230214,28,1161,1161,147.8,711.8,836.5,0.0,-,0,0,0.000
1790434756,s7-ss-tcp,239743,57,1195,1195,131.0,689.4,825.7,0.0,-,0,0,0.000
1790434756,s8-tuic,232215,32,1130,1130,145.5,726.1,843.8,0.0,-,0,0,0.000
1790434756,s9-anytls,197412,22,1035,1035,184.6,743.2,858.8,0.0,-,0,0,0.000
1790434756,s10-vless-xhttp,210338,23,1100,1100,164.5,714.3,839.0,0.0,-,0,0,0.000
1790434756,s11-http-proxy,196543,34,1012,1012,213.5,764.1,864.1,0.0,-,0,0,0.000
1790434756,s12-vmess-h3,203462,17,1012,1012,201.0,749.5,861.4,0.0,-,0,0,0.000
1790434756,__proc__,0,0,0,0,-,-,-,1217.1,28583,39178,6728983,11486.301
1790434786,s1-short,210801,38,989,989,192.9,742.8,857.1,0.0,-,0,0,0.000
1790434786,s2-long,7,4,0,0,36.5,112.7,112.7,0.0,-,0,0,0.000
1790434786,s3-quic,595596,0,399497,399497,3.0,73.1,432.6,0.0,-,0,0,0.000
1790434786,s4-mixed-kcp,77256,1,3977795,3977795,255.2,1660.2,2151.6,0.0,-,0,0,0.000
1790434786,s5-vmess-ws,209826,27,976,976,193.0,740.7,857.1,0.0,-,0,0,0.000
1790434786,s6-trojan-grpc,230720,28,1063,1063,149.7,703.1,836.4,0.0,-,0,0,0.000
1790434786,s7-ss-tcp,240268,57,1102,1102,133.4,684.6,828.4,0.0,-,0,0,0.000
1790434786,s8-tuic,232716,32,1052,1052,147.4,719.7,843.8,0.0,-,0,0,0.000
1790434786,s9-anytls,197882,22,987,987,185.7,741.2,854.1,0.0,-,0,0,0.000
1790434786,s10-vless-xhttp,210827,23,1027,1027,169.0,725.2,839.7,0.0,-,0,0,0.000
1790434786,s11-http-proxy,196983,34,924,924,206.7,761.9,863.5,0.0,-,0,0,0.000
1790434786,s12-vmess-h3,203908,17,937,937,202.6,747.2,858.9,0.0,-,0,0,0.000
1790434786,__proc__,0,0,0,0,-,-,-,1213.6,28576,38514,6746185,11512.471
1790434816,s1-short,211268,38,981,981,192.1,742.2,860.5,0.0,-,0,0,0.000
1790434816,s2-long,7,4,0,0,36.5,112.7,112.7,0.0,-,0,0,0.000
1790434816,s3-quic,596927,0,363452,363452,3.0,89.0,486.4,0.0,-,0,0,0.000
1790434816,s4-mixed-kcp,77428,1,4000559,4000559,259.4,1659.7,2137.3,0.0,-,0,0,0.000
1790434816,s5-vmess-ws,210283,27,960,960,193.0,746.7,858.7,0.0,-,0,0,0.000
1790434816,s6-trojan-grpc,231238,28,1088,1088,149.1,697.7,841.6,0.0,-,0,0,0.000
1790434816,s7-ss-tcp,240797,57,1111,1111,134.1,684.6,831.7,0.0,-,0,0,0.000
1790434816,s8-tuic,233236,32,1092,1092,143.3,710.9,849.9,0.0,-,0,0,0.000
1790434816,s9-anytls,198348,22,979,979,184.3,742.6,854.9,0.0,-,0,0,0.000
1790434816,s10-vless-xhttp,211320,23,1035,1035,171.3,724.5,845.3,0.0,-,0,0,0.000
1790434816,s11-http-proxy,197424,34,926,926,216.0,770.3,866.0,0.0,-,0,0,0.000
1790434816,s12-vmess-h3,204362,17,953,953,207.7,752.0,858.0,0.0,-,0,0,0.000
1790434816,__proc__,0,0,0,0,-,-,-,1208.4,28435,38582,6761132,11539.970
1790434846,s1-short,211746,38,1004,1004,193.3,741.5,860.5,0.0,-,0,0,0.000
1790434846,s2-long,7,4,0,0,36.5,112.7,112.7,0.0,-,0,0,0.000
1790434846,s3-quic,598251,0,361540,361540,3.0,96.0,484.7,0.0,-,0,0,0.000
1790434846,s4-mixed-kcp,77618,1,4253868,4253868,257.5,1658.3,2137.8,0.0,-,0,0,0.000
1790434846,s5-vmess-ws,210765,27,1012,1012,193.3,747.0,860.1,0.0,-,0,0,0.000
1790434846,s6-trojan-grpc,231780,28,1138,1138,149.2,687.9,840.3,0.0,-,0,0,0.000
1790434846,s7-ss-tcp,241363,57,1189,1189,139.1,674.6,830.5,0.0,-,0,0,0.000
1790434846,s8-tuic,233783,32,1149,1149,141.5,700.5,847.8,0.0,-,0,0,0.000
1790434846,s9-anytls,198830,22,1012,1012,187.7,742.2,855.2,0.0,-,0,0,0.000
1790434846,s10-vless-xhttp,211827,23,1065,1065,174.2,712.3,846.8,0.0,-,0,0,0.000
1790434846,s11-http-proxy,197877,34,951,951,221.9,779.0,878.9,0.0,-,0,0,0.000
1790434846,s12-vmess-h3,204821,17,964,964,212.3,759.2,861.4,0.0,-,0,0,0.000
1790434846,__proc__,0,0,0,0,-,-,-,1217.1,28406,38480,6776062,11566.872
1790434876,s1-short,212229,38,1014,1014,196.5,738.8,858.3,0.0,-,0,0,0.000
1790434876,s2-long,7,4,0,0,36.5,112.7,112.7,0.0,-,0,0,0.000
1790434876,s3-quic,599801,0,423253,423253,3.0,85.0,468.8,0.0,-,0,0,0.000
1790434876,s4-mixed-kcp,77809,1,4249922,4249922,257.7,1654.2,2137.3,0.0,-,0,0,0.000
1790434876,s5-vmess-ws,211246,27,1010,1010,194.0,740.0,860.1,0.0,-,0,0,0.000
1790434876,s6-trojan-grpc,232333,28,1161,1161,150.9,699.8,840.1,0.0,-,0,0,0.000
1790434876,s7-ss-tcp,241941,57,1214,1214,139.4,676.8,830.4,0.0,-,0,0,0.000
1790434876,s8-tuic,234328,32,1144,1144,147.5,716.8,844.8,0.0,-,0,0,0.000
1790434876,s9-anytls,199327,22,1044,1044,193.6,740.4,856.9,0.0,-,0,0,0.000
1790434876,s10-vless-xhttp,212328,23,1052,1052,174.1,716.4,846.5,0.0,-,0,0,0.000
1790434876,s11-http-proxy,198349,34,991,991,221.6,778.9,878.9,0.0,-,0,0,0.000
1790434876,s12-vmess-h3,205294,17,993,993,209.4,746.2,861.4,0.0,-,0,0,0.000
1790434876,__proc__,0,0,0,0,-,-,-,1224.4,28407,38716,6794278,11592.688
1790434906,s1-short,212734,38,1060,1060,194.7,753.2,860.5,0.0,-,0,0,0.000
1790434906,s2-long,7,4,0,0,36.5,112.7,112.7,0.0,-,0,0,0.000
1790434906,s3-quic,601527,0,471313,471313,3.0,76.8,440.3,0.0,-,0,0,0.000
1790434906,s4-mixed-kcp,77998,1,4254451,4254451,254.1,1641.9,2115.1,0.0,-,0,0,0.000
1790434906,s5-vmess-ws,211752,27,1063,1063,194.6,752.5,860.1,0.0,-,0,0,0.000
1790434906,s6-trojan-grpc,232892,28,1174,1174,151.6,692.1,838.7,0.0,-,0,0,0.000
1790434906,s7-ss-tcp,242519,57,1214,1214,135.1,661.1,810.8,0.0,-,0,0,0.000
1790434906,s8-tuic,234883,32,1166,1166,150.8,706.5,842.2,0.0,-,0,0,0.000
1790434906,s9-anytls,199840,22,1077,1077,191.4,746.7,856.4,0.0,-,0,0,0.000
1790434906,s10-vless-xhttp,212855,23,1107,1107,167.5,699.1,838.5,0.0,-,0,0,0.000
1790434906,s11-http-proxy,198830,34,1010,1010,206.3,782.1,878.6,0.0,-,0,0,0.000
1790434906,s12-vmess-h3,205785,17,1031,1031,202.9,760.0,858.9,0.0,-,0,0,0.000
1790434906,__proc__,0,0,0,0,-,-,-,1213.7,28616,39191,6814324,11618.826
1790434936,s1-short,213213,38,1006,1006,192.6,738.8,856.3,0.0,-,0,0,0.000
1790434936,s2-long,7,4,0,0,36.5,112.7,112.7,0.0,-,0,0,0.000
1790434936,s3-quic,602911,0,377924,377924,3.1,86.4,463.4,0.0,-,0,0,0.000
1790434936,s4-mixed-kcp,78177,1,3954961,3954961,255.0,1630.8,2111.7,0.0,-,0,0,0.000
1790434936,s5-vmess-ws,212230,27,1004,1004,193.0,733.9,851.8,0.0,-,0,0,0.000
1790434936,s6-trojan-grpc,233439,28,1149,1149,148.1,682.8,829.6,0.0,-,0,0,0.000
1790434936,s7-ss-tcp,243081,57,1180,1180,131.8,651.1,798.1,0.0,-,0,0,0.000
1790434936,s8-tuic,235427,32,1142,1142,151.1,700.5,834.3,0.0,-,0,0,0.000
1790434936,s9-anytls,200333,22,1035,1035,185.6,734.2,854.1,0.0,-,0,0,0.000
1790434936,s10-vless-xhttp,213364,23,1069,1069,162.3,697.9,836.3,0.0,-,0,0,0.000
1790434936,s11-http-proxy,199294,34,974,974,196.0,772.8,874.3,0.0,-,0,0,0.000
1790434936,s12-vmess-h3,206263,17,1004,1004,201.1,744.3,857.4,0.0,-,0,0,0.000
1790434936,__proc__,0,0,0,0,-,-,-,1220.4,28714,39306,6830010,11645.633
1790434966,s1-short,213689,38,1000,1000,191.2,740.8,839.1,0.0,-,0,0,0.000
1790434966,s2-long,7,4,0,0,36.5,112.7,112.7,0.0,-,0,0,0.000
1790434966,s3-quic,604391,0,404139,404139,3.0,83.3,467.1,0.0,-,0,0,0.000
1790434966,s4-mixed-kcp,78354,1,3831438,3831438,256.9,1630.8,2119.7,0.0,-,0,0,0.000
1790434966,s5-vmess-ws,212694,27,974,974,192.1,733.7,840.2,0.0,-,0,0,0.000
1790434966,s6-trojan-grpc,233976,28,1128,1128,145.0,669.5,813.6,0.0,-,0,0,0.000
1790434966,s7-ss-tcp,243623,57,1138,1138,131.5,650.3,777.4,0.0,-,0,0,0.000
1790434966,s8-tuic,235946,32,1090,1090,147.7,682.0,812.7,0.0,-,0,0,0.000
1790434966,s9-anytls,200813,22,1008,1008,183.7,729.3,832.9,0.0,-,0,0,0.000
1790434966,s10-vless-xhttp,213866,23,1054,1054,164.2,700.4,821.0,0.0,-,0,0,0.000
1790434966,s11-http-proxy,199738,34,932,932,204.6,775.2,867.1,0.0,-,0,0,0.000
1790434966,s12-vmess-h3,206731,17,983,983,200.8,755.2,847.1,0.0,-,0,0,0.000
1790434966,__proc__,0,0,0,0,-,-,-,1218.0,28504,38859,6846933,11673.079
1790434996,s1-short,214174,38,1018,1018,189.6,721.4,823.7,0.0,-,0,0,0.000
1790434996,s2-long,7,4,0,0,36.5,112.7,112.7,0.0,-,0,0,0.000
1790434996,s3-quic,605850,0,398404,398404,3.1,86.8,505.9,0.0,-,0,0,0.000
1790434996,s4-mixed-kcp,78535,1,4018863,4018863,258.3,1652.3,2140.4,0.0,-,0,0,0.000
1790434996,s5-vmess-ws,213175,27,1010,1010,192.1,709.0,823.7,0.0,-,0,0,0.000
1790434996,s6-trojan-grpc,234495,28,1090,1090,145.9,681.1,814.6,0.0,-,0,0,0.000
1790434996,s7-ss-tcp,244174,57,1157,1157,136.5,657.1,777.4,0.0,-,0,0,0.000
1790434996,s8-tuic,236476,32,1113,1113,147.5,674.5,808.1,0.0,-,0,0,0.000
1790434996,s9-anytls,201289,22,1000,1000,184.8,711.6,828.9,0.0,-,0,0,0.000
1790434996,s10-vless-xhttp,214362,23,1042,1042,170.4,691.1,817.8,0.0,-,0,0,0.000
1790434996,s11-http-proxy,200192,34,953,953,208.8,765.4,865.8,0.0,-,0,0,0.000
1790434996,s12-vmess-h3,207192,17,968,968,204.8,741.1,836.0,0.0,-,0,0,0.000
1790434996,__proc__,0,0,0,0,-,-,-,1214.5,28402,38653,6863148,11699.667
1790435026,s1-short,214640,38,979,979,189.9,740.9,834.1,0.0,-,0,0,0.000
1790435026,s2-long,7,4,0,0,36.5,112.7,112.7,0.0,-,0,0,0.000
1790435026,s3-quic,607193,0,366729,366729,3.0,84.3,468.4,0.0,-,0,0,0.000
1790435026,s4-mixed-kcp,78714,1,4076399,4076399,259.4,1630.0,2137.8,0.0,-,0,0,0.000
1790435026,s5-vmess-ws,213641,27,979,979,192.2,732.0,835.4,0.0,-,0,0,0.000
1790435026,s6-trojan-grpc,235027,28,1117,1117,145.6,687.5,818.5,0.0,-,0,0,0.000
1790435026,s7-ss-tcp,244714,57,1134,1134,137.5,658.1,784.4,0.0,-,0,0,0.000
1790435026,s8-tuic,237012,32,1126,1126,143.4,669.7,808.8,0.0,-,0,0,0.000
1790435026,s9-anytls,201764,22,998,998,188.3,734.2,833.1,0.0,-,0,0,0.000
1790435026,s10-vless-xhttp,214856,23,1037,1037,173.2,717.3,823.5,0.0,-,0,0,0.000
1790435026,s11-http-proxy,200632,34,924,924,214.5,764.2,867.5,0.0,-,0,0,0.000
1790435026,s12-vmess-h3,207640,17,941,941,205.5,737.6,838.0,0.0,-,0,0,0.000
1790435026,__proc__,0,0,0,0,-,-,-,1215.9,28458,38529,6877536,11727.134
1790435056,s1-short,215172,38,1117,1117,189.6,743.4,837.4,0.0,-,0,0,0.000
1790435056,s2-long,7,4,0,0,36.5,112.7,112.7,0.0,-,0,0,0.000
1790435056,s3-quic,608802,0,439364,439364,3.1,75.1,430.7,0.0,-,0,0,0.000
1790435056,s4-mixed-kcp,78897,1,4221428,4221428,256.0,1624.0,2137.8,0.0,-,0,0,0.000
1790435056,s5-vmess-ws,214169,27,1109,1109,191.7,735.0,840.5,0.0,-,0,0,0.000
1790435056,s6-trojan-grpc,235604,28,1212,1212,146.5,695.3,819.9,0.0,-,0,0,0.000
1790435056,s7-ss-tcp,245313,57,1258,1258,133.7,661.1,791.9,0.0,-,0,0,0.000
1790435056,s8-tuic,237590,32,1214,1214,146.2,682.2,809.8,0.0,-,0,0,0.000
1790435056,s9-anytls,202298,22,1121,1121,187.5,735.6,839.9,0.0,-,0,0,0.000
1790435056,s10-vless-xhttp,215400,23,1142,1142,167.5,711.0,822.9,0.0,-,0,0,0.000
1790435056,s11-http-proxy,201120,34,1025,1025,213.2,757.7,869.2,0.0,-,0,0,0.000
1790435056,s12-vmess-h3,208154,17,1079,1079,194.8,738.3,841.5,0.0,-,0,0,0.000
1790435056,__proc__,0,0,0,0,-,-,-,1217.9,28443,39331,6896453,11754.540
1790435086,s1-short,215654,38,1012,1012,191.6,743.1,827.4,0.0,-,0,0,0.000
1790435086,s2-long,7,4,0,0,36.5,112.7,112.7,0.0,-,0,0,0.000
1790435086,s3-quic,610462,0,453291,453291,3.0,78.1,460.2,0.0,-,0,0,0.000
1790435086,s4-mixed-kcp,79084,1,4175844,4175844,253.0,1615.8,2126.1,0.0,-,0,0,0.000
1790435086,s5-vmess-ws,214652,27,1014,1014,194.6,728.7,831.2,0.0,-,0,0,0.000
1790435086,s6-trojan-grpc,236142,28,1130,1130,144.7,692.4,811.9,0.0,-,0,0,0.000
1790435086,s7-ss-tcp,245883,57,1197,1197,130.6,662.5,788.1,0.0,-,0,0,0.000
1790435086,s8-tuic,238125,32,1124,1124,145.5,682.2,806.5,0.0,-,0,0,0.000
1790435086,s9-anytls,202784,22,1021,1021,184.6,733.0,833.1,0.0,-,0,0,0.000
1790435086,s10-vless-xhttp,215911,23,1073,1073,162.4,706.1,819.4,0.0,-,0,0,0.000
1790435086,s11-http-proxy,201576,34,958,958,204.1,749.0,863.1,0.0,-,0,0,0.000
1790435086,s12-vmess-h3,208628,17,995,995,194.7,736.0,835.1,0.0,-,0,0,0.000
1790435086,__proc__,0,0,0,0,-,-,-,1215.0,28854,39332,6915832,11780.790
1790435116,s1-short,216132,38,1004,1004,189.9,727.7,822.3,0.0,-,0,0,0.000
1790435116,s2-long,7,4,0,0,36.5,112.7,112.7,0.0,-,0,0,0.000
1790435116,s3-quic,612063,0,437180,437180,3.0,81.2,460.2,0.0,-,0,0,0.000
1790435116,s4-mixed-kcp,79260,1,4160373,4160373,253.4,1615.6,2130.7,0.0,-,0,0,0.000
1790435116,s5-vmess-ws,215129,27,1002,1002,194.8,733.0,828.5,0.0,-,0,0,0.000
1790435116,s6-trojan-grpc,236659,28,1086,1086,145.7,681.2,804.3,0.0,-,0,0,0.000
1790435116,s7-ss-tcp,246430,57,1149,1149,128.4,672.5,783.2,0.0,-,0,0,0.000
1790435116,s8-tuic,238651,32,1105,1105,146.3,673.6,798.8,0.0,-,0,0,0.000
1790435116,s9-anytls,203267,22,1014,1014,184.2,715.0,824.8,0.0,-,0,0,0.000
1790435116,s10-vless-xhttp,216397,23,1021,1021,165.6,709.9,817.8,0.0,-,0,0,0.000
1790435116,s11-http-proxy,202033,34,960,960,202.8,745.6,859.8,0.0,-,0,0,0.000
1790435116,s12-vmess-h3,209099,17,989,989,198.9,732.3,829.8,0.0,-,0,0,0.000
1790435116,__proc__,0,0,0,0,-,-,-,1213.4,28713,39130,6934654,11807.472
1790435146,s1-short,216614,38,1012,1012,186.6,718.2,822.4,0.0,-,0,0,0.000
1790435146,s2-long,7,4,0,0,36.5,112.7,112.7,0.0,-,0,0,0.000
1790435146,s3-quic,613596,0,418611,418611,2.9,75.1,426.7,0.0,-,0,0,0.000
1790435146,s4-mixed-kcp,79439,1,4008464,4008464,253.0,1617.6,2137.8,0.0,-,0,0,0.000
1790435146,s5-vmess-ws,215605,27,1000,1000,192.5,713.5,830.5,0.0,-,0,0,0.000
1790435146,s6-trojan-grpc,237182,28,1098,1098,144.2,689.8,810.4,0.0,-,0,0,0.000
1790435146,s7-ss-tcp,246982,57,1159,1159,131.3,680.2,788.1,0.0,-,0,0,0.000
1790435146,s8-tuic,239189,32,1130,1130,144.6,673.7,798.8,0.0,-,0,0,0.000
1790435146,s9-anytls,203748,22,1010,1010,183.6,717.1,827.8,0.0,-,0,0,0.000
1790435146,s10-vless-xhttp,216891,23,1037,1037,168.0,711.0,822.7,0.0,-,0,0,0.000
1790435146,s11-http-proxy,202489,34,958,958,210.2,747.8,863.1,0.0,-,0,0,0.000
1790435146,s12-vmess-h3,209560,17,968,968,201.8,738.6,827.7,0.0,-,0,0,0.000
1790435146,__proc__,0,0,0,0,-,-,-,1212.2,28280,38512,6952108,11832.964
1790435176,s1-short,217103,38,1027,1027,186.9,736.4,822.4,0.0,-,0,0,0.000
1790435176,s2-long,7,4,0,0,36.5,112.7,112.7,0.0,-,0,0,0.000
1790435176,s3-quic,615212,0,441276,441276,2.9,71.0,403.8,0.0,-,0,0,0.000
1790435176,s4-mixed-kcp,79634,1,4356797,4356797,256.2,1607.6,2114.4,0.0,-,0,0,0.000
1790435176,s5-vmess-ws,216098,27,1035,1035,193.0,726.6,832.2,0.0,-,0,0,0.000
1790435176,s6-trojan-grpc,237721,28,1132,1132,146.1,677.8,814.5,0.0,-,0,0,0.000
1790435176,s7-ss-tcp,247547,57,1186,1186,137.7,680.4,798.2,0.0,-,0,0,0.000
1790435176,s8-tuic,239743,32,1163,1163,141.8,674.8,803.9,0.0,-,0,0,0.000
1790435176,s9-anytls,204237,22,1027,1027,187.8,732.2,825.9,0.0,-,0,0,0.000
1790435176,s10-vless-xhttp,217412,23,1094,1094,175.5,727.7,822.7,0.0,-,0,0,0.000
1790435176,s11-http-proxy,202961,34,991,991,217.6,745.2,859.2,0.0,-,0,0,0.000
1790435176,s12-vmess-h3,210034,17,995,995,202.4,725.7,823.3,0.0,-,0,0,0.000
1790435176,__proc__,0,0,0,0,-,-,-,1215.3,28344,38799,6970504,11858.979
1790435206,s1-short,217642,38,1132,1132,186.7,727.7,826.3,0.0,-,0,0,0.000
1790435206,s2-long,7,4,0,0,36.5,112.7,112.7,0.0,-,0,0,0.000
1790435206,s3-quic,616958,0,476774,476774,2.9,71.0,402.1,0.0,-,0,0,0.000
1790435206,s4-mixed-kcp,79837,1,4157721,4157721,253.0,1594.3,2114.4,0.0,-,0,0,0.000
1790435206,s5-vmess-ws,216628,27,1113,1113,191.9,728.0,834.7,0.0,-,0,0,0.000
1790435206,s6-trojan-grpc,238304,28,1224,1224,145.4,673.7,813.6,0.0,-,0,0,0.000
1790435206,s7-ss-tcp,248160,57,1287,1287,133.4,678.2,804.4,0.0,-,0,0,0.000
1790435206,s8-tuic,240331,32,1235,1235,145.8,675.1,811.9,0.0,-,0,0,0.000
1790435206,s9-anytls,204776,22,1132,1132,187.8,723.1,825.9,0.0,-,0,0,0.000
1790435206,s10-vless-xhttp,217965,23,1161,1161,171.5,711.6,823.4,0.0,-,0,0,0.000
1790435206,s11-http-proxy,203472,34,1073,1073,210.4,739.7,843.0,0.0,-,0,0,0.000
1790435206,s12-vmess-h3,210549,17,1082,1082,195.0,717.2,820.0,0.0,-,0,0,0.000
1790435206,__proc__,0,0,0,0,-,-,-,1217.5,28623,39668,6990719,11884.446
1790435236,s1-short,218165,38,1098,1098,182.5,735.0,832.6,0.0,-,0,0,0.000
1790435236,s2-long,7,4,0,0,36.5,112.7,112.7,0.0,-,0,0,0.000
1790435236,s3-quic,618481,0,415881,415881,3.0,78.6,420.1,0.0,-,0,0,0.000
1790435236,s4-mixed-kcp,80026,1,4303907,4303907,250.1,1594.4,2108.0,0.0,-,0,0,0.000
1790435236,s5-vmess-ws,217140,27,1075,1075,190.2,736.4,840.5,0.0,-,0,0,0.000
1790435236,s6-trojan-grpc,238881,28,1212,1212,143.9,686.3,817.3,0.0,-,0,0,0.000
1790435236,s7-ss-tcp,248754,57,1247,1247,128.7,659.5,798.2,0.0,-,0,0,0.000
1790435236,s8-tuic,240907,32,1210,1210,144.7,684.8,822.2,0.0,-,0,0,0.000
1790435236,s9-anytls,205304,22,1109,1109,181.9,731.5,828.7,0.0,-,0,0,0.000
1790435236,s10-vless-xhttp,218512,23,1149,1149,160.4,713.8,826.0,0.0,-,0,0,0.000
1790435236,s11-http-proxy,203949,34,1002,1002,202.1,754.6,859.6,0.0,-,0,0,0.000
1790435236,s12-vmess-h3,211045,17,1042,1042,195.0,730.6,835.1,0.0,-,0,0,0.000
1790435236,__proc__,0,0,0,0,-,-,-,1230.4,28929,39763,7007423,11910.606
1790435266,s1-short,218645,38,1008,1008,181.8,717.2,834.6,0.0,-,0,0,0.000
1790435266,s2-long,7,4,0,0,36.5,112.7,112.7,0.0,-,0,0,0.000
1790435266,s3-quic,620070,0,433903,433903,3.0,77.7,445.7,0.0,-,0,0,0.000
1790435266,s4-mixed-kcp,80206,1,4136269,4136269,250.9,1610.9,2108.1,0.0,-,0,0,0.000
1790435266,s5-vmess-ws,217617,27,1002,1002,187.5,729.5,840.5,0.0,-,0,0,0.000
1790435266,s6-trojan-grpc,239407,28,1105,1105,143.9,686.3,825.2,0.0,-,0,0,0.000
1790435266,s7-ss-tcp,249308,57,1163,1163,128.5,661.8,809.3,0.0,-,0,0,0.000
1790435266,s8-tuic,241442,32,1124,1124,142.7,673.8,828.6,0.0,-,0,0,0.000
1790435266,s9-anytls,205778,22,995,995,181.6,714.9,826.5,0.0,-,0,0,0.000
1790435266,s10-vless-xhttp,219010,23,1046,1046,162.5,708.4,823.4,0.0,-,0,0,0.000
1790435266,s11-http-proxy,204413,34,974,974,200.8,760.2,859.6,0.0,-,0,0,0.000
1790435266,s12-vmess-h3,211511,17,979,979,195.5,743.6,834.6,0.0,-,0,0,0.000
1790435266,__proc__,0,0,0,0,-,-,-,1227.0,28574,38991,7025735,11937.109
1790435296,s1-short,219073,38,899,899,184.7,738.4,856.7,0.0,-,0,0,0.000
1790435296,s2-long,7,4,0,0,36.5,112.7,112.7,0.0,-,0,0,0.000
1790435296,s3-quic,621405,0,364544,364544,3.0,73.3,509.3,0.0,-,0,0,0.000
1790435296,s4-mixed-kcp,80374,1,3714309,3714309,253.9,1610.9,2114.4,0.0,-,0,0,0.000
1790435296,s5-vmess-ws,218048,27,905,905,188.0,746.1,857.0,0.0,-,0,0,0.000
1790435296,s6-trojan-grpc,239879,28,991,991,149.3,697.5,832.5,0.0,-,0,0,0.000
1790435296,s7-ss-tcp,249800,57,1033,1033,129.7,679.6,833.1,0.0,-,0,0,0.000
1790435296,s8-tuic,241914,32,991,991,144.7,680.9,844.8,0.0,-,0,0,0.000
1790435296,s9-anytls,206209,22,905,905,185.5,734.9,843.4,0.0,-,0,0,0.000
1790435296,s10-vless-xhttp,219466,23,958,958,165.2,721.9,838.3,0.0,-,0,0,0.000
1790435296,s11-http-proxy,204819,34,853,853,202.4,780.3,869.7,0.0,-,0,0,0.000
1790435296,s12-vmess-h3,211929,17,878,878,197.3,769.8,854.4,0.0,-,0,0,0.000
1790435296,__proc__,0,0,0,0,-,-,-,1223.5,28414,38234,7040413,11963.121
1790435326,s1-short,219544,38,989,989,186.4,739.3,858.8,0.0,-,0,0,0.000
1790435326,s2-long,7,4,0,0,36.5,112.7,112.7,0.0,-,0,0,0.000
1790435326,s3-quic,622803,0,381747,381747,3.0,78.8,493.9,0.0,-,0,0,0.000
1790435326,s4-mixed-kcp,80549,1,3955644,3955644,253.9,1617.6,2126.1,0.0,-,0,0,0.000
1790435326,s5-vmess-ws,218522,27,995,995,188.0,742.5,862.8,0.0,-,0,0,0.000
1790435326,s6-trojan-grpc,240397,28,1088,1088,147.2,684.4,841.0,0.0,-,0,0,0.000
1790435326,s7-ss-tcp,250334,57,1121,1121,133.4,672.5,838.8,0.0,-,0,0,0.000
1790435326,s8-tuic,242429,32,1082,1082,144.5,683.0,850.4,0.0,-,0,0,0.000
1790435326,s9-anytls,206674,22,976,976,188.3,739.2,847.5,0.0,-,0,0,0.000
1790435326,s10-vless-xhttp,219955,23,1027,1027,173.2,727.6,840.8,0.0,-,0,0,0.000
1790435326,s11-http-proxy,205267,34,941,941,207.7,768.8,860.8,0.0,-,0,0,0.000
1790435326,s12-vmess-h3,212388,17,964,964,201.6,761.2,847.2,0.0,-,0,0,0.000
1790435326,__proc__,0,0,0,0,-,-,-,1219.5,28202,38541,7056199,11989.770
1790435356,s1-short,220015,38,989,989,189.3,724.2,860.2,0.0,-,0,0,0.000
1790435356,s2-long,7,4,0,0,36.5,112.7,112.7,0.0,-,0,0,0.000
1790435356,s3-quic,624262,0,398404,398404,3.0,87.2,472.9,0.0,-,0,0,0.000
1790435356,s4-mixed-kcp,80731,1,4224622,4224622,253.1,1613.0,2140.4,0.0,-,0,0,0.000
1790435356,s5-vmess-ws,218990,27,983,983,190.5,728.0,859.2,0.0,-,0,0,0.000
1790435356,s6-trojan-grpc,240921,28,1100,1100,147.5,683.3,841.0,0.0,-,0,0,0.000
1790435356,s7-ss-tcp,250873,57,1132,1132,140.9,672.1,838.8,0.0,-,0,0,0.000
1790435356,s8-tuic,242945,32,1084,1084,146.9,682.8,850.3,0.0,-,0,0,0.000
1790435356,s9-anytls,207143,22,985,985,191.5,704.4,846.3,0.0,-,0,0,0.000
1790435356,s10-vless-xhttp,220444,23,1027,1027,177.4,717.0,842.1,0.0,-,0,0,0.000
1790435356,s11-http-proxy,205715,34,941,941,214.0,772.3,863.3,0.0,-,0,0,0.000
1790435356,s12-vmess-h3,212848,17,966,966,203.5,731.4,846.3,0.0,-,0,0,0.000
1790435356,__proc__,0,0,0,0,-,-,-,1222.5,27999,38216,7073170,12016.372
1790435386,s1-short,220554,38,1132,1132,193.0,746.5,866.1,0.0,-,0,0,0.000
1790435386,s2-long,7,4,0,0,36.5,112.7,112.7,0.0,-,0,0,0.000
1790435386,s3-quic,626282,0,551595,551595,3.0,75.8,423.9,0.0,-,0,0,0.000
1790435386,s4-mixed-kcp,80930,1,4300182,4300182,253.4,1607.8,2140.4,0.0,-,0,0,0.000
1790435386,s5-vmess-ws,219525,27,1124,1124,193.6,741.9,875.5,0.0,-,0,0,0.000
1790435386,s6-trojan-grpc,241517,28,1252,1252,147.3,686.6,850.4,0.0,-,0,0,0.000
1790435386,s7-ss-tcp,251491,57,1298,1298,134.0,681.9,851.9,0.0,-,0,0,0.000
1790435386,s8-tuic,243533,32,1235,1235,149.0,690.2,853.0,0.0,-,0,0,0.000
1790435386,s9-anytls,207690,22,1149,1149,195.3,738.1,864.6,0.0,-,0,0,0.000
1790435386,s10-vless-xhttp,221003,23,1174,1174,170.7,705.1,852.2,0.0,-,0,0,0.000
1790435386,s11-http-proxy,206212,34,1044,1044,207.4,771.5,868.7,0.0,-,0,0,0.000
1790435386,s12-vmess-h3,213363,17,1082,1082,197.3,752.6,854.6,0.0,-,0,0,0.000
1790435386,__proc__,0,0,0,0,-,-,-,1225.6,28668,39719,7096904,12043.118
1790435416,s1-short,221074,38,1092,1092,192.4,722.1,866.1,0.0,-,0,0,0.000
1790435416,s2-long,7,4,0,0,36.5,112.7,112.7,0.0,-,0,0,0.000
1790435416,s3-quic,628022,0,475136,475136,2.9,74.8,404.3,0.0,-,0,0,0.000
1790435416,s4-mixed-kcp,81124,1,3968942,3968942,252.2,1596.8,2126.1,0.0,-,0,0,0.000
1790435416,s5-vmess-ws,220044,27,1090,1090,192.3,737.8,876.0,0.0,-,0,0,0.000
1790435416,s6-trojan-grpc,242087,28,1197,1197,150.8,667.5,848.3,0.0,-,0,0,0.000
1790435416,s7-ss-tcp,252083,57,1243,1243,133.3,645.8,851.8,0.0,-,0,0,0.000
1790435416,s8-tuic,244102,32,1195,1195,149.7,670.7,852.9,0.0,-,0,0,0.000
1790435416,s9-anytls,208217,22,1107,1107,193.3,711.0,864.6,0.0,-,0,0,0.000
1790435416,s10-vless-xhttp,221548,23,1144,1144,164.7,681.3,850.8,0.0,-,0,0,0.000
1790435416,s11-http-proxy,206711,34,1048,1048,200.6,763.0,872.2,0.0,-,0,0,0.000
1790435416,s12-vmess-h3,213869,17,1063,1063,200.1,737.2,854.6,0.0,-,0,0,0.000
1790435416,__proc__,0,0,0,0,-,-,-,1223.3,29065,39976,7117122,12068.604
1790435446,s1-short,221559,38,1018,1018,191.8,724.2,868.0,0.0,-,0,0,0.000
1790435446,s2-long,7,4,0,0,36.5,112.7,112.7,0.0,-,0,0,0.000
1790435446,s3-quic,629488,0,400316,400316,2.9,76.5,398.7,0.0,-,0,0,0.000
1790435446,s4-mixed-kcp,81310,1,4264813,4264813,255.8,1599.5,2153.8,0.0,-,0,0,0.000
1790435446,s5-vmess-ws,220525,27,1010,1010,192.3,746.3,876.4,0.0,-,0,0,0.000
1790435446,s6-trojan-grpc,242614,28,1107,1107,154.9,689.1,850.0,0.0,-,0,0,0.000
1790435446,s7-ss-tcp,252631,57,1151,1151,136.0,651.9,851.8,0.0,-,0,0,0.000
1790435446,s8-tuic,244632,32,1113,1113,153.6,693.7,854.3,0.0,-,0,0,0.000
1790435446,s9-anytls,208711,22,1037,1037,190.8,707.5,864.6,0.0,-,0,0,0.000
1790435446,s10-vless-xhttp,222055,23,1065,1065,172.6,703.8,854.5,0.0,-,0,0,0.000
1790435446,s11-http-proxy,207166,34,956,956,206.1,773.7,882.7,0.0,-,0,0,0.000
1790435446,s12-vmess-h3,214337,17,983,983,202.1,759.1,862.6,0.0,-,0,0,0.000
1790435446,__proc__,0,0,0,0,-,-,-,1221.6,28935,39292,7133322,12095.149
1790435476,s1-short,222016,38,960,960,196.2,736.2,873.1,0.0,-,0,0,0.000
1790435476,s2-long,7,4,0,0,36.5,112.7,112.7,0.0,-,0,0,0.000
1790435476,s3-quic,631057,0,428442,428442,3.0,79.2,412.1,0.0,-,0,0,0.000
1790435476,s4-mixed-kcp,81482,1,3994847,3994847,253.4,1607.6,2164.6,0.0,-,0,0,0.000
1790435476,s5-vmess-ws,220984,27,964,964,195.0,746.3,880.7,0.0,-,0,0,0.000
1790435476,s6-trojan-grpc,243117,28,1056,1056,155.6,688.3,848.3,0.0,-,0,0,0.000
1790435476,s7-ss-tcp,253146,57,1082,1082,139.1,671.2,854.6,0.0,-,0,0,0.000
1790435476,s8-tuic,245133,32,1052,1052,154.4,700.0,853.4,0.0,-,0,0,0.000
1790435476,s9-anytls,209174,22,972,972,194.6,716.5,870.1,0.0,-,0,0,0.000
1790435476,s10-vless-xhttp,222531,23,1000,1000,180.6,712.8,856.2,0.0,-,0,0,0.000
1790435476,s11-http-proxy,207601,34,914,914,213.3,783.1,887.3,0.0,-,0,0,0.000
1790435476,s12-vmess-h3,214786,17,943,943,207.9,769.3,870.1,0.0,-,0,0,0.000
1790435476,__proc__,0,0,0,0,-,-,-,1224.6,28579,38683,7151577,12120.967
1790435506,s1-short,222488,38,991,991,196.3,762.4,879.3,0.0,-,0,0,0.000
1790435506,s2-long,7,4,0,0,36.5,112.7,112.7,0.0,-,0,0,0.000
1790435506,s3-quic,632594,0,419703,419703,3.0,73.5,426.0,0.0,-,0,0,0.000
1790435506,s4-mixed-kcp,81656,1,3842004,3842004,256.6,1614.9,2211.9,0.0,-,0,0,0.000
1790435506,s5-vmess-ws,221454,27,987,987,194.6,765.7,884.4,0.0,-,0,0,0.000
1790435506,s6-trojan-grpc,243631,28,1079,1079,157.1,688.6,841.6,0.0,-,0,0,0.000
1790435506,s7-ss-tcp,253688,57,1138,1138,144.1,685.2,852.0,0.0,-,0,0,0.000
1790435506,s8-tuic,245660,32,1107,1107,155.5,697.4,852.9,0.0,-,0,0,0.000
1790435506,s9-anytls,209649,22,998,998,195.6,740.3,878.9,0.0,-,0,0,0.000
1790435506,s10-vless-xhttp,223025,23,1037,1037,186.9,728.5,857.2,0.0,-,0,0,0.000
1790435506,s11-http-proxy,208056,34,956,956,217.3,790.7,891.7,0.0,-,0,0,0.000
1790435506,s12-vmess-h3,215242,17,958,958,209.3,768.0,869.1,0.0,-,0,0,0.000
1790435506,__proc__,0,0,0,0,-,-,-,1233.1,28423,38701,7168746,12148.720
1790435536,s1-short,222992,38,1058,1058,199.2,753.6,874.2,0.0,-,0,0,0.000
1790435536,s2-long,7,4,0,0,36.5,112.7,112.7,0.0,-,0,0,0.000
1790435536,s3-quic,634056,0,399223,399223,3.0,75.2,436.8,0.0,-,0,0,0.000
1790435536,s4-mixed-kcp,81847,1,4119539,4119539,258.0,1610.9,2153.6,0.0,-,0,0,0.000
1790435536,s5-vmess-ws,221963,27,1069,1069,196.6,764.7,880.5,0.0,-,0,0,0.000
1790435536,s6-trojan-grpc,244186,28,1166,1166,156.0,687.3,847.7,0.0,-,0,0,0.000
1790435536,s7-ss-tcp,254257,57,1195,1195,144.6,672.4,842.2,0.0,-,0,0,0.000
1790435536,s8-tuic,246224,32,1184,1184,152.8,687.6,846.0,0.0,-,0,0,0.000
1790435536,s9-anytls,210166,22,1086,1086,197.0,740.3,873.1,0.0,-,0,0,0.000
1790435536,s10-vless-xhttp,223554,23,1111,1111,179.8,712.8,856.4,0.0,-,0,0,0.000
1790435536,s11-http-proxy,208532,34,1000,1000,218.0,790.4,891.7,0.0,-,0,0,0.000
1790435536,s12-vmess-h3,215728,17,1021,1021,206.2,756.5,865.9,0.0,-,0,0,0.000
1790435536,__proc__,0,0,0,0,-,-,-,1239.1,28130,38637,7185078,12175.984
1790435566,s1-short,223477,38,1018,1018,199.7,731.4,876.8,0.0,-,0,0,0.000
1790435566,s2-long,7,4,0,0,36.5,112.7,112.7,0.0,-,0,0,0.000
1790435566,s3-quic,635630,0,429807,429807,3.0,77.7,445.3,0.0,-,0,0,0.000
1790435566,s4-mixed-kcp,82026,1,3993856,3993856,257.5,1626.0,2211.9,0.0,-,0,0,0.000
1790435566,s5-vmess-ws,222445,27,1012,1012,195.0,747.5,880.7,0.0,-,0,0,0.000
1790435566,s6-trojan-grpc,244725,28,1132,1132,154.9,695.2,856.7,0.0,-,0,0,0.000
1790435566,s7-ss-tcp,254812,57,1166,1166,138.3,680.9,844.4,0.0,-,0,0,0.000
1790435566,s8-tuic,246765,32,1136,1136,151.3,693.5,851.7,0.0,-,0,0,0.000
1790435566,s9-anytls,210655,22,1027,1027,193.4,720.2,881.5,0.0,-,0,0,0.000
1790435566,s10-vless-xhttp,224058,23,1058,1058,173.2,708.3,860.4,0.0,-,0,0,0.000
1790435566,s11-http-proxy,208996,34,974,974,211.1,747.4,885.2,0.0,-,0,0,0.000
1790435566,s12-vmess-h3,216203,17,998,998,203.2,741.2,865.9,0.0,-,0,0,0.000
1790435566,__proc__,0,0,0,0,-,-,-,1231.1,28152,38602,7203387,12203.106
1790435596,s1-short,223975,38,1046,1046,189.7,731.9,872.3,0.0,-,0,0,0.000
1790435596,s2-long,7,4,0,0,36.5,112.7,112.7,0.0,-,0,0,0.000
1790435596,s3-quic,637192,0,426530,426530,3.0,77.7,444.9,0.0,-,0,0,0.000
1790435596,s4-mixed-kcp,82213,1,4269290,4269290,256.0,1644.4,2230.8,0.0,-,0,0,0.000
1790435596,s5-vmess-ws,222931,27,1021,1021,192.0,741.9,876.4,0.0,-,0,0,0.000
1790435596,s6-trojan-grpc,245261,28,1126,1126,154.5,706.0,859.7,0.0,-,0,0,0.000
1790435596,s7-ss-tcp,255381,57,1195,1195,135.8,666.5,827.4,0.0,-,0,0,0.000
1790435596,s8-tuic,247317,32,1159,1159,147.7,704.3,848.3,0.0,-,0,0,0.000
1790435596,s9-anytls,211154,22,1048,1048,183.4,729.3,882.1,0.0,-,0,0,0.000
1790435596,s10-vless-xhttp,224567,23,1069,1069,167.0,709.0,861.9,0.0,-,0,0,0.000
1790435596,s11-http-proxy,209446,34,945,945,209.2,738.7,884.9,0.0,-,0,0,0.000
1790435596,s12-vmess-h3,216676,17,993,993,203.6,739.1,866.4,0.0,-,0,0,0.000
1790435596,__proc__,0,0,0,0,-,-,-,1219.1,28498,39055,7221541,12230.054
1790435626,s1-short,224425,38,945,945,193.8,718.5,868.2,0.0,-,0,0,0.000
1790435626,s2-long,7,4,0,0,36.5,112.7,112.7,0.0,-,0,0,0.000
1790435626,s3-quic,638620,0,389939,389939,3.0,76.6,464.8,0.0,-,0,0,0.000
1790435626,s4-mixed-kcp,82391,1,3865558,3865558,258.0,1645.7,2233.3,0.0,-,0,0,0.000
1790435626,s5-vmess-ws,223387,27,958,958,194.3,709.3,859.4,0.0,-,0,0,0.000
1790435626,s6-trojan-grpc,245766,28,1060,1060,154.5,697.2,851.0,0.0,-,0,0,0.000
1790435626,s7-ss-tcp,255901,57,1092,1092,134.5,669.5,832.9,0.0,-,0,0,0.000
1790435626,s8-tuic,247833,32,1084,1084,146.1,687.6,845.5,0.0,-,0,0,0.000
1790435626,s9-anytls,211615,22,968,968,185.8,707.5,862.1,0.0,-,0,0,0.000
1790435626,s10-vless-xhttp,225052,23,1018,1018,169.9,697.6,854.7,0.0,-,0,0,0.000
1790435626,s11-http-proxy,209886,34,924,924,212.9,740.8,884.9,0.0,-,0,0,0.000
1790435626,s12-vmess-h3,217118,17,928,928,205.3,744.1,866.4,0.0,-,0,0,0.000
1790435626,__proc__,0,0,0,0,-,-,-,1213.9,28468,38320,7237846,12255.358
1790435656,s1-short,224905,38,1008,1008,191.0,728.9,868.3,0.0,-,0,0,0.000
1790435656,s2-long,7,4,0,0,36.5,112.7,112.7,0.0,-,0,0,0.000
1790435656,s3-quic,640094,0,402500,402500,3.0,84.3,451.6,0.0,-,0,0,0.000
1790435656,s4-mixed-kcp,82571,1,4294242,4294242,257.9,1655.6,2233.3,0.0,-,0,0,0.000
1790435656,s5-vmess-ws,223857,27,987,987,194.3,715.6,857.0,0.0,-,0,0,0.000
1790435656,s6-trojan-grpc,246293,28,1107,1107,150.7,695.2,851.7,0.0,-,0,0,0.000
1790435656,s7-ss-tcp,256457,57,1168,1168,136.0,678.1,838.5,0.0,-,0,0,0.000
1790435656,s8-tuic,248370,32,1128,1128,144.9,682.6,844.1,0.0,-,0,0,0.000
1790435656,s9-anytls,212085,22,987,987,185.4,720.9,866.7,0.0,-,0,0,0.000
1790435656,s10-vless-xhttp,225547,23,1040,1040,173.5,712.8,856.2,0.0,-,0,0,0.000
1790435656,s11-http-proxy,210334,34,941,941,217.8,730.7,875.0,0.0,-,0,0,0.000
1790435656,s12-vmess-h3,217569,17,947,947,209.6,733.9,863.7,0.0,-,0,0,0.000
1790435656,__proc__,0,0,0,0,-,-,-,1213.1,28408,38542,7254682,12281.847
1790435686,s1-short,225391,38,1021,1021,192.1,710.8,863.8,0.0,-,0,0,0.000
1790435686,s2-long,7,4,0,0,36.5,112.7,112.7,0.0,-,0,0,0.000
1790435686,s3-quic,641391,0,354167,354167,3.0,93.7,464.8,0.0,-,0,0,0.000
1790435686,s4-mixed-kcp,82758,1,4329519,4329519,257.2,1649.7,2240.1,0.0,-,0,0,0.000
1790435686,s5-vmess-ws,224343,27,1021,1021,192.6,701.8,854.2,0.0,-,0,0,0.000
1790435686,s6-trojan-grpc,246832,28,1132,1132,152.3,678.2,851.7,0.0,-,0,0,0.000
1790435686,s7-ss-tcp,257035,57,1214,1214,141.9,659.5,838.5,0.0,-,0,0,0.000
1790435686,s8-tuic,248919,32,1153,1153,147.0,676.9,842.3,0.0,-,0,0,0.000
1790435686,s9-anytls,212577,22,1033,1033,189.2,712.0,866.3,0.0,-,0,0,0.000
1790435686,s10-vless-xhttp,226060,23,1077,1077,176.4,699.2,853.5,0.0,-,0,0,0.000
1790435686,s11-http-proxy,210798,34,974,974,221.2,732.7,867.1,0.0,-,0,0,0.000
1790435686,s12-vmess-h3,218042,17,993,993,208.8,716.1,863.7,0.0,-,0,0,0.000
1790435686,__proc__,0,0,0,0,-,-,-,1215.2,28191,38551,7269415,12309.068
1790435716,s1-short,225918,38,1107,1107,194.2,703.2,864.3,0.0,-,0,0,0.000
1790435716,s2-long,7,4,0,0,36.5,112.7,112.7,0.0,-,0,0,0.000
1790435716,s3-quic,643326,0,528384,528384,3.0,74.7,413.8,0.0,-,0,0,0.000
1790435716,s4-mixed-kcp,82947,1,4255763,4255763,254.5,1643.7,2231.6,0.0,-,0,0,0.000
1790435716,s5-vmess-ws,224859,27,1084,1084,195.2,691.8,858.9,0.0,-,0,0,0.000
1790435716,s6-trojan-grpc,247406,28,1205,1205,153.4,670.8,844.8,0.0,-,0,0,0.000
1790435716,s7-ss-tcp,257650,57,1292,1292,133.1,636.3,828.7,0.0,-,0,0,0.000
1790435716,s8-tuic,249498,32,1216,1216,149.4,672.4,831.4,0.0,-,0,0,0.000
1790435716,s9-anytls,213101,22,1100,1100,193.5,705.3,867.8,0.0,-,0,0,0.000
1790435716,s10-vless-xhttp,226612,23,1159,1159,169.1,677.8,844.2,0.0,-,0,0,0.000
1790435716,s11-http-proxy,211286,34,1025,1025,216.7,697.0,860.4,0.0,-,0,0,0.000
1790435716,s12-vmess-h3,218538,17,1042,1042,204.3,698.0,857.7,0.0,-,0,0,0.000
1790435716,__proc__,0,0,0,0,-,-,-,1230.1,28434,39006,7291927,12335.337
1790435746,s1-short,226445,38,1107,1107,191.0,689.5,857.6,0.0,-,0,0,0.000
1790435746,s2-long,7,4,0,0,36.5,112.7,112.7,0.0,-,0,0,0.000
1790435746,s3-quic,644894,0,428169,428169,3.0,74.4,430.6,0.0,-,0,0,0.000
1790435746,s4-mixed-kcp,83142,1,4098519,4098519,252.5,1625.6,2231.6,0.0,-,0,0,0.000
1790435746,s5-vmess-ws,225385,27,1105,1105,194.3,686.8,847.8,0.0,-,0,0,0.000
1790435746,s6-trojan-grpc,247987,28,1220,1220,147.5,654.1,840.1,0.0,-,0,0,0.000
1790435746,s7-ss-tcp,258249,57,1258,1258,128.2,621.4,814.5,0.0,-,0,0,0.000
1790435746,s8-tuic,250067,32,1195,1195,143.0,656.3,820.1,0.0,-,0,0,0.000
1790435746,s9-anytls,213633,22,1117,1117,185.8,677.1,858.3,0.0,-,0,0,0.000
1790435746,s10-vless-xhttp,227160,23,1151,1151,161.4,657.3,837.7,0.0,-,0,0,0.000
1790435746,s11-http-proxy,211773,34,1023,1023,208.9,694.5,859.3,0.0,-,0,0,0.000
1790435746,s12-vmess-h3,219049,17,1073,1073,204.6,694.0,846.1,0.0,-,0,0,0.000
1790435746,__proc__,0,0,0,0,-,-,-,1231.9,28675,39422,7309690,12361.686
1790435776,s1-short,226936,38,1031,1031,187.7,674.4,838.8,0.0,-,0,0,0.000
1790435776,s2-long,7,4,0,0,36.5,112.7,112.7,0.0,-,0,0,0.000
1790435776,s3-quic,646227,0,363998,363998,3.1,83.2,437.8,0.0,-,0,0,0.000
1790435776,s4-mixed-kcp,83323,1,4066769,4066769,253.1,1619.3,2230.8,0.0,-,0,0,0.000
1790435776,s5-vmess-ws,225887,27,1054,1054,188.7,659.0,817.9,0.0,-,0,0,0.000
1790435776,s6-trojan-grpc,248523,28,1126,1126,146.5,637.4,812.9,0.0,-,0,0,0.000
1790435776,s7-ss-tcp,258804,57,1166,1166,128.6,628.2,806.5,0.0,-,0,0,0.000
1790435776,s8-tuic,250603,32,1126,1126,139.8,653.5,802.1,0.0,-,0,0,0.000
1790435776,s9-anytls,214132,22,1048,1048,182.5,671.8,836.5,0.0,-,0,0,0.000
1790435776,s10-vless-xhttp,227667,23,1065,1065,167.1,666.0,824.8,0.0,-,0,0,0.000
1790435776,s11-http-proxy,212229,34,958,958,211.8,701.7,850.5,0.0,-,0,0,0.000
1790435776,s12-vmess-h3,219520,17,989,989,205.3,707.8,843.6,0.0,-,0,0,0.000
1790435776,__proc__,0,0,0,0,-,-,-,1227.8,28746,39065,7323634,12389.344
1790435806,s1-short,227399,38,972,972,183.7,688.3,830.7,0.0,-,0,0,0.000
1790435806,s2-long,7,4,0,0,36.5,112.7,112.7,0.0,-,0,0,0.000
1790435806,s3-quic,647464,0,337783,337783,3.1,86.9,462.1,0.0,-,0,0,0.000
1790435806,s4-mixed-kcp,83493,1,3948140,3948140,256.2,1641.9,2233.3,0.0,-,0,0,0.000
1790435806,s5-vmess-ws,226347,27,966,966,186.1,675.4,814.7,0.0,-,0,0,0.000
1790435806,s6-trojan-grpc,249015,28,1033,1033,144.9,665.1,821.0,0.0,-,0,0,0.000
1790435806,s7-ss-tcp,259310,57,1063,1063,128.7,637.3,812.5,0.0,-,0,0,0.000
1790435806,s8-tuic,251095,32,1033,1033,136.7,672.4,805.0,0.0,-,0,0,0.000
1790435806,s9-anytls,214599,22,981,981,178.7,682.8,820.3,0.0,-,0,0,0.000
1790435806,s10-vless-xhttp,228134,23,981,981,168.3,679.1,824.8,0.0,-,0,0,0.000
1790435806,s11-http-proxy,212646,34,876,876,218.8,707.5,845.2,0.0,-,0,0,0.000
1790435806,s12-vmess-h3,219965,17,934,934,208.6,698.9,840.1,0.0,-,0,0,0.000
1790435806,__proc__,0,0,0,0,-,-,-,1223.9,28541,38397,7337692,12416.754
1790435836,s1-short,227876,38,1002,1002,185.5,698.3,841.3,0.0,-,0,0,0.000
1790435836,s2-long,7,4,0,0,36.5,112.7,112.7,0.0,-,0,0,0.000
1790435836,s3-quic,648866,0,382839,382839,3.1,94.6,463.3,0.0,-,0,0,0.000
1790435836,s4-mixed-kcp,83679,1,4089216,4089216,259.4,1625.6,2233.3,0.0,-,0,0,0.000
1790435836,s5-vmess-ws,226820,27,993,993,184.8,691.0,830.5,0.0,-,0,0,0.000
1790435836,s6-trojan-grpc,249541,28,1105,1105,143.8,673.4,821.4,0.0,-,0,0,0.000
1790435836,s7-ss-tcp,259863,57,1161,1161,132.8,654.3,834.7,0.0,-,0,0,0.000
1790435836,s8-tuic,251632,32,1128,1128,140.7,679.5,825.6,0.0,-,0,0,0.000
1790435836,s9-anytls,215079,22,1008,1008,183.2,693.8,833.5,0.0,-,0,0,0.000
1790435836,s10-vless-xhttp,228634,23,1050,1050,172.0,696.8,833.8,0.0,-,0,0,0.000
1790435836,s11-http-proxy,213102,34,958,958,224.7,726.1,850.5,0.0,-,0,0,0.000
1790435836,s12-vmess-h3,220429,17,974,974,210.2,710.3,837.1,0.0,-,0,0,0.000
1790435836,__proc__,0,0,0,0,-,-,-,1220.8,28582,38751,7354156,12443.900
1790435866,s1-short,228402,38,1105,1105,185.5,712.7,849.5,0.0,-,0,0,0.000
1790435866,s2-long,7,4,0,0,36.5,112.7,112.7,0.0,-,0,0,0.000
1790435866,s3-quic,650341,0,402773,402773,3.1,90.2,495.0,0.0,-,0,0,0.000
1790435866,s4-mixed-kcp,83874,1,4332625,4332625,257.7,1644.4,2230.8,0.0,-,0,0,0.000
1790435866,s5-vmess-ws,227345,27,1102,1102,185.2,699.0,840.9,0.0,-,0,0,0.000
1790435866,s6-trojan-grpc,250129,28,1235,1235,141.0,685.2,828.5,0.0,-,0,0,0.000
1790435866,s7-ss-tcp,260471,57,1277,1277,125.8,649.5,831.1,0.0,-,0,0,0.000
1790435866,s8-tuic,252232,32,1260,1260,138.1,689.3,841.5,0.0,-,0,0,0.000
1790435866,s9-anytls,215614,22,1124,1124,182.3,718.3,845.4,0.0,-,0,0,0.000
1790435866,s10-vless-xhttp,229187,23,1161,1161,162.2,699.2,850.0,0.0,-,0,0,0.000
1790435866,s11-http-proxy,213594,34,1033,1033,215.2,735.2,874.5,0.0,-,0,0,0.000
1790435866,s12-vmess-h3,220937,17,1067,1067,193.5,712.1,843.6,0.0,-,0,0,0.000
1790435866,__proc__,0,0,0,0,-,-,-,1224.4,28696,39533,7371321,12471.152
1790435896,s1-short,228865,38,972,972,183.1,737.2,873.2,0.0,-,0,0,0.000
1790435896,s2-long,7,4,0,0,36.5,112.7,112.7,0.0,-,0,0,0.000
1790435896,s3-quic,651595,0,342426,342426,3.1,91.0,478.9,0.0,-,0,0,0.000
1790435896,s4-mixed-kcp,84043,1,3892924,3892924,257.9,1644.4,2231.6,0.0,-,0,0,0.000
1790435896,s5-vmess-ws,227804,27,964,964,185.2,723.4,870.3,0.0,-,0,0,0.000
1790435896,s6-trojan-grpc,250638,28,1069,1069,143.9,696.7,843.0,0.0,-,0,0,0.000
1790435896,s7-ss-tcp,260995,57,1100,1100,125.6,656.8,844.9,0.0,-,0,0,0.000
1790435896,s8-tuic,252742,32,1071,1071,142.0,703.7,852.8,0.0,-,0,0,0.000
1790435896,s9-anytls,216077,22,972,972,181.7,732.9,865.3,0.0,-,0,0,0.000
1790435896,s10-vless-xhttp,229672,23,1018,1018,159.7,709.3,868.4,0.0,-,0,0,0.000
1790435896,s11-http-proxy,214018,34,890,890,212.0,763.2,895.7,0.0,-,0,0,0.000
1790435896,s12-vmess-h3,221381,17,932,932,193.7,743.1,871.0,0.0,-,0,0,0.000
1790435896,__proc__,0,0,0,0,-,-,-,1223.3,28555,38599,7385431,12498.995
1790435926,s1-short,229352,38,1023,1023,180.7,746.4,875.8,0.0,-,0,0,0.000
1790435926,s2-long,7,4,0,0,36.5,112.7,112.7,0.0,-,0,0,0.000
1790435926,s3-quic,652720,0,307200,307200,3.1,105.5,503.6,0.0,-,0,0,0.000
1790435926,s4-mixed-kcp,84223,1,4249790,4249790,258.8,1647.3,2219.7,0.0,-,0,0,0.000
1790435926,s5-vmess-ws,228288,27,1016,1016,182.6,735.5,870.4,0.0,-,0,0,0.000
1790435926,s6-trojan-grpc,251174,28,1126,1126,140.7,723.2,845.7,0.0,-,0,0,0.000
1790435926,s7-ss-tcp,261548,57,1161,1161,125.1,673.3,851.7,0.0,-,0,0,0.000
1790435926,s8-tuic,253288,32,1147,1147,135.2,709.8,865.5,0.0,-,0,0,0.000
1790435926,s9-anytls,216563,22,1021,1021,178.7,743.5,860.5,0.0,-,0,0,0.000
1790435926,s10-vless-xhttp,230181,23,1069,1069,156.6,730.9,871.7,0.0,-,0,0,0.000
1790435926,s11-http-proxy,214463,34,934,934,207.5,765.0,895.7,0.0,-,0,0,0.000
1790435926,s12-vmess-h3,221856,17,998,998,196.7,752.3,872.4,0.0,-,0,0,0.000
1790435926,__proc__,0,0,0,0,-,-,-,1219.1,28906,39338,7397877,12526.438
1790435956,s1-short,229802,38,945,945,180.7,749.7,889.9,0.0,-,0,0,0.000
1790435956,s2-long,7,4,0,0,36.5,112.7,112.7,0.0,-,0,0,0.000
1790435956,s3-quic,653898,0,321673,321673,3.2,117.8,519.9,0.0,-,0,0,0.000
1790435956,s4-mixed-kcp,84395,1,3913078,3913078,262.4,1644.4,2219.7,0.0,-,0,0,0.000
1790435956,s5-vmess-ws,228741,27,951,951,182.6,745.6,885.7,0.0,-,0,0,0.000
1790435956,s6-trojan-grpc,251662,28,1025,1025,140.3,722.4,873.1,0.0,-,0,0,0.000
1790435956,s7-ss-tcp,262058,57,1071,1071,124.8,698.5,876.7,0.0,-,0,0,0.000
1790435956,s8-tuic,253789,32,1052,1052,132.2,708.9,883.6,0.0,-,0,0,0.000
1790435956,s9-anytls,217021,22,962,962,177.3,743.5,866.7,0.0,-,0,0,0.000
1790435956,s10-vless-xhttp,230650,23,985,985,157.7,732.2,884.4,0.0,-,0,0,0.000
1790435956,s11-http-proxy,214882,34,880,880,215.0,781.4,899.4,0.0,-,0,0,0.000
1790435956,s12-vmess-h3,222293,17,918,918,202.7,770.7,886.0,0.0,-,0,0,0.000
1790435956,__proc__,0,0,0,0,-,-,-,1211.3,28537,38328,7410640,12553.580
1790435986,s1-short,230285,38,1014,1014,181.8,752.2,887.2,0.0,-,0,0,0.000
1790435986,s2-long,7,4,0,0,36.5,112.7,112.7,0.0,-,0,0,0.000
1790435986,s3-quic,655125,0,335053,335053,3.2,101.0,482.8,0.0,-,0,0,0.000
1790435986,s4-mixed-kcp,84579,1,4227715,4227715,263.2,1641.9,2191.5,0.0,-,0,0,0.000
1790435986,s5-vmess-ws,229229,27,1025,1025,182.8,754.0,879.2,0.0,-,0,0,0.000
1790435986,s6-trojan-grpc,252193,28,1115,1115,142.6,720.6,875.6,0.0,-,0,0,0.000
1790435986,s7-ss-tcp,262616,57,1172,1172,129.8,687.6,876.7,0.0,-,0,0,0.000
1790435986,s8-tuic,254324,32,1124,1124,134.5,690.1,883.6,0.0,-,0,0,0.000
1790435986,s9-anytls,217510,22,1027,1027,180.9,753.5,865.5,0.0,-,0,0,0.000
1790435986,s10-vless-xhttp,231161,23,1073,1073,167.3,749.8,884.4,0.0,-,0,0,0.000
1790435986,s11-http-proxy,215330,34,941,941,227.1,789.6,899.4,0.0,-,0,0,0.000
1790435986,s12-vmess-h3,222755,17,970,970,209.8,777.2,886.0,0.0,-,0,0,0.000
1790435986,__proc__,0,0,0,0,-,-,-,1212.0,28728,38891,7423339,12582.194
1790436016,s1-short,230750,38,976,976,186.7,750.1,889.3,0.0,-,0,0,0.000
1790436016,s2-long,7,4,0,0,36.5,112.7,112.7,0.0,-,0,0,0.000
1790436016,s3-quic,656226,0,300646,300646,3.2,110.2,505.8,0.0,-,0,0,0.000
1790436016,s4-mixed-kcp,84757,1,4214122,4214122,263.5,1627.9,2158.5,0.0,-,0,0,0.000
1790436016,s5-vmess-ws,229691,27,970,970,189.0,749.0,886.1,0.0,-,0,0,0.000
1790436016,s6-trojan-grpc,252714,28,1094,1094,144.0,695.0,875.6,0.0,-,0,0,0.000
1790436016,s7-ss-tcp,263158,57,1138,1138,137.6,682.5,878.1,0.0,-,0,0,0.000
1790436016,s8-tuic,254844,32,1092,1092,139.2,689.8,883.7,0.0,-,0,0,0.000
1790436016,s9-anytls,217975,22,976,976,189.7,750.1,875.5,0.0,-,0,0,0.000
1790436016,s10-vless-xhttp,231651,23,1029,1029,175.1,742.1,884.8,0.0,-,0,0,0.000
1790436016,s11-http-proxy,215770,34,924,924,236.6,790.6,890.7,0.0,-,0,0,0.000
1790436016,s12-vmess-h3,223204,17,943,943,215.6,770.4,886.9,0.0,-,0,0,0.000
1790436016,__proc__,0,0,0,0,-,-,-,1216.2,28251,38047,7435289,12610.392
1790436046,s1-short,231202,38,949,949,191.8,741.3,889.3,0.0,-,0,0,0.000
1790436046,s2-long,7,4,0,0,36.5,112.7,112.7,0.0,-,0,0,0.000
1790436046,s3-quic,657372,0,312934,312934,3.2,115.5,557.9,0.0,-,0,0,0.000
1790436046,s4-mixed-kcp,84932,1,3975124,3975124,264.5,1642.8,2148.9,0.0,-,0,0,0.000
1790436046,s5-vmess-ws,230140,27,943,943,196.7,742.0,886.1,0.0,-,0,0,0.000
1790436046,s6-trojan-grpc,253214,28,1050,1050,148.5,706.3,873.1,0.0,-,0,0,0.000
1790436046,s7-ss-tcp,263683,57,1102,1102,143.6,690.7,871.6,0.0,-,0,0,0.000
1790436046,s8-tuic,255353,32,1069,1069,145.9,709.2,879.5,0.0,-,0,0,0.000
1790436046,s9-anytls,218430,22,956,956,195.4,747.7,875.5,0.0,-,0,0,0.000
1790436046,s10-vless-xhttp,232128,23,1002,1002,180.1,728.8,884.8,0.0,-,0,0,0.000
1790436046,s11-http-proxy,216195,34,892,892,237.2,785.7,894.5,0.0,-,0,0,0.000
1790436046,s12-vmess-h3,223639,17,914,914,216.0,762.5,887.4,0.0,-,0,0,0.000
1790436046,__proc__,0,0,0,0,-,-,-,1219.7,27713,37390,7448110,12637.170
1790436076,s1-short,231698,38,1042,1042,197.2,749.2,896.2,0.0,-,0,0,0.000
1790436076,s2-long,7,4,0,0,36.5,112.7,112.7,0.0,-,0,0,0.000
1790436076,s3-quic,658755,0,377651,377651,3.2,120.4,558.5,0.0,-,0,0,0.000
1790436076,s4-mixed-kcp,85113,1,4235223,4235223,264.8,1643.9,2148.8,0.0,-,0,0,0.000
1790436076,s5-vmess-ws,230627,27,1023,1023,202.3,749.8,887.9,0.0,-,0,0,0.000
1790436076,s6-trojan-grpc,253755,28,1136,1136,152.4,701.9,875.6,0.0,-,0,0,0.000
1790436076,s7-ss-tcp,264227,57,1142,1142,146.0,689.6,875.5,0.0,-,0,0,0.000
1790436076,s8-tuic,255894,32,1136,1136,148.9,701.1,881.7,0.0,-,0,0,0.000
1790436076,s9-anytls,218926,22,1042,1042,200.8,753.4,884.7,0.0,-,0,0,0.000
1790436076,s10-vless-xhttp,232641,23,1077,1077,175.1,726.1,877.3,0.0,-,0,0,0.000
1790436076,s11-http-proxy,216656,34,968,968,236.2,777.9,893.4,0.0,-,0,0,0.000
1790436076,s12-vmess-h3,224105,17,979,979,213.8,765.4,891.4,0.0,-,0,0,0.000
1790436076,__proc__,0,0,0,0,-,-,-,1214.9,27901,38022,7463944,12664.235
1790436106,s1-short,232185,38,1023,1023,193.2,744.1,892.3,0.0,-,0,0,0.000
1790436106,s2-long,7,4,0,0,36.5,112.7,112.7,0.0,-,0,0,0.000
1790436106,s3-quic,660195,0,393216,393216,3.1,114.0,542.0,0.0,-,0,0,0.000
1790436106,s4-mixed-kcp,85293,1,3853737,3853737,262.3,1641.9,2123.1,0.0,-,0,0,0.000
1790436106,s5-vmess-ws,231104,27,1002,1002,198.4,749.8,878.1,0.0,-,0,0,0.000
1790436106,s6-trojan-grpc,254276,28,1094,1094,158.0,705.1,869.3,0.0,-,0,0,0.000
1790436106,s7-ss-tcp,264770,57,1140,1140,144.0,683.8,856.6,0.0,-,0,0,0.000
1790436106,s8-tuic,256423,32,1111,1111,149.9,697.9,875.6,0.0,-,0,0,0.000
1790436106,s9-anytls,219416,22,1029,1029,196.2,750.1,875.0,0.0,-,0,0,0.000
1790436106,s10-vless-xhttp,233142,23,1052,1052,167.1,717.0,872.4,0.0,-,0,0,0.000
1790436106,s11-http-proxy,217105,34,943,943,232.1,775.5,889.8,0.0,-,0,0,0.000
1790436106,s12-vmess-h3,224567,17,970,970,208.2,754.0,886.9,0.0,-,0,0,0.000
1790436106,__proc__,0,0,0,0,-,-,-,1212.1,28158,38144,7480432,12690.743
1790436136,s1-short,232691,38,1063,1063,187.7,732.9,854.5,0.0,-,0,0,0.000
1790436136,s2-long,7,4,0,0,36.5,112.7,112.7,0.0,-,0,0,0.000
1790436136,s3-quic,661702,0,411511,411511,3.0,88.8,499.7,0.0,-,0,0,0.000
1790436136,s4-mixed-kcp,85480,1,4385288,4385288,260.7,1643.9,2127.3,0.0,-,0,0,0.000
1790436136,s5-vmess-ws,231606,27,1054,1054,195.1,744.2,867.1,0.0,-,0,0,0.000
1790436136,s6-trojan-grpc,254832,28,1168,1168,155.9,694.5,831.7,0.0,-,0,0,0.000
1790436136,s7-ss-tcp,265345,57,1208,1208,141.2,677.8,812.7,0.0,-,0,0,0.000
1790436136,s8-tuic,256981,32,1172,1172,149.6,689.8,850.8,0.0,-,0,0,0.000
1790436136,s9-anytls,219924,22,1067,1067,188.0,736.0,846.2,0.0,-,0,0,0.000
1790436136,s10-vless-xhttp,233663,23,1094,1094,167.5,708.7,843.3,0.0,-,0,0,0.000
1790436136,s11-http-proxy,217571,34,979,979,226.8,766.4,879.1,0.0,-,0,0,0.000
1790436136,s12-vmess-h3,225061,17,1037,1037,217.2,751.0,881.0,0.0,-,0,0,0.000
1790436136,__proc__,0,0,0,0,-,-,-,1213.1,28134,38598,7497441,12716.878
1790436166,s1-short,233182,38,1031,1031,188.0,725.0,839.8,0.0,-,0,0,0.000
1790436166,s2-long,7,4,0,0,36.5,112.7,112.7,0.0,-,0,0,0.000
1790436166,s3-quic,663152,0,395947,395947,3.0,85.5,495.7,0.0,-,0,0,0.000
1790436166,s4-mixed-kcp,85666,1,4135439,4135439,261.4,1643.9,2100.2,0.0,-,0,0,0.000
1790436166,s5-vmess-ws,232088,27,1012,1012,193.6,727.7,844.6,0.0,-,0,0,0.000
1790436166,s6-trojan-grpc,255376,28,1142,1142,153.0,675.9,789.4,0.0,-,0,0,0.000
1790436166,s7-ss-tcp,265913,57,1193,1193,138.0,669.9,787.9,0.0,-,0,0,0.000
1790436166,s8-tuic,257534,32,1161,1161,146.6,675.6,800.7,0.0,-,0,0,0.000
1790436166,s9-anytls,220403,22,1006,1006,189.4,731.0,834.1,0.0,-,0,0,0.000
1790436166,s10-vless-xhttp,234176,23,1077,1077,172.7,698.7,839.6,0.0,-,0,0,0.000
1790436166,s11-http-proxy,218016,34,934,934,233.4,748.5,855.7,0.0,-,0,0,0.000
1790436166,s12-vmess-h3,225521,17,966,966,220.5,739.5,866.8,0.0,-,0,0,0.000
1790436166,__proc__,0,0,0,0,-,-,-,1225.6,28184,38238,7513463,12744.410
1790436196,s1-short,233669,38,1023,1023,189.0,729.1,818.7,0.0,-,0,0,0.000
1790436196,s2-long,7,4,0,0,36.5,112.7,112.7,0.0,-,0,0,0.000
1790436196,s3-quic,664420,0,346249,346249,3.0,87.3,486.4,0.0,-,0,0,0.000
1790436196,s4-mixed-kcp,85851,1,4081500,4081500,262.1,1630.4,2100.2,0.0,-,0,0,0.000
1790436196,s5-vmess-ws,232577,27,1027,1027,188.0,729.9,828.3,0.0,-,0,0,0.000
1790436196,s6-trojan-grpc,255919,28,1140,1140,150.0,682.4,787.9,0.0,-,0,0,0.000
1790436196,s7-ss-tcp,266467,57,1163,1163,143.3,674.6,785.9,0.0,-,0,0,0.000
1790436196,s8-tuic,258081,32,1149,1149,145.7,684.4,796.9,0.0,-,0,0,0.000
1790436196,s9-anytls,220894,22,1031,1031,189.5,733.5,824.5,0.0,-,0,0,0.000
1790436196,s10-vless-xhttp,234694,23,1088,1088,179.6,708.2,811.6,0.0,-,0,0,0.000
1790436196,s11-http-proxy,218455,34,922,922,239.4,764.8,870.9,0.0,-,0,0,0.000
1790436196,s12-vmess-h3,225989,17,983,983,223.0,742.4,841.1,0.0,-,0,0,0.000
1790436196,__proc__,0,0,0,0,-,-,-,1224.8,28299,38500,7526756,12771.877
1790436226,s1-short,234186,38,1086,1086,189.2,735.6,826.9,0.0,-,0,0,0.000
1790436226,s2-long,7,4,0,0,36.5,112.7,112.7,0.0,-,0,0,0.000
1790436226,s3-quic,665935,0,413696,413696,3.0,92.3,457.8,0.0,-,0,0,0.000
1790436226,s4-mixed-kcp,86042,1,4468979,4468979,262.3,1626.8,2087.7,0.0,-,0,0,0.000
1790436226,s5-vmess-ws,233097,27,1092,1092,187.1,739.9,835.2,0.0,-,0,0,0.000
1790436226,s6-trojan-grpc,256487,28,1193,1193,152.2,703.1,792.3,0.0,-,0,0,0.000
1790436226,s7-ss-tcp,267062,57,1250,1250,139.8,680.9,788.4,0.0,-,0,0,0.000
1790436226,s8-tuic,258654,32,1203,1203,148.6,702.6,813.1,0.0,-,0,0,0.000
1790436226,s9-anytls,221414,22,1092,1092,194.4,743.4,829.9,0.0,-,0,0,0.000
1790436226,s10-vless-xhttp,235223,23,1111,1111,173.7,709.4,813.8,0.0,-,0,0,0.000
1790436226,s11-http-proxy,218930,34,998,998,237.8,774.8,874.1,0.0,-,0,0,0.000
1790436226,s12-vmess-h3,226497,17,1067,1067,208.2,749.2,842.4,0.0,-,0,0,0.000
1790436226,__proc__,0,0,0,0,-,-,-,1231.7,28461,39136,7544502,12797.604
1790436256,s1-short,234679,38,1035,1035,187.9,734.7,834.8,0.0,-,0,0,0.000
1790436256,s2-long,7,4,0,0,36.5,112.7,112.7,0.0,-,0,0,0.000
1790436256,s3-quic,667531,0,435814,435814,3.0,79.6,467.7,0.0,-,0,0,0.000
1790436256,s4-mixed-kcp,86220,1,4204461,4204461,261.7,1622.0,2086.8,0.0,-,0,0,0.000
1790436256,s5-vmess-ws,233585,27,1025,1025,189.5,739.6,840.5,0.0,-,0,0,0.000
1790436256,s6-trojan-grpc,257039,28,1159,1159,147.5,697.7,791.0,0.0,-,0,0,0.000
1790436256,s7-ss-tcp,267623,57,1178,1178,135.3,670.5,783.1,0.0,-,0,0,0.000
1790436256,s8-tuic,259193,32,1132,1132,145.7,693.9,808.8,0.0,-,0,0,0.000
1790436256,s9-anytls,221905,22,1031,1031,189.7,740.0,838.4,0.0,-,0,0,0.000
1790436256,s10-vless-xhttp,235738,23,1082,1082,163.6,708.8,807.7,0.0,-,0,0,0.000
1790436256,s11-http-proxy,219391,34,968,968,228.7,769.6,872.7,0.0,-,0,0,0.000
1790436256,s12-vmess-h3,226971,17,995,995,202.1,749.2,844.8,0.0,-,0,0,0.000
1790436256,__proc__,0,0,0,0,-,-,-,1220.3,28683,38901,7563293,12823.601
1790436286,s1-short,235156,38,1002,1002,185.4,727.9,830.2,0.0,-,0,0,0.000
1790436286,s2-long,7,4,0,0,36.5,112.7,112.7,0.0,-,0,0,0.000
1790436286,s3-quic,669064,0,418611,418611,3.0,82.8,478.5,0.0,-,0,0,0.000
1790436286,s4-mixed-kcp,86396,1,3963981,3963981,258.4,1626.8,2087.7,0.0,-,0,0,0.000
1790436286,s5-vmess-ws,234054,27,985,985,188.4,733.2,827.6,0.0,-,0,0,0.000
1790436286,s6-trojan-grpc,257562,28,1098,1098,145.8,689.1,797.0,0.0,-,0,0,0.000
1790436286,s7-ss-tcp,268175,57,1159,1159,130.9,657.4,783.9,0.0,-,0,0,0.000
1790436286,s8-tuic,259720,32,1107,1107,143.6,674.6,789.3,0.0,-,0,0,0.000
1790436286,s9-anytls,222374,22,985,985,188.2,734.0,830.4,0.0,-,0,0,0.000
1790436286,s10-vless-xhttp,236230,23,1033,1033,162.3,709.2,819.8,0.0,-,0,0,0.000
1790436286,s11-http-proxy,219845,34,953,953,214.6,765.1,876.0,0.0,-,0,0,0.000
1790436286,s12-vmess-h3,227429,17,962,962,201.0,745.1,836.5,0.0,-,0,0,0.000
1790436286,__proc__,0,0,0,0,-,-,-,1221.0,28600,38667,7580789,12849.922
1790436316,s1-short,235608,38,949,949,183.7,724.5,843.9,0.0,-,0,0,0.000
1790436316,s2-long,7,4,0,0,36.5,112.7,112.7,0.0,-,0,0,0.000
1790436316,s3-quic,670430,0,373009,373009,3.0,80.4,489.7,0.0,-,0,0,0.000
1790436316,s4-mixed-kcp,86558,1,4078628,4078628,259.8,1626.8,2087.7,0.0,-,0,0,0.000
1790436316,s5-vmess-ws,234502,27,941,941,185.1,724.9,828.8,0.0,-,0,0,0.000
1790436316,s6-trojan-grpc,258062,28,1050,1050,142.9,683.1,818.1,0.0,-,0,0,0.000
1790436316,s7-ss-tcp,268688,57,1077,1077,128.3,670.5,806.9,0.0,-,0,0,0.000
1790436316,s8-tuic,260219,32,1048,1048,141.1,690.5,808.8,0.0,-,0,0,0.000
1790436316,s9-anytls,222820,22,937,937,188.4,727.3,837.5,0.0,-,0,0,0.000
1790436316,s10-vless-xhttp,236701,23,989,989,162.1,712.2,824.0,0.0,-,0,0,0.000
1790436316,s11-http-proxy,220267,34,886,886,217.6,766.0,879.9,0.0,-,0,0,0.000
1790436316,s12-vmess-h3,227858,17,901,901,208.2,742.9,842.4,0.0,-,0,0,0.000
1790436316,__proc__,0,0,0,0,-,-,-,1216.6,28179,37869,7596266,12876.349
1790436346,s1-short,236056,38,941,941,189.0,724.9,868.9,0.0,-,0,0,0.000
1790436346,s2-long,7,4,0,0,36.5,112.7,112.7,0.0,-,0,0,0.000
1790436346,s3-quic,671657,0,335053,335053,3.1,89.4,499.5,0.0,-,0,0,0.000
1790436346,s4-mixed-kcp,86726,1,3848832,3848832,262.3,1627.9,2123.1,0.0,-,0,0,0.000
1790436346,s5-vmess-ws,234948,27,937,937,191.3,723.2,841.2,0.0,-,0,0,0.000
1790436346,s6-trojan-grpc,258558,28,1042,1042,142.9,704.3,854.0,0.0,-,0,0,0.000
1790436346,s7-ss-tcp,269198,57,1071,1071,128.9,689.0,833.4,0.0,-,0,0,0.000
1790436346,s8-tuic,260708,32,1027,1027,141.7,709.6,836.3,0.0,-,0,0,0.000
1790436346,s9-anytls,223268,22,941,941,191.4,727.6,874.0,0.0,-,0,0,0.000
1790436346,s10-vless-xhttp,237167,23,979,979,164.1,715.4,842.5,0.0,-,0,0,0.000
1790436346,s11-http-proxy,220684,34,876,876,222.2,755.7,887.8,0.0,-,0,0,0.000
1790436346,s12-vmess-h3,228287,17,901,901,212.8,738.6,848.9,0.0,-,0,0,0.000
1790436346,__proc__,0,0,0,0,-,-,-,1205.3,28299,38095,7609634,12904.330
1790436376,s1-short,236531,38,998,998,195.0,734.0,871.7,0.0,-,0,0,0.000
1790436376,s2-long,7,4,0,0,36.5,112.7,112.7,0.0,-,0,0,0.000
1790436376,s3-quic,672830,0,320307,320307,3.1,104.0,498.2,0.0,-,0,0,0.000
1790436376,s4-mixed-kcp,86907,1,4194539,4194539,264.8,1628.2,2123.1,0.0,-,0,0,0.000
1790436376,s5-vmess-ws,235421,27,993,993,196.3,729.5,848.5,0.0,-,0,0,0.000
1790436376,s6-trojan-grpc,259084,28,1105,1105,145.4,709.3,857.4,0.0,-,0,0,0.000
1790436376,s7-ss-tcp,269741,57,1140,1140,137.8,692.1,854.2,0.0,-,0,0,0.000
1790436376,s8-tuic,261230,32,1096,1096,145.0,712.6,845.2,0.0,-,0,0,0.000
1790436376,s9-anytls,223756,22,1025,1025,198.5,735.0,874.0,0.0,-,0,0,0.000
1790436376,s10-vless-xhttp,237665,23,1046,1046,175.8,718.2,850.9,0.0,-,0,0,0.000
1790436376,s11-http-proxy,221133,34,943,943,230.2,755.9,888.4,0.0,-,0,0,0.000
1790436376,s12-vmess-h3,228750,17,972,972,220.0,737.2,866.7,0.0,-,0,0,0.000
1790436376,__proc__,0,0,0,0,-,-,-,1199.8,28315,38432,7622701,12931.971
1790436406,s1-short,236993,38,970,970,200.9,736.0,875.0,0.0,-,0,0,0.000
1790436406,s2-long,7,4,0,0,36.5,112.7,112.7,0.0,-,0,0,0.000
1790436406,s3-quic,674067,0,337783,337783,3.1,111.6,529.6,0.0,-,0,0,0.000
1790436406,s4-mixed-kcp,87079,1,3976625,3976625,267.8,1642.8,2128.3,0.0,-,0,0,0.000
1790436406,s5-vmess-ws,235877,27,958,958,202.8,734.4,857.9,0.0,-,0,0,0.000
1790436406,s6-trojan-grpc,259590,28,1063,1063,149.5,714.1,865.8,0.0,-,0,0,0.000
1790436406,s7-ss-tcp,270268,57,1107,1107,143.4,689.7,860.2,0.0,-,0,0,0.000
1790436406,s8-tuic,261742,32,1075,1075,152.9,718.6,850.2,0.0,-,0,0,0.000
1790436406,s9-anytls,224219,22,972,972,201.7,736.2,875.5,0.0,-,0,0,0.000
1790436406,s10-vless-xhttp,238148,23,1014,1014,186.0,729.3,859.6,0.0,-,0,0,0.000
1790436406,s11-http-proxy,221565,34,907,907,237.0,766.1,888.4,0.0,-,0,0,0.000
1790436406,s12-vmess-h3,229193,17,930,930,221.5,737.2,867.3,0.0,-,0,0,0.000
1790436406,__proc__,0,0,0,0,-,-,-,1201.0,28169,38025,7636004,12958.202
1790436436,s1-short,237529,38,1126,1126,202.6,741.3,875.0,0.0,-,0,0,0.000
1790436436,s2-long,7,4,0,0,36.5,112.7,112.7,0.0,-,0,0,0.000
1790436436,s3-quic,675800,0,473225,473225,3.1,96.0,498.4,0.0,-,0,0,0.000
1790436436,s4-mixed-kcp,87268,1,4194835,4194835,268.1,1645.4,2128.3,0.0,-,0,0,0.000
1790436436,s5-vmess-ws,236420,27,1140,1140,206.1,739.9,857.9,0.0,-,0,0,0.000
1790436436,s6-trojan-grpc,260189,28,1258,1258,155.7,695.9,865.8,0.0,-,0,0,0.000
1790436436,s7-ss-tcp,270885,57,1296,1296,142.1,667.0,860.2,0.0,-,0,0,0.000
1790436436,s8-tuic,262341,32,1258,1258,155.4,706.8,850.2,0.0,-,0,0,0.000
1790436436,s9-anytls,224764,22,1144,1144,202.2,741.1,874.8,0.0,-,0,0,0.000
1790436436,s10-vless-xhttp,238705,23,1170,1170,179.4,714.9,859.6,0.0,-,0,0,0.000
1790436436,s11-http-proxy,222067,34,1054,1054,230.8,768.9,888.4,0.0,-,0,0,0.000
1790436436,s12-vmess-h3,229710,17,1086,1086,212.0,742.9,867.3,0.0,-,0,0,0.000
1790436436,__proc__,0,0,0,0,-,-,-,1203.3,28459,39285,7656015,12984.563
1790436466,s1-short,238008,38,1006,1006,204.2,733.6,875.0,0.0,-,0,0,0.000
1790436466,s2-long,7,4,0,0,36.5,112.7,112.7,0.0,-,0,0,0.000
1790436466,s3-quic,677226,0,389393,389393,3.1,80.4,507.6,0.0,-,0,0,0.000
1790436466,s4-mixed-kcp,87459,1,4017566,4017566,267.1,1638.3,2084.7,0.0,-,0,0,0.000
1790436466,s5-vmess-ws,236894,27,995,995,207.9,732.3,867.8,0.0,-,0,0,0.000
1790436466,s6-trojan-grpc,260719,28,1113,1113,154.5,680.8,860.0,0.0,-,0,0,0.000
1790436466,s7-ss-tcp,271447,57,1180,1180,132.8,642.4,851.2,0.0,-,0,0,0.000
1790436466,s8-tuic,262875,32,1121,1121,153.8,691.3,847.4,0.0,-,0,0,0.000
1790436466,s9-anytls,225245,22,1010,1010,202.8,734.9,874.8,0.0,-,0,0,0.000
1790436466,s10-vless-xhttp,239208,23,1056,1056,175.7,690.7,858.8,0.0,-,0,0,0.000
1790436466,s11-http-proxy,222515,34,941,941,227.7,757.6,890.9,0.0,-,0,0,0.000
1790436466,s12-vmess-h3,230168,17,962,962,216.3,732.1,866.7,0.0,-,0,0,0.000
1790436466,__proc__,0,0,0,0,-,-,-,1207.6,28281,38374,7672118,13011.229
1790436496,s1-short,238483,38,998,998,204.7,715.0,866.7,0.0,-,0,0,0.000
1790436496,s2-long,7,4,0,0,36.5,112.7,112.7,0.0,-,0,0,0.000
1790436496,s3-quic,678635,0,384751,384751,3.0,82.8,528.1,0.0,-,0,0,0.000
1790436496,s4-mixed-kcp,87633,1,3985341,3985341,264.5,1647.7,2078.1,0.0,-,0,0,0.000
1790436496,s5-vmess-ws,237354,27,966,966,209.5,716.8,856.2,0.0,-,0,0,0.000
1790436496,s6-trojan-grpc,261251,28,1117,1117,154.5,661.6,857.4,0.0,-,0,0,0.000
1790436496,s7-ss-tcp,271998,57,1157,1157,132.4,640.2,850.4,0.0,-,0,0,0.000
1790436496,s8-tuic,263403,32,1109,1109,153.4,670.1,838.0,0.0,-,0,0,0.000
1790436496,s9-anytls,225720,22,998,998,200.9,708.1,860.1,0.0,-,0,0,0.000
1790436496,s10-vless-xhttp,239699,23,1031,1031,176.7,689.8,859.8,0.0,-,0,0,0.000
1790436496,s11-http-proxy,222954,34,922,922,219.5,742.8,858.5,0.0,-,0,0,0.000
1790436496,s12-vmess-h3,230616,17,941,941,217.4,717.4,859.9,0.0,-,0,0,0.000
1790436496,__proc__,0,0,0,0,-,-,-,1211.7,28366,38301,7688008,13038.222
1790436526,s1-short,238951,38,983,983,203.7,701.5,858.3,0.0,-,0,0,0.000
1790436526,s2-long,7,4,0,0,36.5,112.7,112.7,0.0,-,0,0,0.000
1790436526,s3-quic,680179,0,421615,421615,3.0,82.0,526.2,0.0,-,0,0,0.000
1790436526,s4-mixed-kcp,87809,1,4105637,4105637,265.0,1650.3,2078.1,0.0,-,0,0,0.000
1790436526,s5-vmess-ws,237818,27,974,974,210.6,703.3,844.6,0.0,-,0,0,0.000
1790436526,s6-trojan-grpc,261765,28,1079,1079,155.3,659.3,851.5,0.0,-,0,0,0.000
1790436526,s7-ss-tcp,272535,57,1128,1128,132.7,646.9,835.2,0.0,-,0,0,0.000
1790436526,s8-tuic,263920,32,1086,1086,153.2,664.4,818.5,0.0,-,0,0,0.000
1790436526,s9-anytls,226195,22,998,998,199.4,697.1,855.7,0.0,-,0,0,0.000
1790436526,s10-vless-xhttp,240188,23,1027,1027,183.7,688.1,851.4,0.0,-,0,0,0.000
1790436526,s11-http-proxy,223402,34,941,941,226.6,730.7,857.9,0.0,-,0,0,0.000
1790436526,s12-vmess-h3,231070,17,953,953,220.7,708.4,859.5,0.0,-,0,0,0.000
1790436526,__proc__,0,0,0,0,-,-,-,1219.5,27982,37913,7706207,13063.869
1790436556,s1-short,239421,38,987,987,207.0,701.6,849.3,0.0,-,0,0,0.000
1790436556,s2-long,7,4,0,0,36.5,112.7,112.7,0.0,-,0,0,0.000
1790436556,s3-quic,681718,0,420250,420250,3.0,80.1,486.5,0.0,-,0,0,0.000
1790436556,s4-mixed-kcp,87990,1,4057363,4057363,267.1,1648.4,2078.1,0.0,-,0,0,0.000
1790436556,s5-vmess-ws,238288,27,987,987,211.5,704.3,842.7,0.0,-,0,0,0.000
1790436556,s6-trojan-grpc,262282,28,1086,1086,159.9,668.8,813.3,0.0,-,0,0,0.000
1790436556,s7-ss-tcp,273080,57,1144,1144,139.1,647.6,798.1,0.0,-,0,0,0.000
1790436556,s8-tuic,264443,32,1098,1098,153.2,670.2,790.8,0.0,-,0,0,0.000
1790436556,s9-anytls,226664,22,985,985,199.6,701.9,841.8,0.0,-,0,0,0.000
1790436556,s10-vless-xhttp,240684,23,1042,1042,191.4,689.6,842.9,0.0,-,0,0,0.000
1790436556,s11-http-proxy,223850,34,941,941,232.9,729.7,851.2,0.0,-,0,0,0.000
1790436556,s12-vmess-h3,231529,17,964,964,226.1,706.9,848.9,0.0,-,0,0,0.000
1790436556,__proc__,0,0,0,0,-,-,-,1225.2,27934,38018,7723884,13090.670
1790436586,s1-short,239927,38,1063,1063,206.2,698.2,808.4,0.0,-,0,0,0.000
1790436586,s2-long,7,4,0,0,36.5,112.7,112.7,0.0,-,0,0,0.000
1790436586,s3-quic,683219,0,409873,409873,3.0,78.2,457.2,0.0,-,0,0,0.000
1790436586,s4-mixed-kcp,88176,1,4115064,4115064,268.0,1654.6,2078.1,0.0,-,0,0,0.000
1790436586,s5-vmess-ws,238786,27,1046,1046,207.8,699.4,821.8,0.0,-,0,0,0.000
1790436586,s6-trojan-grpc,262827,28,1144,1144,158.9,657.3,777.7,0.0,-,0,0,0.000
1790436586,s7-ss-tcp,273643,57,1182,1182,143.7,645.0,777.0,0.0,-,0,0,0.000
1790436586,s8-tuic,264984,32,1136,1136,152.7,657.8,767.4,0.0,-,0,0,0.000
1790436586,s9-anytls,227168,22,1058,1058,200.2,697.0,813.3,0.0,-,0,0,0.000
1790436586,s10-vless-xhttp,241193,23,1069,1069,191.4,685.9,808.8,0.0,-,0,0,0.000
1790436586,s11-http-proxy,224322,34,991,991,235.2,729.7,851.2,0.0,-,0,0,0.000
1790436586,s12-vmess-h3,232012,17,1014,1014,222.1,697.9,826.4,0.0,-,0,0,0.000
1790436586,__proc__,0,0,0,0,-,-,-,1218.9,28003,38453,7740812,13117.270
1790436616,s1-short,240454,38,1107,1107,199.5,706.5,814.0,0.0,-,0,0,0.000
1790436616,s2-long,7,4,0,0,36.5,112.7,112.7,0.0,-,0,0,0.000
1790436616,s3-quic,684963,0,476228,476228,3.0,74.6,452.1,0.0,-,0,0,0.000
1790436616,s4-mixed-kcp,88368,1,4072899,4072899,265.1,1638.3,2075.8,0.0,-,0,0,0.000
1790436616,s5-vmess-ws,239312,27,1105,1105,202.8,708.4,825.6,0.0,-,0,0,0.000
1790436616,s6-trojan-grpc,263416,28,1237,1237,154.3,658.2,789.4,0.0,-,0,0,0.000
1790436616,s7-ss-tcp,274265,57,1306,1306,130.1,638.9,761.1,0.0,-,0,0,0.000
1790436616,s8-tuic,265580,32,1252,1252,147.9,658.2,784.2,0.0,-,0,0,0.000
1790436616,s9-anytls,227698,22,1113,1113,196.2,697.1,822.7,0.0,-,0,0,0.000
1790436616,s10-vless-xhttp,241739,23,1147,1147,178.6,682.3,800.7,0.0,-,0,0,0.000
1790436616,s11-http-proxy,224803,34,1010,1010,220.8,730.7,837.8,0.0,-,0,0,0.000
1790436616,s12-vmess-h3,232517,17,1060,1060,206.4,701.6,842.0,0.0,-,0,0,0.000
1790436616,__proc__,0,0,0,0,-,-,-,1206.2,28577,39271,7760913,13144.847
1790436646,s1-short,240960,38,1063,1063,194.7,692.4,790.6,0.0,-,0,0,0.000
1790436646,s2-long,7,4,0,0,36.5,112.7,112.7,0.0,-,0,0,0.000
1790436646,s3-quic,686481,0,414515,414515,3.0,79.0,452.1,0.0,-,0,0,0.000
1790436646,s4-mixed-kcp,88550,1,4004567,4004567,261.7,1639.2,2084.7,0.0,-,0,0,0.000
1790436646,s5-vmess-ws,239808,27,1042,1042,198.9,696.4,810.8,0.0,-,0,0,0.000
1790436646,s6-trojan-grpc,263974,28,1172,1172,150.5,657.2,775.7,0.0,-,0,0,0.000
1790436646,s7-ss-tcp,274841,57,1210,1210,127.6,634.4,752.6,0.0,-,0,0,0.000
1790436646,s8-tuic,266137,32,1170,1170,143.3,649.4,781.5,0.0,-,0,0,0.000
1790436646,s9-anytls,228205,22,1065,1065,189.3,688.7,793.2,0.0,-,0,0,0.000
1790436646,s10-vless-xhttp,242262,23,1098,1098,168.7,681.9,791.8,0.0,-,0,0,0.000
1790436646,s11-http-proxy,225267,34,974,974,211.4,730.7,831.9,0.0,-,0,0,0.000
1790436646,s12-vmess-h3,233004,17,1023,1023,207.6,704.2,826.1,0.0,-,0,0,0.000
1790436646,__proc__,0,0,0,0,-,-,-,1212.0,28811,39399,7777898,13171.008
1790436676,s1-short,241420,38,966,966,194.0,706.0,825.9,0.0,-,0,0,0.000
1790436676,s2-long,7,4,0,0,36.5,112.7,112.7,0.0,-,0,0,0.000
1790436676,s3-quic,687897,0,386662,386662,3.0,84.7,474.6,0.0,-,0,0,0.000
1790436676,s4-mixed-kcp,88720,1,3701930,3701930,261.5,1654.6,2107.7,0.0,-,0,0,0.000
1790436676,s5-vmess-ws,240271,27,972,972,196.6,704.3,822.4,0.0,-,0,0,0.000
1790436676,s6-trojan-grpc,264485,28,1073,1073,149.9,657.2,815.4,0.0,-,0,0,0.000
1790436676,s7-ss-tcp,275365,57,1100,1100,128.7,637.8,784.9,0.0,-,0,0,0.000
1790436676,s8-tuic,266645,32,1067,1067,143.5,651.0,815.1,0.0,-,0,0,0.000
1790436676,s9-anytls,228668,22,972,972,188.4,701.9,829.6,0.0,-,0,0,0.000
1790436676,s10-vless-xhttp,242735,23,993,993,172.7,687.5,834.3,0.0,-,0,0,0.000
1790436676,s11-http-proxy,225693,34,895,895,213.9,732.7,835.8,0.0,-,0,0,0.000
1790436676,s12-vmess-h3,233451,17,939,939,211.6,718.2,850.9,0.0,-,0,0,0.000
1790436676,__proc__,0,0,0,0,-,-,-,1212.3,28629,38696,7793374,13197.851
1790436706,s1-short,241865,38,934,934,194.5,716.8,854.5,0.0,-,0,0,0.000
1790436706,s2-long,7,4,0,0,36.5,112.7,112.7,0.0,-,0,0,0.000
1790436706,s3-quic,689398,0,409873,409873,3.0,82.9,488.3,0.0,-,0,0,0.000
1790436706,s4-mixed-kcp,88881,1,3469620,3469620,263.3,1672.8,2120.3,0.0,-,0,0,0.000
1790436706,s5-vmess-ws,240711,27,924,924,197.0,703.3,842.1,0.0,-,0,0,0.000
1790436706,s6-trojan-grpc,264968,28,1014,1014,150.8,668.6,841.7,0.0,-,0,0,0.000
1790436706,s7-ss-tcp,275872,57,1065,1065,133.3,654.0,816.7,0.0,-,0,0,0.000
1790436706,s8-tuic,267141,32,1042,1042,145.3,669.5,841.3,0.0,-,0,0,0.000
1790436706,s9-anytls,229112,22,932,932,189.3,708.4,847.0,0.0,-,0,0,0.000
1790436706,s10-vless-xhttp,243202,23,981,981,178.5,695.9,846.6,0.0,-,0,0,0.000
1790436706,s11-http-proxy,226124,34,905,905,218.5,740.5,861.1,0.0,-,0,0,0.000
1790436706,s12-vmess-h3,233886,17,914,914,216.5,723.0,869.3,0.0,-,0,0,0.000
1790436706,__proc__,0,0,0,0,-,-,-,1212.9,28483,38455,7810857,13224.547
1790436736,s1-short,242362,38,1044,1044,196.3,721.1,855.3,0.0,-,0,0,0.000
1790436736,s2-long,7,4,0,0,36.5,112.7,112.7,0.0,-,0,0,0.000
1790436736,s3-quic,690854,0,397585,397585,3.0,81.4,444.7,0.0,-,0,0,0.000
1790436736,s4-mixed-kcp,89063,1,4374435,4374435,263.5,1667.6,2128.3,0.0,-,0,0,0.000
1790436736,s5-vmess-ws,241196,27,1018,1018,198.9,714.6,847.8,0.0,-,0,0,0.000
1790436736,s6-trojan-grpc,265498,28,1113,1113,151.8,674.3,838.4,0.0,-,0,0,0.000
1790436736,s7-ss-tcp,276407,57,1124,1124,140.4,660.8,821.2,0.0,-,0,0,0.000
1790436736,s8-tuic,267678,32,1128,1128,145.2,683.0,837.3,0.0,-,0,0,0.000
1790436736,s9-anytls,229602,22,1029,1029,192.3,709.0,851.8,0.0,-,0,0,0.000
1790436736,s10-vless-xhttp,243703,23,1052,1052,184.8,702.6,847.8,0.0,-,0,0,0.000
1790436736,s11-http-proxy,226588,34,974,974,222.2,751.1,866.0,0.0,-,0,0,0.000
1790436736,s12-vmess-h3,234353,17,981,981,218.4,725.4,869.3,0.0,-,0,0,0.000
1790436736,__proc__,0,0,0,0,-,-,-,1220.8,27969,38226,7827190,13251.437
1790436766,s1-short,242839,38,1002,1002,200.3,708.2,853.4,0.0,-,0,0,0.000
1790436766,s2-long,7,4,0,0,36.5,112.7,112.7,0.0,-,0,0,0.000
1790436766,s3-quic,692358,0,410692,410692,3.0,74.6,446.7,0.0,-,0,0,0.000
1790436766,s4-mixed-kcp,89245,1,3981717,3981717,262.3,1668.6,2128.6,0.0,-,0,0,0.000
1790436766,s5-vmess-ws,241675,27,1006,1006,201.1,706.4,841.5,0.0,-,0,0,0.000
1790436766,s6-trojan-grpc,266033,28,1124,1124,151.7,657.8,838.4,0.0,-,0,0,0.000
1790436766,s7-ss-tcp,276971,57,1184,1184,142.3,645.9,821.2,0.0,-,0,0,0.000
1790436766,s8-tuic,268216,32,1130,1130,147.4,661.9,837.3,0.0,-,0,0,0.000
1790436766,s9-anytls,230089,22,1023,1023,197.1,704.1,846.4,0.0,-,0,0,0.000
1790436766,s10-vless-xhttp,244199,23,1042,1042,189.0,690.6,843.2,0.0,-,0,0,0.000
1790436766,s11-http-proxy,227044,34,958,958,228.1,739.9,864.4,0.0,-,0,0,0.000
1790436766,s12-vmess-h3,234825,17,991,991,212.5,713.0,868.5,0.0,-,0,0,0.000
1790436766,__proc__,0,0,0,0,-,-,-,1218.2,28112,38466,7844140,13278.496
1790436796,s1-short,243368,38,1111,1111,193.8,706.1,853.4,0.0,-,0,0,0.000
1790436796,s2-long,7,4,0,0,36.5,112.7,112.7,0.0,-,0,0,0.000
1790436796,s3-quic,694060,0,464759,464759,3.0,74.5,437.5,0.0,-,0,0,0.000
1790436796,s4-mixed-kcp,89433,1,4198776,4198776,264.5,1660.5,2130.5,0.0,-,0,0,0.000
1790436796,s5-vmess-ws,242197,27,1096,1096,195.4,701.4,844.4,0.0,-,0,0,0.000
1790436796,s6-trojan-grpc,266610,28,1212,1212,147.1,668.6,841.3,0.0,-,0,0,0.000
1790436796,s7-ss-tcp,277577,57,1273,1273,133.6,649.6,826.5,0.0,-,0,0,0.000
1790436796,s8-tuic,268799,32,1224,1224,142.1,674.2,843.6,0.0,-,0,0,0.000
1790436796,s9-anytls,230611,22,1096,1096,189.3,701.8,846.8,0.0,-,0,0,0.000
1790436796,s10-vless-xhttp,244742,23,1140,1140,172.7,677.9,846.5,0.0,-,0,0,0.000
1790436796,s11-http-proxy,227544,34,1050,1050,217.6,751.2,864.6,0.0,-,0,0,0.000
1790436796,s12-vmess-h3,235336,17,1073,1073,204.0,714.1,868.5,0.0,-,0,0,0.000
1790436796,__proc__,0,0,0,0,-,-,-,1216.8,28552,39509,7863584,13304.589
1790436826,s1-short,243866,38,1046,1046,188.9,706.1,857.4,0.0,-,0,0,0.000
1790436826,s2-long,7,4,0,0,36.5,112.7,112.7,0.0,-,0,0,0.000
1790436826,s3-quic,695690,0,445099,445099,3.0,72.5,428.9,0.0,-,0,0,0.000
1790436826,s4-mixed-kcp,89617,1,3891736,3891736,261.7,1670.5,2138.9,0.0,-,0,0,0.000
1790436826,s5-vmess-ws,242694,27,1044,1044,192.0,707.0,851.8,0.0,-,0,0,0.000
1790436826,s6-trojan-grpc,267166,28,1168,1168,148.4,679.8,843.2,0.0,-,0,0,0.000
1790436826,s7-ss-tcp,278143,57,1189,1189,134.5,644.9,826.5,0.0,-,0,0,0.000
1790436826,s8-tuic,269359,32,1176,1176,144.3,673.1,837.0,0.0,-,0,0,0.000
1790436826,s9-anytls,231112,22,1052,1052,186.1,705.6,855.3,0.0,-,0,0,0.000
1790436826,s10-vless-xhttp,245261,23,1090,1090,167.3,690.0,852.9,0.0,-,0,0,0.000
1790436826,s11-http-proxy,228008,34,974,974,208.5,758.8,877.3,0.0,-,0,0,0.000
1790436826,s12-vmess-h3,235818,17,1012,1012,202.9,720.9,873.4,0.0,-,0,0,0.000
1790436826,__proc__,0,0,0,0,-,-,-,1212.8,28566,38955,7882366,13330.633
1790436856,s1-short,244325,38,964,964,192.2,707.3,853.1,0.0,-,0,0,0.000
1790436856,s2-long,7,4,0,0,36.5,112.7,112.7,0.0,-,0,0,0.000
1790436856,s3-quic,696960,0,346795,346795,3.0,82.4,466.7,0.0,-,0,0,0.000
1790436856,s4-mixed-kcp,89787,1,4042329,4042329,263.5,1679.8,2179.1,0.0,-,0,0,0.000
1790436856,s5-vmess-ws,243153,27,964,964,193.6,706.8,848.5,0.0,-,0,0,0.000
1790436856,s6-trojan-grpc,267666,28,1050,1050,153.1,682.4,837.6,0.0,-,0,0,0.000
1790436856,s7-ss-tcp,278666,57,1098,1098,136.7,659.5,827.5,0.0,-,0,0,0.000
1790436856,s8-tuic,269862,32,1056,1056,148.1,681.5,834.5,0.0,-,0,0,0.000
1790436856,s9-anytls,231577,22,976,976,189.1,706.2,854.3,0.0,-,0,0,0.000
1790436856,s10-vless-xhttp,245732,23,989,989,176.5,695.6,846.5,0.0,-,0,0,0.000
1790436856,s11-http-proxy,228447,34,922,922,212.2,773.6,891.4,0.0,-,0,0,0.000
1790436856,s12-vmess-h3,236272,17,953,953,204.5,742.9,873.4,0.0,-,0,0,0.000
1790436856,__proc__,0,0,0,0,-,-,-,1206.9,28303,38427,7896781,13356.693
1790436886,s1-short,244774,38,943,943,193.6,713.4,866.9,0.0,-,0,0,0.000
1790436886,s2-long,7,4,0,0,36.5,112.7,112.7,0.0,-,0,0,0.000
1790436886,s3-quic,698441,0,404412,404412,3.0,83.0,521.2,0.0,-,0,0,0.000
1790436886,s4-mixed-kcp,89960,1,3915455,3915455,261.9,1681.6,2179.4,0.0,-,0,0,0.000
1790436886,s5-vmess-ws,243604,27,947,947,195.7,707.2,860.7,0.0,-,0,0,0.000
1790436886,s6-trojan-grpc,268182,28,1084,1084,154.2,682.4,835.5,0.0,-,0,0,0.000
1790436886,s7-ss-tcp,279189,57,1098,1098,141.7,662.6,829.7,0.0,-,0,0,0.000
1790436886,s8-tuic,270376,32,1079,1079,150.0,686.7,834.6,0.0,-,0,0,0.000
1790436886,s9-anytls,232032,22,956,956,191.7,710.5,868.9,0.0,-,0,0,0.000
1790436886,s10-vless-xhttp,246209,23,1002,1002,179.7,696.6,855.6,0.0,-,0,0,0.000
1790436886,s11-http-proxy,228887,34,924,924,218.5,762.8,892.4,0.0,-,0,0,0.000
1790436886,s12-vmess-h3,236715,17,930,930,208.1,742.8,877.8,0.0,-,0,0,0.000
1790436886,__proc__,0,0,0,0,-,-,-,1211.9,28046,38054,7913961,13384.472
1790436916,s1-short,245259,38,1018,1018,193.9,714.0,851.9,0.0,-,0,0,0.000
1790436916,s2-long,7,4,0,0,36.5,112.7,112.7,0.0,-,0,0,0.000
1790436916,s3-quic,699791,0,368640,368640,3.0,97.3,499.8,0.0,-,0,0,0.000
1790436916,s4-mixed-kcp,90135,1,4088998,4088998,264.3,1697.3,2185.0,0.0,-,0,0,0.000
1790436916,s5-vmess-ws,244085,27,1010,1010,193.6,707.2,849.5,0.0,-,0,0,0.000
1790436916,s6-trojan-grpc,268714,28,1117,1117,154.9,675.1,831.0,0.0,-,0,0,0.000
1790436916,s7-ss-tcp,279753,57,1184,1184,146.2,655.3,827.0,0.0,-,0,0,0.000
1790436916,s8-tuic,270910,32,1121,1121,153.0,681.5,832.2,0.0,-,0,0,0.000
1790436916,s9-anytls,232518,22,1021,1021,192.9,708.8,856.2,0.0,-,0,0,0.000
1790436916,s10-vless-xhttp,246706,23,1044,1044,185.3,691.8,836.1,0.0,-,0,0,0.000
1790436916,s11-http-proxy,229351,34,974,974,225.4,762.9,892.4,0.0,-,0,0,0.000
1790436916,s12-vmess-h3,237185,17,987,987,208.1,722.9,859.9,0.0,-,0,0,0.000
1790436916,__proc__,0,0,0,0,-,-,-,1221.2,27851,38151,7929090,13411.728
1790436946,s1-short,245776,38,1086,1086,193.6,712.4,834.9,0.0,-,0,0,0.000
1790436946,s2-long,7,4,0,0,36.5,112.7,112.7,0.0,-,0,0,0.000
1790436946,s3-quic,701433,0,448375,448375,3.0,75.7,435.4,0.0,-,0,0,0.000
1790436946,s4-mixed-kcp,90320,1,3975425,3975425,264.3,1704.8,2189.7,0.0,-,0,0,0.000
1790436946,s5-vmess-ws,244593,27,1067,1067,193.6,711.1,844.4,0.0,-,0,0,0.000
1790436946,s6-trojan-grpc,269280,28,1189,1189,152.6,675.9,821.9,0.0,-,0,0,0.000
1790436946,s7-ss-tcp,280342,57,1237,1237,140.5,657.3,817.3,0.0,-,0,0,0.000
1790436946,s8-tuic,271486,32,1210,1210,152.5,681.2,823.9,0.0,-,0,0,0.000
1790436946,s9-anytls,233043,22,1102,1102,191.1,708.8,844.5,0.0,-,0,0,0.000
1790436946,s10-vless-xhttp,247236,23,1113,1113,179.1,687.2,828.6,0.0,-,0,0,0.000
1790436946,s11-http-proxy,229839,34,1025,1025,215.3,750.6,874.0,0.0,-,0,0,0.000
1790436946,s12-vmess-h3,237678,17,1035,1035,196.5,724.2,845.5,0.0,-,0,0,0.000
1790436946,__proc__,0,0,0,0,-,-,-,1230.6,27968,38639,7947564,13437.884
1790436976,s1-short,246298,38,1096,1096,191.8,706.1,832.4,0.0,-,0,0,0.000
1790436976,s2-long,7,4,0,0,36.5,112.7,112.7,0.0,-,0,0,0.000
1790436976,s3-quic,703203,0,483328,483328,3.0,76.2,447.9,0.0,-,0,0,0.000
1790436976,s4-mixed-kcp,90507,1,4211948,4211948,264.6,1697.0,2179.4,0.0,-,0,0,0.000
1790436976,s5-vmess-ws,245105,27,1075,1075,189.1,706.9,838.8,0.0,-,0,0,0.000
1790436976,s6-trojan-grpc,269857,28,1212,1212,150.1,675.7,823.3,0.0,-,0,0,0.000
1790436976,s7-ss-tcp,280927,57,1228,1228,135.1,649.8,814.9,0.0,-,0,0,0.000
1790436976,s8-tuic,272046,32,1176,1176,148.3,671.4,820.8,0.0,-,0,0,0.000
1790436976,s9-anytls,233558,22,1082,1082,186.1,702.6,838.8,0.0,-,0,0,0.000
1790436976,s10-vless-xhttp,247773,23,1128,1128,170.9,676.3,825.8,0.0,-,0,0,0.000
1790436976,s11-http-proxy,230311,34,991,991,208.2,739.1,864.6,0.0,-,0,0,0.000
1790436976,s12-vmess-h3,238189,17,1073,1073,194.6,722.3,845.5,0.0,-,0,0,0.000
1790436976,__proc__,0,0,0,0,-,-,-,1222.6,28476,39384,7967609,13464.393
1790437006,s1-short,246780,38,1012,1012,187.9,698.3,832.0,0.0,-,0,0,0.000
1790437006,s2-long,7,4,0,0,36.5,112.7,112.7,0.0,-,0,0,0.000
1790437006,s3-quic,704755,0,423799,423799,3.0,73.8,445.6,0.0,-,0,0,0.000
1790437006,s4-mixed-kcp,90689,1,4049952,4049952,261.1,1697.3,2185.0,0.0,-,0,0,0.000
1790437006,s5-vmess-ws,245583,27,1004,1004,184.0,711.2,845.1,0.0,-,0,0,0.000
1790437006,s6-trojan-grpc,270391,28,1121,1121,152.9,676.8,821.9,0.0,-,0,0,0.000
1790437006,s7-ss-tcp,281484,57,1170,1170,134.2,649.8,813.8,0.0,-,0,0,0.000
1790437006,s8-tuic,272584,32,1130,1130,151.3,668.3,813.7,0.0,-,0,0,0.000
1790437006,s9-anytls,234038,22,1008,1008,182.7,703.8,845.9,0.0,-,0,0,0.000
1790437006,s10-vless-xhttp,248281,23,1067,1067,166.4,691.9,833.1,0.0,-,0,0,0.000
1790437006,s11-http-proxy,230772,34,968,968,201.5,739.5,869.0,0.0,-,0,0,0.000
1790437006,s12-vmess-h3,238658,17,985,985,193.2,722.3,854.9,0.0,-,0,0,0.000
1790437006,__proc__,0,0,0,0,-,-,-,1211.5,28628,39161,7985372,13490.958
1790437036,s1-short,247233,38,951,951,187.9,707.3,866.9,0.0,-,0,0,0.000
1790437036,s2-long,7,4,0,0,36.5,112.7,112.7,0.0,-,0,0,0.000
1790437036,s3-quic,706198,0,394035,394035,3.0,73.4,463.3,0.0,-,0,0,0.000
1790437036,s4-mixed-kcp,90857,1,3893382,3893382,260.8,1693.2,2179.4,0.0,-,0,0,0.000
1790437036,s5-vmess-ws,246025,27,928,928,186.4,713.5,850.4,0.0,-,0,0,0.000
1790437036,s6-trojan-grpc,270888,28,1044,1044,152.7,683.2,827.3,0.0,-,0,0,0.000
1790437036,s7-ss-tcp,282005,57,1094,1094,134.1,662.6,814.9,0.0,-,0,0,0.000
1790437036,s8-tuic,273082,32,1046,1046,150.6,671.3,828.7,0.0,-,0,0,0.000
1790437036,s9-anytls,234480,22,928,928,185.2,711.7,862.3,0.0,-,0,0,0.000
1790437036,s10-vless-xhttp,248745,23,974,974,171.2,706.7,850.2,0.0,-,0,0,0.000
1790437036,s11-http-proxy,231196,34,890,890,203.7,752.2,881.8,0.0,-,0,0,0.000
1790437036,s12-vmess-h3,239086,17,899,899,195.2,741.5,868.6,0.0,-,0,0,0.000
1790437036,__proc__,0,0,0,0,-,-,-,1211.3,28269,38053,8001718,13518.103
1790437066,s1-short,247708,38,998,998,190.2,714.5,845.8,0.0,-,0,0,0.000
1790437066,s2-long,7,4,0,0,36.5,112.7,112.7,0.0,-,0,0,0.000
1790437066,s3-quic,707709,0,412604,412604,3.0,76.0,428.2,0.0,-,0,0,0.000
1790437066,s4-mixed-kcp,91034,1,4142520,4142520,259.0,1697.0,2189.7,0.0,-,0,0,0.000
1790437066,s5-vmess-ws,246500,27,998,998,187.6,724.1,844.4,0.0,-,0,0,0.000
1790437066,s6-trojan-grpc,271424,28,1126,1126,148.8,688.5,826.6,0.0,-,0,0,0.000
1790437066,s7-ss-tcp,282556,57,1157,1157,135.8,672.5,819.1,0.0,-,0,0,0.000
1790437066,s8-tuic,273614,32,1117,1117,149.2,671.4,824.1,0.0,-,0,0,0.000
1790437066,s9-anytls,234966,22,1021,1021,183.0,722.7,856.6,0.0,-,0,0,0.000
1790437066,s10-vless-xhttp,249236,23,1031,1031,177.3,712.5,840.5,0.0,-,0,0,0.000
1790437066,s11-http-proxy,231658,34,970,970,214.5,745.5,881.8,0.0,-,0,0,0.000
1790437066,s12-vmess-h3,239560,17,995,995,200.4,727.5,868.6,0.0,-,0,0,0.000
1790437066,__proc__,0,0,0,0,-,-,-,1212.6,28194,38627,8018835,13545.265
1790437096,s1-short,248178,38,987,987,190.4,715.7,868.9,0.0,-,0,0,0.000
1790437096,s2-long,7,4,0,0,36.5,112.7,112.7,0.0,-,0,0,0.000
1790437096,s3-quic,709006,0,354167,354167,3.0,85.9,468.0,0.0,-,0,0,0.000
1790437096,s4-mixed-kcp,91215,1,4128018,4128018,260.8,1677.7,2179.1,0.0,-,0,0,0.000
1790437096,s5-vmess-ws,246960,27,966,966,187.6,725.3,856.0,0.0,-,0,0,0.000
1790437096,s6-trojan-grpc,271943,28,1090,1090,147.7,687.4,833.3,0.0,-,0,0,0.000
1790437096,s7-ss-tcp,283097,57,1136,1136,139.0,671.9,822.1,0.0,-,0,0,0.000
1790437096,s8-tuic,274133,32,1090,1090,147.6,670.9,842.2,0.0,-,0,0,0.000
1790437096,s9-anytls,235436,22,987,987,187.0,725.6,862.0,0.0,-,0,0,0.000
1790437096,s10-vless-xhttp,249733,23,1044,1044,180.0,720.3,858.5,0.0,-,0,0,0.000
1790437096,s11-http-proxy,232096,34,920,920,219.4,758.4,881.8,0.0,-,0,0,0.000
1790437096,s12-vmess-h3,240014,17,953,953,199.8,727.0,875.8,0.0,-,0,0,0.000
1790437096,__proc__,0,0,0,0,-,-,-,1221.2,27974,38121,8033476,13572.643
1790437126,s1-short,248698,38,1092,1092,195.6,716.0,860.6,0.0,-,0,0,0.000
1790437126,s2-long,7,4,0,0,36.5,112.7,112.7,0.0,-,0,0,0.000
1790437126,s3-quic,710754,0,477321,477321,3.0,71.7,433.1,0.0,-,0,0,0.000
1790437126,s4-mixed-kcp,91407,1,4200524,4200524,258.1,1669.0,2179.1,0.0,-,0,0,0.000
1790437126,s5-vmess-ws,247479,27,1090,1090,191.4,727.7,851.0,0.0,-,0,0,0.000
1790437126,s6-trojan-grpc,272499,28,1168,1168,148.8,688.0,841.1,0.0,-,0,0,0.000
1790437126,s7-ss-tcp,283673,57,1210,1210,135.8,674.4,832.3,0.0,-,0,0,0.000
1790437126,s8-tuic,274689,32,1168,1168,149.3,674.6,843.8,0.0,-,0,0,0.000
1790437126,s9-anytls,235956,22,1092,1092,193.4,725.6,862.6,0.0,-,0,0,0.000
1790437126,s10-vless-xhttp,250254,23,1094,1094,176.7,709.3,858.3,0.0,-,0,0,0.000
1790437126,s11-http-proxy,232577,34,1010,1010,218.8,745.1,871.0,0.0,-,0,0,0.000
1790437126,s12-vmess-h3,240518,17,1058,1058,199.4,730.6,872.3,0.0,-,0,0,0.000
1790437126,__proc__,0,0,0,0,-,-,-,1218.4,28087,38883,8054119,13598.250
1790437156,s1-short,249225,38,1107,1107,190.5,713.7,866.6,0.0,-,0,0,0.000
1790437156,s2-long,7,4,0,0,36.5,112.7,112.7,0.0,-,0,0,0.000
1790437156,s3-quic,712390,0,446737,446737,3.0,77.1,438.4,0.0,-,0,0,0.000
1790437156,s4-mixed-kcp,91606,1,4545824,4545824,258.0,1659.7,2178.3,0.0,-,0,0,0.000
1790437156,s5-vmess-ws,247996,27,1086,1086,190.7,731.0,856.0,0.0,-,0,0,0.000
1790437156,s6-trojan-grpc,273083,28,1226,1226,146.5,688.0,840.3,0.0,-,0,0,0.000
1790437156,s7-ss-tcp,284281,57,1277,1277,129.0,664.4,829.2,0.0,-,0,0,0.000
1790437156,s8-tuic,275272,32,1224,1224,147.6,675.5,838.5,0.0,-,0,0,0.000
1790437156,s9-anytls,236482,22,1105,1105,188.4,725.3,862.8,0.0,-,0,0,0.000
1790437156,s10-vless-xhttp,250805,23,1157,1157,164.9,704.9,857.3,0.0,-,0,0,0.000
1790437156,s11-http-proxy,233065,34,1025,1025,205.7,754.0,874.9,0.0,-,0,0,0.000
1790437156,s12-vmess-h3,241018,17,1050,1050,199.4,743.3,876.7,0.0,-,0,0,0.000
1790437156,__proc__,0,0,0,0,-,-,-,1213.9,28689,39510,8072494,13625.265
1790437186,s1-short,249684,38,964,964,191.1,713.0,869.7,0.0,-,0,0,0.000
1790437186,s2-long,7,4,0,0,36.5,112.7,112.7,0.0,-,0,0,0.000
1790437186,s3-quic,713973,0,432265,432265,3.0,73.0,439.2,0.0,-,0,0,0.000
1790437186,s4-mixed-kcp,91782,1,4038553,4038553,257.6,1664.0,2179.4,0.0,-,0,0,0.000
1790437186,s5-vmess-ws,248451,27,956,956,192.4,725.9,861.0,0.0,-,0,0,0.000
1790437186,s6-trojan-grpc,273584,28,1052,1052,147.6,687.4,844.7,0.0,-,0,0,0.000
1790437186,s7-ss-tcp,284812,57,1115,1115,128.8,668.9,830.6,0.0,-,0,0,0.000
1790437186,s8-tuic,275772,32,1050,1050,148.3,678.4,849.0,0.0,-,0,0,0.000
1790437186,s9-anytls,236938,22,958,958,190.7,721.3,867.1,0.0,-,0,0,0.000
1790437186,s10-vless-xhttp,251291,23,1021,1021,166.6,704.9,859.5,0.0,-,0,0,0.000
1790437186,s11-http-proxy,233513,34,941,941,203.0,756.7,882.5,0.0,-,0,0,0.000
1790437186,s12-vmess-h3,241469,17,947,947,202.4,747.3,880.3,0.0,-,0,0,0.000
1790437186,__proc__,0,0,0,0,-,-,-,1207.5,28593,38732,8090619,13650.494
1790437216,s1-short,250149,38,976,976,190.2,728.1,869.0,0.0,-,0,0,0.000
1790437216,s2-long,7,4,0,0,36.5,112.7,112.7,0.0,-,0,0,0.000
1790437216,s3-quic,715399,0,389393,389393,3.0,83.1,454.2,0.0,-,0,0,0.000
1790437216,s4-mixed-kcp,91962,1,3729852,3729852,257.4,1659.5,2179.1,0.0,-,0,0,0.000
1790437216,s5-vmess-ws,248909,27,962,962,191.6,731.1,863.6,0.0,-,0,0,0.000
1790437216,s6-trojan-grpc,274096,28,1075,1075,150.5,688.0,841.1,0.0,-,0,0,0.000
1790437216,s7-ss-tcp,285351,57,1132,1132,133.4,682.9,839.0,0.0,-,0,0,0.000
1790437216,s8-tuic,276283,32,1073,1073,150.5,688.3,846.5,0.0,-,0,0,0.000
1790437216,s9-anytls,237405,22,981,981,187.5,734.3,868.1,0.0,-,0,0,0.000
1790437216,s10-vless-xhttp,251773,23,1012,1012,169.7,715.4,858.5,0.0,-,0,0,0.000
1790437216,s11-http-proxy,233945,34,907,907,207.3,756.2,890.0,0.0,-,0,0,0.000
1790437216,s12-vmess-h3,241913,17,932,932,205.5,754.9,885.9,0.0,-,0,0,0.000
1790437216,__proc__,0,0,0,0,-,-,-,1208.6,28455,38540,8107628,13677.093
1790437246,s1-short,250627,38,1004,1004,192.0,731.1,867.8,0.0,-,0,0,0.000
1790437246,s2-long,7,4,0,0,36.5,112.7,112.7,0.0,-,0,0,0.000
1790437246,s3-quic,716479,0,294912,294912,3.1,96.7,483.0,0.0,-,0,0,0.000
1790437246,s4-mixed-kcp,92142,1,4006383,4006383,257.6,1660.5,2189.7,0.0,-,0,0,0.000
1790437246,s5-vmess-ws,249376,27,981,981,196.7,731.0,863.6,0.0,-,0,0,0.000
1790437246,s6-trojan-grpc,274613,28,1086,1086,154.3,694.2,840.3,0.0,-,0,0,0.000
1790437246,s7-ss-tcp,285888,57,1128,1128,141.5,682.8,834.1,0.0,-,0,0,0.000
1790437246,s8-tuic,276799,32,1084,1084,155.7,687.6,838.5,0.0,-,0,0,0.000
1790437246,s9-anytls,237879,22,995,995,191.6,743.3,870.5,0.0,-,0,0,0.000
1790437246,s10-vless-xhttp,252273,23,1050,1050,178.5,715.4,857.6,0.0,-,0,0,0.000
1790437246,s11-http-proxy,234387,34,928,928,211.3,765.8,896.8,0.0,-,0,0,0.000
1790437246,s12-vmess-h3,242376,17,972,972,209.3,756.2,883.1,0.0,-,0,0,0.000
1790437246,__proc__,0,0,0,0,-,-,-,1238.9,28079,38412,8119156,13704.577
1790437276,s1-short,251098,38,989,989,196.9,739.9,860.6,0.0,-,0,0,0.000
1790437276,s2-long,7,4,0,0,36.5,112.7,112.7,0.0,-,0,0,0.000
1790437276,s3-quic,717635,0,315665,315665,3.1,104.7,513.3,0.0,-,0,0,0.000
1790437276,s4-mixed-kcp,92316,1,4110930,4110930,259.5,1659.5,2200.8,0.0,-,0,0,0.000
1790437276,s5-vmess-ws,249839,27,972,972,198.2,750.9,863.8,0.0,-,0,0,0.000
1790437276,s6-trojan-grpc,275136,28,1098,1098,152.7,696.9,831.9,0.0,-,0,0,0.000
1790437276,s7-ss-tcp,286420,57,1117,1117,145.7,685.2,828.1,0.0,-,0,0,0.000
1790437276,s8-tuic,277324,32,1102,1102,153.4,701.0,836.7,0.0,-,0,0,0.000
1790437276,s9-anytls,238350,22,989,989,195.4,759.7,873.1,0.0,-,0,0,0.000
1790437276,s10-vless-xhttp,252765,23,1033,1033,179.4,721.3,853.2,0.0,-,0,0,0.000
1790437276,s11-http-proxy,234814,34,897,897,227.7,767.3,896.8,0.0,-,0,0,0.000
1790437276,s12-vmess-h3,242822,17,937,937,213.5,766.8,875.4,0.0,-,0,0,0.000
1790437276,__proc__,0,0,0,0,-,-,-,1249.4,28048,37957,8131745,13732.104
1790437306,s1-short,251643,38,1144,1144,195.7,733.5,855.5,0.0,-,0,0,0.000
1790437306,s2-long,7,4,0,0,36.5,112.7,112.7,0.0,-,0,0,0.000
1790437306,s3-quic,719430,0,490155,490155,3.2,100.3,473.4,0.0,-,0,0,0.000
1790437306,s4-mixed-kcp,92514,1,4337208,4337208,258.1,1649.4,2200.8,0.0,-,0,0,0.000
1790437306,s5-vmess-ws,250384,27,1144,1144,197.2,746.7,860.4,0.0,-,0,0,0.000
1790437306,s6-trojan-grpc,275751,28,1292,1292,151.4,690.2,831.9,0.0,-,0,0,0.000
1790437306,s7-ss-tcp,287051,57,1325,1325,137.0,661.8,817.6,0.0,-,0,0,0.000
1790437306,s8-tuic,277937,32,1287,1287,152.8,699.3,836.7,0.0,-,0,0,0.000
1790437306,s9-anytls,238903,22,1161,1161,195.8,755.7,864.5,0.0,-,0,0,0.000
1790437306,s10-vless-xhttp,253329,23,1184,1184,167.9,702.6,849.5,0.0,-,0,0,0.000
1790437306,s11-http-proxy,235326,34,1075,1075,220.3,763.9,884.6,0.0,-,0,0,0.000
1790437306,s12-vmess-h3,243350,17,1109,1109,205.4,758.0,860.7,0.0,-,0,0,0.000
1790437306,__proc__,0,0,0,0,-,-,-,1256.9,28347,39456,8152647,13757.232
1790437336,s1-short,252139,38,1042,1042,191.2,724.9,847.6,0.0,-,0,0,0.000
1790437336,s2-long,7,4,0,0,36.5,112.7,112.7,0.0,-,0,0,0.000
1790437336,s3-quic,720884,0,397039,397039,3.1,80.6,449.3,0.0,-,0,0,0.000
1790437336,s4-mixed-kcp,92698,1,4098533,4098533,255.7,1638.0,2200.8,0.0,-,0,0,0.000
1790437336,s5-vmess-ws,250867,27,1014,1014,197.2,757.8,861.0,0.0,-,0,0,0.000
1790437336,s6-trojan-grpc,276314,28,1182,1182,146.1,674.8,822.3,0.0,-,0,0,0.000
1790437336,s7-ss-tcp,287626,57,1208,1208,130.8,663.1,806.1,0.0,-,0,0,0.000
1790437336,s8-tuic,278494,32,1170,1170,148.5,699.3,822.6,0.0,-,0,0,0.000
1790437336,s9-anytls,239401,22,1046,1046,192.3,738.0,862.8,0.0,-,0,0,0.000
1790437336,s10-vless-xhttp,253853,23,1100,1100,165.4,693.0,837.0,0.0,-,0,0,0.000
1790437336,s11-http-proxy,235772,34,937,937,213.8,769.8,885.9,0.0,-,0,0,0.000
1790437336,s12-vmess-h3,243820,17,987,987,205.3,774.4,866.8,0.0,-,0,0,0.000
1790437336,__proc__,0,0,0,0,-,-,-,1246.1,28821,39265,8169079,13784.322
1790437366,s1-short,252605,38,979,979,194.5,729.3,846.8,0.0,-,0,0,0.000
1790437366,s2-long,7,4,0,0,36.5,112.7,112.7,0.0,-,0,0,0.000
1790437366,s3-quic,722341,0,397858,397858,3.1,75.5,460.7,0.0,-,0,0,0.000
1790437366,s4-mixed-kcp,92872,1,3930914,3930914,256.0,1635.1,2198.5,0.0,-,0,0,0.000
1790437366,s5-vmess-ws,251326,27,964,964,200.4,736.3,857.4,0.0,-,0,0,0.000
1790437366,s6-trojan-grpc,276821,28,1065,1065,148.9,690.2,820.2,0.0,-,0,0,0.000
1790437366,s7-ss-tcp,288156,57,1113,1113,131.3,674.8,813.1,0.0,-,0,0,0.000
1790437366,s8-tuic,278984,32,1029,1029,151.1,707.6,820.6,0.0,-,0,0,0.000
1790437366,s9-anytls,239862,22,968,968,192.7,743.8,851.0,0.0,-,0,0,0.000
1790437366,s10-vless-xhttp,254330,23,1002,1002,167.9,708.4,834.1,0.0,-,0,0,0.000
1790437366,s11-http-proxy,236205,34,909,909,218.2,761.6,878.1,0.0,-,0,0,0.000
1790437366,s12-vmess-h3,244266,17,937,937,209.8,769.9,862.3,0.0,-,0,0,0.000
1790437366,__proc__,0,0,0,0,-,-,-,1232.2,28472,38412,8185737,13811.075
1790437396,s1-short,253066,38,968,968,190.2,750.5,853.2,0.0,-,0,0,0.000
1790437396,s2-long,7,4,0,0,36.5,112.7,112.7,0.0,-,0,0,0.000
1790437396,s3-quic,723576,0,337237,337237,3.1,84.1,514.7,0.0,-,0,0,0.000
1790437396,s4-mixed-kcp,93042,1,3881945,3881945,256.7,1638.0,2198.5,0.0,-,0,0,0.000
1790437396,s5-vmess-ws,251782,27,958,958,196.5,750.9,859.7,0.0,-,0,0,0.000
1790437396,s6-trojan-grpc,277333,28,1075,1075,147.7,708.1,827.1,0.0,-,0,0,0.000
1790437396,s7-ss-tcp,288686,57,1113,1113,135.4,707.3,824.4,0.0,-,0,0,0.000
1790437396,s8-tuic,279497,32,1077,1077,152.0,714.3,835.6,0.0,-,0,0,0.000
1790437396,s9-anytls,240326,22,974,974,189.7,758.6,858.8,0.0,-,0,0,0.000
1790437396,s10-vless-xhttp,254809,23,1006,1006,171.4,731.1,848.2,0.0,-,0,0,0.000
1790437396,s11-http-proxy,236629,34,890,890,214.8,774.5,893.8,0.0,-,0,0,0.000
1790437396,s12-vmess-h3,244716,17,945,945,209.7,777.8,867.6,0.0,-,0,0,0.000
1790437396,__proc__,0,0,0,0,-,-,-,1228.2,28464,38572,8199437,13838.727
1790437426,s1-short,253552,38,1021,1021,191.5,749.0,856.4,0.0,-,0,0,0.000
1790437426,s2-long,7,4,0,0,36.5,112.7,112.7,0.0,-,0,0,0.000
1790437426,s3-quic,724931,0,370005,370005,3.1,94.2,509.2,0.0,-,0,0,0.000
1790437426,s4-mixed-kcp,93220,1,3961129,3961129,258.1,1648.8,2200.8,0.0,-,0,0,0.000
1790437426,s5-vmess-ws,252265,27,1014,1014,198.5,745.2,859.7,0.0,-,0,0,0.000
1790437426,s6-trojan-grpc,277864,28,1115,1115,147.8,713.4,834.2,0.0,-,0,0,0.000
1790437426,s7-ss-tcp,289240,57,1163,1163,138.5,705.2,828.9,0.0,-,0,0,0.000
1790437426,s8-tuic,280027,32,1113,1113,148.3,717.8,839.3,0.0,-,0,0,0.000
1790437426,s9-anytls,240807,22,1010,1010,192.3,755.9,863.3,0.0,-,0,0,0.000
1790437426,s10-vless-xhttp,255307,23,1046,1046,176.3,734.0,848.7,0.0,-,0,0,0.000
1790437426,s11-http-proxy,237090,34,968,968,220.7,769.7,897.1,0.0,-,0,0,0.000
1790437426,s12-vmess-h3,245180,17,974,974,216.8,766.8,869.7,0.0,-,0,0,0.000
1790437426,__proc__,0,0,0,0,-,-,-,1226.0,28524,38801,8214119,13865.825
1790437456,s1-short,254058,38,1063,1063,200.0,746.4,854.7,0.0,-,0,0,0.000
1790437456,s2-long,7,4,0,0,36.5,112.7,112.7,0.0,-,0,0,0.000
1790437456,s3-quic,726485,0,424346,424346,3.1,94.5,479.3,0.0,-,0,0,0.000
1790437456,s4-mixed-kcp,93397,1,4153625,4153625,258.1,1648.8,2200.8,0.0,-,0,0,0.000
1790437456,s5-vmess-ws,252773,27,1067,1067,203.7,744.8,858.1,0.0,-,0,0,0.000
1790437456,s6-trojan-grpc,278431,28,1191,1191,149.8,719.0,832.2,0.0,-,0,0,0.000
1790437456,s7-ss-tcp,289824,57,1226,1226,133.0,701.4,822.3,0.0,-,0,0,0.000
1790437456,s8-tuic,280600,32,1203,1203,148.5,734.7,836.7,0.0,-,0,0,0.000
1790437456,s9-anytls,241319,22,1075,1075,199.6,752.8,860.1,0.0,-,0,0,0.000
1790437456,s10-vless-xhttp,255838,23,1115,1115,175.0,731.1,848.0,0.0,-,0,0,0.000
1790437456,s11-http-proxy,237563,34,993,993,227.7,768.2,894.1,0.0,-,0,0,0.000
1790437456,s12-vmess-h3,245672,17,1033,1033,213.6,757.7,866.2,0.0,-,0,0,0.000
1790437456,__proc__,0,0,0,0,-,-,-,1231.7,28351,38949,8230986,13893.471
1790437486,s1-short,254574,38,1084,1084,194.5,750.5,851.8,0.0,-,0,0,0.000
1790437486,s2-long,7,4,0,0,36.5,112.7,112.7,0.0,-,0,0,0.000
1790437486,s3-quic,728143,0,452745,452745,3.1,75.3,456.9,0.0,-,0,0,0.000
1790437486,s4-mixed-kcp,93590,1,3898377,3898377,255.4,1640.0,2189.7,0.0,-,0,0,0.000
1790437486,s5-vmess-ws,253291,27,1088,1088,198.9,748.6,854.7,0.0,-,0,0,0.000
1790437486,s6-trojan-grpc,279003,28,1201,1201,144.0,720.6,832.2,0.0,-,0,0,0.000
1790437486,s7-ss-tcp,290415,57,1241,1241,126.9,684.5,817.2,0.0,-,0,0,0.000
1790437486,s8-tuic,281179,32,1216,1216,144.1,736.5,836.7,0.0,-,0,0,0.000
1790437486,s9-anytls,241834,22,1082,1082,194.6,749.9,851.0,0.0,-,0,0,0.000
1790437486,s10-vless-xhttp,256381,23,1140,1140,163.5,726.5,838.1,0.0,-,0,0,0.000
1790437486,s11-http-proxy,238044,34,1010,1010,223.5,769.0,890.3,0.0,-,0,0,0.000
1790437486,s12-vmess-h3,246178,17,1063,1063,209.7,761.0,861.8,0.0,-,0,0,0.000
1790437486,__proc__,0,0,0,0,-,-,-,1222.9,28730,39465,8250352,13919.108
1790437516,s1-short,255066,38,1033,1033,187.4,739.0,851.8,0.0,-,0,0,0.000
1790437516,s2-long,7,4,0,0,36.5,112.7,112.7,0.0,-,0,0,0.000
1790437516,s3-quic,729657,0,413423,413423,3.0,83.0,451.6,0.0,-,0,0,0.000
1790437516,s4-mixed-kcp,93782,1,4199303,4199303,254.5,1640.0,2178.3,0.0,-,0,0,0.000
1790437516,s5-vmess-ws,253787,27,1042,1042,192.7,737.1,855.8,0.0,-,0,0,0.000
1790437516,s6-trojan-grpc,279554,28,1157,1157,141.3,707.7,832.6,0.0,-,0,0,0.000
1790437516,s7-ss-tcp,290988,57,1203,1203,125.0,692.7,826.4,0.0,-,0,0,0.000
1790437516,s8-tuic,281733,32,1163,1163,142.9,715.1,838.2,0.0,-,0,0,0.000
1790437516,s9-anytls,242330,22,1042,1042,189.1,741.3,854.5,0.0,-,0,0,0.000
1790437516,s10-vless-xhttp,256903,23,1096,1096,160.6,726.0,839.8,0.0,-,0,0,0.000
1790437516,s11-http-proxy,238516,34,991,991,213.6,773.2,892.6,0.0,-,0,0,0.000
1790437516,s12-vmess-h3,246658,17,1008,1008,209.9,763.6,866.3,0.0,-,0,0,0.000
1790437516,__proc__,0,0,0,0,-,-,-,1221.8,28841,39327,8267907,13945.942
1790437546,s1-short,255528,38,970,970,189.4,748.4,852.4,0.0,-,0,0,0.000
1790437546,s2-long,7,4,0,0,36.5,112.7,112.7,0.0,-,0,0,0.000
1790437546,s3-quic,731327,0,456021,456021,3.0,73.2,420.3,0.0,-,0,0,0.000
1790437546,s4-mixed-kcp,93958,1,3778257,3778257,253.7,1641.9,2131.5,0.0,-,0,0,0.000
1790437546,s5-vmess-ws,254258,27,989,989,190.0,738.9,855.8,0.0,-,0,0,0.000
1790437546,s6-trojan-grpc,280055,28,1052,1052,144.7,705.5,832.2,0.0,-,0,0,0.000
1790437546,s7-ss-tcp,291524,57,1126,1126,128.4,696.0,826.4,0.0,-,0,0,0.000
1790437546,s8-tuic,282236,32,1056,1056,145.1,717.3,838.2,0.0,-,0,0,0.000
1790437546,s9-anytls,242799,22,985,985,186.8,749.9,854.5,0.0,-,0,0,0.000
1790437546,s10-vless-xhttp,257390,23,1023,1023,164.1,729.2,839.8,0.0,-,0,0,0.000
1790437546,s11-http-proxy,238965,34,943,943,212.8,759.0,887.3,0.0,-,0,0,0.000
1790437546,s12-vmess-h3,247116,17,962,962,208.9,752.9,865.2,0.0,-,0,0,0.000
1790437546,__proc__,0,0,0,0,-,-,-,1214.5,28726,38858,8287812,13972.324
1790437576,s1-short,255990,38,970,970,191.2,751.7,865.9,0.0,-,0,0,0.000
1790437576,s2-long,7,4,0,0,36.5,112.7,112.7,0.0,-,0,0,0.000
1790437576,s3-quic,732839,0,412877,412877,3.0,61.0,420.3,0.0,-,0,0,0.000
1790437576,s4-mixed-kcp,94143,1,4030100,4030100,254.8,1642.6,2146.9,0.0,-,0,0,0.000
1790437576,s5-vmess-ws,254719,27,968,968,189.4,738.9,859.7,0.0,-,0,0,0.000
1790437576,s6-trojan-grpc,280565,28,1071,1071,146.0,706.0,847.6,0.0,-,0,0,0.000
1790437576,s7-ss-tcp,292057,57,1119,1119,132.7,696.0,835.5,0.0,-,0,0,0.000
1790437576,s8-tuic,282746,32,1071,1071,145.7,723.9,867.6,0.0,-,0,0,0.000
1790437576,s9-anytls,243263,22,974,974,188.8,750.3,863.3,0.0,-,0,0,0.000
1790437576,s10-vless-xhttp,257863,23,993,993,173.5,738.5,854.3,0.0,-,0,0,0.000
1790437576,s11-http-proxy,239405,34,924,924,217.5,763.0,896.7,0.0,-,0,0,0.000
1790437576,s12-vmess-h3,247560,17,932,932,212.9,750.3,881.8,0.0,-,0,0,0.000
1790437576,__proc__,0,0,0,0,-,-,-,1213.3,28511,38567,8305053,13998.773
1790437606,s1-short,256460,38,987,987,194.1,750.1,876.8,0.0,-,0,0,0.000
1790437606,s2-long,7,4,0,0,36.5,112.7,112.7,0.0,-,0,0,0.000
1790437606,s3-quic,734146,0,356898,356898,3.0,74.9,440.2,0.0,-,0,0,0.000
1790437606,s4-mixed-kcp,94316,1,3990815,3990815,255.1,1643.7,2146.9,0.0,-,0,0,0.000
1790437606,s5-vmess-ws,255186,27,981,981,190.6,737.8,874.2,0.0,-,0,0,0.000
1790437606,s6-trojan-grpc,281087,28,1096,1096,143.9,701.7,848.8,0.0,-,0,0,0.000
1790437606,s7-ss-tcp,292591,57,1121,1121,137.0,694.3,841.5,0.0,-,0,0,0.000
1790437606,s8-tuic,283260,32,1079,1079,142.9,714.1,881.7,0.0,-,0,0,0.000
1790437606,s9-anytls,243732,22,985,985,194.1,743.8,877.5,0.0,-,0,0,0.000
1790437606,s10-vless-xhttp,258353,23,1029,1029,178.1,735.8,866.0,0.0,-,0,0,0.000
1790437606,s11-http-proxy,239839,34,911,911,224.3,758.3,896.7,0.0,-,0,0,0.000
1790437606,s12-vmess-h3,248013,17,951,951,213.1,747.3,888.4,0.0,-,0,0,0.000
1790437606,__proc__,0,0,0,0,-,-,-,1219.6,28301,38276,8319152,14026.197
1790437636,s1-short,256975,38,1082,1082,193.8,747.1,883.4,0.0,-,0,0,0.000
1790437636,s2-long,7,4,0,0,36.5,112.7,112.7,0.0,-,0,0,0.000
1790437636,s3-quic,735924,0,485513,485513,3.0,70.4,462.1,0.0,-,0,0,0.000
1790437636,s4-mixed-kcp,94495,1,3618292,3618292,253.9,1633.6,2188.6,0.0,-,0,0,0.000
1790437636,s5-vmess-ws,255694,27,1067,1067,192.7,737.8,876.3,0.0,-,0,0,0.000
1790437636,s6-trojan-grpc,281659,28,1201,1201,144.6,687.1,832.6,0.0,-,0,0,0.000
1790437636,s7-ss-tcp,293192,57,1262,1262,132.9,675.0,839.7,0.0,-,0,0,0.000
1790437636,s8-tuic,283825,32,1186,1186,145.3,709.1,887.6,0.0,-,0,0,0.000
1790437636,s9-anytls,244247,22,1082,1082,194.5,743.5,884.4,0.0,-,0,0,0.000
1790437636,s10-vless-xhttp,258880,23,1107,1107,172.6,723.3,862.2,0.0,-,0,0,0.000
1790437636,s11-http-proxy,240319,34,1008,1008,218.7,750.7,898.1,0.0,-,0,0,0.000
1790437636,s12-vmess-h3,248508,17,1040,1040,200.7,740.2,887.8,0.0,-,0,0,0.000
1790437636,__proc__,0,0,0,0,-,-,-,1232.4,28254,38918,8340207,14052.492
1790437666,s1-short,257481,38,1063,1063,195.2,730.5,873.9,0.0,-,0,0,0.000
1790437666,s2-long,7,4,0,0,36.5,112.7,112.7,0.0,-,0,0,0.000
1790437666,s3-quic,737639,0,468309,468309,2.9,70.2,462.1,0.0,-,0,0,0.000
1790437666,s4-mixed-kcp,94679,1,3813179,3813179,250.7,1642.6,2146.9,0.0,-,0,0,0.000
1790437666,s5-vmess-ws,256197,27,1056,1056,195.5,725.7,845.0,0.0,-,0,0,0.000
1790437666,s6-trojan-grpc,282223,28,1184,1184,144.2,683.1,822.0,0.0,-,0,0,0.000
1790437666,s7-ss-tcp,293774,57,1222,1222,128.4,654.5,814.9,0.0,-,0,0,0.000
1790437666,s8-tuic,284385,32,1176,1176,147.4,706.8,821.3,0.0,-,0,0,0.000
1790437666,s9-anytls,244749,22,1054,1054,194.5,731.9,881.7,0.0,-,0,0,0.000
1790437666,s10-vless-xhttp,259410,23,1113,1113,162.4,699.2,826.6,0.0,-,0,0,0.000
1790437666,s11-http-proxy,240792,34,993,993,215.2,733.6,867.4,0.0,-,0,0,0.000
1790437666,s12-vmess-h3,248999,17,1031,1031,203.0,728.2,873.7,0.0,-,0,0,0.000
1790437666,__proc__,0,0,0,0,-,-,-,1222.3,28835,39531,8360053,14079.434
1790437696,s1-short,257970,38,1027,1027,190.9,714.3,846.3,0.0,-,0,0,0.000
1790437696,s2-long,7,4,0,0,36.5,112.7,112.7,0.0,-,0,0,0.000
1790437696,s3-quic,739391,0,478413,478413,2.9,64.8,407.6,0.0,-,0,0,0.000
1790437696,s4-mixed-kcp,94862,1,3771381,3771381,248.9,1648.0,2130.7,0.0,-,0,0,0.000
1790437696,s5-vmess-ws,256679,27,1012,1012,190.2,709.6,832.8,0.0,-,0,0,0.000
1790437696,s6-trojan-grpc,282764,28,1136,1136,144.7,666.3,820.7,0.0,-,0,0,0.000
1790437696,s7-ss-tcp,294335,57,1178,1178,127.9,649.4,813.4,0.0,-,0,0,0.000
1790437696,s8-tuic,284916,32,1115,1115,150.6,695.6,821.4,0.0,-,0,0,0.000
1790437696,s9-anytls,245244,22,1040,1040,187.9,721.6,840.0,0.0,-,0,0,0.000
1790437696,s10-vless-xhttp,259918,23,1067,1067,163.0,698.9,826.6,0.0,-,0,0,0.000
1790437696,s11-http-proxy,241256,34,974,974,211.7,737.2,851.6,0.0,-,0,0,0.000
1790437696,s12-vmess-h3,249474,17,998,998,203.3,728.7,831.5,0.0,-,0,0,0.000
1790437696,__proc__,0,0,0,0,-,-,-,1216.6,28620,39028,8380268,14105.784
1790437726,s1-short,258439,38,985,985,192.2,725.8,876.5,0.0,-,0,0,0.000
1790437726,s2-long,7,4,0,0,36.5,112.7,112.7,0.0,-,0,0,0.000
1790437726,s3-quic,740861,0,401408,401408,3.0,62.7,426.9,0.0,-,0,0,0.000
1790437726,s4-mixed-kcp,95033,1,3440242,3440242,250.9,1648.8,2190.8,0.0,-,0,0,0.000
1790437726,s5-vmess-ws,257141,27,970,970,191.8,725.4,850.1,0.0,-,0,0,0.000
1790437726,s6-trojan-grpc,283281,28,1086,1086,145.2,667.0,828.0,0.0,-,0,0,0.000
1790437726,s7-ss-tcp,294875,57,1134,1134,131.7,659.6,815.2,0.0,-,0,0,0.000
1790437726,s8-tuic,285426,32,1071,1071,148.4,694.1,824.4,0.0,-,0,0,0.000
1790437726,s9-anytls,245715,22,989,989,187.4,733.8,870.2,0.0,-,0,0,0.000
1790437726,s10-vless-xhttp,260412,23,1037,1037,168.8,729.5,864.5,0.0,-,0,0,0.000
1790437726,s11-http-proxy,241692,34,916,916,218.3,754.9,869.7,0.0,-,0,0,0.000
1790437726,s12-vmess-h3,249928,17,953,953,207.1,744.2,865.6,0.0,-,0,0,0.000
1790437726,__proc__,0,0,0,0,-,-,-,1212.3,28503,38620,8396382,14132.959
1790437756,s1-short,258918,38,1006,1006,192.4,728.0,873.7,0.0,-,0,0,0.000
1790437756,s2-long,7,4,0,0,36.5,112.7,112.7,0.0,-,0,0,0.000
1790437756,s3-quic,742352,0,407142,407142,3.0,65.7,436.1,0.0,-,0,0,0.000
1790437756,s4-mixed-kcp,95216,1,3883303,3883303,253.2,1654.0,2201.5,0.0,-,0,0,0.000
1790437756,s5-vmess-ws,257609,27,983,983,194.9,720.3,852.3,0.0,-,0,0,0.000
1790437756,s6-trojan-grpc,283808,28,1107,1107,145.2,690.7,852.6,0.0,-,0,0,0.000
1790437756,s7-ss-tcp,295426,57,1157,1157,136.3,671.2,824.4,0.0,-,0,0,0.000
1790437756,s8-tuic,285949,32,1098,1098,148.2,703.5,864.8,0.0,-,0,0,0.000
1790437756,s9-anytls,246188,22,993,993,189.2,738.3,865.8,0.0,-,0,0,0.000
1790437756,s10-vless-xhttp,260907,23,1040,1040,178.1,726.9,866.8,0.0,-,0,0,0.000
1790437756,s11-http-proxy,242140,34,941,941,226.6,754.9,857.1,0.0,-,0,0,0.000
1790437756,s12-vmess-h3,250385,17,960,960,210.5,737.9,860.9,0.0,-,0,0,0.000
1790437756,__proc__,0,0,0,0,-,-,-,1219.4,28535,38735,8412954,14160.386
1790437786,s1-short,259417,38,1048,1048,197.4,747.1,879.1,0.0,-,0,0,0.000
1790437786,s2-long,7,4,0,0,36.5,112.7,112.7,0.0,-,0,0,0.000
1790437786,s3-quic,743748,0,381201,381201,3.1,77.7,461.2,0.0,-,0,0,0.000
1790437786,s4-mixed-kcp,95390,1,3831762,3831762,253.2,1660.8,2238.8,0.0,-,0,0,0.000
1790437786,s5-vmess-ws,258097,27,1025,1025,199.2,744.7,859.6,0.0,-,0,0,0.000
1790437786,s6-trojan-grpc,284348,28,1134,1134,145.9,707.5,848.4,0.0,-,0,0,0.000
1790437786,s7-ss-tcp,295982,57,1168,1168,135.7,677.3,819.0,0.0,-,0,0,0.000
1790437786,s8-tuic,286495,32,1147,1147,146.4,706.8,862.0,0.0,-,0,0,0.000
1790437786,s9-anytls,246688,22,1050,1050,195.1,751.3,879.1,0.0,-,0,0,0.000
1790437786,s10-vless-xhttp,261418,23,1073,1073,182.8,743.0,873.9,0.0,-,0,0,0.000
1790437786,s11-http-proxy,242602,34,970,970,231.8,753.6,867.4,0.0,-,0,0,0.000
1790437786,s12-vmess-h3,250861,17,1000,1000,208.1,745.1,879.5,0.0,-,0,0,0.000
1790437786,__proc__,0,0,0,0,-,-,-,1224.8,28265,38734,8428280,14188.464
1790437816,s1-short,259907,38,1029,1029,196.2,749.1,873.7,0.0,-,0,0,0.000
1790437816,s2-long,7,4,0,0,36.5,112.7,112.7,0.0,-,0,0,0.000
1790437816,s3-quic,745420,0,456567,456567,3.0,77.3,461.2,0.0,-,0,0,0.000
1790437816,s4-mixed-kcp,95575,1,4009500,4009500,250.2,1660.8,2250.4,0.0,-,0,0,0.000
1790437816,s5-vmess-ws,258588,27,1031,1031,203.9,749.1,858.5,0.0,-,0,0,0.000
1790437816,s6-trojan-grpc,284882,28,1121,1121,144.5,707.1,849.4,0.0,-,0,0,0.000
1790437816,s7-ss-tcp,296558,57,1210,1210,128.3,653.6,812.6,0.0,-,0,0,0.000
1790437816,s8-tuic,287034,32,1132,1132,144.3,705.0,859.6,0.0,-,0,0,0.000
1790437816,s9-anytls,247185,22,1044,1044,195.3,754.9,868.8,0.0,-,0,0,0.000
1790437816,s10-vless-xhttp,261929,23,1073,1073,173.1,726.9,853.7,0.0,-,0,0,0.000
1790437816,s11-http-proxy,243074,34,991,991,226.9,763.0,868.1,0.0,-,0,0,0.000
1790437816,s12-vmess-h3,251344,17,1014,1014,205.8,748.2,866.1,0.0,-,0,0,0.000
1790437816,__proc__,0,0,0,0,-,-,-,1229.2,28163,38718,8447653,14214.322
1790437846,s1-short,260406,38,1048,1048,191.9,749.1,854.2,0.0,-,0,0,0.000
1790437846,s2-long,7,4,0,0,36.5,112.7,112.7,0.0,-,0,0,0.000
1790437846,s3-quic,747160,0,475136,475136,2.9,81.3,455.3,0.0,-,0,0,0.000
1790437846,s4-mixed-kcp,95766,1,4288733,4288733,249.4,1655.3,2238.8,0.0,-,0,0,0.000
1790437846,s5-vmess-ws,259083,27,1040,1040,199.2,753.9,850.1,0.0,-,0,0,0.000
1790437846,s6-trojan-grpc,285429,28,1149,1149,144.1,717.3,835.2,0.0,-,0,0,0.000
1790437846,s7-ss-tcp,297130,57,1201,1201,126.6,655.1,808.6,0.0,-,0,0,0.000
1790437846,s8-tuic,287592,32,1172,1172,142.8,730.3,854.2,0.0,-,0,0,0.000
1790437846,s9-anytls,247683,22,1046,1046,188.8,752.6,851.3,0.0,-,0,0,0.000
1790437846,s10-vless-xhttp,262449,23,1092,1092,162.3,741.6,846.0,0.0,-,0,0,0.000
1790437846,s11-http-proxy,243539,34,976,976,222.5,766.9,852.6,0.0,-,0,0,0.000
1790437846,s12-vmess-h3,251834,17,1029,1029,204.1,751.9,861.5,0.0,-,0,0,0.000
1790437846,__proc__,0,0,0,0,-,-,-,1221.9,28440,39019,8468239,14241.751
1790437876,s1-short,260886,38,1008,1008,189.0,750.5,848.7,0.0,-,0,0,0.000
1790437876,s2-long,7,4,0,0,36.5,112.7,112.7,0.0,-,0,0,0.000
1790437876,s3-quic,748770,0,439637,439637,2.9,68.4,417.4,0.0,-,0,0,0.000
1790437876,s4-mixed-kcp,95946,1,4100334,4100334,247.7,1667.2,2271.9,0.0,-,0,0,0.000
1790437876,s5-vmess-ws,259564,27,1010,1010,196.6,754.1,844.8,0.0,-,0,0,0.000
1790437876,s6-trojan-grpc,285962,28,1119,1119,142.8,702.9,828.0,0.0,-,0,0,0.000
1790437876,s7-ss-tcp,297678,57,1151,1151,127.1,676.3,809.6,0.0,-,0,0,0.000
1790437876,s8-tuic,288125,32,1119,1119,141.2,698.6,833.3,0.0,-,0,0,0.000
1790437876,s9-anytls,248157,22,995,995,185.3,746.8,844.3,0.0,-,0,0,0.000
1790437876,s10-vless-xhttp,262949,23,1050,1050,163.9,737.8,837.8,0.0,-,0,0,0.000
1790437876,s11-http-proxy,243996,34,960,960,220.0,768.8,853.6,0.0,-,0,0,0.000
1790437876,s12-vmess-h3,252298,17,974,974,203.5,757.0,853.6,0.0,-,0,0,0.000
1790437876,__proc__,0,0,0,0,-,-,-,1218.0,28690,38886,8486947,14268.956
1790437906,s1-short,261388,38,1054,1054,187.3,760.8,856.0,0.0,-,0,0,0.000
1790437906,s2-long,7,4,0,0,36.5,112.7,112.7,0.0,-,0,0,0.000
1790437906,s3-quic,750147,0,376013,376013,3.0,72.7,427.6,0.0,-,0,0,0.000
1790437906,s4-mixed-kcp,96135,1,4137164,4137164,249.4,1667.2,2250.4,0.0,-,0,0,0.000
1790437906,s5-vmess-ws,260063,27,1048,1048,189.4,761.6,851.4,0.0,-,0,0,0.000
1790437906,s6-trojan-grpc,286505,28,1140,1140,142.1,713.7,835.2,0.0,-,0,0,0.000
1790437906,s7-ss-tcp,298241,57,1182,1182,132.1,688.5,812.6,0.0,-,0,0,0.000
1790437906,s8-tuic,288674,32,1153,1153,139.2,707.4,855.0,0.0,-,0,0,0.000
1790437906,s9-anytls,248661,22,1058,1058,179.8,754.5,853.2,0.0,-,0,0,0.000
1790437906,s10-vless-xhttp,263466,23,1086,1086,170.6,743.9,846.9,0.0,-,0,0,0.000
1790437906,s11-http-proxy,244454,34,962,962,221.2,776.9,871.4,0.0,-,0,0,0.000
1790437906,s12-vmess-h3,252787,17,1027,1027,203.5,762.1,864.3,0.0,-,0,0,0.000
1790437906,__proc__,0,0,0,0,-,-,-,1212.5,28672,39242,8501723,14295.727
1790437936,s1-short,261883,38,1040,1040,188.3,771.1,869.6,0.0,-,0,0,0.000
1790437936,s2-long,7,4,0,0,36.5,112.7,112.7,0.0,-,0,0,0.000
1790437936,s3-quic,751562,0,386389,386389,3.0,83.5,441.8,0.0,-,0,0,0.000
1790437936,s4-mixed-kcp,96319,1,4267380,4267380,247.6,1670.6,2238.8,0.0,-,0,0,0.000
1790437936,s5-vmess-ws,260555,27,1033,1033,186.2,771.0,865.2,0.0,-,0,0,0.000
1790437936,s6-trojan-grpc,287055,28,1155,1155,141.6,725.6,839.5,0.0,-,0,0,0.000
1790437936,s7-ss-tcp,298810,57,1195,1195,135.9,699.8,811.1,0.0,-,0,0,0.000
1790437936,s8-tuic,289221,32,1149,1149,140.4,730.3,855.0,0.0,-,0,0,0.000
1790437936,s9-anytls,249158,22,1044,1044,183.1,765.5,868.5,0.0,-,0,0,0.000
1790437936,s10-vless-xhttp,263989,23,1098,1098,172.3,761.5,852.6,0.0,-,0,0,0.000
1790437936,s11-http-proxy,244920,34,979,979,222.3,784.8,879.5,0.0,-,0,0,0.000
1790437936,s12-vmess-h3,253263,17,1000,1000,196.6,773.0,873.8,0.0,-,0,0,0.000
1790437936,__proc__,0,0,0,0,-,-,-,1218.1,28977,39468,8518139,14320.822
1790437966,s1-short,262393,38,1071,1071,187.3,770.6,860.1,0.0,-,0,0,0.000
1790437966,s2-long,7,4,0,0,36.5,112.7,112.7,0.0,-,0,0,0.000
1790437966,s3-quic,753346,0,487151,487151,3.0,74.6,446.1,0.0,-,0,0,0.000
1790437966,s4-mixed-kcp,96505,1,4168428,4168428,245.1,1670.5,2223.2,0.0,-,0,0,0.000
1790437966,s5-vmess-ws,261074,27,1090,1090,184.2,773.0,860.7,0.0,-,0,0,0.000
1790437966,s6-trojan-grpc,287625,28,1197,1197,143.5,722.3,838.6,0.0,-,0,0,0.000
1790437966,s7-ss-tcp,299394,57,1226,1226,132.5,686.6,808.4,0.0,-,0,0,0.000
1790437966,s8-tuic,289785,32,1184,1184,142.3,731.4,844.7,0.0,-,0,0,0.000
1790437966,s9-anytls,249675,22,1086,1086,182.8,767.0,866.0,0.0,-,0,0,0.000
1790437966,s10-vless-xhttp,264527,23,1130,1130,163.7,736.6,846.9,0.0,-,0,0,0.000
1790437966,s11-http-proxy,245413,34,1035,1035,215.1,779.3,880.1,0.0,-,0,0,0.000
1790437966,s12-vmess-h3,253767,17,1058,1058,192.7,775.9,871.7,0.0,-,0,0,0.000
1790437966,__proc__,0,0,0,0,-,-,-,1226.3,28926,39743,8538680,14346.551
1790437996,s1-short,262897,38,1058,1058,184.6,769.6,863.2,0.0,-,0,0,0.000
1790437996,s2-long,7,4,0,0,36.5,112.7,112.7,0.0,-,0,0,0.000
1790437996,s3-quic,754761,0,386389,386389,3.0,79.0,443.1,0.0,-,0,0,0.000
1790437996,s4-mixed-kcp,96692,1,3979495,3979495,244.9,1676.7,2188.6,0.0,-,0,0,0.000
1790437996,s5-vmess-ws,261573,27,1048,1048,183.2,769.1,869.0,0.0,-,0,0,0.000
1790437996,s6-trojan-grpc,288179,28,1163,1163,145.0,722.3,835.0,0.0,-,0,0,0.000
1790437996,s7-ss-tcp,299965,57,1199,1199,129.7,685.6,807.9,0.0,-,0,0,0.000
1790437996,s8-tuic,290336,32,1157,1157,140.7,733.8,837.2,0.0,-,0,0,0.000
1790437996,s9-anytls,250182,22,1065,1065,179.9,759.0,858.0,0.0,-,0,0,0.000
1790437996,s10-vless-xhttp,265047,23,1092,1092,156.8,743.3,841.7,0.0,-,0,0,0.000
1790437996,s11-http-proxy,245874,34,968,968,204.7,789.1,894.5,0.0,-,0,0,0.000
1790437996,s12-vmess-h3,254247,17,1008,1008,194.2,786.1,879.1,0.0,-,0,0,0.000
1790437996,__proc__,0,0,0,0,-,-,-,1231.7,28905,39329,8554258,14374.450
1790438026,s1-short,263368,38,989,989,184.7,756.8,854.8,0.0,-,0,0,0.000
1790438026,s2-long,7,4,0,0,36.5,112.7,112.7,0.0,-,0,0,0.000
1790438026,s3-quic,756097,0,364817,364817,3.0,83.1,480.8,0.0,-,0,0,0.000
1790438026,s4-mixed-kcp,96865,1,4050806,4050806,243.7,1690.7,2198.3,0.0,-,0,0,0.000
1790438026,s5-vmess-ws,262039,27,979,979,181.8,766.5,864.1,0.0,-,0,0,0.000
1790438026,s6-trojan-grpc,288697,28,1088,1088,144.5,702.9,827.9,0.0,-,0,0,0.000
1790438026,s7-ss-tcp,300502,57,1128,1128,129.7,686.9,806.5,0.0,-,0,0,0.000
1790438026,s8-tuic,290853,32,1086,1086,140.6,714.9,815.2,0.0,-,0,0,0.000
1790438026,s9-anytls,250650,22,983,983,181.4,758.9,845.0,0.0,-,0,0,0.000
1790438026,s10-vless-xhttp,265525,23,1004,1004,160.7,751.2,833.1,0.0,-,0,0,0.000
1790438026,s11-http-proxy,246327,34,951,951,202.9,799.5,904.0,0.0,-,0,0,0.000
1790438026,s12-vmess-h3,254705,17,962,962,194.9,786.1,876.1,0.0,-,0,0,0.000
1790438026,__proc__,0,0,0,0,-,-,-,1266.1,28663,38726,8569893,14401.354
1790438056,s1-short,263851,38,1014,1014,175.8,761.7,859.2,0.0,-,0,0,0.000
1790438056,s2-long,7,4,0,0,36.5,112.7,112.7,0.0,-,0,0,0.000
1790438056,s3-quic,757664,0,427895,427895,3.0,92.9,460.7,0.0,-,0,0,0.000
1790438056,s4-mixed-kcp,97052,1,3908286,3908286,243.3,1681.2,2223.2,0.0,-,0,0,0.000
1790438056,s5-vmess-ws,262510,27,989,989,178.9,761.6,863.0,0.0,-,0,0,0.000
1790438056,s6-trojan-grpc,289234,28,1128,1128,139.8,693.2,829.5,0.0,-,0,0,0.000
1790438056,s7-ss-tcp,301053,57,1157,1157,131.9,690.2,822.1,0.0,-,0,0,0.000
1790438056,s8-tuic,291377,32,1100,1100,140.0,708.3,826.2,0.0,-,0,0,0.000
1790438056,s9-anytls,251122,22,991,991,177.6,758.9,850.3,0.0,-,0,0,0.000
1790438056,s10-vless-xhttp,266025,23,1050,1050,164.1,742.3,835.1,0.0,-,0,0,0.000
1790438056,s11-http-proxy,246783,34,958,958,201.1,800.1,902.9,0.0,-,0,0,0.000
1790438056,s12-vmess-h3,255165,17,966,966,193.3,776.9,871.7,0.0,-,0,0,0.000
1790438056,__proc__,0,0,0,0,-,-,-,1261.7,28702,38901,8588286,14426.798
1790438086,s1-short,264357,38,1063,1063,183.8,755.8,860.8,0.0,-,0,0,0.000
1790438086,s2-long,7,4,0,0,36.5,112.7,112.7,0.0,-,0,0,0.000
1790438086,s3-quic,759176,0,412877,412877,3.0,75.3,403.1,0.0,-,0,0,0.000
1790438086,s4-mixed-kcp,97241,1,4268565,4268565,244.6,1670.5,2213.0,0.0,-,0,0,0.000
1790438086,s5-vmess-ws,263013,27,1056,1056,180.9,754.1,864.0,0.0,-,0,0,0.000
1790438086,s6-trojan-grpc,289801,28,1191,1191,140.4,696.4,833.8,0.0,-,0,0,0.000
1790438086,s7-ss-tcp,301636,57,1224,1224,136.9,690.7,826.5,0.0,-,0,0,0.000
1790438086,s8-tuic,291954,32,1212,1212,140.8,711.8,835.7,0.0,-,0,0,0.000
1790438086,s9-anytls,251636,22,1079,1079,181.9,754.8,851.5,0.0,-,0,0,0.000
1790438086,s10-vless-xhttp,266556,23,1115,1115,171.0,737.0,839.5,0.0,-,0,0,0.000
1790438086,s11-http-proxy,247260,34,1002,1002,203.2,789.1,902.9,0.0,-,0,0,0.000
1790438086,s12-vmess-h3,255656,17,1031,1031,191.8,765.4,869.9,0.0,-,0,0,0.000
1790438086,__proc__,0,0,0,0,-,-,-,1257.8,29107,39849,8605075,14453.835
1790438116,s1-short,264899,38,1138,1138,181.5,753.1,861.9,0.0,-,0,0,0.000
1790438116,s2-long,7,4,0,0,36.5,112.7,112.7,0.0,-,0,0,0.000
1790438116,s3-quic,760832,0,452198,452198,3.0,81.2,407.4,0.0,-,0,0,0.000
1790438116,s4-mixed-kcp,97440,1,4253151,4253151,243.7,1652.2,2197.5,0.0,-,0,0,0.000
1790438116,s5-vmess-ws,263555,27,1138,1138,180.5,744.3,865.0,0.0,-,0,0,0.000
1790438116,s6-trojan-grpc,290401,28,1260,1260,139.3,681.1,837.0,0.0,-,0,0,0.000
1790438116,s7-ss-tcp,302258,57,1306,1306,129.0,678.0,832.4,0.0,-,0,0,0.000
1790438116,s8-tuic,292548,32,1247,1247,139.8,707.0,845.2,0.0,-,0,0,0.000
1790438116,s9-anytls,252177,22,1136,1136,179.9,754.5,853.3,0.0,-,0,0,0.000
1790438116,s10-vless-xhttp,267114,23,1172,1172,161.8,719.2,844.7,0.0,-,0,0,0.000
1790438116,s11-http-proxy,247772,34,1075,1075,188.2,777.7,906.9,0.0,-,0,0,0.000
1790438116,s12-vmess-h3,256180,17,1100,1100,187.1,759.1,871.7,0.0,-,0,0,0.000
1790438116,__proc__,0,0,0,0,-,-,-,1274.3,29172,40227,8624122,14481.228
1790438146,s1-short,265400,38,1052,1052,179.2,740.4,865.2,0.0,-,0,0,0.000
1790438146,s2-long,7,4,0,0,36.5,112.7,112.7,0.0,-,0,0,0.000
1790438146,s3-quic,762313,0,404412,404412,3.1,85.5,451.3,0.0,-,0,0,0.000
1790438146,s4-mixed-kcp,97626,1,4143661,4143661,241.5,1651.1,2197.5,0.0,-,0,0,0.000
1790438146,s5-vmess-ws,264056,27,1052,1052,180.6,727.2,870.1,0.0,-,0,0,0.000
1790438146,s6-trojan-grpc,290953,28,1159,1159,136.1,674.5,839.3,0.0,-,0,0,0.000
1790438146,s7-ss-tcp,302841,57,1224,1224,124.9,624.6,832.4,0.0,-,0,0,0.000
1790438146,s8-tuic,293089,32,1136,1136,138.1,696.9,844.9,0.0,-,0,0,0.000
1790438146,s9-anytls,252686,22,1069,1069,176.0,735.5,856.3,0.0,-,0,0,0.000
1790438146,s10-vless-xhttp,267645,23,1115,1115,157.4,703.7,844.0,0.0,-,0,0,0.000
1790438146,s11-http-proxy,248234,34,970,970,189.8,762.9,905.1,0.0,-,0,0,0.000
1790438146,s12-vmess-h3,256670,17,1029,1029,190.8,747.9,875.1,0.0,-,0,0,0.000
1790438146,__proc__,0,0,0,0,-,-,-,1270.7,29433,40126,8639963,14508.571
1790438176,s1-short,265877,38,1002,1002,181.5,723.9,864.8,0.0,-,0,0,0.000
1790438176,s2-long,7,4,0,0,36.5,112.7,112.7,0.0,-,0,0,0.000
1790438176,s3-quic,763740,0,389666,389666,3.1,90.7,455.9,0.0,-,0,0,0.000
1790438176,s4-mixed-kcp,97804,1,4178003,4178003,241.2,1651.1,2197.5,0.0,-,0,0,0.000
1790438176,s5-vmess-ws,264528,27,991,991,184.7,721.2,869.9,0.0,-,0,0,0.000
1790438176,s6-trojan-grpc,291480,28,1107,1107,135.3,633.9,830.6,0.0,-,0,0,0.000
1790438176,s7-ss-tcp,303376,57,1124,1124,127.2,641.4,833.7,0.0,-,0,0,0.000
1790438176,s8-tuic,293612,32,1098,1098,138.6,655.1,844.9,0.0,-,0,0,0.000
1790438176,s9-anytls,253163,22,1002,1002,177.6,720.6,848.5,0.0,-,0,0,0.000
1790438176,s10-vless-xhttp,268139,23,1037,1037,164.6,701.7,844.1,0.0,-,0,0,0.000
1790438176,s11-http-proxy,248682,34,941,941,196.4,777.0,915.4,0.0,-,0,0,0.000
1790438176,s12-vmess-h3,257128,17,962,962,194.9,762.2,880.5,0.0,-,0,0,0.000
1790438176,__proc__,0,0,0,0,-,-,-,1260.5,29096,39364,8656672,14534.833
1790438206,s1-short,266331,38,953,953,183.2,742.6,870.9,0.0,-,0,0,0.000
1790438206,s2-long,7,4,0,0,36.5,112.7,112.7,0.0,-,0,0,0.000
1790438206,s3-quic,765067,0,362359,362359,3.1,88.7,477.9,0.0,-,0,0,0.000
1790438206,s4-mixed-kcp,97970,1,3943444,3943444,244.0,1657.3,2213.0,0.0,-,0,0,0.000
1790438206,s5-vmess-ws,264977,27,943,943,185.9,721.8,876.1,0.0,-,0,0,0.000
1790438206,s6-trojan-grpc,291971,28,1031,1031,136.5,633.9,837.2,0.0,-,0,0,0.000
1790438206,s7-ss-tcp,303886,57,1071,1071,127.2,678.4,843.0,0.0,-,0,0,0.000
1790438206,s8-tuic,294102,32,1029,1029,141.5,648.4,852.6,0.0,-,0,0,0.000
1790438206,s9-anytls,253620,22,960,960,179.0,742.3,856.3,0.0,-,0,0,0.000
1790438206,s10-vless-xhttp,268609,23,987,987,169.9,715.1,858.8,0.0,-,0,0,0.000
1790438206,s11-http-proxy,249104,34,886,886,205.7,779.9,929.0,0.0,-,0,0,0.000
1790438206,s12-vmess-h3,257569,17,926,926,200.6,769.7,895.3,0.0,-,0,0,0.000
1790438206,__proc__,0,0,0,0,-,-,-,1245.9,28837,38888,8671424,14562.916
1790438236,s1-short,266818,38,1023,1023,186.5,698.4,868.0,0.0,-,0,0,0.000
1790438236,s2-long,7,4,0,0,36.5,112.7,112.7,0.0,-,0,0,0.000
1790438236,s3-quic,766253,0,323857,323857,3.1,98.2,496.4,0.0,-,0,0,0.000
1790438236,s4-mixed-kcp,98154,1,4303692,4303692,244.5,1654.0,2198.3,0.0,-,0,0,0.000
1790438236,s5-vmess-ws,265455,27,1004,1004,185.6,678.2,870.7,0.0,-,0,0,0.000
1790438236,s6-trojan-grpc,292494,28,1098,1098,139.7,611.2,838.0,0.0,-,0,0,0.000
1790438236,s7-ss-tcp,304429,57,1140,1140,133.0,641.4,848.7,0.0,-,0,0,0.000
1790438236,s8-tuic,294619,32,1086,1086,145.0,605.5,854.6,0.0,-,0,0,0.000
1790438236,s9-anytls,254108,22,1025,1025,184.3,693.4,851.5,0.0,-,0,0,0.000
1790438236,s10-vless-xhttp,269113,23,1058,1058,176.9,678.4,855.7,0.0,-,0,0,0.000
1790438236,s11-http-proxy,249549,34,934,934,211.1,774.2,922.4,0.0,-,0,0,0.000
1790438236,s12-vmess-h3,258036,17,981,981,200.3,713.1,888.4,0.0,-,0,0,0.000
1790438236,__proc__,0,0,0,0,-,-,-,1241.5,28987,39240,8684133,14591.267
1790438266,s1-short,267352,38,1121,1121,186.4,656.2,870.5,0.0,-,0,0,0.000
1790438266,s2-long,7,4,0,0,36.5,112.7,112.7,0.0,-,0,0,0.000
1790438266,s3-quic,767981,0,471859,471859,3.0,87.2,459.4,0.0,-,0,0,0.000
1790438266,s4-mixed-kcp,98344,1,4108770,4108770,243.7,1651.2,2197.5,0.0,-,0,0,0.000
1790438266,s5-vmess-ws,265983,27,1109,1109,187.9,650.5,878.1,0.0,-,0,0,0.000
1790438266,s6-trojan-grpc,293081,28,1233,1233,146.3,607.9,848.1,0.0,-,0,0,0.000
1790438266,s7-ss-tcp,305035,57,1273,1273,132.4,623.6,860.3,0.0,-,0,0,0.000
1790438266,s8-tuic,295197,32,1214,1214,148.2,597.7,858.8,0.0,-,0,0,0.000
1790438266,s9-anytls,254644,22,1126,1126,183.4,660.5,858.0,0.0,-,0,0,0.000
1790438266,s10-vless-xhttp,269656,23,1140,1140,169.4,626.3,868.6,0.0,-,0,0,0.000
1790438266,s11-http-proxy,250053,34,1058,1058,205.2,686.1,922.4,0.0,-,0,0,0.000
1790438266,s12-vmess-h3,258557,17,1094,1094,192.3,661.9,899.3,0.0,-,0,0,0.000
1790438266,__proc__,0,0,0,0,-,-,-,1239.6,28902,39855,8704446,14616.253
1790438296,s1-short,267855,38,1056,1056,186.2,642.6,880.8,0.0,-,0,0,0.000
1790438296,s2-long,7,4,0,0,36.5,112.7,112.7,0.0,-,0,0,0.000
1790438296,s3-quic,769682,0,464486,464486,3.0,79.6,454.3,0.0,-,0,0,0.000
1790438296,s4-mixed-kcp,98540,1,4411684,4411684,241.0,1638.9,2178.6,0.0,-,0,0,0.000
1790438296,s5-vmess-ws,266488,27,1060,1060,187.9,640.5,890.0,0.0,-,0,0,0.000
1790438296,s6-trojan-grpc,293641,28,1176,1176,149.2,619.4,871.3,0.0,-,0,0,0.000
1790438296,s7-ss-tcp,305616,57,1220,1220,126.9,605.9,869.2,0.0,-,0,0,0.000
1790438296,s8-tuic,295760,32,1182,1182,151.8,610.7,876.3,0.0,-,0,0,0.000
1790438296,s9-anytls,255150,22,1063,1063,182.4,638.7,863.2,0.0,-,0,0,0.000
1790438296,s10-vless-xhttp,270184,23,1109,1109,165.8,632.4,891.4,0.0,-,0,0,0.000
1790438296,s11-http-proxy,250525,34,991,991,200.1,659.5,922.6,0.0,-,0,0,0.000
1790438296,s12-vmess-h3,259047,17,1029,1029,194.4,647.8,910.4,0.0,-,0,0,0.000
1790438296,__proc__,0,0,0,0,-,-,-,1242.5,29166,39754,8724394,14643.029
1790438326,s1-short,268349,38,1037,1037,187.2,641.0,884.7,0.0,-,0,0,0.000
1790438326,s2-long,7,4,0,0,36.5,112.7,112.7,0.0,-,0,0,0.000
1790438326,s3-quic,771099,0,386935,386935,3.0,86.4,440.4,0.0,-,0,0,0.000
1790438326,s4-mixed-kcp,98731,1,4303695,4303695,240.9,1597.8,2165.9,0.0,-,0,0,0.000
1790438326,s5-vmess-ws,266973,27,1018,1018,187.9,647.6,890.8,0.0,-,0,0,0.000
1790438326,s6-trojan-grpc,294188,28,1149,1149,154.0,619.4,872.8,0.0,-,0,0,0.000
1790438326,s7-ss-tcp,306190,57,1205,1205,129.6,600.7,871.2,0.0,-,0,0,0.000
1790438326,s8-tuic,296311,32,1157,1157,157.8,622.1,881.8,0.0,-,0,0,0.000
1790438326,s9-anytls,255649,22,1048,1048,182.4,631.6,870.4,0.0,-,0,0,0.000
1790438326,s10-vless-xhttp,270704,23,1092,1092,171.7,638.9,892.1,0.0,-,0,0,0.000
1790438326,s11-http-proxy,250996,34,989,989,205.5,677.1,929.3,0.0,-,0,0,0.000
1790438326,s12-vmess-h3,259531,17,1016,1016,199.6,666.7,908.9,0.0,-,0,0,0.000
1790438326,__proc__,0,0,0,0,-,-,-,1234.3,29183,39779,8740469,14669.333
1790438356,s1-short,268834,38,1018,1018,184.8,698.4,903.2,0.0,-,0,0,0.000
1790438356,s2-long,7,4,0,0,36.5,112.7,112.7,0.0,-,0,0,0.000
1790438356,s3-quic,772325,0,334780,334780,3.1,91.9,457.5,0.0,-,0,0,0.000
1790438356,s4-mixed-kcp,98915,1,4065180,4065180,244.3,1606.5,2172.8,0.0,-,0,0,0.000
1790438356,s5-vmess-ws,267453,27,1008,1008,186.2,682.8,907.9,0.0,-,0,0,0.000
1790438356,s6-trojan-grpc,294713,28,1102,1102,151.1,687.2,879.6,0.0,-,0,0,0.000
1790438356,s7-ss-tcp,306725,57,1124,1124,132.9,681.1,886.2,0.0,-,0,0,0.000
1790438356,s8-tuic,296837,32,1105,1105,153.4,678.9,886.3,0.0,-,0,0,0.000
1790438356,s9-anytls,256128,22,1006,1006,181.8,694.7,900.8,0.0,-,0,0,0.000
1790438356,s10-vless-xhttp,271202,23,1046,1046,175.2,707.4,902.9,0.0,-,0,0,0.000
1790438356,s11-http-proxy,251441,34,934,934,216.1,731.7,938.4,0.0,-,0,0,0.000
1790438356,s12-vmess-h3,260000,17,985,985,199.6,724.8,910.4,0.0,-,0,0,0.000
1790438356,__proc__,0,0,0,0,-,-,-,1232.5,29007,39261,8752949,14697.137
1790438386,s1-short,269339,38,1060,1060,188.6,760.1,899.3,0.0,-,0,0,0.000
1790438386,s2-long,7,4,0,0,36.5,112.7,112.7,0.0,-,0,0,0.000
1790438386,s3-quic,773864,0,420250,420250,3.1,97.5,454.9,0.0,-,0,0,0.000
1790438386,s4-mixed-kcp,99105,1,4051088,4051088,245.1,1600.7,2148.9,0.0,-,0,0,0.000
1790438386,s5-vmess-ws,267943,27,1029,1029,186.9,737.6,907.4,0.0,-,0,0,0.000
1790438386,s6-trojan-grpc,295256,28,1140,1140,149.5,682.4,876.7,0.0,-,0,0,0.000
1790438386,s7-ss-tcp,307293,57,1193,1193,136.6,685.8,883.8,0.0,-,0,0,0.000
1790438386,s8-tuic,297380,32,1140,1140,151.1,678.9,881.5,0.0,-,0,0,0.000
1790438386,s9-anytls,256627,22,1048,1048,186.9,765.7,900.8,0.0,-,0,0,0.000
1790438386,s10-vless-xhttp,271723,23,1094,1094,176.1,753.0,900.4,0.0,-,0,0,0.000
1790438386,s11-http-proxy,251914,34,993,993,218.3,760.8,937.0,0.0,-,0,0,0.000
1790438386,s12-vmess-h3,260482,17,1012,1012,197.2,758.7,905.7,0.0,-,0,0,0.000
1790438386,__proc__,0,0,0,0,-,-,-,1243.1,28973,39496,8769571,14724.275
1790438416,s1-short,269873,38,1121,1121,188.4,728.6,891.7,0.0,-,0,0,0.000
1790438416,s2-long,7,4,0,0,36.5,112.7,112.7,0.0,-,0,0,0.000
1790438416,s3-quic,775593,0,472132,472132,3.0,75.1,426.9,0.0,-,0,0,0.000
1790438416,s4-mixed-kcp,99294,1,4329361,4329361,242.7,1587.6,2090.8,0.0,-,0,0,0.000
1790438416,s5-vmess-ws,268475,27,1117,1117,187.4,691.0,900.3,0.0,-,0,0,0.000
1790438416,s6-trojan-grpc,295844,28,1235,1235,149.4,674.4,876.0,0.0,-,0,0,0.000
1790438416,s7-ss-tcp,307894,57,1262,1262,134.4,650.4,880.8,0.0,-,0,0,0.000
1790438416,s8-tuic,297964,32,1226,1226,149.4,665.3,881.3,0.0,-,0,0,0.000
1790438416,s9-anytls,257170,22,1140,1140,186.9,749.7,887.2,0.0,-,0,0,0.000
1790438416,s10-vless-xhttp,272264,23,1136,1136,170.5,713.0,888.2,0.0,-,0,0,0.000
1790438416,s11-http-proxy,252425,34,1073,1073,204.7,734.5,934.1,0.0,-,0,0,0.000
1790438416,s12-vmess-h3,261006,17,1100,1100,194.0,681.7,892.4,0.0,-,0,0,0.000
1790438416,__proc__,0,0,0,0,-,-,-,1252.3,28898,40041,8789620,14749.844
1790438446,s1-short,270369,38,1042,1042,182.4,760.6,899.3,0.0,-,0,0,0.000
1790438446,s2-long,7,4,0,0,36.5,112.7,112.7,0.0,-,0,0,0.000
1790438446,s3-quic,777136,0,421342,421342,3.0,75.6,465.8,0.0,-,0,0,0.000
1790438446,s4-mixed-kcp,99475,1,4245368,4245368,241.0,1591.2,2086.7,0.0,-,0,0,0.000
1790438446,s5-vmess-ws,268969,27,1037,1037,182.7,750.8,907.3,0.0,-,0,0,0.000
1790438446,s6-trojan-grpc,296392,28,1151,1151,146.7,691.3,879.6,0.0,-,0,0,0.000
1790438446,s7-ss-tcp,308466,57,1201,1201,129.3,612.1,867.6,0.0,-,0,0,0.000
1790438446,s8-tuic,298504,32,1134,1134,146.7,667.7,880.0,0.0,-,0,0,0.000
1790438446,s9-anytls,257672,22,1054,1054,179.8,754.8,896.1,0.0,-,0,0,0.000
1790438446,s10-vless-xhttp,272782,23,1088,1088,163.3,700.0,884.3,0.0,-,0,0,0.000
1790438446,s11-http-proxy,252891,34,979,979,196.6,768.2,925.6,0.0,-,0,0,0.000
1790438446,s12-vmess-h3,261484,17,1004,1004,192.6,762.6,905.6,0.0,-,0,0,0.000
1790438446,__proc__,0,0,0,0,-,-,-,1253.7,28994,39425,8806981,14776.389
1790438476,s1-short,270847,38,1004,1004,183.8,761.9,912.8,0.0,-,0,0,0.000
1790438476,s2-long,7,4,0,0,36.5,112.7,112.7,0.0,-,0,0,0.000
1790438476,s3-quic,778432,0,353894,353894,3.0,85.8,477.0,0.0,-,0,0,0.000
1790438476,s4-mixed-kcp,99644,1,4016980,4016980,245.1,1588.0,2091.9,0.0,-,0,0,0.000
1790438476,s5-vmess-ws,269443,27,995,995,183.4,756.1,905.5,0.0,-,0,0,0.000
1790438476,s6-trojan-grpc,296909,28,1086,1086,146.7,731.0,888.7,0.0,-,0,0,0.000
1790438476,s7-ss-tcp,309000,57,1121,1121,129.6,680.5,883.6,0.0,-,0,0,0.000
1790438476,s8-tuic,299016,32,1075,1075,146.2,722.0,888.5,0.0,-,0,0,0.000
1790438476,s9-anytls,258151,22,1006,1006,180.7,773.6,903.9,0.0,-,0,0,0.000
1790438476,s10-vless-xhttp,273270,23,1025,1025,167.8,754.9,896.8,0.0,-,0,0,0.000
1790438476,s11-http-proxy,253328,34,918,918,199.5,768.2,924.8,0.0,-,0,0,0.000
1790438476,s12-vmess-h3,261950,17,979,979,193.3,759.3,905.5,0.0,-,0,0,0.000
1790438476,__proc__,0,0,0,0,-,-,-,1255.7,28580,38935,8821274,14802.844
1790438506,s1-short,271307,38,966,966,183.6,768.8,913.2,0.0,-,0,0,0.000
1790438506,s2-long,7,4,0,0,36.5,112.7,112.7,0.0,-,0,0,0.000
1790438506,s3-quic,779909,0,403319,403319,3.0,89.4,468.3,0.0,-,0,0,0.000
1790438506,s4-mixed-kcp,99818,1,3865590,3865590,246.1,1597.8,2148.9,0.0,-,0,0,0.000
1790438506,s5-vmess-ws,269891,27,941,941,182.8,756.1,905.5,0.0,-,0,0,0.000
1790438506,s6-trojan-grpc,297416,28,1065,1065,149.6,720.8,886.2,0.0,-,0,0,0.000
1790438506,s7-ss-tcp,309529,57,1111,1111,135.8,709.0,889.9,0.0,-,0,0,0.000
1790438506,s8-tuic,299529,32,1077,1077,149.1,714.3,887.0,0.0,-,0,0,0.000
1790438506,s9-anytls,258616,22,976,976,179.8,775.4,908.1,0.0,-,0,0,0.000
1790438506,s10-vless-xhttp,273749,23,1006,1006,170.7,758.4,900.4,0.0,-,0,0,0.000
1790438506,s11-http-proxy,253756,34,899,899,200.2,791.2,936.2,0.0,-,0,0,0.000
1790438506,s12-vmess-h3,262397,17,939,939,196.3,778.8,922.3,0.0,-,0,0,0.000
1790438506,__proc__,0,0,0,0,-,-,-,1240.2,28825,38916,8837993,14829.779
1790438536,s1-short,271793,38,1021,1021,188.2,767.2,917.0,0.0,-,0,0,0.000
1790438536,s2-long,7,4,0,0,36.5,112.7,112.7,0.0,-,0,0,0.000
1790438536,s3-quic,781376,0,400589,400589,3.0,98.8,466.9,0.0,-,0,0,0.000
1790438536,s4-mixed-kcp,100002,1,3911339,3911339,248.7,1599.2,2144.0,0.0,-,0,0,0.000
1790438536,s5-vmess-ws,270382,27,1031,1031,183.1,756.1,910.8,0.0,-,0,0,0.000
1790438536,s6-trojan-grpc,297947,28,1115,1115,149.9,686.9,896.4,0.0,-,0,0,0.000
1790438536,s7-ss-tcp,310080,57,1157,1157,142.9,683.2,897.4,0.0,-,0,0,0.000
1790438536,s8-tuic,300057,32,1109,1109,150.8,693.2,892.3,0.0,-,0,0,0.000
1790438536,s9-anytls,259106,22,1029,1029,184.6,774.6,908.2,0.0,-,0,0,0.000
1790438536,s10-vless-xhttp,274255,23,1063,1063,175.2,757.8,901.5,0.0,-,0,0,0.000
1790438536,s11-http-proxy,254216,34,966,966,202.3,789.6,938.2,0.0,-,0,0,0.000
1790438536,s12-vmess-h3,262870,17,993,993,194.8,771.4,907.8,0.0,-,0,0,0.000
1790438536,__proc__,0,0,0,0,-,-,-,1235.8,28916,39499,8854534,14856.416
1790438566,s1-short,272330,38,1128,1128,188.9,739.8,918.9,0.0,-,0,0,0.000
1790438566,s2-long,7,4,0,0,36.5,112.7,112.7,0.0,-,0,0,0.000
1790438566,s3-quic,782989,0,440457,440457,3.0,77.0,431.6,0.0,-,0,0,0.000
1790438566,s4-mixed-kcp,100205,1,4041514,4041514,248.2,1595.9,2143.4,0.0,-,0,0,0.000
1790438566,s5-vmess-ws,270911,27,1111,1111,185.6,720.9,911.9,0.0,-,0,0,0.000
1790438566,s6-trojan-grpc,298532,28,1228,1228,150.2,673.0,903.0,0.0,-,0,0,0.000
1790438566,s7-ss-tcp,310671,57,1241,1241,142.2,652.8,904.5,0.0,-,0,0,0.000
1790438566,s8-tuic,300645,32,1235,1235,151.3,674.3,903.6,0.0,-,0,0,0.000
1790438566,s9-anytls,259641,22,1124,1124,186.5,751.5,909.6,0.0,-,0,0,0.000
1790438566,s10-vless-xhttp,274804,23,1153,1153,171.1,723.7,907.2,0.0,-,0,0,0.000
1790438566,s11-http-proxy,254712,34,1042,1042,203.1,768.2,926.9,0.0,-,0,0,0.000
1790438566,s12-vmess-h3,263384,17,1079,1079,191.7,721.8,907.8,0.0,-,0,0,0.000
1790438566,__proc__,0,0,0,0,-,-,-,1241.0,28822,39845,8872912,14882.806
1790438596,s1-short,272835,38,1060,1060,188.0,732.2,926.6,0.0,-,0,0,0.000
1790438596,s2-long,7,4,0,0,36.5,112.7,112.7,0.0,-,0,0,0.000
1790438596,s3-quic,784517,0,417246,417246,3.1,80.7,432.1,0.0,-,0,0,0.000
1790438596,s4-mixed-kcp,100396,1,4266275,4266275,246.9,1573.4,2134.9,0.0,-,0,0,0.000
1790438596,s5-vmess-ws,271414,27,1056,1056,185.6,719.9,920.0,0.0,-,0,0,0.000
1790438596,s6-trojan-grpc,299082,28,1155,1155,156.0,649.4,909.2,0.0,-,0,0,0.000
1790438596,s7-ss-tcp,311247,57,1210,1210,140.2,630.2,909.4,0.0,-,0,0,0.000
1790438596,s8-tuic,301190,32,1144,1144,156.3,634.4,898.9,0.0,-,0,0,0.000
1790438596,s9-anytls,260149,22,1067,1067,184.6,736.9,912.6,0.0,-,0,0,0.000
1790438596,s10-vless-xhttp,275337,23,1119,1119,168.3,644.9,905.8,0.0,-,0,0,0.000
1790438596,s11-http-proxy,255182,34,987,987,200.8,724.8,925.2,0.0,-,0,0,0.000
1790438596,s12-vmess-h3,263873,17,1027,1027,193.5,717.9,923.3,0.0,-,0,0,0.000
1790438596,__proc__,0,0,0,0,-,-,-,1240.0,28939,39630,8890351,14908.864
1790438626,s1-short,273329,38,1037,1037,191.2,688.1,942.4,0.0,-,0,0,0.000
1790438626,s2-long,7,4,0,0,36.5,112.7,112.7,0.0,-,0,0,0.000
1790438626,s3-quic,786254,0,474317,474317,3.0,81.7,430.6,0.0,-,0,0,0.000
1790438626,s4-mixed-kcp,100581,1,4337138,4337138,246.1,1573.4,2134.9,0.0,-,0,0,0.000
1790438626,s5-vmess-ws,271904,27,1029,1029,191.0,685.2,920.0,0.0,-,0,0,0.000
1790438626,s6-trojan-grpc,299619,28,1128,1128,157.7,628.1,916.2,0.0,-,0,0,0.000
1790438626,s7-ss-tcp,311809,57,1180,1180,137.5,601.8,913.0,0.0,-,0,0,0.000
1790438626,s8-tuic,301736,32,1147,1147,159.8,610.4,910.2,0.0,-,0,0,0.000
1790438626,s9-anytls,260640,22,1031,1031,186.9,665.5,932.2,0.0,-,0,0,0.000
1790438626,s10-vless-xhttp,275845,23,1067,1067,173.2,625.4,924.4,0.0,-,0,0,0.000
1790438626,s11-http-proxy,255654,34,991,991,201.3,675.0,912.7,0.0,-,0,0,0.000
1790438626,s12-vmess-h3,264356,17,1014,1014,201.1,684.8,925.8,0.0,-,0,0,0.000
1790438626,__proc__,0,0,0,0,-,-,-,1239.9,28775,39283,8910689,14933.132
1790438656,s1-short,273800,38,989,989,189.9,704.3,945.2,0.0,-,0,0,0.000
1790438656,s2-long,7,4,0,0,36.5,112.7,112.7,0.0,-,0,0,0.000
1790438656,s3-quic,787610,0,370278,370278,3.0,88.5,450.9,0.0,-,0,0,0.000
1790438656,s4-mixed-kcp,100750,1,4024969,4024969,246.1,1594.7,2144.0,0.0,-,0,0,0.000
1790438656,s5-vmess-ws,272367,27,972,972,190.3,696.5,924.7,0.0,-,0,0,0.000
1790438656,s6-trojan-grpc,300133,28,1079,1079,157.6,662.9,921.2,0.0,-,0,0,0.000
1790438656,s7-ss-tcp,312343,57,1121,1121,138.9,630.0,918.2,0.0,-,0,0,0.000
1790438656,s8-tuic,302246,32,1071,1071,159.5,673.3,929.2,0.0,-,0,0,0.000
1790438656,s9-anytls,261108,22,983,983,186.4,698.0,939.9,0.0,-,0,0,0.000
1790438656,s10-vless-xhttp,276333,23,1025,1025,176.4,686.9,935.3,0.0,-,0,0,0.000
1790438656,s11-http-proxy,256091,34,918,918,206.6,732.8,917.4,0.0,-,0,0,0.000
1790438656,s12-vmess-h3,264815,17,964,964,202.7,729.5,931.7,0.0,-,0,0,0.000
1790438656,__proc__,0,0,0,0,-,-,-,1232.3,28447,38673,8925571,14960.249
1790438686,s1-short,274287,38,1023,1023,195.9,688.0,944.3,0.0,-,0,0,0.000
1790438686,s2-long,7,4,0,0,36.5,112.7,112.7,0.0,-,0,0,0.000
1790438686,s3-quic,789273,0,454110,454110,3.0,72.4,426.6,0.0,-,0,0,0.000
1790438686,s4-mixed-kcp,100935,1,3971484,3971484,247.0,1579.9,2144.0,0.0,-,0,0,0.000
1790438686,s5-vmess-ws,272835,27,983,983,193.9,680.3,907.3,0.0,-,0,0,0.000
1790438686,s6-trojan-grpc,300654,28,1094,1094,160.4,636.1,906.9,0.0,-,0,0,0.000
1790438686,s7-ss-tcp,312885,57,1138,1138,146.1,632.5,897.2,0.0,-,0,0,0.000
1790438686,s8-tuic,302756,32,1071,1071,160.5,622.6,897.0,0.0,-,0,0,0.000
1790438686,s9-anytls,261588,22,1008,1008,193.0,684.3,928.4,0.0,-,0,0,0.000
1790438686,s10-vless-xhttp,276830,23,1044,1044,184.3,687.1,935.3,0.0,-,0,0,0.000
1790438686,s11-http-proxy,256550,34,964,964,213.9,733.7,911.2,0.0,-,0,0,0.000
1790438686,s12-vmess-h3,265285,17,987,987,205.3,719.7,931.7,0.0,-,0,0,0.000
1790438686,__proc__,0,0,0,0,-,-,-,1230.4,28511,38974,8944714,14987.455
1790438716,s1-short,274811,38,1100,1100,198.7,683.8,909.3,0.0,-,0,0,0.000
1790438716,s2-long,7,4,0,0,36.5,112.7,112.7,0.0,-,0,0,0.000
1790438716,s3-quic,790988,0,468309,468309,2.9,74.7,409.6,0.0,-,0,0,0.000
1790438716,s4-mixed-kcp,101124,1,4079818,4079818,248.3,1595.9,2144.0,0.0,-,0,0,0.000
1790438716,s5-vmess-ws,273364,27,1111,1111,196.4,676.0,889.0,0.0,-,0,0,0.000
1790438716,s6-trojan-grpc,301219,28,1186,1186,158.8,630.7,896.3,0.0,-,0,0,0.000
1790438716,s7-ss-tcp,313473,57,1235,1235,143.0,635.4,888.7,0.0,-,0,0,0.000
1790438716,s8-tuic,303344,32,1235,1235,156.9,628.7,894.9,0.0,-,0,0,0.000
1790438716,s9-anytls,262113,22,1102,1102,196.2,670.6,905.4,0.0,-,0,0,0.000
1790438716,s10-vless-xhttp,277373,23,1140,1140,181.0,680.0,911.9,0.0,-,0,0,0.000
1790438716,s11-http-proxy,257052,34,1054,1054,214.6,724.7,915.3,0.0,-,0,0,0.000
1790438716,s12-vmess-h3,265809,17,1100,1100,203.3,678.9,906.4,0.0,-,0,0,0.000
1790438716,__proc__,0,0,0,0,-,-,-,1241.1,28565,39764,8964165,15014.538
1790438746,s1-short,275332,38,1094,1094,195.6,699.1,905.1,0.0,-,0,0,0.000
1790438746,s2-long,7,4,0,0,36.5,112.7,112.7,0.0,-,0,0,0.000
1790438746,s3-quic,792744,0,479505,479505,2.9,72.0,403.3,0.0,-,0,0,0.000
1790438746,s4-mixed-kcp,101307,1,3908697,3908697,246.9,1595.3,2161.3,0.0,-,0,0,0.000
1790438746,s5-vmess-ws,273880,27,1084,1084,194.9,685.2,890.8,0.0,-,0,0,0.000
1790438746,s6-trojan-grpc,301794,28,1208,1208,156.6,662.0,903.0,0.0,-,0,0,0.000
1790438746,s7-ss-tcp,314064,57,1241,1241,133.5,640.4,882.2,0.0,-,0,0,0.000
1790438746,s8-tuic,303922,32,1214,1214,152.9,670.6,890.3,0.0,-,0,0,0.000
1790438746,s9-anytls,262634,22,1094,1094,194.2,695.2,903.2,0.0,-,0,0,0.000
1790438746,s10-vless-xhttp,277916,23,1140,1140,171.4,680.0,897.5,0.0,-,0,0,0.000
1790438746,s11-http-proxy,257536,34,1016,1016,207.2,695.9,899.6,0.0,-,0,0,0.000
1790438746,s12-vmess-h3,266310,17,1052,1052,203.5,687.5,904.0,0.0,-,0,0,0.000
1790438746,__proc__,0,0,0,0,-,-,-,1235.9,28599,39474,8983757,15041.779
1790438776,s1-short,275824,38,1033,1033,194.4,704.3,903.7,0.0,-,0,0,0.000
1790438776,s2-long,7,4,0,0,36.5,112.7,112.7,0.0,-,0,0,0.000
1790438776,s3-quic,794231,0,406050,406050,3.0,79.1,434.1,0.0,-,0,0,0.000
1790438776,s4-mixed-kcp,101489,1,3959134,3959134,244.3,1595.9,2172.8,0.0,-,0,0,0.000
1790438776,s5-vmess-ws,274374,27,1037,1037,194.2,691.9,897.5,0.0,-,0,0,0.000
1790438776,s6-trojan-grpc,302345,28,1157,1157,152.2,675.1,897.9,0.0,-,0,0,0.000
1790438776,s7-ss-tcp,314631,57,1191,1191,129.2,630.0,873.5,0.0,-,0,0,0.000
1790438776,s8-tuic,304473,32,1157,1157,147.4,688.2,888.9,0.0,-,0,0,0.000
1790438776,s9-anytls,263127,22,1035,1035,192.1,701.4,903.2,0.0,-,0,0,0.000
1790438776,s10-vless-xhttp,278429,23,1077,1077,173.3,703.1,892.1,0.0,-,0,0,0.000
1790438776,s11-http-proxy,257992,34,958,958,211.1,716.4,919.3,0.0,-,0,0,0.000
1790438776,s12-vmess-h3,266789,17,1006,1006,205.1,702.5,917.8,0.0,-,0,0,0.000
1790438776,__proc__,0,0,0,0,-,-,-,1237.2,29000,39523,8999784,15068.322
1790438806,s1-short,276304,38,1008,1008,194.7,748.7,904.7,0.0,-,0,0,0.000
1790438806,s2-long,7,4,0,0,36.5,112.7,112.7,0.0,-,0,0,0.000
1790438806,s3-quic,795577,0,367548,367548,3.0,89.0,440.0,0.0,-,0,0,0.000
1790438806,s4-mixed-kcp,101663,1,3848201,3848201,246.9,1597.8,2176.2,0.0,-,0,0,0.000
1790438806,s5-vmess-ws,274847,27,993,993,193.8,726.8,901.6,0.0,-,0,0,0.000
1790438806,s6-trojan-grpc,302869,28,1100,1100,149.9,664.5,883.4,0.0,-,0,0,0.000
1790438806,s7-ss-tcp,315176,57,1144,1144,129.8,668.7,874.3,0.0,-,0,0,0.000
1790438806,s8-tuic,304994,32,1094,1094,143.9,692.3,886.3,0.0,-,0,0,0.000
1790438806,s9-anytls,263608,22,1010,1010,192.1,730.6,905.4,0.0,-,0,0,0.000
1790438806,s10-vless-xhttp,278926,23,1044,1044,178.8,728.0,889.3,0.0,-,0,0,0.000
1790438806,s11-http-proxy,258425,34,909,909,215.9,759.5,919.8,0.0,-,0,0,0.000
1790438806,s12-vmess-h3,267249,17,966,966,205.6,742.8,917.8,0.0,-,0,0,0.000
1790438806,__proc__,0,0,0,0,-,-,-,1231.8,28837,39153,9014682,15095.636
1790438836,s1-short,276772,38,983,983,196.9,769.3,902.0,0.0,-,0,0,0.000
1790438836,s2-long,7,4,0,0,36.5,112.7,112.7,0.0,-,0,0,0.000
1790438836,s3-quic,797006,0,390212,390212,3.0,95.1,452.2,0.0,-,0,0,0.000
1790438836,s4-mixed-kcp,101843,1,4033233,4033233,246.9,1597.8,2192.9,0.0,-,0,0,0.000
1790438836,s5-vmess-ws,275319,27,991,991,191.2,759.4,900.7,0.0,-,0,0,0.000
1790438836,s6-trojan-grpc,303403,28,1121,1121,146.9,702.3,874.7,0.0,-,0,0,0.000
1790438836,s7-ss-tcp,315721,57,1144,1144,133.7,711.5,875.9,0.0,-,0,0,0.000
1790438836,s8-tuic,305522,32,1109,1109,144.1,734.7,883.9,0.0,-,0,0,0.000
1790438836,s9-anytls,264092,22,1016,1016,191.7,753.2,903.1,0.0,-,0,0,0.000
1790438836,s10-vless-xhttp,279422,23,1042,1042,184.6,756.6,891.7,0.0,-,0,0,0.000
1790438836,s11-http-proxy,258866,34,926,926,215.9,810.1,919.8,0.0,-,0,0,0.000
1790438836,s12-vmess-h3,267709,17,966,966,204.1,779.2,909.3,0.0,-,0,0,0.000
1790438836,__proc__,0,0,0,0,-,-,-,1233.2,28847,39202,9031460,15122.942
1790438866,s1-short,277304,38,1117,1117,195.4,776.4,903.7,0.0,-,0,0,0.000
1790438866,s2-long,7,4,0,0,36.5,112.7,112.7,0.0,-,0,0,0.000
1790438866,s3-quic,798663,0,452471,452471,3.0,73.1,438.6,0.0,-,0,0,0.000
1790438866,s4-mixed-kcp,102034,1,4057634,4057634,245.6,1595.3,2192.9,0.0,-,0,0,0.000
1790438866,s5-vmess-ws,275851,27,1117,1117,188.6,780.0,903.5,0.0,-,0,0,0.000
1790438866,s6-trojan-grpc,303982,28,1216,1216,146.9,697.1,883.6,0.0,-,0,0,0.000
1790438866,s7-ss-tcp,316331,57,1281,1281,131.9,678.6,878.7,0.0,-,0,0,0.000
1790438866,s8-tuic,306104,32,1222,1222,144.1,701.7,883.9,0.0,-,0,0,0.000
1790438866,s9-anytls,264630,22,1130,1130,188.9,762.9,903.2,0.0,-,0,0,0.000
1790438866,s10-vless-xhttp,279975,23,1161,1161,173.6,745.1,891.7,0.0,-,0,0,0.000
1790438866,s11-http-proxy,259361,34,1040,1040,211.9,813.5,925.6,0.0,-,0,0,0.000
1790438866,s12-vmess-h3,268224,17,1082,1082,196.1,794.1,913.7,0.0,-,0,0,0.000
1790438866,__proc__,0,0,0,0,-,-,-,1242.4,28939,40016,9050794,15149.250
1790438896,s1-short,277805,38,1052,1052,194.9,772.1,902.0,0.0,-,0,0,0.000
1790438896,s2-long,7,4,0,0,36.5,112.7,112.7,0.0,-,0,0,0.000
1790438896,s3-quic,800280,0,441549,441549,3.0,79.3,438.6,0.0,-,0,0,0.000
1790438896,s4-mixed-kcp,102206,1,3879497,3879497,244.2,1596.7,2198.4,0.0,-,0,0,0.000
1790438896,s5-vmess-ws,276345,27,1037,1037,190.2,776.4,903.5,0.0,-,0,0,0.000
1790438896,s6-trojan-grpc,304534,28,1159,1159,149.6,729.2,884.9,0.0,-,0,0,0.000
1790438896,s7-ss-tcp,316909,57,1214,1214,127.7,659.4,874.9,0.0,-,0,0,0.000
1790438896,s8-tuic,306655,32,1157,1157,146.4,744.1,884.6,0.0,-,0,0,0.000
1790438896,s9-anytls,265129,22,1048,1048,186.5,760.5,901.1,0.0,-,0,0,0.000
1790438896,s10-vless-xhttp,280492,23,1086,1086,167.9,748.8,888.2,0.0,-,0,0,0.000
1790438896,s11-http-proxy,259830,34,985,985,207.3,808.4,924.6,0.0,-,0,0,0.000
1790438896,s12-vmess-h3,268711,17,1023,1023,197.3,792.6,905.2,0.0,-,0,0,0.000
1790438896,__proc__,0,0,0,0,-,-,-,1236.0,28979,39539,9069322,15176.581
1790438926,s1-short,278304,38,1048,1048,188.1,771.2,904.7,0.0,-,0,0,0.000
1790438926,s2-long,7,4,0,0,36.5,112.7,112.7,0.0,-,0,0,0.000
1790438926,s3-quic,801653,0,374921,374921,3.0,93.4,452.5,0.0,-,0,0,0.000
1790438926,s4-mixed-kcp,102385,1,3977725,3977725,241.1,1600.7,2198.4,0.0,-,0,0,0.000
1790438926,s5-vmess-ws,276838,27,1035,1035,184.5,780.0,904.1,0.0,-,0,0,0.000
1790438926,s6-trojan-grpc,305054,28,1092,1092,152.6,684.0,882.7,0.0,-,0,0,0.000
1790438926,s7-ss-tcp,317461,57,1159,1159,130.3,618.1,861.0,0.0,-,0,0,0.000
1790438926,s8-tuic,307184,32,1111,1111,148.1,711.3,890.2,0.0,-,0,0,0.000
1790438926,s9-anytls,265617,22,1025,1025,183.1,745.3,904.1,0.0,-,0,0,0.000
1790438926,s10-vless-xhttp,280998,23,1063,1063,167.6,702.4,887.5,0.0,-,0,0,0.000
1790438926,s11-http-proxy,260309,34,1006,1006,201.8,803.7,934.7,0.0,-,0,0,0.000
1790438926,s12-vmess-h3,269196,17,1018,1018,195.5,797.8,913.1,0.0,-,0,0,0.000
1790438926,__proc__,0,0,0,0,-,-,-,1238.3,28873,39392,9084728,15203.096
1790438956,s1-short,278753,38,943,943,189.3,766.3,922.1,0.0,-,0,0,0.000
1790438956,s2-long,7,4,0,0,36.5,112.7,112.7,0.0,-,0,0,0.000
1790438956,s3-quic,802805,0,314573,314573,3.0,97.9,474.2,0.0,-,0,0,0.000
1790438956,s4-mixed-kcp,102556,1,3486484,3486484,241.1,1604.0,2221.6,0.0,-,0,0,0.000
1790438956,s5-vmess-ws,277296,27,962,962,184.7,730.1,908.5,0.0,-,0,0,0.000
1790438956,s6-trojan-grpc,305546,28,1033,1033,156.5,693.1,893.4,0.0,-,0,0,0.000
1790438956,s7-ss-tcp,317966,57,1060,1060,133.9,637.6,896.1,0.0,-,0,0,0.000
1790438956,s8-tuic,307673,32,1027,1027,151.5,715.7,911.3,0.0,-,0,0,0.000
1790438956,s9-anytls,266074,22,960,960,182.5,749.8,929.3,0.0,-,0,0,0.000
1790438956,s10-vless-xhttp,281470,23,991,991,171.9,702.6,894.3,0.0,-,0,0,0.000
1790438956,s11-http-proxy,260728,34,880,880,204.0,794.1,940.6,0.0,-,0,0,0.000
1790438956,s12-vmess-h3,269633,17,918,918,195.8,806.0,926.0,0.0,-,0,0,0.000
1790438956,__proc__,0,0,0,0,-,-,-,1231.6,28419,38388,9097375,15230.867
1790438986,s1-short,279192,38,922,922,189.3,717.6,921.6,0.0,-,0,0,0.000
1790438986,s2-long,7,4,0,0,36.5,112.7,112.7,0.0,-,0,0,0.000
1790438986,s3-quic,803796,0,270609,270609,3.1,105.5,486.2,0.0,-,0,0,0.000
1790438986,s4-mixed-kcp,102713,1,3489685,3489685,242.0,1621.3,2329.6,0.0,-,0,0,0.000
1790438986,s5-vmess-ws,277730,27,911,911,186.8,693.2,908.5,0.0,-,0,0,0.000
1790438986,s6-trojan-grpc,306023,28,1002,1002,157.6,647.1,886.4,0.0,-,0,0,0.000
1790438986,s7-ss-tcp,318455,57,1027,1027,137.6,632.0,895.5,0.0,-,0,0,0.000
1790438986,s8-tuic,308141,32,983,983,157.0,709.1,911.5,0.0,-,0,0,0.000
1790438986,s9-anytls,266514,22,924,924,182.3,703.5,929.3,0.0,-,0,0,0.000
1790438986,s10-vless-xhttp,281926,23,958,958,174.0,686.1,892.0,0.0,-,0,0,0.000
1790438986,s11-http-proxy,261120,34,823,823,208.2,752.1,938.1,0.0,-,0,0,0.000
1790438986,s12-vmess-h3,270050,17,876,876,200.4,794.9,933.6,0.0,-,0,0,0.000
1790438986,__proc__,0,0,0,0,-,-,-,1224.0,28366,38071,9108307,15257.374
1790439016,s1-short,279627,38,914,914,190.3,701.0,926.1,0.0,-,0,0,0.000
1790439016,s2-long,7,4,0,0,36.5,112.7,112.7,0.0,-,0,0,0.000
1790439016,s3-quic,804685,0,242756,242756,3.2,120.5,498.3,0.0,-,0,0,0.000
1790439016,s4-mixed-kcp,102877,1,3742281,3742281,242.4,1631.7,2375.7,0.0,-,0,0,0.000
1790439016,s5-vmess-ws,278148,27,878,878,187.1,684.8,913.2,0.0,-,0,0,0.000
1790439016,s6-trojan-grpc,306494,28,989,989,158.3,634.7,886.8,0.0,-,0,0,0.000
1790439016,s7-ss-tcp,318950,57,1040,1040,142.0,619.9,905.3,0.0,-,0,0,0.000
1790439016,s8-tuic,308612,32,989,989,158.1,702.6,918.4,0.0,-,0,0,0.000
1790439016,s9-anytls,266953,22,922,922,181.7,698.0,932.0,0.0,-,0,0,0.000
1790439016,s10-vless-xhttp,282377,23,947,947,174.1,667.6,900.3,0.0,-,0,0,0.000
1790439016,s11-http-proxy,261516,34,832,832,210.4,714.4,950.4,0.0,-,0,0,0.000
1790439016,s12-vmess-h3,270462,17,865,865,200.4,766.2,950.9,0.0,-,0,0,0.000
1790439016,__proc__,0,0,0,0,-,-,-,1222.5,28051,37640,9117327,15284.297
1790439046,s1-short,280068,38,926,926,189.9,756.2,968.7,0.0,-,0,0,0.000
1790439046,s2-long,7,4,0,0,36.5,112.7,112.7,0.0,-,0,0,0.000
1790439046,s3-quic,805720,0,282624,282624,3.2,134.4,536.6,0.0,-,0,0,0.000
1790439046,s4-mixed-kcp,103035,1,3921622,3921622,243.6,1650.7,2415.3,0.0,-,0,0,0.000
1790439046,s5-vmess-ws,278588,27,924,924,187.4,750.0,942.0,0.0,-,0,0,0.000
1790439046,s6-trojan-grpc,306976,28,1012,1012,157.4,695.6,945.8,0.0,-,0,0,0.000
1790439046,s7-ss-tcp,319441,57,1031,1031,144.5,678.5,922.9,0.0,-,0,0,0.000
1790439046,s8-tuic,309082,32,987,987,158.7,758.8,952.9,0.0,-,0,0,0.000
1790439046,s9-anytls,267400,22,939,939,182.8,752.8,971.6,0.0,-,0,0,0.000
1790439046,s10-vless-xhttp,282828,23,947,947,176.5,721.3,937.3,0.0,-,0,0,0.000
1790439046,s11-http-proxy,261928,34,865,865,210.9,759.5,1009.3,0.0,-,0,0,0.000
1790439046,s12-vmess-h3,270894,17,907,907,198.8,802.9,983.0,0.0,-,0,0,0.000
1790439046,__proc__,0,0,0,0,-,-,-,1227.2,27647,37396,9128127,15312.605
1790439076,s1-short,280544,38,1000,1000,195.8,729.4,960.2,0.0,-,0,0,0.000
1790439076,s2-long,7,4,0,0,36.5,112.7,112.7,0.0,-,0,0,0.000
1790439076,s3-quic,807020,0,354987,354987,3.2,123.5,527.5,0.0,-,0,0,0.000
1790439076,s4-mixed-kcp,103212,1,4032110,4032110,243.2,1663.0,2448.3,0.0,-,0,0,0.000
1790439076,s5-vmess-ws,279060,27,991,991,190.5,740.9,942.0,0.0,-,0,0,0.000
1790439076,s6-trojan-grpc,307493,28,1086,1086,159.2,663.0,945.8,0.0,-,0,0,0.000
1790439076,s7-ss-tcp,319984,57,1140,1140,151.3,659.8,922.9,0.0,-,0,0,0.000
1790439076,s8-tuic,309607,32,1102,1102,160.6,721.6,952.9,0.0,-,0,0,0.000
1790439076,s9-anytls,267871,22,989,989,190.2,745.3,971.6,0.0,-,0,0,0.000
1790439076,s10-vless-xhttp,283320,23,1033,1033,181.2,704.0,937.3,0.0,-,0,0,0.000
1790439076,s11-http-proxy,262369,34,926,926,216.5,763.0,988.0,0.0,-,0,0,0.000
1790439076,s12-vmess-h3,271348,17,953,953,202.5,784.1,970.2,0.0,-,0,0,0.000
1790439076,__proc__,0,0,0,0,-,-,-,1254.2,27506,37506,9142456,15338.700
1790439106,s1-short,280976,38,907,907,197.9,745.7,1005.7,0.0,-,0,0,0.000
1790439106,s2-long,7,4,0,0,36.5,112.7,112.7,0.0,-,0,0,0.000
1790439106,s3-quic,808026,0,274705,274705,3.1,120.4,539.1,0.0,-,0,0,0.000
1790439106,s4-mixed-kcp,103376,1,3845671,3845671,245.3,1666.8,2476.1,0.0,-,0,0,0.000
1790439106,s5-vmess-ws,279486,27,895,895,196.2,745.6,982.7,0.0,-,0,0,0.000
1790439106,s6-trojan-grpc,307958,28,976,976,161.6,674.8,954.8,0.0,-,0,0,0.000
1790439106,s7-ss-tcp,320469,57,1018,1018,152.7,690.5,942.6,0.0,-,0,0,0.000
1790439106,s8-tuic,310075,32,983,983,161.0,735.2,972.2,0.0,-,0,0,0.000
1790439106,s9-anytls,268304,22,909,909,193.4,755.9,1006.7,0.0,-,0,0,0.000
1790439106,s10-vless-xhttp,283768,23,941,941,185.8,716.0,982.8,0.0,-,0,0,0.000
1790439106,s11-http-proxy,262753,34,806,806,217.6,792.6,1082.3,0.0,-,0,0,0.000
1790439106,s12-vmess-h3,271762,17,869,869,202.6,782.9,1031.9,0.0,-,0,0,0.000
1790439106,__proc__,0,0,0,0,-,-,-,1244.9,26846,36234,9153896,15366.209
1790439136,s1-short,281435,38,964,964,199.4,772.5,1015.6,0.0,-,0,0,0.000
1790439136,s2-long,7,4,0,0,36.5,112.7,112.7,0.0,-,0,0,0.000
1790439136,s3-quic,809246,0,333141,333141,3.0,116.4,504.0,0.0,-,0,0,0.000
1790439136,s4-mixed-kcp,103547,1,4247133,4247133,244.7,1671.4,2563.5,0.0,-,0,0,0.000
1790439136,s5-vmess-ws,279945,27,964,964,198.2,764.0,982.7,0.0,-,0,0,0.000
1790439136,s6-trojan-grpc,308466,28,1067,1067,159.9,665.6,956.2,0.0,-,0,0,0.000
1790439136,s7-ss-tcp,321004,57,1124,1124,151.8,679.4,944.7,0.0,-,0,0,0.000
1790439136,s8-tuic,310595,32,1092,1092,158.1,723.6,972.2,0.0,-,0,0,0.000
1790439136,s9-anytls,268775,22,989,989,196.2,764.3,1013.8,0.0,-,0,0,0.000
1790439136,s10-vless-xhttp,284245,23,1002,1002,186.4,726.0,988.9,0.0,-,0,0,0.000
1790439136,s11-http-proxy,263187,34,911,911,218.3,802.6,1082.3,0.0,-,0,0,0.000
1790439136,s12-vmess-h3,272208,17,937,937,201.8,788.0,1031.9,0.0,-,0,0,0.000
1790439136,__proc__,0,0,0,0,-,-,-,1218.0,26961,36923,9167529,15393.359
1790439166,s1-short,281944,38,1069,1069,200.2,748.5,1015.6,0.0,-,0,0,0.000
1790439166,s2-long,7,4,0,0,36.5,112.7,112.7,0.0,-,0,0,0.000
1790439166,s3-quic,810782,0,419430,419430,3.0,115.1,494.2,0.0,-,0,0,0.000
1790439166,s4-mixed-kcp,103734,1,4280616,4280616,244.7,1675.0,2563.5,0.0,-,0,0,0.000
1790439166,s5-vmess-ws,280449,27,1058,1058,197.4,748.8,982.7,0.0,-,0,0,0.000
1790439166,s6-trojan-grpc,309029,28,1182,1182,158.5,692.8,956.2,0.0,-,0,0,0.000
1790439166,s7-ss-tcp,321582,57,1214,1214,144.1,690.2,944.7,0.0,-,0,0,0.000
1790439166,s8-tuic,311176,32,1220,1220,157.0,726.4,972.2,0.0,-,0,0,0.000
1790439166,s9-anytls,269290,22,1082,1082,195.2,743.4,1013.8,0.0,-,0,0,0.000
1790439166,s10-vless-xhttp,284772,23,1107,1107,178.5,716.5,988.9,0.0,-,0,0,0.000
1790439166,s11-http-proxy,263662,34,998,998,218.5,792.7,1082.3,0.0,-,0,0,0.000
1790439166,s12-vmess-h3,272697,17,1027,1027,204.1,780.4,1031.9,0.0,-,0,0,0.000
1790439166,__proc__,0,0,0,0,-,-,-,1236.6,27035,37254,9185494,15419.694
1790439196,s1-short,282428,38,1016,1016,200.4,750.5,1015.6,0.0,-,0,0,0.000
1790439196,s2-long,7,4,0,0,36.5,112.7,112.7,0.0,-,0,0,0.000
1790439196,s3-quic,812278,0,408508,408508,3.0,87.8,475.6,0.0,-,0,0,0.000
1790439196,s4-mixed-kcp,103918,1,3768934,3768934,243.2,1666.8,2448.3,0.0,-,0,0,0.000
1790439196,s5-vmess-ws,280921,27,991,991,202.3,757.3,970.8,0.0,-,0,0,0.000
1790439196,s6-trojan-grpc,309547,28,1088,1088,155.7,698.7,944.3,0.0,-,0,0,0.000
1790439196,s7-ss-tcp,322115,57,1119,1119,139.8,683.9,901.4,0.0,-,0,0,0.000
1790439196,s8-tuic,311709,32,1119,1119,152.9,723.5,953.2,0.0,-,0,0,0.000
1790439196,s9-anytls,269777,22,1023,1023,193.6,743.7,1013.8,0.0,-,0,0,0.000
1790439196,s10-vless-xhttp,285267,23,1040,1040,175.0,719.8,979.7,0.0,-,0,0,0.000
1790439196,s11-http-proxy,264102,34,924,924,217.5,782.4,1082.3,0.0,-,0,0,0.000
1790439196,s12-vmess-h3,273163,17,979,979,207.0,769.6,1014.1,0.0,-,0,0,0.000
1790439196,__proc__,0,0,0,0,-,-,-,1254.8,26619,36503,9202603,15445.116
1790439226,s1-short,282906,38,1004,1004,195.5,737.8,1015.6,0.0,-,0,0,0.000
1790439226,s2-long,7,4,0,0,36.5,112.7,112.7,0.0,-,0,0,0.000
1790439226,s3-quic,813728,0,395947,395947,3.0,90.7,474.3,0.0,-,0,0,0.000
1790439226,s4-mixed-kcp,104102,1,4239137,4239137,241.6,1671.5,2487.5,0.0,-,0,0,0.000
1790439226,s5-vmess-ws,281401,27,1008,1008,199.8,745.6,967.8,0.0,-,0,0,0.000
1790439226,s6-trojan-grpc,310073,28,1105,1105,155.3,693.3,924.0,0.0,-,0,0,0.000
1790439226,s7-ss-tcp,322662,57,1149,1149,137.9,690.2,901.4,0.0,-,0,0,0.000
1790439226,s8-tuic,312239,32,1113,1113,149.0,712.2,953.6,0.0,-,0,0,0.000
1790439226,s9-anytls,270262,22,1018,1018,189.5,741.4,1006.7,0.0,-,0,0,0.000
1790439226,s10-vless-xhttp,285770,23,1056,1056,176.7,720.8,979.7,0.0,-,0,0,0.000
1790439226,s11-http-proxy,264554,34,949,949,218.1,786.7,1082.3,0.0,-,0,0,0.000
1790439226,s12-vmess-h3,273630,17,981,981,211.9,770.0,1014.1,0.0,-,0,0,0.000
1790439226,__proc__,0,0,0,0,-,-,-,1257.4,26743,36682,9219743,15471.775
1790439256,s1-short,283300,38,827,827,197.4,765.0,1026.7,0.0,-,0,0,0.000
1790439256,s2-long,7,4,0,0,36.5,112.7,112.7,0.0,-,0,0,0.000
1790439256,s3-quic,814690,0,262690,262690,3.0,89.9,541.6,0.0,-,0,0,0.000
1790439256,s4-mixed-kcp,104252,1,3624455,3624455,244.2,1695.8,2533.3,0.0,-,0,0,0.000
1790439256,s5-vmess-ws,281790,27,817,817,199.6,768.5,995.6,0.0,-,0,0,0.000
1790439256,s6-trojan-grpc,310500,28,897,897,158.8,717.2,913.5,0.0,-,0,0,0.000
1790439256,s7-ss-tcp,323112,57,945,945,139.5,692.2,900.9,0.0,-,0,0,0.000
1790439256,s8-tuic,312672,32,909,909,151.2,732.8,952.6,0.0,-,0,0,0.000
1790439256,s9-anytls,270654,22,823,823,193.2,763.1,1033.2,0.0,-,0,0,0.000
1790439256,s10-vless-xhttp,286175,23,850,850,181.2,746.0,999.6,0.0,-,0,0,0.000
1790439256,s11-http-proxy,264917,34,762,762,217.0,818.6,1226.3,0.0,-,0,0,0.000
1790439256,s12-vmess-h3,274004,17,785,785,209.6,789.4,1056.5,0.0,-,0,0,0.000
1790439256,__proc__,0,0,0,0,-,-,-,1246.9,26438,35037,9230874,15499.570
1790439286,s1-short,283769,38,985,985,195.8,771.1,1022.0,0.0,-,0,0,0.000
1790439286,s2-long,7,4,0,0,36.5,112.7,112.7,0.0,-,0,0,0.000
1790439286,s3-quic,816177,0,406050,406050,3.0,94.2,526.1,0.0,-,0,0,0.000
1790439286,s4-mixed-kcp,104434,1,4166395,4166395,245.4,1709.3,2487.5,0.0,-,0,0,0.000
1790439286,s5-vmess-ws,282261,27,989,989,199.3,779.1,986.0,0.0,-,0,0,0.000
1790439286,s6-trojan-grpc,311028,28,1109,1109,160.3,707.5,911.0,0.0,-,0,0,0.000
1790439286,s7-ss-tcp,323659,57,1149,1149,140.4,691.1,890.1,0.0,-,0,0,0.000
1790439286,s8-tuic,313198,32,1105,1105,151.1,709.3,936.6,0.0,-,0,0,0.000
1790439286,s9-anytls,271127,22,993,993,191.9,754.7,987.6,0.0,-,0,0,0.000
1790439286,s10-vless-xhttp,286679,23,1058,1058,185.3,726.5,936.0,0.0,-,0,0,0.000
1790439286,s11-http-proxy,265365,34,941,941,214.1,835.8,1226.3,0.0,-,0,0,0.000
1790439286,s12-vmess-h3,274464,17,966,966,212.4,802.4,1055.5,0.0,-,0,0,0.000
1790439286,__proc__,0,0,0,0,-,-,-,1220.3,26859,36706,9247674,15526.497
1790439316,s1-short,284273,38,1058,1058,197.1,762.6,972.8,0.0,-,0,0,0.000
1790439316,s2-long,7,4,0,0,36.5,112.7,112.7,0.0,-,0,0,0.000
1790439316,s3-quic,817560,0,377651,377651,3.0,101.0,534.0,0.0,-,0,0,0.000
1790439316,s4-mixed-kcp,104623,1,4443365,4443365,245.6,1714.7,2476.1,0.0,-,0,0,0.000
1790439316,s5-vmess-ws,282763,27,1054,1054,198.8,760.7,956.9,0.0,-,0,0,0.000
1790439316,s6-trojan-grpc,311590,28,1180,1180,156.5,715.8,911.0,0.0,-,0,0,0.000
1790439316,s7-ss-tcp,324245,57,1231,1231,145.1,707.3,894.4,0.0,-,0,0,0.000
1790439316,s8-tuic,313759,32,1178,1178,150.6,723.2,936.6,0.0,-,0,0,0.000
1790439316,s9-anytls,271635,22,1067,1067,196.5,755.9,968.4,0.0,-,0,0,0.000
1790439316,s10-vless-xhttp,287200,23,1094,1094,187.7,737.2,936.0,0.0,-,0,0,0.000
1790439316,s11-http-proxy,265845,34,1008,1008,213.3,809.8,1004.3,0.0,-,0,0,0.000
1790439316,s12-vmess-h3,274950,17,1021,1021,212.8,782.9,977.5,0.0,-,0,0,0.000
1790439316,__proc__,0,0,0,0,-,-,-,1210.8,27072,37273,9263032,15552.764
1790439346,s1-short,284746,38,993,993,201.0,771.5,972.8,0.0,-,0,0,0.000
1790439346,s2-long,7,4,0,0,36.5,112.7,112.7,0.0,-,0,0,0.000
1790439346,s3-quic,818898,0,365363,365363,3.0,99.3,480.0,0.0,-,0,0,0.000
1790439346,s4-mixed-kcp,104806,1,4206937,4206937,246.4,1696.2,2476.1,0.0,-,0,0,0.000
1790439346,s5-vmess-ws,283229,27,979,979,201.2,772.2,956.9,0.0,-,0,0,0.000
1790439346,s6-trojan-grpc,312112,28,1096,1096,159.8,710.9,873.0,0.0,-,0,0,0.000
1790439346,s7-ss-tcp,324778,57,1119,1119,152.0,697.1,853.2,0.0,-,0,0,0.000
1790439346,s8-tuic,314279,32,1092,1092,155.5,712.2,869.7,0.0,-,0,0,0.000
1790439346,s9-anytls,272107,22,991,991,200.3,766.9,968.4,0.0,-,0,0,0.000
1790439346,s10-vless-xhttp,287695,23,1040,1040,191.2,744.9,921.3,0.0,-,0,0,0.000
1790439346,s11-http-proxy,266284,34,922,922,216.4,814.1,1004.3,0.0,-,0,0,0.000
1790439346,s12-vmess-h3,275406,17,958,958,211.8,782.9,977.5,0.0,-,0,0,0.000
1790439346,__proc__,0,0,0,0,-,-,-,1202.0,27498,37510,9277851,15579.048
1790439376,s1-short,285278,38,1117,1117,205.2,753.3,941.7,0.0,-,0,0,0.000
1790439376,s2-long,7,4,0,0,36.5,112.7,112.7,0.0,-,0,0,0.000
1790439376,s3-quic,820501,0,437726,437726,3.0,83.1,425.4,0.0,-,0,0,0.000
1790439376,s4-mixed-kcp,104994,1,4565090,4565090,245.7,1702.5,2466.6,0.0,-,0,0,0.000
1790439376,s5-vmess-ws,283764,27,1124,1124,204.7,749.5,912.0,0.0,-,0,0,0.000
1790439376,s6-trojan-grpc,312702,28,1239,1239,164.6,707.7,880.6,0.0,-,0,0,0.000
1790439376,s7-ss-tcp,325395,57,1296,1296,147.2,693.3,864.6,0.0,-,0,0,0.000
1790439376,s8-tuic,314877,32,1256,1256,158.2,710.2,881.6,0.0,-,0,0,0.000
1790439376,s9-anytls,272641,22,1121,1121,203.4,750.0,938.9,0.0,-,0,0,0.000
1790439376,s10-vless-xhttp,288246,23,1157,1157,185.6,730.2,906.6,0.0,-,0,0,0.000
1790439376,s11-http-proxy,266781,34,1044,1044,215.5,809.7,1004.3,0.0,-,0,0,0.000
1790439376,s12-vmess-h3,275920,17,1079,1079,213.6,761.5,963.0,0.0,-,0,0,0.000
1790439376,__proc__,0,0,0,0,-,-,-,1214.3,27917,38557,9296455,15605.222
1790439406,s1-short,285733,38,956,956,205.8,745.2,948.6,0.0,-,0,0,0.000
1790439406,s2-long,7,4,0,0,36.5,112.7,112.7,0.0,-,0,0,0.000
1790439406,s3-quic,821535,0,282351,282351,3.1,104.8,489.4,0.0,-,0,0,0.000
1790439406,s4-mixed-kcp,105164,1,4054581,4054581,246.4,1706.4,2476.1,0.0,-,0,0,0.000
1790439406,s5-vmess-ws,284212,27,941,941,206.8,745.9,929.6,0.0,-,0,0,0.000
1790439406,s6-trojan-grpc,313195,28,1035,1035,165.5,703.9,882.9,0.0,-,0,0,0.000
1790439406,s7-ss-tcp,325907,57,1075,1075,145.6,692.1,878.3,0.0,-,0,0,0.000
1790439406,s8-tuic,315376,32,1048,1048,162.1,705.4,904.2,0.0,-,0,0,0.000
1790439406,s9-anytls,273098,22,960,960,205.7,748.6,948.6,0.0,-,0,0,0.000
1790439406,s10-vless-xhttp,288721,23,998,998,183.9,718.9,910.3,0.0,-,0,0,0.000
1790439406,s11-http-proxy,267193,34,865,865,218.3,792.8,993.5,0.0,-,0,0,0.000
1790439406,s12-vmess-h3,276364,17,932,932,213.2,756.1,974.8,0.0,-,0,0,0.000
1790439406,__proc__,0,0,0,0,-,-,-,1205.3,27835,37716,9307491,15631.853
1790439436,s1-short,286131,38,836,836,208.8,757.6,950.1,0.0,-,0,0,0.000
1790439436,s2-long,7,4,0,0,36.5,112.7,112.7,0.0,-,0,0,0.000
1790439436,s3-quic,822416,0,240572,240572,3.1,121.5,517.3,0.0,-,0,0,0.000
1790439436,s4-mixed-kcp,105321,1,3742921,3742921,248.6,1728.8,2487.5,0.0,-,0,0,0.000
1790439436,s5-vmess-ws,284615,27,846,846,210.3,754.4,937.7,0.0,-,0,0,0.000
1790439436,s6-trojan-grpc,313632,28,918,918,166.7,715.0,894.0,0.0,-,0,0,0.000
1790439436,s7-ss-tcp,326375,57,983,983,147.2,697.1,863.3,0.0,-,0,0,0.000
1790439436,s8-tuic,315819,32,930,930,162.6,713.4,905.1,0.0,-,0,0,0.000
1790439436,s9-anytls,273497,22,838,838,209.4,759.7,952.5,0.0,-,0,0,0.000
1790439436,s10-vless-xhttp,289139,23,878,878,187.6,730.2,919.6,0.0,-,0,0,0.000
1790439436,s11-http-proxy,267570,34,792,792,221.2,794.5,1018.8,0.0,-,0,0,0.000
1790439436,s12-vmess-h3,276752,17,815,815,215.1,758.7,991.9,0.0,-,0,0,0.000
1790439436,__proc__,0,0,0,0,-,-,-,1201.0,27363,36438,9317437,15659.519
1790439466,s1-short,286592,38,968,968,205.8,769.7,965.1,0.0,-,0,0,0.000
1790439466,s2-long,7,4,0,0,36.5,112.7,112.7,0.0,-,0,0,0.000
1790439466,s3-quic,823674,0,343518,343518,3.1,122.0,577.9,0.0,-,0,0,0.000
1790439466,s4-mixed-kcp,105486,1,3942769,3942769,248.6,1729.8,2526.5,0.0,-,0,0,0.000
1790439466,s5-vmess-ws,285074,27,964,964,204.4,759.9,949.9,0.0,-,0,0,0.000
1790439466,s6-trojan-grpc,314136,28,1058,1058,165.0,718.0,901.5,0.0,-,0,0,0.000
1790439466,s7-ss-tcp,326891,57,1084,1084,141.8,692.4,884.4,0.0,-,0,0,0.000
1790439466,s8-tuic,316322,32,1056,1056,161.2,720.5,918.4,0.0,-,0,0,0.000
1790439466,s9-anytls,273960,22,972,972,204.7,765.6,960.4,0.0,-,0,0,0.000
1790439466,s10-vless-xhttp,289619,23,1008,1008,183.1,723.5,937.8,0.0,-,0,0,0.000
1790439466,s11-http-proxy,268002,34,907,907,218.1,805.4,1035.4,0.0,-,0,0,0.000
1790439466,s12-vmess-h3,277199,17,939,939,215.0,769.6,1011.0,0.0,-,0,0,0.000
1790439466,__proc__,0,0,0,0,-,-,-,1204.1,27127,36848,9332777,15687.015
1790439496,s1-short,287106,38,1079,1079,198.8,753.3,965.1,0.0,-,0,0,0.000
1790439496,s2-long,7,4,0,0,36.5,112.7,112.7,0.0,-,0,0,0.000
1790439496,s3-quic,825273,0,436634,436634,3.1,95.6,549.6,0.0,-,0,0,0.000
1790439496,s4-mixed-kcp,105692,1,4532129,4532129,248.3,1739.6,2522.6,0.0,-,0,0,0.000
1790439496,s5-vmess-ws,285589,27,1082,1082,199.4,754.6,949.9,0.0,-,0,0,0.000
1790439496,s6-trojan-grpc,314714,28,1214,1214,152.8,683.1,879.6,0.0,-,0,0,0.000
1790439496,s7-ss-tcp,327486,57,1250,1250,137.0,646.3,832.2,0.0,-,0,0,0.000
1790439496,s8-tuic,316889,32,1191,1191,152.3,692.5,895.3,0.0,-,0,0,0.000
1790439496,s9-anytls,274480,22,1092,1092,197.1,748.6,960.4,0.0,-,0,0,0.000
1790439496,s10-vless-xhttp,290164,23,1144,1144,183.5,703.8,892.1,0.0,-,0,0,0.000
1790439496,s11-http-proxy,268490,34,1025,1025,214.5,799.0,1035.4,0.0,-,0,0,0.000
1790439496,s12-vmess-h3,277700,17,1052,1052,213.4,762.9,1011.0,0.0,-,0,0,0.000
1790439496,__proc__,0,0,0,0,-,-,-,1200.9,27527,38048,9351403,15712.796
1790439526,s1-short,287622,38,1084,1084,195.9,711.0,912.8,0.0,-,0,0,0.000
1790439526,s2-long,7,4,0,0,36.5,112.7,112.7,0.0,-,0,0,0.000
1790439526,s3-quic,826705,0,391031,391031,3.1,90.5,490.0,0.0,-,0,0,0.000
1790439526,s4-mixed-kcp,105879,1,4472050,4472050,249.4,1734.7,2522.6,0.0,-,0,0,0.000
1790439526,s5-vmess-ws,286109,27,1092,1092,194.0,719.7,907.9,0.0,-,0,0,0.000
1790439526,s6-trojan-grpc,315286,28,1201,1201,149.6,657.9,825.2,0.0,-,0,0,0.000
1790439526,s7-ss-tcp,328078,57,1243,1243,141.0,624.5,808.1,0.0,-,0,0,0.000
1790439526,s8-tuic,317465,32,1210,1210,147.8,667.5,854.9,0.0,-,0,0,0.000
1790439526,s9-anytls,275007,22,1107,1107,195.1,714.6,892.6,0.0,-,0,0,0.000
1790439526,s10-vless-xhttp,290706,23,1138,1138,182.8,689.9,849.3,0.0,-,0,0,0.000
1790439526,s11-http-proxy,268970,34,1008,1008,219.7,771.1,986.4,0.0,-,0,0,0.000
1790439526,s12-vmess-h3,278201,17,1052,1052,212.5,735.8,959.3,0.0,-,0,0,0.000
1790439526,__proc__,0,0,0,0,-,-,-,1211.0,27668,38224,9366832,15740.604
1790439556,s1-short,288123,38,1052,1052,206.0,693.0,888.6,0.0,-,0,0,0.000
1790439556,s2-long,7,4,0,0,36.5,112.7,112.7,0.0,-,0,0,0.000
1790439556,s3-quic,827865,0,316757,316757,3.1,101.2,445.8,0.0,-,0,0,0.000
1790439556,s4-mixed-kcp,106064,1,4536703,4536703,251.1,1729.8,2487.5,0.0,-,0,0,0.000
1790439556,s5-vmess-ws,286601,27,1033,1033,201.9,702.6,883.8,0.0,-,0,0,0.000
1790439556,s6-trojan-grpc,315837,28,1157,1157,155.8,636.3,802.7,0.0,-,0,0,0.000
1790439556,s7-ss-tcp,328652,57,1205,1205,146.2,625.7,797.0,0.0,-,0,0,0.000
1790439556,s8-tuic,318015,32,1155,1155,154.6,650.6,829.0,0.0,-,0,0,0.000
1790439556,s9-anytls,275512,22,1060,1060,203.5,695.6,851.3,0.0,-,0,0,0.000
1790439556,s10-vless-xhttp,291228,23,1096,1096,186.6,678.2,836.2,0.0,-,0,0,0.000
1790439556,s11-http-proxy,269427,34,960,960,225.3,753.4,959.4,0.0,-,0,0,0.000
1790439556,s12-vmess-h3,278673,17,991,991,212.8,719.1,892.5,0.0,-,0,0,0.000
1790439556,__proc__,0,0,0,0,-,-,-,1220.3,28396,38732,9379672,15768.543
1790439586,s1-short,288666,38,1140,1140,206.5,695.8,872.6,0.0,-,0,0,0.000
1790439586,s2-long,7,4,0,0,36.5,112.7,112.7,0.0,-,0,0,0.000
1790439586,s3-quic,829487,0,442914,442914,3.2,97.0,460.4,0.0,-,0,0,0.000
1790439586,s4-mixed-kcp,106258,1,4181075,4181075,250.7,1723.0,2466.6,0.0,-,0,0,0.000
1790439586,s5-vmess-ws,287142,27,1136,1136,201.5,703.9,874.5,0.0,-,0,0,0.000
1790439586,s6-trojan-grpc,316428,28,1241,1241,152.6,657.0,818.6,0.0,-,0,0,0.000
1790439586,s7-ss-tcp,329267,57,1292,1292,137.1,645.1,787.3,0.0,-,0,0,0.000
1790439586,s8-tuic,318610,32,1250,1250,154.8,673.3,844.4,0.0,-,0,0,0.000
1790439586,s9-anytls,276047,22,1124,1124,201.5,699.7,850.4,0.0,-,0,0,0.000
1790439586,s10-vless-xhttp,291777,23,1153,1153,174.3,679.5,824.3,0.0,-,0,0,0.000
1790439586,s11-http-proxy,269924,34,1044,1044,224.3,744.0,959.4,0.0,-,0,0,0.000
1790439586,s12-vmess-h3,279193,17,1092,1092,209.9,706.3,867.9,0.0,-,0,0,0.000
1790439586,__proc__,0,0,0,0,-,-,-,1238.4,28912,39832,9398026,15795.756
1790439616,s1-short,289130,38,974,974,202.0,699.8,851.8,0.0,-,0,0,0.000
1790439616,s2-long,7,4,0,0,36.5,112.7,112.7,0.0,-,0,0,0.000
1790439616,s3-quic,830690,0,328499,328499,3.2,106.7,508.4,0.0,-,0,0,0.000
1790439616,s4-mixed-kcp,106426,1,3669995,3669995,252.6,1723.0,2470.8,0.0,-,0,0,0.000
1790439616,s5-vmess-ws,287613,27,989,989,199.6,705.7,843.2,0.0,-,0,0,0.000
1790439616,s6-trojan-grpc,316930,28,1054,1054,153.8,666.6,813.5,0.0,-,0,0,0.000
1790439616,s7-ss-tcp,329791,57,1100,1100,136.1,651.4,797.0,0.0,-,0,0,0.000
1790439616,s8-tuic,319127,32,1086,1086,155.0,677.7,834.7,0.0,-,0,0,0.000
1790439616,s9-anytls,276521,22,995,995,194.0,700.3,836.3,0.0,-,0,0,0.000
1790439616,s10-vless-xhttp,292266,23,1027,1027,171.2,688.7,824.3,0.0,-,0,0,0.000
1790439616,s11-http-proxy,270363,34,922,922,222.3,735.2,953.3,0.0,-,0,0,0.000
1790439616,s12-vmess-h3,279654,17,968,968,207.0,709.5,869.4,0.0,-,0,0,0.000
1790439616,__proc__,0,0,0,0,-,-,-,1245.5,28397,38533,9411201,15823.038
1790439646,s1-short,289581,38,947,947,199.3,710.3,870.3,0.0,-,0,0,0.000
1790439646,s2-long,7,4,0,0,36.5,112.7,112.7,0.0,-,0,0,0.000
1790439646,s3-quic,831994,0,356079,356079,3.1,90.8,557.5,0.0,-,0,0,0.000
1790439646,s4-mixed-kcp,106592,1,3766580,3766580,253.5,1729.4,2526.5,0.0,-,0,0,0.000
1790439646,s5-vmess-ws,288053,27,924,924,200.0,712.8,849.5,0.0,-,0,0,0.000
1790439646,s6-trojan-grpc,317415,28,1018,1018,152.5,682.9,849.2,0.0,-,0,0,0.000
1790439646,s7-ss-tcp,330290,57,1048,1048,137.7,652.5,802.5,0.0,-,0,0,0.000
1790439646,s8-tuic,319620,32,1035,1035,152.5,681.4,853.2,0.0,-,0,0,0.000
1790439646,s9-anytls,276964,22,930,930,194.9,711.1,865.2,0.0,-,0,0,0.000
1790439646,s10-vless-xhttp,292722,23,958,958,175.2,699.1,847.6,0.0,-,0,0,0.000
1790439646,s11-http-proxy,270781,34,878,878,217.2,739.6,914.5,0.0,-,0,0,0.000
1790439646,s12-vmess-h3,280087,17,909,909,209.3,717.6,867.9,0.0,-,0,0,0.000
1790439646,__proc__,0,0,0,0,-,-,-,1242.8,28148,38044,9426672,15848.308
1790439676,s1-short,290031,38,945,945,195.9,716.7,879.8,0.0,-,0,0,0.000
1790439676,s2-long,7,4,0,0,36.5,112.7,112.7,0.0,-,0,0,0.000
1790439676,s3-quic,833411,0,386935,386935,3.1,90.8,572.4,0.0,-,0,0,0.000
1790439676,s4-mixed-kcp,106765,1,3641947,3641947,254.2,1723.0,2522.6,0.0,-,0,0,0.000
1790439676,s5-vmess-ws,288507,27,953,953,197.0,719.7,877.8,0.0,-,0,0,0.000
1790439676,s6-trojan-grpc,317907,28,1033,1033,152.4,669.9,848.3,0.0,-,0,0,0.000
1790439676,s7-ss-tcp,330803,57,1077,1077,136.1,645.2,779.9,0.0,-,0,0,0.000
1790439676,s8-tuic,320110,32,1029,1029,152.3,681.6,855.8,0.0,-,0,0,0.000
1790439676,s9-anytls,277412,22,941,941,190.7,721.9,869.4,0.0,-,0,0,0.000
1790439676,s10-vless-xhttp,293193,23,989,989,173.0,696.5,847.6,0.0,-,0,0,0.000
1790439676,s11-http-proxy,271218,34,918,918,219.1,747.0,891.1,0.0,-,0,0,0.000
1790439676,s12-vmess-h3,280527,17,924,924,211.3,728.2,865.3,0.0,-,0,0,0.000
1790439676,__proc__,0,0,0,0,-,-,-,1245.5,27539,37417,9442815,15876.422
1790439706,s1-short,290511,38,1008,1008,195.7,708.4,869.4,0.0,-,0,0,0.000
1790439706,s2-long,7,4,0,0,36.5,112.7,112.7,0.0,-,0,0,0.000
1790439706,s3-quic,834797,0,378470,378470,3.0,92.5,524.1,0.0,-,0,0,0.000
1790439706,s4-mixed-kcp,106948,1,4293623,4293623,254.2,1717.1,2327.4,0.0,-,0,0,0.000
1790439706,s5-vmess-ws,288977,27,987,987,198.0,712.9,850.1,0.0,-,0,0,0.000
1790439706,s6-trojan-grpc,318438,28,1115,1115,151.2,668.4,818.6,0.0,-,0,0,0.000
1790439706,s7-ss-tcp,331367,57,1184,1184,138.6,647.8,786.3,0.0,-,0,0,0.000
1790439706,s8-tuic,320642,32,1117,1117,151.1,671.4,807.9,0.0,-,0,0,0.000
1790439706,s9-anytls,277886,22,995,995,190.7,699.9,846.1,0.0,-,0,0,0.000
1790439706,s10-vless-xhttp,293694,23,1052,1052,179.4,692.7,823.5,0.0,-,0,0,0.000
1790439706,s11-http-proxy,271658,34,924,924,220.2,729.7,872.8,0.0,-,0,0,0.000
1790439706,s12-vmess-h3,280982,17,956,956,211.4,713.5,852.4,0.0,-,0,0,0.000
1790439706,__proc__,0,0,0,0,-,-,-,1236.1,27624,37711,9458794,15903.029
1790439736,s1-short,290984,38,993,993,195.6,711.3,858.2,0.0,-,0,0,0.000
1790439736,s2-long,7,4,0,0,36.5,112.7,112.7,0.0,-,0,0,0.000
1790439736,s3-quic,836002,0,329045,329045,3.1,94.7,503.3,0.0,-,0,0,0.000
1790439736,s4-mixed-kcp,107134,1,4315945,4315945,252.9,1696.7,2252.8,0.0,-,0,0,0.000
1790439736,s5-vmess-ws,289459,27,1012,1012,195.7,713.3,850.9,0.0,-,0,0,0.000
1790439736,s6-trojan-grpc,318967,28,1111,1111,151.2,685.9,849.2,0.0,-,0,0,0.000
1790439736,s7-ss-tcp,331925,57,1172,1172,142.3,669.0,809.4,0.0,-,0,0,0.000
1790439736,s8-tuic,321183,32,1136,1136,146.4,679.0,819.4,0.0,-,0,0,0.000
1790439736,s9-anytls,278379,22,1035,1035,191.8,711.1,853.7,0.0,-,0,0,0.000
1790439736,s10-vless-xhttp,294197,23,1056,1056,181.6,701.8,847.6,0.0,-,0,0,0.000
1790439736,s11-http-proxy,272114,34,958,958,223.6,721.1,863.5,0.0,-,0,0,0.000
1790439736,s12-vmess-h3,281444,17,970,970,210.2,711.2,852.4,0.0,-,0,0,0.000
1790439736,__proc__,0,0,0,0,-,-,-,1205.9,28141,38422,9471848,15930.628
1790439766,s1-short,291437,38,951,951,201.0,728.0,859.4,0.0,-,0,0,0.000
1790439766,s2-long,7,4,0,0,36.5,112.7,112.7,0.0,-,0,0,0.000
1790439766,s3-quic,837291,0,351983,351983,3.1,100.9,503.5,0.0,-,0,0,0.000
1790439766,s4-mixed-kcp,107310,1,3904229,3904229,254.6,1696.2,2252.8,0.0,-,0,0,0.000
1790439766,s5-vmess-ws,289906,27,939,939,202.5,731.7,853.2,0.0,-,0,0,0.000
1790439766,s6-trojan-grpc,319463,28,1042,1042,154.2,695.9,849.2,0.0,-,0,0,0.000
1790439766,s7-ss-tcp,332454,57,1111,1111,145.7,686.7,821.3,0.0,-,0,0,0.000
1790439766,s8-tuic,321691,32,1067,1067,150.6,698.3,831.7,0.0,-,0,0,0.000
1790439766,s9-anytls,278832,22,951,951,197.8,731.5,854.2,0.0,-,0,0,0.000
1790439766,s10-vless-xhttp,294677,23,1008,1008,186.0,715.0,848.2,0.0,-,0,0,0.000
1790439766,s11-http-proxy,272546,34,907,907,228.7,734.3,864.7,0.0,-,0,0,0.000
1790439766,s12-vmess-h3,281880,17,916,916,214.3,727.8,854.7,0.0,-,0,0,0.000
1790439766,__proc__,0,0,0,0,-,-,-,1200.8,28326,38270,9486478,15956.588
1790439796,s1-short,291945,38,1067,1067,203.1,727.5,859.4,0.0,-,0,0,0.000
1790439796,s2-long,7,4,0,0,36.5,112.7,112.7,0.0,-,0,0,0.000
1790439796,s3-quic,838849,0,425438,425438,3.2,97.2,503.3,0.0,-,0,0,0.000
1790439796,s4-mixed-kcp,107496,1,4171532,4171532,252.9,1691.0,2192.4,0.0,-,0,0,0.000
1790439796,s5-vmess-ws,290414,27,1067,1067,205.7,728.4,853.2,0.0,-,0,0,0.000
1790439796,s6-trojan-grpc,320027,28,1184,1184,155.4,697.1,849.2,0.0,-,0,0,0.000
1790439796,s7-ss-tcp,333030,57,1210,1210,143.5,671.6,820.1,0.0,-,0,0,0.000
1790439796,s8-tuic,322249,32,1172,1172,155.1,694.9,831.7,0.0,-,0,0,0.000
1790439796,s9-anytls,279352,22,1092,1092,199.0,727.2,854.2,0.0,-,0,0,0.000
1790439796,s10-vless-xhttp,295200,23,1098,1098,184.2,716.7,848.2,0.0,-,0,0,0.000
1790439796,s11-http-proxy,273039,34,1035,1035,224.7,726.3,863.5,0.0,-,0,0,0.000
1790439796,s12-vmess-h3,282382,17,1054,1054,206.0,725.3,854.7,0.0,-,0,0,0.000
1790439796,__proc__,0,0,0,0,-,-,-,1212.2,28235,39049,9504543,15981.821
1790439826,s1-short,292410,38,976,976,200.8,741.0,865.1,0.0,-,0,0,0.000
1790439826,s2-long,7,4,0,0,36.5,112.7,112.7,0.0,-,0,0,0.000
1790439826,s3-quic,840342,0,407689,407689,3.1,84.9,475.1,0.0,-,0,0,0.000
1790439826,s4-mixed-kcp,107668,1,4087072,4087072,254.6,1698.9,2183.6,0.0,-,0,0,0.000
1790439826,s5-vmess-ws,290875,27,968,968,205.7,733.6,855.4,0.0,-,0,0,0.000
1790439826,s6-trojan-grpc,320550,28,1098,1098,156.0,695.9,842.8,0.0,-,0,0,0.000
1790439826,s7-ss-tcp,333572,57,1138,1138,140.3,670.0,820.1,0.0,-,0,0,0.000
1790439826,s8-tuic,322772,32,1098,1098,154.4,691.8,828.8,0.0,-,0,0,0.000
1790439826,s9-anytls,279821,22,985,985,199.3,741.6,855.8,0.0,-,0,0,0.000
1790439826,s10-vless-xhttp,295688,23,1025,1025,176.8,717.4,847.0,0.0,-,0,0,0.000
1790439826,s11-http-proxy,273487,34,941,941,217.5,730.1,863.5,0.0,-,0,0,0.000
1790439826,s12-vmess-h3,282834,17,949,949,205.4,733.2,861.2,0.0,-,0,0,0.000
1790439826,__proc__,0,0,0,0,-,-,-,1225.6,27943,37943,9521626,16008.110
1790439856,s1-short,292892,38,1012,1012,196.4,721.2,857.0,0.0,-,0,0,0.000
1790439856,s2-long,7,4,0,0,36.5,112.7,112.7,0.0,-,0,0,0.000
1790439856,s3-quic,841708,0,373009,373009,3.0,85.3,525.0,0.0,-,0,0,0.000
1790439856,s4-mixed-kcp,107844,1,4006770,4006770,252.9,1704.9,2192.2,0.0,-,0,0,0.000
1790439856,s5-vmess-ws,291344,27,985,985,200.9,723.0,850.2,0.0,-,0,0,0.000
1790439856,s6-trojan-grpc,321069,28,1090,1090,154.4,687.2,835.6,0.0,-,0,0,0.000
1790439856,s7-ss-tcp,334115,57,1140,1140,134.4,657.2,804.8,0.0,-,0,0,0.000
1790439856,s8-tuic,323299,32,1107,1107,149.4,664.4,820.7,0.0,-,0,0,0.000
1790439856,s9-anytls,280299,22,1004,1004,194.3,723.2,850.4,0.0,-,0,0,0.000
1790439856,s10-vless-xhttp,296178,23,1029,1029,172.0,710.4,841.9,0.0,-,0,0,0.000
1790439856,s11-http-proxy,273942,34,956,956,209.3,728.3,865.0,0.0,-,0,0,0.000
1790439856,s12-vmess-h3,283291,17,960,960,203.1,726.0,855.8,0.0,-,0,0,0.000
1790439856,__proc__,0,0,0,0,-,-,-,1224.6,27768,37934,9537427,16035.351
1790439886,s1-short,293361,38,985,985,191.8,719.0,854.3,0.0,-,0,0,0.000
1790439886,s2-long,7,4,0,0,36.5,112.7,112.7,0.0,-,0,0,0.000
1790439886,s3-quic,842970,0,344610,344610,3.0,85.0,524.7,0.0,-,0,0,0.000
1790439886,s4-mixed-kcp,108020,1,3891823,3891823,255.2,1706.5,2192.2,0.0,-,0,0,0.000
1790439886,s5-vmess-ws,291811,27,981,981,198.4,721.8,860.7,0.0,-,0,0,0.000
1790439886,s6-trojan-grpc,321589,28,1092,1092,150.8,672.0,823.4,0.0,-,0,0,0.000
1790439886,s7-ss-tcp,334649,57,1121,1121,131.8,667.1,812.5,0.0,-,0,0,0.000
1790439886,s8-tuic,323822,32,1098,1098,146.5,663.6,817.7,0.0,-,0,0,0.000
1790439886,s9-anytls,280776,22,1002,1002,186.9,713.4,846.6,0.0,-,0,0,0.000
1790439886,s10-vless-xhttp,296669,23,1031,1031,168.1,709.2,841.3,0.0,-,0,0,0.000
1790439886,s11-http-proxy,274373,34,905,905,217.0,739.2,879.5,0.0,-,0,0,0.000
1790439886,s12-vmess-h3,283749,17,962,962,206.8,731.4,865.3,0.0,-,0,0,0.000
1790439886,__proc__,0,0,0,0,-,-,-,1235.5,27527,37539,9550888,16063.419
1790439916,s1-short,293838,38,1002,1002,192.3,710.9,857.0,0.0,-,0,0,0.000
1790439916,s2-long,7,4,0,0,36.5,112.7,112.7,0.0,-,0,0,0.000
1790439916,s3-quic,844380,0,385024,385024,3.0,90.0,531.8,0.0,-,0,0,0.000
1790439916,s4-mixed-kcp,108198,1,3844423,3844423,255.5,1717.1,2192.4,0.0,-,0,0,0.000
1790439916,s5-vmess-ws,292289,27,1004,1004,197.2,704.5,853.2,0.0,-,0,0,0.000
1790439916,s6-trojan-grpc,322105,28,1084,1084,150.6,666.8,829.9,0.0,-,0,0,0.000
1790439916,s7-ss-tcp,335198,57,1153,1153,136.3,667.8,817.3,0.0,-,0,0,0.000
1790439916,s8-tuic,324345,32,1098,1098,148.0,661.7,820.7,0.0,-,0,0,0.000
1790439916,s9-anytls,281248,22,991,991,186.1,704.8,848.3,0.0,-,0,0,0.000
1790439916,s10-vless-xhttp,297168,23,1048,1048,170.4,699.5,843.1,0.0,-,0,0,0.000
1790439916,s11-http-proxy,274820,34,939,939,223.1,739.7,879.5,0.0,-,0,0,0.000
1790439916,s12-vmess-h3,284216,17,981,981,207.5,719.4,865.3,0.0,-,0,0,0.000
1790439916,__proc__,0,0,0,0,-,-,-,1231.1,27540,37735,9566620,16091.366
1790439946,s1-short,294318,38,1008,1008,191.8,708.6,853.5,0.0,-,0,0,0.000
1790439946,s2-long,7,4,0,0,36.5,112.7,112.7,0.0,-,0,0,0.000
1790439946,s3-quic,845737,0,370551,370551,3.1,98.9,511.9,0.0,-,0,0,0.000
1790439946,s4-mixed-kcp,108382,1,4034188,4034188,254.1,1696.7,2192.4,0.0,-,0,0,0.000
1790439946,s5-vmess-ws,292769,27,1008,1008,195.8,705.5,850.2,0.0,-,0,0,0.000
1790439946,s6-trojan-grpc,322631,28,1105,1105,150.2,666.1,826.7,0.0,-,0,0,0.000
1790439946,s7-ss-tcp,335752,57,1163,1163,142.0,667.2,814.0,0.0,-,0,0,0.000
1790439946,s8-tuic,324865,32,1092,1092,148.5,660.7,820.7,0.0,-,0,0,0.000
1790439946,s9-anytls,281732,22,1016,1016,187.8,699.4,847.6,0.0,-,0,0,0.000
1790439946,s10-vless-xhttp,297656,23,1025,1025,175.5,687.9,838.9,0.0,-,0,0,0.000
1790439946,s11-http-proxy,275276,34,958,958,225.9,728.3,873.8,0.0,-,0,0,0.000
1790439946,s12-vmess-h3,284677,17,968,968,207.3,707.1,859.8,0.0,-,0,0,0.000
1790439946,__proc__,0,0,0,0,-,-,-,1219.7,27653,37749,9581875,16118.613
1790439976,s1-short,294734,38,874,874,191.5,701.0,852.8,0.0,-,0,0,0.000
1790439976,s2-long,7,4,0,0,36.5,112.7,112.7,0.0,-,0,0,0.000
1790439976,s3-quic,846814,0,294093,294093,3.1,99.7,545.0,0.0,-,0,0,0.000
1790439976,s4-mixed-kcp,108538,1,3883459,3883459,252.9,1695.2,2192.4,0.0,-,0,0,0.000
1790439976,s5-vmess-ws,293181,27,865,865,194.7,701.4,853.2,0.0,-,0,0,0.000
1790439976,s6-trojan-grpc,323098,28,981,981,151.6,661.0,822.2,0.0,-,0,0,0.000
1790439976,s7-ss-tcp,336230,57,1004,1004,142.2,657.5,803.3,0.0,-,0,0,0.000
1790439976,s8-tuic,325321,32,958,958,151.3,657.3,814.2,0.0,-,0,0,0.000
1790439976,s9-anytls,282148,22,874,874,189.6,700.3,842.4,0.0,-,0,0,0.000
1790439976,s10-vless-xhttp,298087,23,905,905,177.4,687.9,838.9,0.0,-,0,0,0.000
1790439976,s11-http-proxy,275668,34,823,823,223.7,729.3,877.7,0.0,-,0,0,0.000
1790439976,s12-vmess-h3,285089,17,865,865,203.7,708.2,859.8,0.0,-,0,0,0.000
1790439976,__proc__,0,0,0,0,-,-,-,1199.1,27037,36319,9594524,16141.443
1790439976,s1-short,294734,38,0,0,191.5,701.0,852.8,0.0,-,0,0,0.000
1790439976,s2-long,7,4,0,0,36.5,112.7,112.7,0.0,-,0,0,0.000
1790439976,s3-quic,846814,0,0,0,3.1,99.7,545.0,0.0,-,0,0,0.000
1790439976,s4-mixed-kcp,108538,1,0,0,252.9,1695.2,2192.4,0.0,-,0,0,0.000
1790439976,s5-vmess-ws,293181,27,0,0,194.7,701.4,853.2,0.0,-,0,0,0.000
1790439976,s6-trojan-grpc,323098,28,0,0,151.6,661.0,822.2,0.0,-,0,0,0.000
1790439976,s7-ss-tcp,336230,57,0,0,142.2,657.5,803.3,0.0,-,0,0,0.000
1790439976,s8-tuic,325321,32,0,0,151.3,657.3,814.2,0.0,-,0,0,0.000
1790439976,s9-anytls,282148,22,0,0,189.6,700.3,842.4,0.0,-,0,0,0.000
1790439976,s10-vless-xhttp,298087,23,0,0,177.4,687.9,838.9,0.0,-,0,0,0.000
1790439976,s11-http-proxy,275668,34,0,0,223.7,729.3,877.7,0.0,-,0,0,0.000
1790439976,s12-vmess-h3,285089,17,0,0,203.7,708.2,859.8,0.0,-,0,0,0.000
1790439976,__drain__,0,0,0,0,-,-,-,1199.2,27037,36316,9594527,16141.443
1790440006,s1-short,294734,38,0,0,191.5,701.0,852.8,0.0,-,0,0,0.000
1790440006,s2-long,7,4,0,0,36.5,112.7,112.7,0.0,-,0,0,0.000
1790440006,s3-quic,846814,0,0,0,3.1,99.7,545.0,0.0,-,0,0,0.000
1790440006,s4-mixed-kcp,108538,1,0,0,252.9,1695.2,2192.4,0.0,-,0,0,0.000
1790440006,s5-vmess-ws,293181,27,0,0,194.7,701.4,853.2,0.0,-,0,0,0.000
1790440006,s6-trojan-grpc,323098,28,0,0,151.6,661.0,822.2,0.0,-,0,0,0.000
1790440006,s7-ss-tcp,336230,57,0,0,142.2,657.5,803.3,0.0,-,0,0,0.000
1790440006,s8-tuic,325321,32,0,0,151.3,657.3,814.2,0.0,-,0,0,0.000
1790440006,s9-anytls,282148,22,0,0,189.6,700.3,842.4,0.0,-,0,0,0.000
1790440006,s10-vless-xhttp,298087,23,0,0,177.4,687.9,838.9,0.0,-,0,0,0.000
1790440006,s11-http-proxy,275668,34,0,0,223.7,729.3,877.7,0.0,-,0,0,0.000
1790440006,s12-vmess-h3,285089,17,0,0,203.7,708.2,859.8,0.0,-,0,0,0.000
1790440006,__drain__,0,0,0,0,-,-,-,979.0,23529,27384,9596867,16142.364
1790440036,s1-short,294734,38,0,0,191.5,701.0,852.8,0.0,-,0,0,0.000
1790440036,s2-long,7,4,0,0,36.5,112.7,112.7,0.0,-,0,0,0.000
1790440036,s3-quic,846814,0,0,0,3.1,99.7,545.0,0.0,-,0,0,0.000
1790440036,s4-mixed-kcp,108538,1,0,0,252.9,1695.2,2192.4,0.0,-,0,0,0.000
1790440036,s5-vmess-ws,293181,27,0,0,194.7,701.4,853.2,0.0,-,0,0,0.000
1790440036,s6-trojan-grpc,323098,28,0,0,151.6,661.0,822.2,0.0,-,0,0,0.000
1790440036,s7-ss-tcp,336230,57,0,0,142.2,657.5,803.3,0.0,-,0,0,0.000
1790440036,s8-tuic,325321,32,0,0,151.3,657.3,814.2,0.0,-,0,0,0.000
1790440036,s9-anytls,282148,22,0,0,189.6,700.3,842.4,0.0,-,0,0,0.000
1790440036,s10-vless-xhttp,298087,23,0,0,177.4,687.9,838.9,0.0,-,0,0,0.000
1790440036,s11-http-proxy,275668,34,0,0,223.7,729.3,877.7,0.0,-,0,0,0.000
1790440036,s12-vmess-h3,285089,17,0,0,203.7,708.2,859.8,0.0,-,0,0,0.000
1790440036,__drain__,0,0,0,0,-,-,-,881.5,20871,24246,9598086,16142.903
1790440066,s1-short,294734,38,0,0,191.5,701.0,852.8,0.0,-,0,0,0.000
1790440066,s2-long,7,4,0,0,36.5,112.7,112.7,0.0,-,0,0,0.000
1790440066,s3-quic,846814,0,0,0,3.1,99.7,545.0,0.0,-,0,0,0.000
1790440066,s4-mixed-kcp,108538,1,0,0,252.9,1695.2,2192.4,0.0,-,0,0,0.000
1790440066,s5-vmess-ws,293181,27,0,0,194.7,701.4,853.2,0.0,-,0,0,0.000
1790440066,s6-trojan-grpc,323098,28,0,0,151.6,661.0,822.2,0.0,-,0,0,0.000
1790440066,s7-ss-tcp,336230,57,0,0,142.2,657.5,803.3,0.0,-,0,0,0.000
1790440066,s8-tuic,325321,32,0,0,151.3,657.3,814.2,0.0,-,0,0,0.000
1790440066,s9-anytls,282148,22,0,0,189.6,700.3,842.4,0.0,-,0,0,0.000
1790440066,s10-vless-xhttp,298087,23,0,0,177.4,687.9,838.9,0.0,-,0,0,0.000
1790440066,s11-http-proxy,275668,34,0,0,223.7,729.3,877.7,0.0,-,0,0,0.000
1790440066,s12-vmess-h3,285089,17,0,0,203.7,708.2,859.8,0.0,-,0,0,0.000
1790440066,__drain__,0,0,0,0,-,-,-,793.6,18320,21282,9599103,16143.579
1790440096,s1-short,294734,38,0,0,191.5,701.0,852.8,0.0,-,0,0,0.000
1790440096,s2-long,7,4,0,0,36.5,112.7,112.7,0.0,-,0,0,0.000
1790440096,s3-quic,846814,0,0,0,3.1,99.7,545.0,0.0,-,0,0,0.000
1790440096,s4-mixed-kcp,108538,1,0,0,252.9,1695.2,2192.4,0.0,-,0,0,0.000
1790440096,s5-vmess-ws,293181,27,0,0,194.7,701.4,853.2,0.0,-,0,0,0.000
1790440096,s6-trojan-grpc,323098,28,0,0,151.6,661.0,822.2,0.0,-,0,0,0.000
1790440096,s7-ss-tcp,336230,57,0,0,142.2,657.5,803.3,0.0,-,0,0,0.000
1790440096,s8-tuic,325321,32,0,0,151.3,657.3,814.2,0.0,-,0,0,0.000
1790440096,s9-anytls,282148,22,0,0,189.6,700.3,842.4,0.0,-,0,0,0.000
1790440096,s10-vless-xhttp,298087,23,0,0,177.4,687.9,838.9,0.0,-,0,0,0.000
1790440096,s11-http-proxy,275668,34,0,0,223.7,729.3,877.7,0.0,-,0,0,0.000
1790440096,s12-vmess-h3,285089,17,0,0,203.7,708.2,859.8,0.0,-,0,0,0.000
1790440096,__drain__,0,0,0,0,-,-,-,647.2,15573,18063,9600264,16144.182
1790440126,s1-short,294734,38,0,0,191.5,701.0,852.8,0.0,-,0,0,0.000
1790440126,s2-long,7,4,0,0,36.5,112.7,112.7,0.0,-,0,0,0.000
1790440126,s3-quic,846814,0,0,0,3.1,99.7,545.0,0.0,-,0,0,0.000
1790440126,s4-mixed-kcp,108538,1,0,0,252.9,1695.2,2192.4,0.0,-,0,0,0.000
1790440126,s5-vmess-ws,293181,27,0,0,194.7,701.4,853.2,0.0,-,0,0,0.000
1790440126,s6-trojan-grpc,323098,28,0,0,151.6,661.0,822.2,0.0,-,0,0,0.000
1790440126,s7-ss-tcp,336230,57,0,0,142.2,657.5,803.3,0.0,-,0,0,0.000
1790440126,s8-tuic,325321,32,0,0,151.3,657.3,814.2,0.0,-,0,0,0.000
1790440126,s9-anytls,282148,22,0,0,189.6,700.3,842.4,0.0,-,0,0,0.000
1790440126,s10-vless-xhttp,298087,23,0,0,177.4,687.9,838.9,0.0,-,0,0,0.000
1790440126,s11-http-proxy,275668,34,0,0,223.7,729.3,877.7,0.0,-,0,0,0.000
1790440126,s12-vmess-h3,285089,17,0,0,203.7,708.2,859.8,0.0,-,0,0,0.000
1790440126,__drain__,0,0,0,0,-,-,-,563.4,12981,15024,9601378,16144.711
1790440156,s1-short,294734,38,0,0,191.5,701.0,852.8,0.0,-,0,0,0.000
1790440156,s2-long,7,4,0,0,36.5,112.7,112.7,0.0,-,0,0,0.000
1790440156,s3-quic,846814,0,0,0,3.1,99.7,545.0,0.0,-,0,0,0.000
1790440156,s4-mixed-kcp,108538,1,0,0,252.9,1695.2,2192.4,0.0,-,0,0,0.000
1790440156,s5-vmess-ws,293181,27,0,0,194.7,701.4,853.2,0.0,-,0,0,0.000
1790440156,s6-trojan-grpc,323098,28,0,0,151.6,661.0,822.2,0.0,-,0,0,0.000
1790440156,s7-ss-tcp,336230,57,0,0,142.2,657.5,803.3,0.0,-,0,0,0.000
1790440156,s8-tuic,325321,32,0,0,151.3,657.3,814.2,0.0,-,0,0,0.000
1790440156,s9-anytls,282148,22,0,0,189.6,700.3,842.4,0.0,-,0,0,0.000
1790440156,s10-vless-xhttp,298087,23,0,0,177.4,687.9,838.9,0.0,-,0,0,0.000
1790440156,s11-http-proxy,275668,34,0,0,223.7,729.3,877.7,0.0,-,0,0,0.000
1790440156,s12-vmess-h3,285089,17,0,0,203.7,708.2,859.8,0.0,-,0,0,0.000
1790440156,__drain__,0,0,0,0,-,-,-,442.1,10362,11985,9602441,16145.279
1790440186,s1-short,294734,38,0,0,191.5,701.0,852.8,0.0,-,0,0,0.000
1790440186,s2-long,7,4,0,0,36.5,112.7,112.7,0.0,-,0,0,0.000
1790440186,s3-quic,846814,0,0,0,3.1,99.7,545.0,0.0,-,0,0,0.000
1790440186,s4-mixed-kcp,108538,1,0,0,252.9,1695.2,2192.4,0.0,-,0,0,0.000
1790440186,s5-vmess-ws,293181,27,0,0,194.7,701.4,853.2,0.0,-,0,0,0.000
1790440186,s6-trojan-grpc,323098,28,0,0,151.6,661.0,822.2,0.0,-,0,0,0.000
1790440186,s7-ss-tcp,336230,57,0,0,142.2,657.5,803.3,0.0,-,0,0,0.000
1790440186,s8-tuic,325321,32,0,0,151.3,657.3,814.2,0.0,-,0,0,0.000
1790440186,s9-anytls,282148,22,0,0,189.6,700.3,842.4,0.0,-,0,0,0.000
1790440186,s10-vless-xhttp,298087,23,0,0,177.4,687.9,838.9,0.0,-,0,0,0.000
1790440186,s11-http-proxy,275668,34,0,0,223.7,729.3,877.7,0.0,-,0,0,0.000
1790440186,s12-vmess-h3,285089,17,0,0,203.7,708.2,859.8,0.0,-,0,0,0.000
1790440186,__drain__,0,0,0,0,-,-,-,403.0,7743,8943,9603595,16145.785
1790440216,s1-short,294734,38,0,0,191.5,701.0,852.8,0.0,-,0,0,0.000
1790440216,s2-long,7,4,0,0,36.5,112.7,112.7,0.0,-,0,0,0.000
1790440216,s3-quic,846814,0,0,0,3.1,99.7,545.0,0.0,-,0,0,0.000
1790440216,s4-mixed-kcp,108538,1,0,0,252.9,1695.2,2192.4,0.0,-,0,0,0.000
1790440216,s5-vmess-ws,293181,27,0,0,194.7,701.4,853.2,0.0,-,0,0,0.000
1790440216,s6-trojan-grpc,323098,28,0,0,151.6,661.0,822.2,0.0,-,0,0,0.000
1790440216,s7-ss-tcp,336230,57,0,0,142.2,657.5,803.3,0.0,-,0,0,0.000
1790440216,s8-tuic,325321,32,0,0,151.3,657.3,814.2,0.0,-,0,0,0.000
1790440216,s9-anytls,282148,22,0,0,189.6,700.3,842.4,0.0,-,0,0,0.000
1790440216,s10-vless-xhttp,298087,23,0,0,177.4,687.9,838.9,0.0,-,0,0,0.000
1790440216,s11-http-proxy,275668,34,0,0,223.7,729.3,877.7,0.0,-,0,0,0.000
1790440216,s12-vmess-h3,285089,17,0,0,203.7,708.2,859.8,0.0,-,0,0,0.000
1790440216,__drain__,0,0,0,0,-,-,-,342.4,5186,5922,9604722,16146.259
1790440246,s1-short,294734,38,0,0,191.5,701.0,852.8,0.0,-,0,0,0.000
1790440246,s2-long,7,4,0,0,36.5,112.7,112.7,0.0,-,0,0,0.000
1790440246,s3-quic,846814,0,0,0,3.1,99.7,545.0,0.0,-,0,0,0.000
1790440246,s4-mixed-kcp,108538,1,0,0,252.9,1695.2,2192.4,0.0,-,0,0,0.000
1790440246,s5-vmess-ws,293181,27,0,0,194.7,701.4,853.2,0.0,-,0,0,0.000
1790440246,s6-trojan-grpc,323098,28,0,0,151.6,661.0,822.2,0.0,-,0,0,0.000
1790440246,s7-ss-tcp,336230,57,0,0,142.2,657.5,803.3,0.0,-,0,0,0.000
1790440246,s8-tuic,325321,32,0,0,151.3,657.3,814.2,0.0,-,0,0,0.000
1790440246,s9-anytls,282148,22,0,0,189.6,700.3,842.4,0.0,-,0,0,0.000
1790440246,s10-vless-xhttp,298087,23,0,0,177.4,687.9,838.9,0.0,-,0,0,0.000
1790440246,s11-http-proxy,275668,34,0,0,223.7,729.3,877.7,0.0,-,0,0,0.000
1790440246,s12-vmess-h3,285089,17,0,0,203.7,708.2,859.8,0.0,-,0,0,0.000
1790440246,__drain__,0,0,0,0,-,-,-,267.5,2565,2880,9605774,16146.669
1790440276,s1-short,294734,38,0,0,191.5,701.0,852.8,0.0,-,0,0,0.000
1790440276,s2-long,7,4,0,0,36.5,112.7,112.7,0.0,-,0,0,0.000
1790440276,s3-quic,846814,0,0,0,3.1,99.7,545.0,0.0,-,0,0,0.000
1790440276,s4-mixed-kcp,108538,1,0,0,252.9,1695.2,2192.4,0.0,-,0,0,0.000
1790440276,s5-vmess-ws,293181,27,0,0,194.7,701.4,853.2,0.0,-,0,0,0.000
1790440276,s6-trojan-grpc,323098,28,0,0,151.6,661.0,822.2,0.0,-,0,0,0.000
1790440276,s7-ss-tcp,336230,57,0,0,142.2,657.5,803.3,0.0,-,0,0,0.000
1790440276,s8-tuic,325321,32,0,0,151.3,657.3,814.2,0.0,-,0,0,0.000
1790440276,s9-anytls,282148,22,0,0,189.6,700.3,842.4,0.0,-,0,0,0.000
1790440276,s10-vless-xhttp,298087,23,0,0,177.4,687.9,838.9,0.0,-,0,0,0.000
1790440276,s11-http-proxy,275668,34,0,0,223.7,729.3,877.7,0.0,-,0,0,0.000
1790440276,s12-vmess-h3,285089,17,0,0,203.7,708.2,859.8,0.0,-,0,0,0.000
1790440276,__drain__,0,0,0,0,-,-,-,119.3,262,183,9606864,16147.109
1790440306,s1-short,294734,38,0,0,191.5,701.0,852.8,0.0,-,0,0,0.000
1790440306,s2-long,7,4,0,0,36.5,112.7,112.7,0.0,-,0,0,0.000
1790440306,s3-quic,846814,0,0,0,3.1,99.7,545.0,0.0,-,0,0,0.000
1790440306,s4-mixed-kcp,108538,1,0,0,252.9,1695.2,2192.4,0.0,-,0,0,0.000
1790440306,s5-vmess-ws,293181,27,0,0,194.7,701.4,853.2,0.0,-,0,0,0.000
1790440306,s6-trojan-grpc,323098,28,0,0,151.6,661.0,822.2,0.0,-,0,0,0.000
1790440306,s7-ss-tcp,336230,57,0,0,142.2,657.5,803.3,0.0,-,0,0,0.000
1790440306,s8-tuic,325321,32,0,0,151.3,657.3,814.2,0.0,-,0,0,0.000
1790440306,s9-anytls,282148,22,0,0,189.6,700.3,842.4,0.0,-,0,0,0.000
1790440306,s10-vless-xhttp,298087,23,0,0,177.4,687.9,838.9,0.0,-,0,0,0.000
1790440306,s11-http-proxy,275668,34,0,0,223.7,729.3,877.7,0.0,-,0,0,0.000
1790440306,s12-vmess-h3,285089,17,0,0,203.7,708.2,859.8,0.0,-,0,0,0.000
1790440306,__drain__,0,0,0,0,-,-,-,112.6,262,183,9606864,16147.109
1790440336,s1-short,294734,38,0,0,191.5,701.0,852.8,0.0,-,0,0,0.000
1790440336,s2-long,7,4,0,0,36.5,112.7,112.7,0.0,-,0,0,0.000
1790440336,s3-quic,846814,0,0,0,3.1,99.7,545.0,0.0,-,0,0,0.000
1790440336,s4-mixed-kcp,108538,1,0,0,252.9,1695.2,2192.4,0.0,-,0,0,0.000
1790440336,s5-vmess-ws,293181,27,0,0,194.7,701.4,853.2,0.0,-,0,0,0.000
1790440336,s6-trojan-grpc,323098,28,0,0,151.6,661.0,822.2,0.0,-,0,0,0.000
1790440336,s7-ss-tcp,336230,57,0,0,142.2,657.5,803.3,0.0,-,0,0,0.000
1790440336,s8-tuic,325321,32,0,0,151.3,657.3,814.2,0.0,-,0,0,0.000
1790440336,s9-anytls,282148,22,0,0,189.6,700.3,842.4,0.0,-,0,0,0.000
1790440336,s10-vless-xhttp,298087,23,0,0,177.4,687.9,838.9,0.0,-,0,0,0.000
1790440336,s11-http-proxy,275668,34,0,0,223.7,729.3,877.7,0.0,-,0,0,0.000
1790440336,s12-vmess-h3,285089,17,0,0,203.7,708.2,859.8,0.0,-,0,0,0.000
1790440336,__drain__,0,0,0,0,-,-,-,104.3,262,183,9606864,16147.109
