ts,scenario,conn_ok,conn_fail,tx_bps,rx_bps,p50_ms,p95_ms,p99_ms,rss_mb,fd_count,alive_tasks,worker_park,busy_s
1790421334,s1-short,0,0,0,0,-,-,-,0.0,-,0,0,0.000
1790421334,s2-long,0,0,0,0,-,-,-,0.0,-,0,0,0.000
1790421334,s3-quic,0,0,0,0,-,-,-,0.0,-,0,0,0.000
1790421334,s4-mixed-kcp,0,0,0,0,-,-,-,0.0,-,0,0,0.000
1790421334,s5-vmess-ws,0,0,0,0,-,-,-,0.0,-,0,0,0.000
1790421334,s6-trojan-grpc,0,0,0,0,-,-,-,0.0,-,0,0,0.000
1790421334,__proc__,0,0,0,0,-,-,-,24.3,96,109,43,0.003
1790421364,s1-short,1568,0,3293,3293,2.2,7.7,12.1,0.0,-,0,0,0.000
1790421364,s2-long,341,0,25783619,25783619,14.5,55.6,219.7,0.0,-,0,0,0.000
1790421364,s3-quic,15219,0,4155802,4155802,1.8,2.6,3.7,0.0,-,0,0,0.000
1790421364,s4-mixed-kcp,454,0,7689431,7689431,51.1,797.9,948.8,0.0,-,0,0,0.000
1790421364,s5-vmess-ws,1248,0,2621,2621,41.4,44.4,49.5,0.0,-,0,0,0.000
1790421364,s6-trojan-grpc,1584,0,3326,3326,0.9,3.3,10.4,0.0,-,0,0,0.000
1790421364,__proc__,0,0,0,0,-,-,-,538.2,4154,6653,205459,16.716
1790421394,s1-short,3141,0,3303,3303,1.9,4.8,10.7,0.0,-,0,0,0.000
1790421394,s2-long,341,0,0,0,14.5,55.6,219.7,0.0,-,0,0,0.000
1790421394,s3-quic,31044,0,4321280,4321280,1.8,2.6,3.7,0.0,-,0,0,0.000
1790421394,s4-mixed-kcp,908,0,7982623,7982623,51.0,798.7,948.6,0.0,-,0,0,0.000
1790421394,s5-vmess-ws,2496,0,2621,2621,41.4,43.4,47.6,0.0,-,0,0,0.000
1790421394,s6-trojan-grpc,3163,0,3316,3316,1.1,2.5,8.4,0.0,-,0,0,0.000
1790421394,__proc__,0,0,0,0,-,-,-,763.2,7343,11610,419476,32.399
1790421424,s1-short,4710,0,3295,3295,1.9,3.4,4.7,0.0,-,0,0,0.000
1790421424,s2-long,341,0,0,0,14.5,55.6,219.7,0.0,-,0,0,0.000
1790421424,s3-quic,46801,0,4302711,4302711,1.8,2.6,4.0,0.0,-,0,0,0.000
1790421424,s4-mixed-kcp,1363,0,7927980,7927980,51.0,799.8,948.7,0.0,-,0,0,0.000
1790421424,s5-vmess-ws,3744,0,2621,2621,41.4,43.3,45.9,0.0,-,0,0,0.000
1790421424,s6-trojan-grpc,4743,0,3318,3318,1.2,2.3,3.5,0.0,-,0,0,0.000
1790421424,__proc__,0,0,0,0,-,-,-,922.2,10500,16344,628986,47.986
1790421454,s1-short,6282,0,3301,3301,2.1,3.4,4.6,0.0,-,0,0,0.000
1790421454,s2-long,341,0,0,0,14.5,55.6,219.7,0.0,-,0,0,0.000
1790421454,s3-quic,62506,0,4288512,4288512,1.8,2.7,3.7,0.0,-,0,0,0.000
1790421454,s4-mixed-kcp,1827,0,7803462,7803462,51.0,799.6,948.8,0.0,-,0,0,0.000
1790421454,s5-vmess-ws,4991,0,2619,2619,41.4,42.8,43.9,0.0,-,0,0,0.000
1790421454,s6-trojan-grpc,6323,0,3318,3318,1.2,2.3,3.4,0.0,-,0,0,0.000
1790421454,__proc__,0,0,0,0,-,-,-,1131.0,13676,21096,839526,63.600
1790421484,s1-short,7850,0,3293,3293,2.4,3.6,5.0,0.0,-,0,0,0.000
1790421484,s2-long,341,0,0,0,14.5,55.6,219.7,0.0,-,0,0,0.000
1790421484,s3-quic,77882,0,4198673,4198673,1.8,2.6,3.6,0.0,-,0,0,0.000
1790421484,s4-mixed-kcp,2286,0,7882182,7882182,51.0,799.0,948.7,0.0,-,0,0,0.000
1790421484,s5-vmess-ws,6236,0,2614,2614,41.4,42.8,43.9,0.0,-,0,0,0.000
1790421484,s6-trojan-grpc,7904,0,3320,3320,1.2,2.4,3.6,0.0,-,0,0,0.000
1790421484,__proc__,0,0,0,0,-,-,-,1348.1,16844,25850,1044228,79.272
1790421514,s1-short,9419,0,3295,3295,2.4,3.5,4.8,0.0,-,0,0,0.000
1790421514,s2-long,341,0,0,0,14.5,55.6,219.7,0.0,-,0,0,0.000
1790421514,s3-quic,93370,0,4229257,4229257,1.8,2.6,3.6,0.0,-,0,0,0.000
1790421514,s4-mixed-kcp,2744,0,8013537,8013537,51.0,799.5,948.6,0.0,-,0,0,0.000
1790421514,s5-vmess-ws,7484,0,2621,2621,41.4,42.8,43.8,0.0,-,0,0,0.000
1790421514,s6-trojan-grpc,9483,0,3316,3316,1.2,2.4,3.5,0.0,-,0,0,0.000
1790421514,__proc__,0,0,0,0,-,-,-,1557.0,19996,30596,1251231,94.912
1790421544,s1-short,10983,0,3284,3284,2.4,3.7,5.2,0.0,-,0,0,0.000
1790421544,s2-long,341,0,0,0,14.5,55.6,219.7,0.0,-,0,0,0.000
1790421544,s3-quic,108471,0,4123580,4123580,1.8,2.8,3.7,0.0,-,0,0,0.000
1790421544,s4-mixed-kcp,3190,0,7935570,7935570,51.0,800.5,948.7,0.0,-,0,0,0.000
1790421544,s5-vmess-ws,8730,0,2617,2617,41.4,42.8,43.8,0.0,-,0,0,0.000
1790421544,s6-trojan-grpc,11062,0,3316,3316,1.2,2.4,3.5,0.0,-,0,0,0.000
1790421544,__proc__,0,0,0,0,-,-,-,1766.2,23139,35296,1453146,110.557
1790421574,s1-short,12551,0,3293,3293,2.4,3.7,5.1,0.0,-,0,0,0.000
1790421574,s2-long,341,0,0,0,14.5,55.6,219.7,0.0,-,0,0,0.000
1790421574,s3-quic,124008,0,4242637,4242637,1.8,2.6,3.5,0.0,-,0,0,0.000
1790421574,s4-mixed-kcp,3643,0,8040209,8040209,51.0,799.8,948.6,0.0,-,0,0,0.000
1790421574,s5-vmess-ws,9977,0,2619,2619,41.4,42.7,43.8,0.0,-,0,0,0.000
1790421574,s6-trojan-grpc,12640,0,3314,3314,1.3,2.4,4.0,0.0,-,0,0,0.000
1790421574,__proc__,0,0,0,0,-,-,-,1964.6,26269,40007,1661302,126.185
1790421604,s1-short,14116,0,3286,3286,2.4,4.6,5.8,0.0,-,0,0,0.000
1790421604,s2-long,341,0,0,0,14.5,55.6,219.7,0.0,-,0,0,0.000
1790421604,s3-quic,139596,0,4256563,4256563,1.8,2.8,3.7,0.0,-,0,0,0.000
1790421604,s4-mixed-kcp,4085,0,7928853,7928853,51.0,799.5,948.5,0.0,-,0,0,0.000
1790421604,s5-vmess-ws,11224,0,2619,2619,41.4,42.8,43.8,0.0,-,0,0,0.000
1790421604,s6-trojan-grpc,14219,0,3316,3316,1.2,3.1,4.5,0.0,-,0,0,0.000
1790421604,__proc__,0,0,0,0,-,-,-,2174.4,29415,44690,1868371,142.209
1790421634,s1-short,15658,0,3238,3238,3.2,6.1,7.8,0.0,-,0,0,0.000
1790421634,s2-long,341,0,0,0,14.5,55.6,219.7,0.0,-,0,0,0.000
1790421634,s3-quic,154863,0,4168909,4168909,1.8,3.0,4.3,0.0,-,0,0,0.000
1790421634,s4-mixed-kcp,4489,0,7865178,7865178,51.1,799.7,948.5,0.0,-,0,0,0.000
1790421634,s5-vmess-ws,12472,0,2621,2621,41.4,42.9,44.1,0.0,-,0,0,0.000
1790421634,s6-trojan-grpc,15784,0,3286,3286,1.7,4.2,5.7,0.0,-,0,0,0.000
1790421634,__proc__,0,0,0,0,-,-,-,2389.1,32465,49225,2065537,159.161
1790421664,s1-short,17222,0,3284,3284,3.6,6.3,8.0,0.0,-,0,0,0.000
1790421664,s2-long,341,4,0,0,14.5,55.6,219.7,0.0,-,0,0,0.000
1790421664,s3-quic,169808,0,4080981,4080981,1.9,3.0,3.9,0.0,-,0,0,0.000
1790421664,s4-mixed-kcp,4927,0,8073536,8073536,51.1,800.5,948.6,0.0,-,0,0,0.000
1790421664,s5-vmess-ws,13720,0,2621,2621,41.4,42.9,44.1,0.0,-,0,0,0.000
1790421664,s6-trojan-grpc,17358,0,3305,3305,2.3,4.3,5.8,0.0,-,0,0,0.000
1790421664,__proc__,0,0,0,0,-,-,-,2410.3,32494,49297,2268805,175.302
1790421694,s1-short,18788,0,3289,3289,2.9,5.8,7.4,0.0,-,0,0,0.000
1790421694,s2-long,341,4,0,0,14.5,55.6,219.7,0.0,-,0,0,0.000
1790421694,s3-quic,184694,0,4064870,4064870,1.9,2.9,3.8,0.0,-,0,0,0.000
1790421694,s4-mixed-kcp,5365,0,7957824,7957824,51.1,800.0,948.5,0.0,-,0,0,0.000
1790421694,s5-vmess-ws,14968,0,2621,2621,41.4,43.0,44.2,0.0,-,0,0,0.000
1790421694,s6-trojan-grpc,18939,0,3320,3320,1.6,3.7,5.4,0.0,-,0,0,0.000
1790421694,__proc__,0,0,0,0,-,-,-,2409.9,32494,49318,2474026,191.273
1790421724,s1-short,20359,0,3299,3299,2.1,4.1,5.7,0.0,-,0,0,0.000
1790421724,s2-long,341,4,0,0,14.5,55.6,219.7,0.0,-,0,0,0.000
1790421724,s3-quic,199585,0,4066236,4066236,1.9,2.9,3.8,0.0,-,0,0,0.000
1790421724,s4-mixed-kcp,5795,0,7967294,7967294,51.1,800.3,948.5,0.0,-,0,0,0.000
1790421724,s5-vmess-ws,16215,0,2619,2619,41.4,42.8,44.0,0.0,-,0,0,0.000
1790421724,s6-trojan-grpc,20515,0,3310,3310,1.1,3.0,4.2,0.0,-,0,0,0.000
1790421724,__proc__,0,0,0,0,-,-,-,2427.1,32503,49308,2678400,207.025
1790421754,s1-short,21928,0,3295,3295,2.0,3.8,4.9,0.0,-,0,0,0.000
1790421754,s2-long,341,4,0,0,14.5,55.6,219.7,0.0,-,0,0,0.000
1790421754,s3-quic,214601,0,4100369,4100369,1.9,3.0,3.7,0.0,-,0,0,0.000
1790421754,s4-mixed-kcp,6247,0,7792770,7792770,51.1,799.6,948.4,0.0,-,0,0,0.000
1790421754,s5-vmess-ws,17461,0,2617,2617,41.4,42.6,43.8,0.0,-,0,0,0.000
1790421754,s6-trojan-grpc,22099,0,3326,3326,1.1,2.8,3.8,0.0,-,0,0,0.000
1790421754,__proc__,0,0,0,0,-,-,-,2434.5,32517,49386,2886626,222.778
1790421784,s1-short,23496,0,3293,3293,2.1,3.9,5.1,0.0,-,0,0,0.000
1790421784,s2-long,341,4,0,0,14.5,55.6,219.7,0.0,-,0,0,0.000
1790421784,s3-quic,229327,0,4021180,4021180,1.9,3.1,3.9,0.0,-,0,0,0.000
1790421784,s4-mixed-kcp,6696,0,7915823,7915823,51.1,799.6,948.3,0.0,-,0,0,0.000
1790421784,s5-vmess-ws,18709,0,2621,2621,41.4,42.6,43.9,0.0,-,0,0,0.000
1790421784,s6-trojan-grpc,23676,0,3312,3312,1.0,2.7,3.9,0.0,-,0,0,0.000
1790421784,__proc__,0,0,0,0,-,-,-,2432.0,32510,49351,3089887,238.509
1790421814,s1-short,25066,0,3297,3297,2.2,3.9,5.2,0.0,-,0,0,0.000
1790421814,s2-long,341,4,0,0,14.5,55.6,219.7,0.0,-,0,0,0.000
1790421814,s3-quic,243668,0,3916049,3916049,1.9,3.1,4.0,0.0,-,0,0,0.000
1790421814,s4-mixed-kcp,7137,0,7989191,7989191,51.1,800.0,948.5,0.0,-,0,0,0.000
1790421814,s5-vmess-ws,19957,0,2621,2621,41.4,42.7,44.0,0.0,-,0,0,0.000
1790421814,s6-trojan-grpc,25256,0,3318,3318,1.0,2.7,3.9,0.0,-,0,0,0.000
1790421814,__proc__,0,0,0,0,-,-,-,2422.7,32493,49361,3288266,254.130
1790421844,s1-short,26634,0,3293,3293,2.2,3.9,5.4,0.0,-,0,0,0.000
1790421844,s2-long,341,4,0,0,14.5,55.6,219.7,0.0,-,0,0,0.000
1790421844,s3-quic,258655,0,4092450,4092450,1.9,2.9,3.7,0.0,-,0,0,0.000
1790421844,s4-mixed-kcp,7580,0,7970508,7970508,51.1,800.0,948.5,0.0,-,0,0,0.000
1790421844,s5-vmess-ws,21204,0,2619,2619,41.4,42.7,44.0,0.0,-,0,0,0.000
1790421844,s6-trojan-grpc,26837,0,3320,3320,1.0,2.7,4.0,0.0,-,0,0,0.000
1790421844,__proc__,0,0,0,0,-,-,-,2452.5,32522,49366,3494086,269.714
1790421874,s1-short,28202,0,3293,3293,2.2,3.8,5.3,0.0,-,0,0,0.000
1790421874,s2-long,341,4,0,0,14.5,55.6,219.7,0.0,-,0,0,0.000
1790421874,s3-quic,273803,0,4136414,4136414,1.8,2.9,3.8,0.0,-,0,0,0.000
1790421874,s4-mixed-kcp,8032,0,7860789,7860789,51.2,800.3,948.6,0.0,-,0,0,0.000
1790421874,s5-vmess-ws,22450,0,2617,2617,41.4,42.7,44.0,0.0,-,0,0,0.000
1790421874,s6-trojan-grpc,28420,0,3324,3324,1.0,2.6,3.9,0.0,-,0,0,0.000
1790421874,__proc__,0,0,0,0,-,-,-,2481.7,32540,49388,3701768,285.350
1790421904,s1-short,29771,0,3295,3295,2.1,3.8,5.0,0.0,-,0,0,0.000
1790421904,s2-long,341,4,0,0,14.5,55.6,219.7,0.0,-,0,0,0.000
1790421904,s3-quic,288912,0,4125764,4125764,1.9,3.1,3.9,0.0,-,0,0,0.000
1790421904,s4-mixed-kcp,8477,0,7959908,7959908,51.1,799.5,948.5,0.0,-,0,0,0.000
1790421904,s5-vmess-ws,23697,0,2619,2619,41.4,42.7,44.0,0.0,-,0,0,0.000
1790421904,s6-trojan-grpc,29997,0,3312,3312,1.0,2.6,3.8,0.0,-,0,0,0.000
1790421904,__proc__,0,0,0,0,-,-,-,2470.7,32521,49344,3911372,301.150
1790421934,s1-short,31331,0,3276,3276,2.4,4.3,5.9,0.0,-,0,0,0.000
1790421934,s2-long,341,4,0,0,14.5,55.6,219.7,0.0,-,0,0,0.000
1790421934,s3-quic,303798,0,4064870,4064870,1.9,3.1,4.1,0.0,-,0,0,0.000
1790421934,s4-mixed-kcp,8885,0,7904449,7904449,51.1,799.5,948.6,0.0,-,0,0,0.000
1790421934,s5-vmess-ws,24944,0,2619,2619,41.4,42.7,44.0,0.0,-,0,0,0.000
1790421934,s6-trojan-grpc,31565,0,3293,3293,1.5,3.1,4.4,0.0,-,0,0,0.000
1790421934,__proc__,0,0,0,0,-,-,-,2456.5,32443,49215,4111892,317.747
1790421964,s1-short,32895,0,3284,3284,3.0,4.6,6.2,0.0,-,0,0,0.000
1790421964,s2-long,341,4,0,0,14.5,55.6,219.7,0.0,-,0,0,0.000
1790421964,s3-quic,318682,0,4064324,4064324,1.9,3.0,3.8,0.0,-,0,0,0.000
1790421964,s4-mixed-kcp,9313,0,7958871,7958871,51.2,799.7,948.7,0.0,-,0,0,0.000
1790421964,s5-vmess-ws,26192,0,2621,2621,41.4,42.8,44.2,0.0,-,0,0,0.000
1790421964,s6-trojan-grpc,33142,0,3312,3312,2.0,3.3,4.6,0.0,-,0,0,0.000
1790421964,__proc__,0,0,0,0,-,-,-,2480.9,32467,49266,4315262,334.052
1790421994,s1-short,34461,0,3289,3289,2.9,4.6,6.2,0.0,-,0,0,0.000
1790421994,s2-long,341,4,0,0,14.5,55.6,219.7,0.0,-,0,0,0.000
1790421994,s3-quic,333528,0,4053948,4053948,1.9,3.0,4.0,0.0,-,0,0,0.000
1790421994,s4-mixed-kcp,9736,0,7936833,7936833,51.2,799.7,948.8,0.0,-,0,0,0.000
1790421994,s5-vmess-ws,27439,0,2619,2619,41.4,42.7,44.1,0.0,-,0,0,0.000
1790421994,s6-trojan-grpc,34719,0,3312,3312,1.7,3.3,4.6,0.0,-,0,0,0.000
1790421994,__proc__,0,0,0,0,-,-,-,2459.2,32497,49287,4520015,350.094
1790422024,s1-short,36026,0,3286,3286,2.4,4.2,5.5,0.0,-,0,0,0.000
1790422024,s2-long,341,4,0,0,14.5,55.6,219.7,0.0,-,0,0,0.000
1790422024,s3-quic,348030,0,3960013,3960013,1.9,3.1,3.9,0.0,-,0,0,0.000
1790422024,s4-mixed-kcp,10174,0,7836525,7836525,51.2,799.5,948.8,0.0,-,0,0,0.000
1790422024,s5-vmess-ws,28687,0,2621,2621,41.4,42.8,44.1,0.0,-,0,0,0.000
1790422024,s6-trojan-grpc,36296,0,3312,3312,1.3,3.0,4.0,0.0,-,0,0,0.000
1790422024,__proc__,0,0,0,0,-,-,-,2457.4,32491,49307,4718222,366.094
1790422054,s1-short,37594,0,3293,3293,2.3,4.1,5.4,0.0,-,0,0,0.000
1790422054,s2-long,341,4,0,0,14.5,55.6,219.7,0.0,-,0,0,0.000
1790422054,s3-quic,362674,0,3998788,3998788,1.9,3.1,3.9,0.0,-,0,0,0.000
1790422054,s4-mixed-kcp,10631,0,7847553,7847553,51.2,799.0,948.8,0.0,-,0,0,0.000
1790422054,s5-vmess-ws,29935,0,2621,2621,41.4,42.7,44.0,0.0,-,0,0,0.000
1790422054,s6-trojan-grpc,37873,0,3312,3312,1.2,3.0,3.8,0.0,-,0,0,0.000
1790422054,__proc__,0,0,0,0,-,-,-,2455.9,32495,49325,4920893,381.972
1790422084,s1-short,39163,0,3295,3295,2.2,4.1,5.3,0.0,-,0,0,0.000
1790422084,s2-long,341,4,0,0,14.5,55.6,219.7,0.0,-,0,0,0.000
1790422084,s3-quic,377504,0,4049579,4049579,1.9,3.0,3.8,0.0,-,0,0,0.000
1790422084,s4-mixed-kcp,11072,0,7965915,7965915,51.2,798.6,948.9,0.0,-,0,0,0.000
1790422084,s5-vmess-ws,31182,0,2619,2619,41.4,42.8,43.7,0.0,-,0,0,0.000
1790422084,s6-trojan-grpc,39455,0,3322,3322,1.2,2.8,3.9,0.0,-,0,0,0.000
1790422084,__proc__,0,0,0,0,-,-,-,2495.1,32498,49401,5124348,397.726
1790422114,s1-short,40733,0,3297,3297,2.1,3.7,5.0,0.0,-,0,0,0.000
1790422114,s2-long,341,4,0,0,14.5,55.6,219.7,0.0,-,0,0,0.000
1790422114,s3-quic,392362,0,4057225,4057225,1.9,3.1,4.0,0.0,-,0,0,0.000
1790422114,s4-mixed-kcp,11519,0,7972544,7972544,51.2,798.6,949.2,0.0,-,0,0,0.000
1790422114,s5-vmess-ws,32430,0,2621,2621,41.4,42.7,43.8,0.0,-,0,0,0.000
1790422114,s6-trojan-grpc,41033,0,3314,3314,1.1,2.7,4.2,0.0,-,0,0,0.000
1790422114,__proc__,0,0,0,0,-,-,-,2476.8,32536,49401,5330532,413.497
1790422144,s1-short,42304,0,3299,3299,2.2,3.7,4.9,0.0,-,0,0,0.000
1790422144,s2-long,341,4,0,0,14.5,55.6,219.7,0.0,-,0,0,0.000
1790422144,s3-quic,407117,0,4029099,4029099,1.9,3.0,3.8,0.0,-,0,0,0.000
1790422144,s4-mixed-kcp,11969,0,7817630,7817630,51.2,798.9,949.2,0.0,-,0,0,0.000
1790422144,s5-vmess-ws,33678,0,2621,2621,41.4,42.7,43.8,0.0,-,0,0,0.000
1790422144,s6-trojan-grpc,42609,0,3310,3310,1.2,2.8,4.3,0.0,-,0,0,0.000
1790422144,__proc__,0,0,0,0,-,-,-,2473.9,32498,49333,5532984,429.081
1790422174,s1-short,43869,0,3286,3286,2.2,3.6,5.0,0.0,-,0,0,0.000
1790422174,s2-long,341,4,0,0,14.5,55.6,219.7,0.0,-,0,0,0.000
1790422174,s3-quic,421622,0,3960832,3960832,1.9,3.1,4.0,0.0,-,0,0,0.000
1790422174,s4-mixed-kcp,12417,0,7961569,7961569,51.2,799.4,949.7,0.0,-,0,0,0.000
1790422174,s5-vmess-ws,34924,0,2617,2617,41.4,42.7,43.9,0.0,-,0,0,0.000
1790422174,s6-trojan-grpc,44190,0,3320,3320,1.2,2.7,4.2,0.0,-,0,0,0.000
1790422174,__proc__,0,0,0,0,-,-,-,2469.0,32516,49376,5731970,444.795
1790422204,s1-short,45437,0,3293,3293,2.3,3.9,5.2,0.0,-,0,0,0.000
1790422204,s2-long,341,4,0,0,14.5,55.6,219.7,0.0,-,0,0,0.000
1790422204,s3-quic,436207,0,3982677,3982677,1.9,3.2,4.1,0.0,-,0,0,0.000
1790422204,s4-mixed-kcp,12864,0,8038852,8038852,51.1,799.4,949.6,0.0,-,0,0,0.000
1790422204,s5-vmess-ws,36172,0,2621,2621,41.4,42.7,44.1,0.0,-,0,0,0.000
1790422204,s6-trojan-grpc,45763,0,3303,3303,1.3,3.3,4.6,0.0,-,0,0,0.000
1790422204,__proc__,0,0,0,0,-,-,-,2483.4,32475,49309,5932381,460.544
1790422234,s1-short,46995,0,3272,3272,2.5,4.4,5.7,0.0,-,0,0,0.000
1790422234,s2-long,341,4,0,0,14.5,55.6,219.7,0.0,-,0,0,0.000
1790422234,s3-quic,450602,1,3930795,3930795,1.9,3.1,4.2,0.0,-,0,0,0.000
1790422234,s4-mixed-kcp,13284,0,7701893,7701893,51.1,798.9,949.1,0.0,-,0,0,0.000
1790422234,s5-vmess-ws,37419,0,2619,2619,41.4,42.9,44.2,0.0,-,0,0,0.000
1790422234,s6-trojan-grpc,47335,0,3301,3301,1.6,3.6,4.8,0.0,-,0,0,0.000
1790422234,__proc__,0,0,0,0,-,-,-,2465.0,32456,49213,6126990,477.190
1790422264,s1-short,48555,0,3276,3276,3.1,4.9,6.4,0.0,-,0,0,0.000
1790422264,s2-long,341,4,0,0,14.5,55.6,219.7,0.0,-,0,0,0.000
1790422264,s3-quic,464655,1,3837406,3837406,2.0,3.0,4.0,0.0,-,0,0,0.000
1790422264,s4-mixed-kcp,13697,0,7999527,7999527,51.2,798.8,949.1,0.0,-,0,0,0.000
1790422264,s5-vmess-ws,38664,0,2614,2614,41.4,43.0,44.3,0.0,-,0,0,0.000
1790422264,s6-trojan-grpc,48906,0,3299,3299,2.1,3.8,5.1,0.0,-,0,0,0.000
1790422264,__proc__,0,0,0,0,-,-,-,2516.1,32426,49192,6319542,493.889
1790422294,s1-short,50117,0,3280,3280,3.2,5.1,6.6,0.0,-,0,0,0.000
1790422294,s2-long,341,4,0,0,14.5,55.6,219.7,0.0,-,0,0,0.000
1790422294,s3-quic,477545,1,3519829,3519829,2.2,3.5,4.8,0.0,-,0,0,0.000
1790422294,s4-mixed-kcp,14105,0,7984335,7984335,51.2,799.1,949.1,0.0,-,0,0,0.000
1790422294,s5-vmess-ws,39911,0,2619,2619,41.4,43.1,44.3,0.0,-,0,0,0.000
1790422294,s6-trojan-grpc,50476,0,3297,3297,2.0,3.6,5.1,0.0,-,0,0,0.000
1790422294,__proc__,0,0,0,0,-,-,-,2472.9,32404,49164,6503950,510.593
1790422324,s1-short,51679,0,3280,3280,2.7,4.7,6.2,0.0,-,0,0,0.000
1790422324,s2-long,341,4,0,0,14.5,55.6,219.7,0.0,-,0,0,0.000
1790422324,s3-quic,491008,1,3676297,3676297,2.1,3.1,4.3,0.0,-,0,0,0.000
1790422324,s4-mixed-kcp,14531,0,7811693,7811693,51.2,800.1,949.7,0.0,-,0,0,0.000
1790422324,s5-vmess-ws,41159,0,2621,2621,41.4,43.1,44.4,0.0,-,0,0,0.000
1790422324,s6-trojan-grpc,52052,0,3310,3310,1.6,3.6,5.0,0.0,-,0,0,0.000
1790422324,__proc__,0,0,0,0,-,-,-,2496.7,32418,49201,6694268,527.100
1790422354,s1-short,53243,0,3284,3284,2.5,4.5,6.0,0.0,-,0,0,0.000
1790422354,s2-long,341,4,0,0,14.5,55.6,219.7,0.0,-,0,0,0.000
1790422354,s3-quic,504284,1,3625233,3625233,2.1,3.2,4.3,0.0,-,0,0,0.000
1790422354,s4-mixed-kcp,14955,0,7957855,7957855,51.2,800.8,949.8,0.0,-,0,0,0.000
1790422354,s5-vmess-ws,42407,0,2621,2621,41.4,42.9,44.4,0.0,-,0,0,0.000
1790422354,s6-trojan-grpc,53628,0,3310,3310,1.4,3.3,4.6,0.0,-,0,0,0.000
1790422354,__proc__,0,0,0,0,-,-,-,2495.8,32413,49178,6882877,543.424
1790422384,s1-short,54808,0,3286,3286,2.5,4.4,5.6,0.0,-,0,0,0.000
1790422384,s2-long,341,4,0,0,14.5,55.6,219.7,0.0,-,0,0,0.000
1790422384,s3-quic,517738,1,3673839,3673839,2.1,3.2,4.2,0.0,-,0,0,0.000
1790422384,s4-mixed-kcp,15388,0,7909944,7909944,51.2,800.2,949.1,0.0,-,0,0,0.000
1790422384,s5-vmess-ws,43654,0,2619,2619,41.4,42.9,44.4,0.0,-,0,0,0.000
1790422384,s6-trojan-grpc,55204,0,3310,3310,1.3,3.2,4.4,0.0,-,0,0,0.000
1790422384,__proc__,0,0,0,0,-,-,-,2483.8,32457,49228,7075232,559.697
1790422414,s1-short,56374,0,3289,3289,2.4,4.3,5.6,0.0,-,0,0,0.000
1790422414,s2-long,341,4,0,0,14.5,55.6,219.7,0.0,-,0,0,0.000
1790422414,s3-quic,531310,1,3706061,3706061,2.1,3.3,4.4,0.0,-,0,0,0.000
1790422414,s4-mixed-kcp,15828,0,7932579,7932579,51.2,800.2,949.3,0.0,-,0,0,0.000
1790422414,s5-vmess-ws,44900,0,2617,2617,41.4,42.9,44.4,0.0,-,0,0,0.000
1790422414,s6-trojan-grpc,56780,0,3310,3310,1.3,3.0,4.3,0.0,-,0,0,0.000
1790422414,__proc__,0,0,0,0,-,-,-,2499.1,32457,49250,7266126,575.906
1790422444,s1-short,57940,0,3289,3289,2.3,4.2,5.5,0.0,-,0,0,0.000
1790422444,s2-long,341,4,0,0,14.5,55.6,219.7,0.0,-,0,0,0.000
1790422444,s3-quic,544780,1,3678208,3678208,2.1,3.1,4.3,0.0,-,0,0,0.000
1790422444,s4-mixed-kcp,16273,0,7785452,7785452,51.2,799.5,949.3,0.0,-,0,0,0.000
1790422444,s5-vmess-ws,46147,0,2619,2619,41.4,43.0,44.4,0.0,-,0,0,0.000
1790422444,s6-trojan-grpc,58358,0,3314,3314,1.3,2.9,4.2,0.0,-,0,0,0.000
1790422444,__proc__,0,0,0,0,-,-,-,2477.8,32457,49265,7456762,592.010
1790422474,s1-short,59506,0,3289,3289,2.3,4.1,5.6,0.0,-,0,0,0.000
1790422474,s2-long,341,4,0,0,14.5,55.6,219.7,0.0,-,0,0,0.000
1790422474,s3-quic,558172,1,3656909,3656909,2.1,3.1,4.6,0.0,-,0,0,0.000
1790422474,s4-mixed-kcp,16706,0,8070534,8070534,51.2,800.1,949.1,0.0,-,0,0,0.000
1790422474,s5-vmess-ws,47394,0,2619,2619,41.4,43.0,44.5,0.0,-,0,0,0.000
1790422474,s6-trojan-grpc,59934,0,3310,3310,1.3,2.8,4.0,0.0,-,0,0,0.000
1790422474,__proc__,0,0,0,0,-,-,-,2483.6,32454,49252,7645452,608.098
1790422504,s1-short,61071,0,3286,3286,2.3,4.1,5.7,0.0,-,0,0,0.000
1790422504,s2-long,341,4,0,0,14.5,55.6,219.7,0.0,-,0,0,0.000
1790422504,s3-quic,571842,1,3732821,3732821,2.1,3.0,4.4,0.0,-,0,0,0.000
1790422504,s4-mixed-kcp,17148,0,7827023,7827023,51.2,799.7,949.0,0.0,-,0,0,0.000
1790422504,s5-vmess-ws,48641,0,2619,2619,41.5,43.1,44.5,0.0,-,0,0,0.000
1790422504,s6-trojan-grpc,61510,0,3310,3310,1.3,3.0,4.4,0.0,-,0,0,0.000
1790422504,__proc__,0,0,0,0,-,-,-,2485.4,32432,49218,7837392,624.214
1790422534,s1-short,62630,0,3274,3274,2.5,4.6,6.0,0.0,-,0,0,0.000
1790422534,s2-long,341,4,0,0,14.5,55.6,219.7,0.0,-,0,0,0.000
1790422534,s3-quic,585460,1,3718622,3718622,2.0,3.1,4.2,0.0,-,0,0,0.000
1790422534,s4-mixed-kcp,17563,0,7975358,7975358,51.2,800.3,949.3,0.0,-,0,0,0.000
1790422534,s5-vmess-ws,49888,0,2619,2619,41.4,43.0,44.4,0.0,-,0,0,0.000
1790422534,s6-trojan-grpc,63078,0,3293,3293,1.5,3.6,5.0,0.0,-,0,0,0.000
1790422534,__proc__,0,0,0,0,-,-,-,2508.7,32387,49129,8024258,641.289
1790422564,s1-short,64186,0,3268,3268,3.1,4.8,6.2,0.0,-,0,0,0.000
1790422564,s2-long,341,4,0,0,14.5,55.6,219.7,0.0,-,0,0,0.000
1790422564,s3-quic,599202,1,3752482,3752482,2.0,3.0,4.0,0.0,-,0,0,0.000
1790422564,s4-mixed-kcp,17979,0,7859470,7859470,51.2,800.0,949.7,0.0,-,0,0,0.000
1790422564,s5-vmess-ws,51135,0,2619,2619,41.4,43.0,44.3,0.0,-,0,0,0.000
1790422564,s6-trojan-grpc,64647,0,3295,3295,2.2,3.7,5.1,0.0,-,0,0,0.000
1790422564,__proc__,0,0,0,0,-,-,-,2500.8,32387,49116,8212136,658.326
1790422594,s1-short,65750,0,3284,3284,3.3,4.8,6.2,0.0,-,0,0,0.000
1790422594,s2-long,341,4,0,0,14.5,55.6,219.7,0.0,-,0,0,0.000
1790422594,s3-quic,613127,1,3802453,3802453,2.0,3.1,4.1,0.0,-,0,0,0.000
1790422594,s4-mixed-kcp,18403,0,7845580,7845580,51.2,799.5,949.3,0.0,-,0,0,0.000
1790422594,s5-vmess-ws,52382,0,2619,2619,41.4,42.9,44.3,0.0,-,0,0,0.000
1790422594,s6-trojan-grpc,66216,0,3295,3295,2.3,3.7,4.9,0.0,-,0,0,0.000
1790422594,__proc__,0,0,0,0,-,-,-,2487.8,32393,49114,8404071,675.026
1790422624,s1-short,67313,0,3282,3282,2.8,4.7,6.1,0.0,-,0,0,0.000
1790422624,s2-long,341,4,0,0,14.5,55.6,219.7,0.0,-,0,0,0.000
1790422624,s3-quic,627047,1,3801088,3801088,2.0,3.1,3.9,0.0,-,0,0,0.000
1790422624,s4-mixed-kcp,18821,0,8011924,8011924,51.2,799.4,949.2,0.0,-,0,0,0.000
1790422624,s5-vmess-ws,53630,0,2621,2621,41.4,42.8,44.2,0.0,-,0,0,0.000
1790422624,s6-trojan-grpc,67792,0,3310,3310,1.8,3.5,4.8,0.0,-,0,0,0.000
1790422624,__proc__,0,0,0,0,-,-,-,2506.0,32401,49138,8598277,691.536
1790422654,s1-short,68878,0,3286,3286,2.6,4.5,5.9,0.0,-,0,0,0.000
1790422654,s2-long,341,4,0,0,14.5,55.6,219.7,0.0,-,0,0,0.000
1790422654,s3-quic,640909,1,3785250,3785250,2.0,3.2,4.2,0.0,-,0,0,0.000
1790422654,s4-mixed-kcp,19245,0,7810689,7810689,51.2,799.8,949.0,0.0,-,0,0,0.000
1790422654,s5-vmess-ws,54876,0,2617,2617,41.4,42.8,44.3,0.0,-,0,0,0.000
1790422654,s6-trojan-grpc,69367,0,3308,3308,1.5,3.3,4.5,0.0,-,0,0,0.000
1790422654,__proc__,0,0,0,0,-,-,-,2495.3,32411,49167,8791363,707.939
1790422684,s1-short,70443,0,3286,3286,2.5,4.4,5.8,0.0,-,0,0,0.000
1790422684,s2-long,341,4,0,0,14.5,55.6,219.7,0.0,-,0,0,0.000
1790422684,s3-quic,654635,1,3748113,3748113,2.0,3.0,4.1,0.0,-,0,0,0.000
1790422684,s4-mixed-kcp,19671,0,8006671,8006671,51.2,799.6,949.0,0.0,-,0,0,0.000
1790422684,s5-vmess-ws,56123,0,2619,2619,41.4,42.8,44.2,0.0,-,0,0,0.000
1790422684,s6-trojan-grpc,70942,0,3308,3308,1.4,3.2,4.2,0.0,-,0,0,0.000
1790422684,__proc__,0,0,0,0,-,-,-,2486.9,32392,49161,8984387,724.286
1790422714,s1-short,72008,0,3286,3286,2.4,4.2,5.7,0.0,-,0,0,0.000
1790422714,s2-long,341,4,0,0,14.5,55.6,219.7,0.0,-,0,0,0.000
1790422714,s3-quic,668255,1,3719168,3719168,2.1,3.1,4.1,0.0,-,0,0,0.000
1790422714,s4-mixed-kcp,20109,0,7896616,7896616,51.2,799.3,948.8,0.0,-,0,0,0.000
1790422714,s5-vmess-ws,57371,0,2621,2621,41.4,42.8,44.2,0.0,-,0,0,0.000
1790422714,s6-trojan-grpc,72518,0,3310,3310,1.3,3.0,4.2,0.0,-,0,0,0.000
1790422714,__proc__,0,0,0,0,-,-,-,2487.0,32395,49160,9177554,740.492
1790422744,s1-short,73576,0,3293,3293,2.3,4.1,5.5,0.0,-,0,0,0.000
1790422744,s2-long,341,4,0,0,14.5,55.6,219.7,0.0,-,0,0,0.000
1790422744,s3-quic,681944,1,3738010,3738010,2.0,3.1,4.2,0.0,-,0,0,0.000
1790422744,s4-mixed-kcp,20537,0,7990300,7990300,51.2,800.2,948.7,0.0,-,0,0,0.000
1790422744,s5-vmess-ws,58617,0,2617,2617,41.4,42.8,44.1,0.0,-,0,0,0.000
1790422744,s6-trojan-grpc,74095,0,3312,3312,1.3,2.9,4.3,0.0,-,0,0,0.000
1790422744,__proc__,0,0,0,0,-,-,-,2507.8,32408,49188,9372376,756.655
1790422774,s1-short,75141,0,3286,3286,2.3,3.9,5.6,0.0,-,0,0,0.000
1790422774,s2-long,341,4,0,0,14.5,55.6,219.7,0.0,-,0,0,0.000
1790422774,s3-quic,695868,1,3802180,3802180,2.0,3.0,4.1,0.0,-,0,0,0.000
1790422774,s4-mixed-kcp,20979,0,7998854,7998854,51.2,799.6,948.9,0.0,-,0,0,0.000
1790422774,s5-vmess-ws,59865,0,2621,2621,41.4,43.0,44.0,0.0,-,0,0,0.000
1790422774,s6-trojan-grpc,75674,0,3316,3316,1.3,2.7,4.2,0.0,-,0,0,0.000
1790422774,__proc__,0,0,0,0,-,-,-,2514.2,32423,49233,9567334,772.699
1790422804,s1-short,76709,0,3293,3293,2.3,3.9,5.6,0.0,-,0,0,0.000
1790422804,s2-long,341,4,0,0,14.5,55.6,219.7,0.0,-,0,0,0.000
1790422804,s3-quic,709838,1,3814741,3814741,2.0,3.0,4.2,0.0,-,0,0,0.000
1790422804,s4-mixed-kcp,21420,0,7838346,7838346,51.2,799.6,949.2,0.0,-,0,0,0.000
1790422804,s5-vmess-ws,61113,0,2621,2621,41.4,43.0,44.0,0.0,-,0,0,0.000
1790422804,s6-trojan-grpc,77252,0,3314,3314,1.2,2.7,4.0,0.0,-,0,0,0.000
1790422804,__proc__,0,0,0,0,-,-,-,2501.0,32419,49213,9762025,788.691
1790422834,s1-short,78270,0,3278,3278,2.4,4.4,5.8,0.0,-,0,0,0.000
1790422834,s2-long,341,4,0,0,14.5,55.6,219.7,0.0,-,0,0,0.000
1790422834,s3-quic,723811,1,3815561,3815561,2.0,3.2,4.1,0.0,-,0,0,0.000
1790422834,s4-mixed-kcp,21838,0,7821650,7821650,51.2,799.4,948.9,0.0,-,0,0,0.000
1790422834,s5-vmess-ws,62360,0,2619,2619,41.4,42.9,44.1,0.0,-,0,0,0.000
1790422834,s6-trojan-grpc,78821,0,3295,3295,1.4,3.4,4.5,0.0,-,0,0,0.000
1790422834,__proc__,0,0,0,0,-,-,-,2499.0,32395,49129,9954335,805.457
1790422864,s1-short,79829,0,3274,3274,2.7,4.7,6.0,0.0,-,0,0,0.000
1790422864,s2-long,341,4,0,0,14.5,55.6,219.7,0.0,-,0,0,0.000
1790422864,s3-quic,737201,1,3656363,3656363,2.3,3.5,4.5,0.0,-,0,0,0.000
1790422864,s4-mixed-kcp,22253,0,7981321,7981321,51.2,799.4,948.9,0.0,-,0,0,0.000
1790422864,s5-vmess-ws,63606,0,2617,2617,41.4,42.9,44.2,0.0,-,0,0,0.000
1790422864,s6-trojan-grpc,80386,0,3286,3286,2.0,3.6,5.0,0.0,-,0,0,0.000
1790422864,__proc__,0,0,0,0,-,-,-,2497.5,32367,49081,10140669,822.413
1790422894,s1-short,81390,0,3278,3278,3.0,4.8,6.1,0.0,-,0,0,0.000
1790422894,s2-long,341,4,0,0,14.5,55.6,219.7,0.0,-,0,0,0.000
1790422894,s3-quic,750473,1,3624141,3624141,2.1,3.1,4.2,0.0,-,0,0,0.000
1790422894,s4-mixed-kcp,22670,0,7798334,7798334,51.2,799.5,948.7,0.0,-,0,0,0.000
1790422894,s5-vmess-ws,64854,0,2621,2621,41.4,42.8,44.2,0.0,-,0,0,0.000
1790422894,s6-trojan-grpc,81957,0,3299,3299,2.3,3.8,5.2,0.0,-,0,0,0.000
1790422894,__proc__,0,0,0,0,-,-,-,2513.7,32356,49096,10328003,839.319
1790422924,s1-short,82952,0,3280,3280,2.8,4.7,6.1,0.0,-,0,0,0.000
1790422924,s2-long,341,4,0,0,14.5,55.6,219.7,0.0,-,0,0,0.000
1790422924,s3-quic,764437,1,3813103,3813103,1.9,2.9,4.0,0.0,-,0,0,0.000
1790422924,s4-mixed-kcp,23089,0,7910624,7910624,51.2,799.7,949.1,0.0,-,0,0,0.000
1790422924,s5-vmess-ws,66101,0,2619,2619,41.4,42.9,44.3,0.0,-,0,0,0.000
1790422924,s6-trojan-grpc,83531,0,3305,3305,1.9,3.6,4.9,0.0,-,0,0,0.000
1790422924,__proc__,0,0,0,0,-,-,-,2482.8,32388,49129,10522877,855.885
1790422954,s1-short,84516,0,3284,3284,2.6,4.5,5.7,0.0,-,0,0,0.000
1790422954,s2-long,341,4,0,0,14.5,55.6,219.7,0.0,-,0,0,0.000
1790422954,s3-quic,779149,1,4017357,4017357,1.9,2.8,3.7,0.0,-,0,0,0.000
1790422954,s4-mixed-kcp,23519,0,7905379,7905379,51.2,799.0,949.1,0.0,-,0,0,0.000
1790422954,s5-vmess-ws,67349,0,2621,2621,41.4,42.8,44.2,0.0,-,0,0,0.000
1790422954,s6-trojan-grpc,85107,0,3310,3310,1.5,3.3,4.5,0.0,-,0,0,0.000
1790422954,__proc__,0,0,0,0,-,-,-,2486.6,32402,49160,10727660,872.057
1790422984,s1-short,86084,0,3293,3293,2.5,4.3,5.6,0.0,-,0,0,0.000
1790422984,s2-long,341,4,0,0,14.5,55.6,219.7,0.0,-,0,0,0.000
1790422984,s3-quic,794035,1,4064870,4064870,1.9,2.8,3.8,0.0,-,0,0,0.000
1790422984,s4-mixed-kcp,23947,0,7837586,7837586,51.2,799.3,949.4,0.0,-,0,0,0.000
1790422984,s5-vmess-ws,68596,0,2619,2619,41.4,42.7,44.1,0.0,-,0,0,0.000
1790422984,s6-trojan-grpc,86686,0,3316,3316,1.4,3.1,4.3,0.0,-,0,0,0.000
1790422984,__proc__,0,0,0,0,-,-,-,2513.8,32414,49177,10933456,888.115
1790423014,s1-short,87650,0,3289,3289,2.4,4.2,5.5,0.0,-,0,0,0.000
1790423014,s2-long,341,4,0,0,14.5,55.6,219.7,0.0,-,0,0,0.000
1790423014,s3-quic,808506,1,3951548,3951548,1.9,2.9,4.0,0.0,-,0,0,0.000
1790423014,s4-mixed-kcp,24374,0,7859410,7859410,51.2,799.2,949.4,0.0,-,0,0,0.000
1790423014,s5-vmess-ws,69844,0,2621,2621,41.4,42.7,44.0,0.0,-,0,0,0.000
1790423014,s6-trojan-grpc,88263,0,3312,3312,1.3,2.9,4.0,0.0,-,0,0,0.000
1790423014,__proc__,0,0,0,0,-,-,-,2491.3,32440,49225,11136513,904.235
1790423044,s1-short,89218,0,3293,3293,2.3,3.9,5.3,0.0,-,0,0,0.000
1790423044,s2-long,341,4,0,0,14.5,55.6,219.7,0.0,-,0,0,0.000
1790423044,s3-quic,823111,1,3988139,3988139,1.9,2.9,3.8,0.0,-,0,0,0.000
1790423044,s4-mixed-kcp,24824,0,7880652,7880652,51.2,798.7,949.1,0.0,-,0,0,0.000
1790423044,s5-vmess-ws,71089,0,2614,2614,41.4,42.7,43.8,0.0,-,0,0,0.000
1790423044,s6-trojan-grpc,89841,0,3314,3314,1.3,2.8,3.8,0.0,-,0,0,0.000
1790423044,__proc__,0,0,0,0,-,-,-,2497.6,32459,49253,11338676,920.258
1790423074,s1-short,90786,0,3293,3293,2.3,3.8,5.1,0.0,-,0,0,0.000
1790423074,s2-long,341,4,0,0,14.5,55.6,219.7,0.0,-,0,0,0.000
1790423074,s3-quic,838077,1,4086716,4086716,1.9,2.9,3.8,0.0,-,0,0,0.000
1790423074,s4-mixed-kcp,25271,0,7819211,7819211,51.2,798.7,949.1,0.0,-,0,0,0.000
1790423074,s5-vmess-ws,72337,0,2621,2621,41.4,42.6,43.9,0.0,-,0,0,0.000
1790423074,s6-trojan-grpc,91419,0,3314,3314,1.2,2.7,3.7,0.0,-,0,0,0.000
1790423074,__proc__,0,0,0,0,-,-,-,2481.8,32457,49272,11544967,936.253
1790423104,s1-short,92358,0,3301,3301,2.2,3.6,5.0,0.0,-,0,0,0.000
1790423104,s2-long,341,4,0,0,14.5,55.6,219.7,0.0,-,0,0,0.000
1790423104,s3-quic,853070,1,4094089,4094089,1.9,2.7,3.5,0.0,-,0,0,0.000
1790423104,s4-mixed-kcp,25721,0,7932229,7932229,51.2,798.4,948.6,0.0,-,0,0,0.000
1790423104,s5-vmess-ws,73585,0,2621,2621,41.4,42.6,43.8,0.0,-,0,0,0.000
1790423104,s6-trojan-grpc,92999,0,3318,3318,1.2,2.6,3.7,0.0,-,0,0,0.000
1790423104,__proc__,0,0,0,0,-,-,-,2513.9,32452,49272,11751845,952.077
1790423134,s1-short,93920,0,3280,3280,2.3,4.0,5.2,0.0,-,0,0,0.000
1790423134,s2-long,341,4,0,0,14.5,55.6,219.7,0.0,-,0,0,0.000
1790423134,s3-quic,867978,1,4070878,4070878,1.9,2.9,3.9,0.0,-,0,0,0.000
1790423134,s4-mixed-kcp,26144,0,7897636,7897636,51.2,798.4,948.2,0.0,-,0,0,0.000
1790423134,s5-vmess-ws,74833,0,2621,2621,41.4,42.7,43.8,0.0,-,0,0,0.000
1790423134,s6-trojan-grpc,94572,0,3303,3303,1.3,3.0,4.1,0.0,-,0,0,0.000
1790423134,__proc__,0,0,0,0,-,-,-,2499.3,32403,49187,11955407,968.536
1790423164,s1-short,95482,0,3280,3280,2.6,4.3,5.6,0.0,-,0,0,0.000
1790423164,s2-long,341,4,0,0,14.5,55.6,219.7,0.0,-,0,0,0.000
1790423164,s3-quic,882981,1,4096819,4096819,1.9,2.9,3.8,0.0,-,0,0,0.000
1790423164,s4-mixed-kcp,26569,0,7864631,7864631,51.2,797.9,948.0,0.0,-,0,0,0.000
1790423164,s5-vmess-ws,76081,0,2621,2621,41.4,42.7,43.8,0.0,-,0,0,0.000
1790423164,s6-trojan-grpc,96146,0,3305,3305,1.5,3.1,4.4,0.0,-,0,0,0.000
1790423164,__proc__,0,0,0,0,-,-,-,2494.5,32412,49175,12159080,985.021
1790423194,s1-short,97046,0,3284,3284,2.8,4.4,5.6,0.0,-,0,0,0.000
1790423194,s2-long,341,4,0,0,14.5,55.6,219.7,0.0,-,0,0,0.000
1790423194,s3-quic,897882,1,4068966,4068966,1.9,2.9,3.9,0.0,-,0,0,0.000
1790423194,s4-mixed-kcp,26985,0,7930238,7930238,51.2,798.0,948.0,0.0,-,0,0,0.000
1790423194,s5-vmess-ws,77329,0,2621,2621,41.4,42.8,43.9,0.0,-,0,0,0.000
1790423194,s6-trojan-grpc,97719,0,3303,3303,1.8,3.2,4.3,0.0,-,0,0,0.000
1790423194,__proc__,0,0,0,0,-,-,-,2512.6,32439,49187,12363264,1001.501
1790423224,s1-short,98613,0,3291,3291,2.6,4.3,5.5,0.0,-,0,0,0.000
1790423224,s2-long,341,4,0,0,14.5,55.6,219.7,0.0,-,0,0,0.000
1790423224,s3-quic,912828,1,4081254,4081254,1.9,2.8,3.8,0.0,-,0,0,0.000
1790423224,s4-mixed-kcp,27414,0,7861412,7861412,51.2,798.1,947.7,0.0,-,0,0,0.000
1790423224,s5-vmess-ws,78576,0,2619,2619,41.4,42.7,43.8,0.0,-,0,0,0.000
1790423224,s6-trojan-grpc,99295,0,3310,3310,1.6,3.1,4.2,0.0,-,0,0,0.000
1790423224,__proc__,0,0,0,0,-,-,-,2503.5,32475,49238,12569703,1017.780
1790423254,s1-short,100178,0,3286,3286,2.4,4.1,5.2,0.0,-,0,0,0.000
1790423254,s2-long,341,4,0,0,14.5,55.6,219.7,0.0,-,0,0,0.000
1790423254,s3-quic,927762,1,4077978,4077978,1.9,2.9,4.0,0.0,-,0,0,0.000
1790423254,s4-mixed-kcp,27843,0,8032979,8032979,51.2,797.8,947.9,0.0,-,0,0,0.000
1790423254,s5-vmess-ws,79822,0,2617,2617,41.4,42.7,44.1,0.0,-,0,0,0.000
1790423254,s6-trojan-grpc,100872,0,3312,3312,1.4,3.1,4.1,0.0,-,0,0,0.000
1790423254,__proc__,0,0,0,0,-,-,-,2517.9,32481,49276,12775268,1034.000
1790423284,s1-short,101746,0,3293,3293,2.3,4.1,5.3,0.0,-,0,0,0.000
1790423284,s2-long,341,4,0,0,14.5,55.6,219.7,0.0,-,0,0,0.000
1790423284,s3-quic,942737,1,4089173,4089173,1.9,2.8,3.9,0.0,-,0,0,0.000
1790423284,s4-mixed-kcp,28275,0,8002127,8002127,51.2,797.8,948.0,0.0,-,0,0,0.000
1790423284,s5-vmess-ws,81069,0,2619,2619,41.4,42.6,44.1,0.0,-,0,0,0.000
1790423284,s6-trojan-grpc,102448,0,3310,3310,1.3,3.0,3.9,0.0,-,0,0,0.000
1790423284,__proc__,0,0,0,0,-,-,-,2495.2,32476,49285,12981857,1050.131
1790423314,s1-short,103314,0,3293,3293,2.3,4.0,5.3,0.0,-,0,0,0.000
1790423314,s2-long,341,4,0,0,14.5,55.6,219.7,0.0,-,0,0,0.000
1790423314,s3-quic,957732,1,4094635,4094635,1.9,2.9,3.9,0.0,-,0,0,0.000
1790423314,s4-mixed-kcp,28710,0,7954316,7954316,51.2,797.7,948.1,0.0,-,0,0,0.000
1790423314,s5-vmess-ws,82317,0,2621,2621,41.4,42.6,43.7,0.0,-,0,0,0.000
1790423314,s6-trojan-grpc,104026,0,3314,3314,1.3,2.9,3.9,0.0,-,0,0,0.000
1790423314,__proc__,0,0,0,0,-,-,-,2491.0,32461,49252,13189924,1066.092
1790423344,s1-short,104882,0,3293,3293,2.3,3.9,5.3,0.0,-,0,0,0.000
1790423344,s2-long,341,4,0,0,14.5,55.6,219.7,0.0,-,0,0,0.000
1790423344,s3-quic,972807,1,4116480,4116480,1.9,2.8,3.8,0.0,-,0,0,0.000
1790423344,s4-mixed-kcp,29143,0,7890466,7890466,51.2,798.4,948.2,0.0,-,0,0,0.000
1790423344,s5-vmess-ws,83565,0,2621,2621,41.4,42.6,43.7,0.0,-,0,0,0.000
1790423344,s6-trojan-grpc,105607,0,3320,3320,1.2,2.7,3.8,0.0,-,0,0,0.000
1790423344,__proc__,0,0,0,0,-,-,-,2493.4,32462,49295,13398973,1082.037
1790423374,s1-short,106446,0,3284,3284,2.3,3.9,5.3,0.0,-,0,0,0.000
1790423374,s2-long,341,4,0,0,14.5,55.6,219.7,0.0,-,0,0,0.000
1790423374,s3-quic,987899,1,4121122,4121122,1.9,2.8,3.7,0.0,-,0,0,0.000
1790423374,s4-mixed-kcp,29579,0,8016199,8016199,51.2,798.7,948.4,0.0,-,0,0,0.000
1790423374,s5-vmess-ws,84813,0,2621,2621,41.4,42.6,43.4,0.0,-,0,0,0.000
1790423374,s6-trojan-grpc,107186,0,3316,3316,1.2,2.7,3.8,0.0,-,0,0,0.000
1790423374,__proc__,0,0,0,0,-,-,-,2487.3,32489,49325,13606618,1098.030
1790423404,s1-short,108018,0,3301,3301,2.2,3.9,5.1,0.0,-,0,0,0.000
1790423404,s2-long,341,4,0,0,14.5,55.6,219.7,0.0,-,0,0,0.000
1790423404,s3-quic,1002987,1,4120030,4120030,1.9,2.7,3.6,0.0,-,0,0,0.000
1790423404,s4-mixed-kcp,30020,0,7868382,7868382,51.2,798.9,948.9,0.0,-,0,0,0.000
1790423404,s5-vmess-ws,86060,0,2619,2619,41.4,42.6,43.6,0.0,-,0,0,0.000
1790423404,s6-trojan-grpc,108762,0,3310,3310,1.2,2.6,3.7,0.0,-,0,0,0.000
1790423404,__proc__,0,0,0,0,-,-,-,2499.4,32485,49300,13814739,1113.930
1790423434,s1-short,109584,0,3289,3289,2.3,3.9,5.4,0.0,-,0,0,0.000
1790423434,s2-long,341,4,0,0,14.5,55.6,219.7,0.0,-,0,0,0.000
1790423434,s3-quic,1018075,1,4120030,4120030,1.9,2.6,3.7,0.0,-,0,0,0.000
1790423434,s4-mixed-kcp,30441,0,7994889,7994889,51.2,798.9,949.3,0.0,-,0,0,0.000
1790423434,s5-vmess-ws,87307,0,2619,2619,41.4,42.6,43.8,0.0,-,0,0,0.000
1790423434,s6-trojan-grpc,110339,0,3312,3312,1.2,2.8,3.8,0.0,-,0,0,0.000
1790423434,__proc__,0,0,0,0,-,-,-,2502.0,32464,49260,14021948,1130.189
1790423464,s1-short,111146,0,3280,3280,2.4,4.2,5.6,0.0,-,0,0,0.000
1790423464,s2-long,341,4,0,0,14.5,55.6,219.7,0.0,-,0,0,0.000
1790423464,s3-quic,1032849,1,4034287,4034287,1.9,2.9,4.0,0.0,-,0,0,0.000
1790423464,s4-mixed-kcp,30853,0,7977283,7977283,51.2,799.4,949.3,0.0,-,0,0,0.000
1790423464,s5-vmess-ws,88553,0,2617,2617,41.4,42.6,43.6,0.0,-,0,0,0.000
1790423464,s6-trojan-grpc,111912,0,3303,3303,1.4,3.1,4.4,0.0,-,0,0,0.000
1790423464,__proc__,0,0,0,0,-,-,-,2486.1,32454,49215,14224151,1146.822
1790423494,s1-short,112706,0,3276,3276,2.8,4.6,5.8,0.0,-,0,0,0.000
1790423494,s2-long,341,4,0,0,14.5,55.6,219.7,0.0,-,0,0,0.000
1790423494,s3-quic,1047258,1,3934618,3934618,1.9,3.1,4.0,0.0,-,0,0,0.000
1790423494,s4-mixed-kcp,31272,0,8033248,8033248,51.2,800.2,949.1,0.0,-,0,0,0.000
1790423494,s5-vmess-ws,89801,0,2621,2621,41.4,42.6,43.6,0.0,-,0,0,0.000
1790423494,s6-trojan-grpc,113484,0,3301,3301,1.9,3.4,4.6,0.0,-,0,0,0.000
1790423494,__proc__,0,0,0,0,-,-,-,2510.9,32423,49191,14422220,1163.458
1790423524,s1-short,114267,0,3278,3278,3.0,4.6,5.9,0.0,-,0,0,0.000
1790423524,s2-long,341,4,0,0,14.5,55.6,219.7,0.0,-,0,0,0.000
1790423524,s3-quic,1061670,1,3935437,3935437,2.0,3.0,4.1,0.0,-,0,0,0.000
1790423524,s4-mixed-kcp,31686,0,7935136,7935136,51.2,800.2,949.3,0.0,-,0,0,0.000
1790423524,s5-vmess-ws,91049,0,2621,2621,41.4,42.7,43.7,0.0,-,0,0,0.000
1790423524,s6-trojan-grpc,115056,0,3301,3301,1.9,3.4,4.6,0.0,-,0,0,0.000
1790423524,__proc__,0,0,0,0,-,-,-,2494.2,32413,49183,14620425,1180.016
1790423554,s1-short,115830,0,3282,3282,2.9,4.6,6.1,0.0,-,0,0,0.000
1790423554,s2-long,341,4,0,0,14.5,55.6,219.7,0.0,-,0,0,0.000
1790423554,s3-quic,1076075,1,3933525,3933525,2.0,3.1,4.1,0.0,-,0,0,0.000
1790423554,s4-mixed-kcp,32094,0,8037125,8037125,51.2,846.4,948.9,0.0,-,0,0,0.000
1790423554,s5-vmess-ws,92297,0,2621,2621,41.4,42.7,43.8,0.0,-,0,0,0.000
1790423554,s6-trojan-grpc,116630,0,3305,3305,1.7,3.4,4.5,0.0,-,0,0,0.000
1790423554,__proc__,0,0,0,0,-,-,-,2507.7,32419,49164,14818086,1196.418
1790423584,s1-short,117394,0,3284,3284,2.6,4.5,6.0,0.0,-,0,0,0.000
1790423584,s2-long,341,4,0,0,14.5,55.6,219.7,0.0,-,0,0,0.000
1790423584,s3-quic,1090437,1,3921783,3921783,2.0,3.1,3.9,0.0,-,0,0,0.000
1790423584,s4-mixed-kcp,32520,0,7930660,7930660,51.2,847.3,948.9,0.0,-,0,0,0.000
1790423584,s5-vmess-ws,93545,0,2621,2621,41.4,42.9,44.0,0.0,-,0,0,0.000
1790423584,s6-trojan-grpc,118208,0,3314,3314,1.5,3.2,4.2,0.0,-,0,0,0.000
1790423584,__proc__,0,0,0,0,-,-,-,2495.2,32440,49217,15018896,1212.626
1790423614,s1-short,118958,0,3284,3284,2.5,4.4,5.6,0.0,-,0,0,0.000
1790423614,s2-long,341,4,0,0,14.5,55.6,219.7,0.0,-,0,0,0.000
1790423614,s3-quic,1104600,1,3867443,3867443,2.0,3.0,4.0,0.0,-,0,0,0.000
1790423614,s4-mixed-kcp,32950,0,7881313,7881313,51.2,846.6,949.0,0.0,-,0,0,0.000
1790423614,s5-vmess-ws,94790,0,2614,2614,41.4,42.9,44.1,0.0,-,0,0,0.000
1790423614,s6-trojan-grpc,119783,0,3308,3308,1.4,3.1,4.1,0.0,-,0,0,0.000
1790423614,__proc__,0,0,0,0,-,-,-,2498.0,32435,49211,15216844,1228.913
1790423644,s1-short,120525,0,3291,3291,2.4,4.3,5.5,0.0,-,0,0,0.000
1790423644,s2-long,341,4,0,0,14.5,55.6,219.7,0.0,-,0,0,0.000
1790423644,s3-quic,1118610,1,3825664,3825664,2.0,3.0,4.1,0.0,-,0,0,0.000
1790423644,s4-mixed-kcp,33372,0,7989940,7989940,51.2,846.6,949.0,0.0,-,0,0,0.000
1790423644,s5-vmess-ws,96037,0,2619,2619,41.4,42.9,44.4,0.0,-,0,0,0.000
1790423644,s6-trojan-grpc,121361,0,3314,3314,1.4,3.0,4.0,0.0,-,0,0,0.000
1790423644,__proc__,0,0,0,0,-,-,-,2506.9,32445,49220,15412909,1245.137
1790423674,s1-short,122091,0,3289,3289,2.4,4.3,5.5,0.0,-,0,0,0.000
1790423674,s2-long,341,4,0,0,14.5,55.6,219.7,0.0,-,0,0,0.000
1790423674,s3-quic,1132750,1,3861163,3861163,2.0,3.0,4.2,0.0,-,0,0,0.000
1790423674,s4-mixed-kcp,33803,0,7943632,7943632,51.2,847.2,949.0,0.0,-,0,0,0.000
1790423674,s5-vmess-ws,97285,0,2621,2621,41.4,42.9,44.3,0.0,-,0,0,0.000
1790423674,s6-trojan-grpc,122936,0,3308,3308,1.3,2.9,4.0,0.0,-,0,0,0.000
1790423674,__proc__,0,0,0,0,-,-,-,2480.6,32430,49209,15611024,1261.329
1790423704,s1-short,123656,0,3286,3286,2.4,4.1,5.5,0.0,-,0,0,0.000
1790423704,s2-long,341,4,0,0,14.5,55.6,219.7,0.0,-,0,0,0.000
1790423704,s3-quic,1146829,1,3844506,3844506,2.0,3.0,4.3,0.0,-,0,0,0.000
1790423704,s4-mixed-kcp,34230,0,7952799,7952799,51.2,847.6,949.0,0.0,-,0,0,0.000
1790423704,s5-vmess-ws,98531,0,2617,2617,41.4,43.0,44.4,0.0,-,0,0,0.000
1790423704,s6-trojan-grpc,124515,0,3316,3316,1.3,2.9,4.1,0.0,-,0,0,0.000
1790423704,__proc__,0,0,0,0,-,-,-,2493.6,32441,49234,15807175,1277.490
1790423734,s1-short,125220,0,3284,3284,2.4,4.3,5.5,0.0,-,0,0,0.000
1790423734,s2-long,341,4,0,0,14.5,55.6,219.7,0.0,-,0,0,0.000
1790423734,s3-quic,1161009,1,3872085,3872085,2.0,2.9,4.0,0.0,-,0,0,0.000
1790423734,s4-mixed-kcp,34660,0,7842510,7842510,51.2,847.3,948.7,0.0,-,0,0,0.000
1790423734,s5-vmess-ws,99779,0,2621,2621,41.4,42.8,44.3,0.0,-,0,0,0.000
1790423734,s6-trojan-grpc,126088,0,3303,3303,1.4,3.1,4.5,0.0,-,0,0,0.000
1790423734,__proc__,0,0,0,0,-,-,-,2488.0,32409,49172,16004921,1293.910
1790423764,s1-short,126779,0,3274,3274,2.7,4.6,5.8,0.0,-,0,0,0.000
1790423764,s2-long,341,4,0,0,14.5,55.6,219.7,0.0,-,0,0,0.000
1790423764,s3-quic,1175077,1,3841502,3841502,2.0,3.0,4.1,0.0,-,0,0,0.000
1790423764,s4-mixed-kcp,35068,0,7914509,7914509,51.2,847.1,949.0,0.0,-,0,0,0.000
1790423764,s5-vmess-ws,101026,0,2619,2619,41.4,42.8,44.4,0.0,-,0,0,0.000
1790423764,s6-trojan-grpc,127659,0,3299,3299,1.6,3.4,4.8,0.0,-,0,0,0.000
1790423764,__proc__,0,0,0,0,-,-,-,2492.1,32379,49104,16196747,1310.678
1790423794,s1-short,128337,0,3272,3272,3.2,4.9,6.2,0.0,-,0,0,0.000
1790423794,s2-long,341,4,0,0,14.5,55.6,219.7,0.0,-,0,0,0.000
1790423794,s3-quic,1188964,1,3792077,3792077,2.0,3.1,4.2,0.0,-,0,0,0.000
1790423794,s4-mixed-kcp,35489,0,7896398,7896398,51.2,846.9,949.5,0.0,-,0,0,0.000
1790423794,s5-vmess-ws,102273,0,2619,2619,41.4,42.8,44.4,0.0,-,0,0,0.000
1790423794,s6-trojan-grpc,129227,0,3293,3293,2.0,3.6,5.1,0.0,-,0,0,0.000
1790423794,__proc__,0,0,0,0,-,-,-,2507.1,32380,49104,16386945,1327.544
1790423824,s1-short,129899,0,3280,3280,3.3,4.9,6.3,0.0,-,0,0,0.000
1790423824,s2-long,341,4,0,0,14.5,55.6,219.7,0.0,-,0,0,0.000
1790423824,s3-quic,1202976,1,3826210,3826210,2.0,3.1,4.1,0.0,-,0,0,0.000
1790423824,s4-mixed-kcp,35904,0,7766865,7766865,51.2,846.6,949.5,0.0,-,0,0,0.000
1790423824,s5-vmess-ws,103521,0,2621,2621,41.4,42.9,44.4,0.0,-,0,0,0.000
1790423824,s6-trojan-grpc,130800,0,3303,3303,2.0,3.7,5.2,0.0,-,0,0,0.000
1790423824,__proc__,0,0,0,0,-,-,-,2477.7,32394,49113,16579858,1344.220
1790423854,s1-short,131459,0,3276,3276,2.9,4.8,6.0,0.0,-,0,0,0.000
1790423854,s2-long,341,4,0,0,14.5,55.6,219.7,0.0,-,0,0,0.000
1790423854,s3-quic,1217195,1,3882735,3882735,1.9,2.8,3.9,0.0,-,0,0,0.000
1790423854,s4-mixed-kcp,36330,0,8107552,8107552,51.2,846.7,950.0,0.0,-,0,0,0.000
1790423854,s5-vmess-ws,104766,0,2614,2614,41.4,43.0,44.4,0.0,-,0,0,0.000
1790423854,s6-trojan-grpc,132375,0,3308,3308,1.8,3.5,5.0,0.0,-,0,0,0.000
1790423854,__proc__,0,0,0,0,-,-,-,2519.0,32423,49184,16777474,1360.762
1790423884,s1-short,133026,0,3291,3291,2.7,4.5,5.9,0.0,-,0,0,0.000
1790423884,s2-long,341,4,0,0,14.5,55.6,219.7,0.0,-,0,0,0.000
1790423884,s3-quic,1231794,1,3986500,3986500,1.9,2.9,4.0,0.0,-,0,0,0.000
1790423884,s4-mixed-kcp,36753,0,7891599,7891599,51.2,846.7,949.9,0.0,-,0,0,0.000
1790423884,s5-vmess-ws,106014,0,2621,2621,41.4,42.8,44.3,0.0,-,0,0,0.000
1790423884,s6-trojan-grpc,133951,0,3310,3310,1.6,3.3,4.5,0.0,-,0,0,0.000
1790423884,__proc__,0,0,0,0,-,-,-,2496.2,32415,49173,16978885,1377.091
1790423914,s1-short,134591,0,3286,3286,2.5,4.4,5.8,0.0,-,0,0,0.000
1790423914,s2-long,341,4,0,0,14.5,55.6,219.7,0.0,-,0,0,0.000
1790423914,s3-quic,1246412,1,3991689,3991689,1.9,2.9,3.9,0.0,-,0,0,0.000
1790423914,s4-mixed-kcp,37179,0,7907083,7907083,51.2,845.8,949.5,0.0,-,0,0,0.000
1790423914,s5-vmess-ws,107262,0,2621,2621,41.4,42.8,44.2,0.0,-,0,0,0.000
1790423914,s6-trojan-grpc,135527,0,3310,3310,1.4,3.2,4.4,0.0,-,0,0,0.000
1790423914,__proc__,0,0,0,0,-,-,-,2496.7,32429,49199,17180359,1393.263
1790423944,s1-short,136155,0,3284,3284,2.5,4.4,5.8,0.0,-,0,0,0.000
1790423944,s2-long,341,4,0,0,14.5,55.6,219.7,0.0,-,0,0,0.000
1790423944,s3-quic,1259427,1,3553963,3553963,2.2,3.5,4.5,0.0,-,0,0,0.000
1790423944,s4-mixed-kcp,37599,0,8056664,8056664,51.2,846.7,949.2,0.0,-,0,0,0.000
1790423944,s5-vmess-ws,108508,0,2617,2617,41.4,42.8,44.1,0.0,-,0,0,0.000
1790423944,s6-trojan-grpc,137102,0,3308,3308,1.4,3.2,4.3,0.0,-,0,0,0.000
1790423944,__proc__,0,0,0,0,-,-,-,2489.5,32411,49169,17367344,1409.659
1790423974,s1-short,137720,0,3286,3286,2.5,4.4,5.5,0.0,-,0,0,0.000
1790423974,s2-long,341,4,0,0,14.5,55.6,219.7,0.0,-,0,0,0.000
1790423974,s3-quic,1272135,1,3470131,3470131,2.2,3.3,4.6,0.0,-,0,0,0.000
1790423974,s4-mixed-kcp,38038,0,7798485,7798485,51.2,801.4,949.2,0.0,-,0,0,0.000
1790423974,s5-vmess-ws,109756,0,2621,2621,41.4,43.0,44.3,0.0,-,0,0,0.000
1790423974,s6-trojan-grpc,138678,0,3310,3310,1.4,3.1,4.1,0.0,-,0,0,0.000
1790423974,__proc__,0,0,0,0,-,-,-,2477.6,32391,49148,17553561,1425.816
1790424004,s1-short,139285,0,3286,3286,2.5,4.3,5.6,0.0,-,0,0,0.000
1790424004,s2-long,341,4,0,0,14.5,55.6,219.7,0.0,-,0,0,0.000
1790424004,s3-quic,1284692,2,3428898,3428898,2.3,3.4,4.3,0.0,-,0,0,0.000
1790424004,s4-mixed-kcp,38473,0,7827633,7827633,51.2,800.2,949.4,0.0,-,0,0,0.000
1790424004,s5-vmess-ws,111002,0,2617,2617,41.4,43.1,44.3,0.0,-,0,0,0.000
1790424004,s6-trojan-grpc,140253,0,3308,3308,1.4,3.1,4.2,0.0,-,0,0,0.000
1790424004,__proc__,0,0,0,0,-,-,-,2499.8,32406,49168,17738958,1441.944
1790424034,s1-short,140848,0,3282,3282,2.5,4.4,5.8,0.0,-,0,0,0.000
1790424034,s2-long,341,4,0,0,14.5,55.6,219.7,0.0,-,0,0,0.000
1790424034,s3-quic,1297627,2,3532117,3532117,2.1,3.4,4.3,0.0,-,0,0,0.000
1790424034,s4-mixed-kcp,38893,0,7978971,7978971,51.2,801.4,949.2,0.0,-,0,0,0.000
1790424034,s5-vmess-ws,112249,0,2619,2619,41.5,43.1,44.5,0.0,-,0,0,0.000
1790424034,s6-trojan-grpc,141827,0,3305,3305,1.4,3.3,4.4,0.0,-,0,0,0.000
1790424034,__proc__,0,0,0,0,-,-,-,2496.8,32385,49128,17924811,1458.428
1790424064,s1-short,142405,0,3270,3270,2.7,4.8,6.2,0.0,-,0,0,0.000
1790424064,s2-long,341,4,0,0,14.5,55.6,219.7,0.0,-,0,0,0.000
1790424064,s3-quic,1310748,2,3582908,3582908,2.2,3.2,4.4,0.0,-,0,0,0.000
1790424064,s4-mixed-kcp,39305,0,7843093,7843093,51.2,801.5,949.1,0.0,-,0,0,0.000
1790424064,s5-vmess-ws,113497,0,2621,2621,41.5,43.1,44.4,0.0,-,0,0,0.000
1790424064,s6-trojan-grpc,143397,0,3297,3297,1.6,3.5,5.0,0.0,-,0,0,0.000
1790424064,__proc__,0,0,0,0,-,-,-,2505.2,32369,49091,18109482,1475.307
1790424094,s1-short,143965,0,3276,3276,3.1,5.0,6.5,0.0,-,0,0,0.000
1790424094,s2-long,341,4,0,0,14.5,55.6,219.7,0.0,-,0,0,0.000
1790424094,s3-quic,1324121,2,3651721,3651721,2.1,3.2,4.3,0.0,-,0,0,0.000
1790424094,s4-mixed-kcp,39715,0,7933386,7933386,51.2,845.7,949.1,0.0,-,0,0,0.000
1790424094,s5-vmess-ws,114743,0,2617,2617,41.4,43.0,44.2,0.0,-,0,0,0.000
1790424094,s6-trojan-grpc,144966,0,3295,3295,2.0,3.7,5.3,0.0,-,0,0,0.000
1790424094,__proc__,0,0,0,0,-,-,-,2489.1,32377,49099,18296115,1492.329
1790424124,s1-short,145522,0,3270,3270,3.2,5.1,6.6,0.0,-,0,0,0.000
1790424124,s2-long,341,4,0,0,14.5,55.6,219.7,0.0,-,0,0,0.000
1790424124,s3-quic,1337514,2,3657182,3657182,2.1,3.3,4.5,0.0,-,0,0,0.000
1790424124,s4-mixed-kcp,40137,0,7994465,7994465,51.2,801.6,948.8,0.0,-,0,0,0.000
1790424124,s5-vmess-ws,115990,0,2619,2619,41.4,42.9,44.2,0.0,-,0,0,0.000
1790424124,s6-trojan-grpc,146535,0,3295,3295,2.1,3.7,5.5,0.0,-,0,0,0.000
1790424124,__proc__,0,0,0,0,-,-,-,2501.1,32374,49093,18482603,1509.346
1790424154,s1-short,147085,0,3282,3282,3.0,4.9,6.5,0.0,-,0,0,0.000
1790424154,s2-long,341,4,0,0,14.5,55.6,219.7,0.0,-,0,0,0.000
1790424154,s3-quic,1351117,2,3714526,3714526,2.1,3.1,4.3,0.0,-,0,0,0.000
1790424154,s4-mixed-kcp,40547,0,8008036,8008036,51.2,847.3,949.1,0.0,-,0,0,0.000
1790424154,s5-vmess-ws,117237,0,2619,2619,41.4,42.9,44.2,0.0,-,0,0,0.000
1790424154,s6-trojan-grpc,148107,0,3301,3301,1.9,3.7,5.3,0.0,-,0,0,0.000
1790424154,__proc__,0,0,0,0,-,-,-,2497.2,32372,49085,18672183,1526.223
1790424184,s1-short,148647,0,3280,3280,2.8,4.7,6.4,0.0,-,0,0,0.000
1790424184,s2-long,341,4,0,0,14.5,55.6,219.7,0.0,-,0,0,0.000
1790424184,s3-quic,1364469,2,3645986,3645986,2.1,3.3,4.5,0.0,-,0,0,0.000
1790424184,s4-mixed-kcp,40967,0,7889034,7889034,51.2,847.0,949.1,0.0,-,0,0,0.000
1790424184,s5-vmess-ws,118484,0,2619,2619,41.4,42.9,44.3,0.0,-,0,0,0.000
1790424184,s6-trojan-grpc,149679,0,3301,3301,1.7,3.6,5.0,0.0,-,0,0,0.000
1790424184,__proc__,0,0,0,0,-,-,-,2485.6,32345,49086,18859626,1542.873
1790424214,s1-short,150209,0,3280,3280,2.7,4.7,6.2,0.0,-,0,0,0.000
1790424214,s2-long,341,4,0,0,14.5,55.6,219.7,0.0,-,0,0,0.000
1790424214,s3-quic,1378048,2,3707972,3707972,2.0,3.1,4.3,0.0,-,0,0,0.000
1790424214,s4-mixed-kcp,41394,0,7895779,7895779,51.2,846.4,949.3,0.0,-,0,0,0.000
1790424214,s5-vmess-ws,119732,0,2621,2621,41.4,43.1,44.3,0.0,-,0,0,0.000
1790424214,s6-trojan-grpc,151253,0,3305,3305,1.6,3.5,4.7,0.0,-,0,0,0.000
1790424214,__proc__,0,0,0,0,-,-,-,2500.7,32359,49095,19050761,1559.381
1790424244,s1-short,151775,0,3289,3289,2.5,4.5,6.0,0.0,-,0,0,0.000
1790424244,s2-long,341,4,0,0,14.5,55.6,219.7,0.0,-,0,0,0.000
1790424244,s3-quic,1391781,2,3750025,3750025,2.0,3.1,4.2,0.0,-,0,0,0.000
1790424244,s4-mixed-kcp,41824,0,7983298,7983298,51.2,802.7,949.5,0.0,-,0,0,0.000
1790424244,s5-vmess-ws,120980,0,2621,2621,41.4,43.0,44.2,0.0,-,0,0,0.000
1790424244,s6-trojan-grpc,152830,0,3312,3312,1.4,3.3,4.5,0.0,-,0,0,0.000
1790424244,__proc__,0,0,0,0,-,-,-,2506.5,32382,49128,19243935,1575.769
1790424274,s1-short,153341,0,3289,3289,2.4,4.4,5.7,0.0,-,0,0,0.000
1790424274,s2-long,341,4,0,0,14.5,55.6,219.7,0.0,-,0,0,0.000
1790424274,s3-quic,1405565,2,3763951,3763951,2.0,3.1,4.3,0.0,-,0,0,0.000
1790424274,s4-mixed-kcp,42251,0,7868252,7868252,51.2,800.8,949.3,0.0,-,0,0,0.000
1790424274,s5-vmess-ws,122227,0,2619,2619,41.4,42.9,44.1,0.0,-,0,0,0.000
1790424274,s6-trojan-grpc,154406,0,3310,3310,1.4,3.1,4.2,0.0,-,0,0,0.000
1790424274,__proc__,0,0,0,0,-,-,-,2502.9,32380,49128,19439901,1592.158
1790424304,s1-short,154906,0,3286,3286,2.4,4.2,5.3,0.0,-,0,0,0.000
1790424304,s2-long,341,4,0,0,14.5,55.6,219.7,0.0,-,0,0,0.000
1790424304,s3-quic,1419277,2,3744290,3744290,2.0,3.2,4.3,0.0,-,0,0,0.000
1790424304,s4-mixed-kcp,42681,0,7891769,7891769,51.2,800.8,949.5,0.0,-,0,0,0.000
1790424304,s5-vmess-ws,123474,0,2619,2619,41.4,42.8,44.1,0.0,-,0,0,0.000
1790424304,s6-trojan-grpc,155983,0,3312,3312,1.4,3.0,4.2,0.0,-,0,0,0.000
1790424304,__proc__,0,0,0,0,-,-,-,2483.5,32368,49124,19634717,1608.457
1790424334,s1-short,156471,0,3286,3286,2.4,4.3,5.5,0.0,-,0,0,0.000
1790424334,s2-long,341,4,0,0,14.5,55.6,219.7,0.0,-,0,0,0.000
1790424334,s3-quic,1433097,2,3773781,3773781,2.0,3.0,4.0,0.0,-,0,0,0.000
1790424334,s4-mixed-kcp,43106,0,7856392,7856392,51.2,800.1,949.5,0.0,-,0,0,0.000
1790424334,s5-vmess-ws,124721,0,2619,2619,41.4,42.8,44.0,0.0,-,0,0,0.000
1790424334,s6-trojan-grpc,157558,0,3308,3308,1.4,3.1,4.3,0.0,-,0,0,0.000
1790424334,__proc__,0,0,0,0,-,-,-,2513.4,32388,49130,19829958,1624.851
1790424364,s1-short,158031,0,3276,3276,2.5,4.8,6.3,0.0,-,0,0,0.000
1790424364,s2-long,341,4,0,0,14.5,55.6,219.7,0.0,-,0,0,0.000
1790424364,s3-quic,1446134,2,3559970,3559970,2.4,3.7,4.7,0.0,-,0,0,0.000
1790424364,s4-mixed-kcp,43540,0,7779995,7779995,51.2,799.8,950.1,0.0,-,0,0,0.000
1790424364,s5-vmess-ws,125968,0,2619,2619,41.4,43.0,44.2,0.0,-,0,0,0.000
1790424364,s6-trojan-grpc,159130,0,3301,3301,1.5,3.5,4.7,0.0,-,0,0,0.000
1790424364,__proc__,0,0,0,0,-,-,-,2499.6,32351,49087,20013577,1641.626
1790424394,s1-short,159587,0,3268,3268,2.8,5.3,7.0,0.0,-,0,0,0.000
1790424394,s2-long,341,4,0,0,14.5,55.6,219.7,0.0,-,0,0,0.000
1790424394,s3-quic,1457954,2,3227648,3227648,2.4,3.4,4.9,0.0,-,0,0,0.000
1790424394,s4-mixed-kcp,43955,0,7794975,7794975,51.2,799.7,950.1,0.0,-,0,0,0.000
1790424394,s5-vmess-ws,127213,0,2614,2614,41.5,43.1,44.4,0.0,-,0,0,0.000
1790424394,s6-trojan-grpc,160698,0,3293,3293,1.8,3.9,5.5,0.0,-,0,0,0.000
1790424394,__proc__,0,0,0,0,-,-,-,2516.2,32350,49045,20185046,1658.643
1790424424,s1-short,161143,0,3268,3268,3.4,5.6,7.4,0.0,-,0,0,0.000
1790424424,s2-long,341,4,0,0,14.5,55.6,219.7,0.0,-,0,0,0.000
1790424424,s3-quic,1469863,2,3251951,3251951,2.4,3.7,5.0,0.0,-,0,0,0.000
1790424424,s4-mixed-kcp,44363,0,8035293,8035293,51.2,799.3,949.7,0.0,-,0,0,0.000
1790424424,s5-vmess-ws,128460,0,2619,2619,41.5,43.2,44.4,0.0,-,0,0,0.000
1790424424,s6-trojan-grpc,162266,0,3293,3293,2.2,4.2,5.8,0.0,-,0,0,0.000
1790424424,__proc__,0,0,0,0,-,-,-,2493.7,32329,49041,20356768,1675.663
1790424454,s1-short,162701,0,3272,3272,3.4,5.6,7.3,0.0,-,0,0,0.000
1790424454,s2-long,341,4,0,0,14.5,55.6,219.7,0.0,-,0,0,0.000
1790424454,s3-quic,1481730,2,3240482,3240482,2.4,3.6,4.7,0.0,-,0,0,0.000
1790424454,s4-mixed-kcp,44768,0,7935577,7935577,51.2,799.3,949.0,0.0,-,0,0,0.000
1790424454,s5-vmess-ws,129707,0,2619,2619,41.5,43.3,44.4,0.0,-,0,0,0.000
1790424454,s6-trojan-grpc,163835,0,3295,3295,2.2,4.2,5.8,0.0,-,0,0,0.000
1790424454,__proc__,0,0,0,0,-,-,-,2503.6,32332,49040,20529790,1692.565
1790424484,s1-short,164260,0,3274,3274,3.2,5.5,6.9,0.0,-,0,0,0.000
1790424484,s2-long,341,4,0,0,14.5,55.6,219.7,0.0,-,0,0,0.000
1790424484,s3-quic,1493564,2,3231471,3231471,2.4,3.7,4.8,0.0,-,0,0,0.000
1790424484,s4-mixed-kcp,45176,0,7818120,7818120,51.3,799.3,949.0,0.0,-,0,0,0.000
1790424484,s5-vmess-ws,130954,0,2619,2619,41.5,43.3,44.5,0.0,-,0,0,0.000
1790424484,s6-trojan-grpc,165404,0,3295,3295,2.0,4.1,5.5,0.0,-,0,0,0.000
1790424484,__proc__,0,0,0,0,-,-,-,2501.0,32347,49021,20702739,1709.453
1790424514,s1-short,165822,0,3280,3280,2.9,5.2,6.5,0.0,-,0,0,0.000
1790424514,s2-long,341,4,0,0,14.5,55.6,219.7,0.0,-,0,0,0.000
1790424514,s3-quic,1506519,2,3537579,3537579,2.0,2.9,4.0,0.0,-,0,0,0.000
1790424514,s4-mixed-kcp,45591,0,7893280,7893280,51.3,799.9,948.9,0.0,-,0,0,0.000
1790424514,s5-vmess-ws,132200,0,2617,2617,41.5,43.3,44.5,0.0,-,0,0,0.000
1790424514,s6-trojan-grpc,166978,0,3305,3305,1.8,3.9,5.2,0.0,-,0,0,0.000
1790424514,__proc__,0,0,0,0,-,-,-,2496.4,32353,49073,20888598,1725.932
1790424544,s1-short,167385,0,3282,3282,2.7,4.9,6.2,0.0,-,0,0,0.000
1790424544,s2-long,341,4,0,0,14.5,55.6,219.7,0.0,-,0,0,0.000
1790424544,s3-quic,1520832,2,3908403,3908403,1.9,2.9,3.8,0.0,-,0,0,0.000
1790424544,s4-mixed-kcp,46009,0,7936972,7936972,51.3,846.0,949.2,0.0,-,0,0,0.000
1790424544,s5-vmess-ws,133448,0,2621,2621,41.5,43.2,44.5,0.0,-,0,0,0.000
1790424544,s6-trojan-grpc,168554,0,3310,3310,1.6,3.6,4.9,0.0,-,0,0,0.000
1790424544,__proc__,0,0,0,0,-,-,-,2506.6,32374,49134,21088006,1742.258
1790424574,s1-short,168952,0,3291,3291,2.5,4.4,5.5,0.0,-,0,0,0.000
1790424574,s2-long,341,4,0,0,14.5,55.6,219.7,0.0,-,0,0,0.000
1790424574,s3-quic,1535336,2,3960559,3960559,1.9,2.8,4.0,0.0,-,0,0,0.000
1790424574,s4-mixed-kcp,46439,0,7966895,7966895,51.3,846.3,949.2,0.0,-,0,0,0.000
1790424574,s5-vmess-ws,134695,0,2619,2619,41.4,42.9,44.3,0.0,-,0,0,0.000
1790424574,s6-trojan-grpc,170130,0,3310,3310,1.4,3.1,4.1,0.0,-,0,0,0.000
1790424574,__proc__,0,0,0,0,-,-,-,2505.1,32365,49120,21290557,1758.468
1790424604,s1-short,170518,0,3289,3289,2.4,4.1,5.5,0.0,-,0,0,0.000
1790424604,s2-long,341,4,0,0,14.5,55.6,219.7,0.0,-,0,0,0.000
1790424604,s3-quic,1549977,2,3997969,3997969,1.9,2.8,4.0,0.0,-,0,0,0.000
1790424604,s4-mixed-kcp,46872,0,7926022,7926022,51.3,846.5,948.7,0.0,-,0,0,0.000
1790424604,s5-vmess-ws,135943,0,2621,2621,41.4,42.8,44.1,0.0,-,0,0,0.000
1790424604,s6-trojan-grpc,171708,0,3314,3314,1.3,2.9,4.0,0.0,-,0,0,0.000
1790424604,__proc__,0,0,0,0,-,-,-,2498.3,32372,49142,21494665,1774.544
1790424634,s1-short,172085,0,3291,3291,2.4,4.1,5.5,0.0,-,0,0,0.000
1790424634,s2-long,341,4,0,0,14.5,55.6,219.7,0.0,-,0,0,0.000
1790424634,s3-quic,1564618,2,3997969,3997969,1.9,2.8,3.8,0.0,-,0,0,0.000
1790424634,s4-mixed-kcp,47306,0,7975348,7975348,51.3,844.9,948.8,0.0,-,0,0,0.000
1790424634,s5-vmess-ws,137190,0,2619,2619,41.4,42.7,43.9,0.0,-,0,0,0.000
1790424634,s6-trojan-grpc,173284,0,3310,3310,1.3,2.8,3.9,0.0,-,0,0,0.000
1790424634,__proc__,0,0,0,0,-,-,-,2511.5,32391,49153,21697346,1790.726
1790424664,s1-short,173651,0,3289,3289,2.3,4.0,5.5,0.0,-,0,0,0.000
1790424664,s2-long,341,4,0,0,14.5,55.6,219.7,0.0,-,0,0,0.000
1790424664,s3-quic,1579689,2,4115388,4115388,1.9,2.8,3.8,0.0,-,0,0,0.000
1790424664,s4-mixed-kcp,47736,0,7804540,7804540,51.2,844.9,948.6,0.0,-,0,0,0.000
1790424664,s5-vmess-ws,138436,0,2617,2617,41.4,42.8,43.9,0.0,-,0,0,0.000
1790424664,s6-trojan-grpc,174860,0,3310,3310,1.3,2.8,3.8,0.0,-,0,0,0.000
1790424664,__proc__,0,0,0,0,-,-,-,2522.2,32394,49149,21903136,1807.098
1790424694,s1-short,175216,0,3286,3286,2.5,4.2,5.5,0.0,-,0,0,0.000
1790424694,s2-long,341,4,0,0,14.5,55.6,219.7,0.0,-,0,0,0.000
1790424694,s3-quic,1594651,2,4085623,4085623,1.9,2.7,3.8,0.0,-,0,0,0.000
1790424694,s4-mixed-kcp,48156,0,8099026,8099026,51.2,844.9,948.6,0.0,-,0,0,0.000
1790424694,s5-vmess-ws,139684,0,2621,2621,41.4,42.7,43.6,0.0,-,0,0,0.000
1790424694,s6-trojan-grpc,176434,0,3305,3305,1.5,3.1,4.0,0.0,-,0,0,0.000
1790424694,__proc__,0,0,0,0,-,-,-,2517.0,32394,49137,22107908,1823.494
1790424724,s1-short,176778,0,3280,3280,2.6,4.3,5.6,0.0,-,0,0,0.000
1790424724,s2-long,341,4,0,0,14.5,55.6,219.7,0.0,-,0,0,0.000
1790424724,s3-quic,1609525,2,4061594,4061594,1.9,2.7,3.8,0.0,-,0,0,0.000
1790424724,s4-mixed-kcp,48571,0,7815275,7815275,51.2,846.5,948.6,0.0,-,0,0,0.000
1790424724,s5-vmess-ws,140932,0,2621,2621,41.4,42.7,43.8,0.0,-,0,0,0.000
1790424724,s6-trojan-grpc,178007,0,3303,3303,1.6,3.2,4.3,0.0,-,0,0,0.000
1790424724,__proc__,0,0,0,0,-,-,-,2512.6,32377,49103,22312630,1839.979
1790424754,s1-short,178343,0,3286,3286,2.6,4.3,5.6,0.0,-,0,0,0.000
1790424754,s2-long,341,4,0,0,14.5,55.6,219.7,0.0,-,0,0,0.000
1790424754,s3-quic,1624004,2,3953732,3953732,2.0,3.0,3.9,0.0,-,0,0,0.000
1790424754,s4-mixed-kcp,48985,0,7941464,7941464,51.2,846.4,948.6,0.0,-,0,0,0.000
1790424754,s5-vmess-ws,142179,0,2619,2619,41.4,42.7,43.8,0.0,-,0,0,0.000
1790424754,s6-trojan-grpc,179580,0,3303,3303,1.7,3.3,4.4,0.0,-,0,0,0.000
1790424754,__proc__,0,0,0,0,-,-,-,2516.8,32403,49138,22513647,1856.408
1790424784,s1-short,179906,0,3282,3282,2.6,4.4,5.5,0.0,-,0,0,0.000
1790424784,s2-long,341,4,0,0,14.5,55.6,219.7,0.0,-,0,0,0.000
1790424784,s3-quic,1637633,2,3721626,3721626,2.1,3.2,4.4,0.0,-,0,0,0.000
1790424784,s4-mixed-kcp,49406,0,7952079,7952079,51.2,800.0,948.7,0.0,-,0,0,0.000
1790424784,s5-vmess-ws,143426,0,2619,2619,41.4,42.6,43.9,0.0,-,0,0,0.000
1790424784,s6-trojan-grpc,181154,0,3305,3305,1.7,3.4,4.4,0.0,-,0,0,0.000
1790424784,__proc__,0,0,0,0,-,-,-,2540.7,32402,49152,22706346,1872.946
1790424814,s1-short,181470,0,3284,3284,2.6,4.4,5.7,0.0,-,0,0,0.000
1790424814,s2-long,341,4,0,0,14.5,55.6,219.7,0.0,-,0,0,0.000
1790424814,s3-quic,1651032,2,3658820,3658820,2.2,3.3,4.2,0.0,-,0,0,0.000
1790424814,s4-mixed-kcp,49831,0,8015499,8015499,51.2,799.9,948.9,0.0,-,0,0,0.000
1790424814,s5-vmess-ws,144674,0,2621,2621,41.4,42.7,43.9,0.0,-,0,0,0.000
1790424814,s6-trojan-grpc,182726,0,3301,3301,1.6,3.4,4.4,0.0,-,0,0,0.000
1790424814,__proc__,0,0,0,0,-,-,-,2510.5,32406,49154,22897432,1889.387
1790424844,s1-short,183031,0,3278,3278,2.6,4.6,6.0,0.0,-,0,0,0.000
1790424844,s2-long,341,4,0,0,14.5,55.6,219.7,0.0,-,0,0,0.000
1790424844,s3-quic,1663291,2,3347524,3347524,2.3,3.6,4.6,0.0,-,0,0,0.000
1790424844,s4-mixed-kcp,50243,0,8023900,8023900,51.2,799.8,948.6,0.0,-,0,0,0.000
1790424844,s5-vmess-ws,145921,0,2619,2619,41.4,42.9,44.1,0.0,-,0,0,0.000
1790424844,s6-trojan-grpc,184300,0,3305,3305,1.6,3.5,4.6,0.0,-,0,0,0.000
1790424844,__proc__,0,0,0,0,-,-,-,2524.8,32376,49124,23076161,1905.962
1790424874,s1-short,184595,0,3284,3284,2.6,4.6,6.0,0.0,-,0,0,0.000
1790424874,s2-long,341,4,0,0,14.5,55.6,219.7,0.0,-,0,0,0.000
1790424874,s3-quic,1677069,2,3762313,3762313,2.0,3.1,4.2,0.0,-,0,0,0.000
1790424874,s4-mixed-kcp,50659,0,7984164,7984164,51.2,801.5,949.0,0.0,-,0,0,0.000
1790424874,s5-vmess-ws,147168,0,2619,2619,41.4,42.9,44.3,0.0,-,0,0,0.000
1790424874,s6-trojan-grpc,185874,0,3305,3305,1.5,3.4,4.6,0.0,-,0,0,0.000
1790424874,__proc__,0,0,0,0,-,-,-,2510.3,32397,49135,23270575,1922.353
1790424904,s1-short,186159,0,3284,3284,2.6,4.5,5.8,0.0,-,0,0,0.000
1790424904,s2-long,341,4,0,0,14.5,55.6,219.7,0.0,-,0,0,0.000
1790424904,s3-quic,1690180,2,3580177,3580177,2.1,3.1,4.2,0.0,-,0,0,0.000
1790424904,s4-mixed-kcp,51083,0,7853672,7853672,51.2,800.6,949.2,0.0,-,0,0,0.000
1790424904,s5-vmess-ws,148415,0,2619,2619,41.5,42.9,44.3,0.0,-,0,0,0.000
1790424904,s6-trojan-grpc,187450,0,3310,3310,1.5,3.3,4.3,0.0,-,0,0,0.000
1790424904,__proc__,0,0,0,0,-,-,-,2512.0,32397,49154,23460199,1938.769
1790424934,s1-short,187724,0,3286,3286,2.5,4.3,5.6,0.0,-,0,0,0.000
1790424934,s2-long,341,4,0,0,14.5,55.6,219.7,0.0,-,0,0,0.000
1790424934,s3-quic,1704641,2,3948817,3948817,1.9,2.8,3.8,0.0,-,0,0,0.000
1790424934,s4-mixed-kcp,51504,0,8147121,8147121,51.2,801.5,949.3,0.0,-,0,0,0.000
1790424934,s5-vmess-ws,149663,0,2621,2621,41.4,42.7,44.2,0.0,-,0,0,0.000
1790424934,s6-trojan-grpc,189026,0,3310,3310,1.4,3.1,4.0,0.0,-,0,0,0.000
1790424934,__proc__,0,0,0,0,-,-,-,2523.3,32406,49169,23662367,1955.030
1790424964,s1-short,189288,0,3284,3284,2.5,4.3,5.6,0.0,-,0,0,0.000
1790424964,s2-long,341,4,0,0,14.5,55.6,219.7,0.0,-,0,0,0.000
1790424964,s3-quic,1719108,2,3950455,3950455,2.0,2.9,4.1,0.0,-,0,0,0.000
1790424964,s4-mixed-kcp,51909,0,8020968,8020968,51.2,846.8,949.3,0.0,-,0,0,0.000
1790424964,s5-vmess-ws,150910,0,2619,2619,41.4,42.7,43.8,0.0,-,0,0,0.000
1790424964,s6-trojan-grpc,190601,0,3308,3308,1.5,3.1,3.8,0.0,-,0,0,0.000
1790424964,__proc__,0,0,0,0,-,-,-,2525.1,32391,49146,23863624,1971.501
1790424994,s1-short,190851,0,3282,3282,2.6,4.4,5.6,0.0,-,0,0,0.000
1790424994,s2-long,341,4,0,0,14.5,55.6,219.7,0.0,-,0,0,0.000
1790424994,s3-quic,1733718,2,3989504,3989504,1.9,2.8,3.8,0.0,-,0,0,0.000
1790424994,s4-mixed-kcp,52332,0,8038015,8038015,51.2,846.3,949.2,0.0,-,0,0,0.000
1790424994,s5-vmess-ws,152157,0,2619,2619,41.4,42.7,43.5,0.0,-,0,0,0.000
1790424994,s6-trojan-grpc,192174,0,3303,3303,1.6,3.2,4.0,0.0,-,0,0,0.000
1790424994,__proc__,0,0,0,0,-,-,-,2522.5,32405,49145,24065671,1988.020
1790425024,s1-short,192412,0,3278,3278,2.8,4.5,5.6,0.0,-,0,0,0.000
1790425024,s2-long,341,4,0,0,14.5,55.6,219.7,0.0,-,0,0,0.000
1790425024,s3-quic,1748342,2,3993327,3993327,1.9,2.9,3.8,0.0,-,0,0,0.000
1790425024,s4-mixed-kcp,52747,0,7978432,7978432,51.2,846.8,949.2,0.0,-,0,0,0.000
1790425024,s5-vmess-ws,153404,0,2619,2619,41.4,42.7,43.6,0.0,-,0,0,0.000
1790425024,s6-trojan-grpc,193747,0,3303,3303,1.7,3.3,4.3,0.0,-,0,0,0.000
1790425024,__proc__,0,0,0,0,-,-,-,2526.5,32386,49141,24267318,2004.650
1790425054,s1-short,193976,0,3284,3284,2.8,4.6,5.6,0.0,-,0,0,0.000
1790425054,s2-long,341,4,0,0,14.5,55.6,219.7,0.0,-,0,0,0.000
1790425054,s3-quic,1763029,2,4010530,4010530,1.9,2.9,3.8,0.0,-,0,0,0.000
1790425054,s4-mixed-kcp,53162,0,8087435,8087435,51.2,847.5,949.1,0.0,-,0,0,0.000
1790425054,s5-vmess-ws,154652,0,2621,2621,41.4,42.7,43.6,0.0,-,0,0,0.000
1790425054,s6-trojan-grpc,195318,0,3299,3299,1.8,3.4,4.3,0.0,-,0,0,0.000
1790425054,__proc__,0,0,0,0,-,-,-,2508.0,32385,49126,24469490,2021.112
1790425084,s1-short,195539,0,3282,3282,2.8,4.5,5.5,0.0,-,0,0,0.000
1790425084,s2-long,341,4,0,0,14.5,55.6,219.7,0.0,-,0,0,0.000
1790425084,s3-quic,1777880,2,4055313,4055313,1.9,2.8,3.6,0.0,-,0,0,0.000
1790425084,s4-mixed-kcp,53586,0,8023984,8023984,51.2,848.2,949.2,0.0,-,0,0,0.000
1790425084,s5-vmess-ws,155900,0,2621,2621,41.4,42.7,43.8,0.0,-,0,0,0.000
1790425084,s6-trojan-grpc,196893,0,3308,3308,1.7,3.3,4.1,0.0,-,0,0,0.000
1790425084,__proc__,0,0,0,0,-,-,-,2522.5,32391,49137,24673783,2037.611
1790425114,s1-short,197103,0,3284,3284,2.6,4.3,5.4,0.0,-,0,0,0.000
1790425114,s2-long,341,4,0,0,14.5,55.6,219.7,0.0,-,0,0,0.000
1790425114,s3-quic,1792736,2,4056678,4056678,1.9,2.8,3.7,0.0,-,0,0,0.000
1790425114,s4-mixed-kcp,54018,0,7952174,7952174,51.2,848.1,949.1,0.0,-,0,0,0.000
1790425114,s5-vmess-ws,157148,0,2621,2621,41.4,42.6,43.4,0.0,-,0,0,0.000
1790425114,s6-trojan-grpc,198470,0,3312,3312,1.6,3.2,3.9,0.0,-,0,0,0.000
1790425114,__proc__,0,0,0,0,-,-,-,2530.6,32419,49179,24878349,2053.970
1790425144,s1-short,198668,0,3286,3286,2.5,4.3,5.4,0.0,-,0,0,0.000
1790425144,s2-long,341,4,0,0,14.5,55.6,219.7,0.0,-,0,0,0.000
1790425144,s3-quic,1806952,2,3881916,3881916,2.0,2.9,4.0,0.0,-,0,0,0.000
1790425144,s4-mixed-kcp,54449,0,7935105,7935105,51.2,846.8,948.8,0.0,-,0,0,0.000
1790425144,s5-vmess-ws,158394,0,2617,2617,41.4,42.6,43.7,0.0,-,0,0,0.000
1790425144,s6-trojan-grpc,200043,0,3303,3303,1.5,3.2,4.0,0.0,-,0,0,0.000
1790425144,__proc__,0,0,0,0,-,-,-,2532.6,32403,49182,25078182,2070.294
1790425174,s1-short,200234,0,3289,3289,2.4,4.2,5.6,0.0,-,0,0,0.000
1790425174,s2-long,341,4,0,0,14.5,55.6,219.7,0.0,-,0,0,0.000
1790425174,s3-quic,1821695,2,4025822,4025822,1.9,2.7,3.8,0.0,-,0,0,0.000
1790425174,s4-mixed-kcp,54875,0,7962394,7962394,51.2,845.4,948.6,0.0,-,0,0,0.000
1790425174,s5-vmess-ws,159642,0,2621,2621,41.4,42.6,43.8,0.0,-,0,0,0.000
1790425174,s6-trojan-grpc,201620,0,3312,3312,1.4,3.1,3.9,0.0,-,0,0,0.000
1790425174,__proc__,0,0,0,0,-,-,-,2518.0,32411,49192,25283266,2086.532
1790425204,s1-short,201800,0,3289,3289,2.4,4.1,5.7,0.0,-,0,0,0.000
1790425204,s2-long,341,4,0,0,14.5,55.6,219.7,0.0,-,0,0,0.000
1790425204,s3-quic,1836223,2,3967113,3967113,1.9,2.9,4.0,0.0,-,0,0,0.000
1790425204,s4-mixed-kcp,55297,0,7943731,7943731,51.2,801.3,948.5,0.0,-,0,0,0.000
1790425204,s5-vmess-ws,160890,0,2621,2621,41.4,42.6,43.7,0.0,-,0,0,0.000
1790425204,s6-trojan-grpc,203198,0,3314,3314,1.4,3.0,3.9,0.0,-,0,0,0.000
1790425204,__proc__,0,0,0,0,-,-,-,2513.2,32417,49189,25486375,2102.735
1790425234,s1-short,203366,0,3289,3289,2.4,4.1,5.2,0.0,-,0,0,0.000
1790425234,s2-long,341,4,0,0,14.5,55.6,219.7,0.0,-,0,0,0.000
1790425234,s3-quic,1850833,2,3989504,3989504,1.9,2.8,3.8,0.0,-,0,0,0.000
1790425234,s4-mixed-kcp,55725,0,8001071,8001071,51.2,845.4,948.6,0.0,-,0,0,0.000
1790425234,s5-vmess-ws,162136,0,2617,2617,41.4,42.6,43.5,0.0,-,0,0,0.000
1790425234,s6-trojan-grpc,204772,0,3305,3305,1.4,2.9,3.7,0.0,-,0,0,0.000
1790425234,__proc__,0,0,0,0,-,-,-,2539.6,32426,49202,25689422,2118.979
1790425264,s1-short,204930,0,3284,3284,2.4,4.2,5.5,0.0,-,0,0,0.000
1790425264,s2-long,341,4,0,0,14.5,55.6,219.7,0.0,-,0,0,0.000
1790425264,s3-quic,1865281,2,3945267,3945267,2.0,2.8,4.0,0.0,-,0,0,0.000
1790425264,s4-mixed-kcp,56151,0,7899037,7899037,51.2,801.3,948.6,0.0,-,0,0,0.000
1790425264,s5-vmess-ws,163384,0,2621,2621,41.4,42.6,43.6,0.0,-,0,0,0.000
1790425264,s6-trojan-grpc,206347,0,3308,3308,1.4,3.1,3.9,0.0,-,0,0,0.000
1790425264,__proc__,0,0,0,0,-,-,-,2537.8,32416,49188,25889869,2135.380
1790425294,s1-short,206494,0,3284,3284,2.5,4.3,5.5,0.0,-,0,0,0.000
1790425294,s2-long,341,4,0,0,14.5,55.6,219.7,0.0,-,0,0,0.000
1790425294,s3-quic,1879674,2,3930249,3930249,2.0,2.9,3.7,0.0,-,0,0,0.000
1790425294,s4-mixed-kcp,56572,0,8020306,8020306,51.2,801.3,948.4,0.0,-,0,0,0.000
1790425294,s5-vmess-ws,164632,0,2621,2621,41.4,42.7,43.6,0.0,-,0,0,0.000
1790425294,s6-trojan-grpc,207921,0,3305,3305,1.5,3.2,4.3,0.0,-,0,0,0.000
1790425294,__proc__,0,0,0,0,-,-,-,2521.5,32399,49154,26089921,2151.983
1790425324,s1-short,208058,0,3284,3284,2.6,4.4,5.5,0.0,-,0,0,0.000
1790425324,s2-long,341,4,0,0,14.5,55.6,219.7,0.0,-,0,0,0.000
1790425324,s3-quic,1894728,2,4110746,4110746,1.9,2.6,3.6,0.0,-,0,0,0.000
1790425324,s4-mixed-kcp,56996,0,7978822,7978822,51.2,800.1,948.4,0.0,-,0,0,0.000
1790425324,s5-vmess-ws,165880,0,2621,2621,41.4,42.7,43.6,0.0,-,0,0,0.000
1790425324,s6-trojan-grpc,209494,0,3303,3303,1.6,3.3,4.3,0.0,-,0,0,0.000
1790425324,__proc__,0,0,0,0,-,-,-,2532.7,32405,49149,26294982,2168.490
1790425354,s1-short,209622,0,3284,3284,2.6,4.4,5.5,0.0,-,0,0,0.000
1790425354,s2-long,341,4,0,0,14.5,55.6,219.7,0.0,-,0,0,0.000
1790425354,s3-quic,1909580,2,4055586,4055586,1.9,2.7,3.5,0.0,-,0,0,0.000
1790425354,s4-mixed-kcp,57409,0,7922387,7922387,51.2,800.5,949.0,0.0,-,0,0,0.000
1790425354,s5-vmess-ws,167126,0,2617,2617,41.4,42.7,43.6,0.0,-,0,0,0.000
1790425354,s6-trojan-grpc,211068,0,3305,3305,1.7,3.2,4.3,0.0,-,0,0,0.000
1790425354,__proc__,0,0,0,0,-,-,-,2508.3,32413,49167,26499505,2184.970
1790425384,s1-short,211186,0,3284,3284,2.6,4.3,5.5,0.0,-,0,0,0.000
1790425384,s2-long,341,4,0,0,14.5,55.6,219.7,0.0,-,0,0,0.000
1790425384,s3-quic,1924703,2,4129587,4129587,1.9,2.7,3.7,0.0,-,0,0,0.000
1790425384,s4-mixed-kcp,57830,0,8013104,8013104,51.2,800.5,949.0,0.0,-,0,0,0.000
1790425384,s5-vmess-ws,168373,0,2619,2619,41.4,42.7,43.5,0.0,-,0,0,0.000
1790425384,s6-trojan-grpc,212644,0,3310,3310,1.6,3.1,4.2,0.0,-,0,0,0.000
1790425384,__proc__,0,0,0,0,-,-,-,2533.9,32428,49192,26708738,2201.289
1790425414,s1-short,212754,0,3293,3293,2.5,4.2,5.5,0.0,-,0,0,0.000
1790425414,s2-long,341,4,0,0,14.5,55.6,219.7,0.0,-,0,0,0.000
1790425414,s3-quic,1939817,2,4127130,4127130,1.9,3.0,3.9,0.0,-,0,0,0.000
1790425414,s4-mixed-kcp,58258,0,8007070,8007070,51.2,800.2,948.8,0.0,-,0,0,0.000
1790425414,s5-vmess-ws,169621,0,2621,2621,41.4,42.6,43.5,0.0,-,0,0,0.000
1790425414,s6-trojan-grpc,214219,0,3308,3308,1.5,3.1,4.2,0.0,-,0,0,0.000
1790425414,__proc__,0,0,0,0,-,-,-,2508.6,32417,49195,26916362,2217.582
1790425444,s1-short,214318,0,3284,3284,2.5,4.2,5.7,0.0,-,0,0,0.000
1790425444,s2-long,341,4,0,0,14.5,55.6,219.7,0.0,-,0,0,0.000
1790425444,s3-quic,1954758,2,4079889,4079889,1.9,2.7,3.7,0.0,-,0,0,0.000
1790425444,s4-mixed-kcp,58685,0,8024407,8024407,51.2,800.1,949.0,0.0,-,0,0,0.000
1790425444,s5-vmess-ws,170868,0,2619,2619,41.4,42.6,43.5,0.0,-,0,0,0.000
1790425444,s6-trojan-grpc,215795,0,3310,3310,1.4,3.0,4.3,0.0,-,0,0,0.000
1790425444,__proc__,0,0,0,0,-,-,-,2532.4,32426,49204,27122271,2233.920
1790425474,s1-short,215883,0,3286,3286,2.4,4.2,5.4,0.0,-,0,0,0.000
1790425474,s2-long,341,4,0,0,14.5,55.6,219.7,0.0,-,0,0,0.000
1790425474,s3-quic,1969736,2,4089993,4089993,1.9,2.6,3.4,0.0,-,0,0,0.000
1790425474,s4-mixed-kcp,59115,0,8012463,8012463,51.2,800.6,949.1,0.0,-,0,0,0.000
1790425474,s5-vmess-ws,172116,0,2621,2621,41.4,42.6,43.5,0.0,-,0,0,0.000
1790425474,s6-trojan-grpc,217372,0,3312,3312,1.3,3.0,4.0,0.0,-,0,0,0.000
1790425474,__proc__,0,0,0,0,-,-,-,2512.7,32433,49213,27328563,2250.142
1790425504,s1-short,217451,0,3293,3293,2.3,4.1,5.0,0.0,-,0,0,0.000
1790425504,s2-long,341,4,0,0,14.5,55.6,219.7,0.0,-,0,0,0.000
1790425504,s3-quic,1984886,2,4136960,4136960,1.9,2.7,3.6,0.0,-,0,0,0.000
1790425504,s4-mixed-kcp,59545,0,7950704,7950704,51.2,800.6,949.2,0.0,-,0,0,0.000
1790425504,s5-vmess-ws,173364,0,2621,2621,41.4,42.6,43.4,0.0,-,0,0,0.000
1790425504,s6-trojan-grpc,218950,0,3314,3314,1.3,2.9,3.9,0.0,-,0,0,0.000
1790425504,__proc__,0,0,0,0,-,-,-,2514.2,32438,49249,27537268,2266.203
1790425534,s1-short,219019,0,3293,3293,2.3,3.9,4.8,0.0,-,0,0,0.000
1790425534,s2-long,341,4,0,0,14.5,55.6,219.7,0.0,-,0,0,0.000
1790425534,s3-quic,1999787,2,4068966,4068966,1.9,2.7,3.7,0.0,-,0,0,0.000
1790425534,s4-mixed-kcp,59977,0,8008529,8008529,51.2,800.1,949.1,0.0,-,0,0,0.000
1790425534,s5-vmess-ws,174612,0,2621,2621,41.4,42.6,43.4,0.0,-,0,0,0.000
1790425534,s6-trojan-grpc,220529,0,3316,3316,1.3,2.8,3.7,0.0,-,0,0,0.000
1790425534,__proc__,0,0,0,0,-,-,-,2538.2,32432,49249,27743574,2282.358
1790425564,s1-short,220586,0,3291,3291,2.3,3.9,5.0,0.0,-,0,0,0.000
1790425564,s2-long,341,4,0,0,14.5,55.6,219.7,0.0,-,0,0,0.000
1790425564,s3-quic,2014792,2,4097365,4097365,1.9,2.9,3.8,0.0,-,0,0,0.000
1790425564,s4-mixed-kcp,60408,0,7991336,7991336,51.2,799.9,949.3,0.0,-,0,0,0.000
1790425564,s5-vmess-ws,175860,0,2621,2621,41.4,42.6,43.5,0.0,-,0,0,0.000
1790425564,s6-trojan-grpc,222105,0,3310,3310,1.3,2.8,3.8,0.0,-,0,0,0.000
1790425564,__proc__,0,0,0,0,-,-,-,2520.8,32447,49250,27950376,2298.534
1790425594,s1-short,222152,0,3289,3289,2.4,4.1,5.1,0.0,-,0,0,0.000
1790425594,s2-long,341,4,0,0,14.5,55.6,219.7,0.0,-,0,0,0.000
1790425594,s3-quic,2029859,2,4114295,4114295,1.9,2.7,3.8,0.0,-,0,0,0.000
1790425594,s4-mixed-kcp,60829,0,7954935,7954935,51.2,800.0,949.2,0.0,-,0,0,0.000
1790425594,s5-vmess-ws,177108,0,2621,2621,41.4,42.6,43.6,0.0,-,0,0,0.000
1790425594,s6-trojan-grpc,223682,0,3312,3312,1.3,2.9,3.9,0.0,-,0,0,0.000
1790425594,__proc__,0,0,0,0,-,-,-,2526.4,32437,49223,28158060,2314.920
1790425624,s1-short,223716,0,3284,3284,2.4,4.2,5.2,0.0,-,0,0,0.000
1790425624,s2-long,341,4,0,0,14.5,55.6,219.7,0.0,-,0,0,0.000
1790425624,s3-quic,2044871,2,4099277,4099277,1.9,2.8,3.7,0.0,-,0,0,0.000
1790425624,s4-mixed-kcp,61248,0,8082282,8082282,51.2,799.5,949.1,0.0,-,0,0,0.000
1790425624,s5-vmess-ws,178354,0,2617,2617,41.4,42.6,43.6,0.0,-,0,0,0.000
1790425624,s6-trojan-grpc,225255,0,3303,3303,1.4,3.1,4.0,0.0,-,0,0,0.000
1790425624,__proc__,0,0,0,0,-,-,-,2514.4,32434,49187,28363649,2331.411
1790425654,s1-short,225281,0,3286,3286,2.5,4.3,5.3,0.0,-,0,0,0.000
1790425654,s2-long,341,4,0,0,14.5,55.6,219.7,0.0,-,0,0,0.000
1790425654,s3-quic,2059563,2,4011895,4011895,1.9,2.9,3.9,0.0,-,0,0,0.000
1790425654,s4-mixed-kcp,61675,0,7945435,7945435,51.2,799.5,948.6,0.0,-,0,0,0.000
1790425654,s5-vmess-ws,179601,0,2619,2619,41.4,42.7,43.6,0.0,-,0,0,0.000
1790425654,s6-trojan-grpc,226830,0,3308,3308,1.6,3.2,4.2,0.0,-,0,0,0.000
1790425654,__proc__,0,0,0,0,-,-,-,2533.6,32458,49226,28565663,2347.922
1790425684,s1-short,226845,0,3284,3284,2.5,4.3,5.5,0.0,-,0,0,0.000
1790425684,s2-long,341,4,0,0,14.5,55.6,219.7,0.0,-,0,0,0.000
1790425684,s3-quic,2074430,2,4059682,4059682,1.9,2.7,3.8,0.0,-,0,0,0.000
1790425684,s4-mixed-kcp,62097,0,7934313,7934313,51.2,799.5,949.0,0.0,-,0,0,0.000
1790425684,s5-vmess-ws,180849,0,2621,2621,41.4,42.7,43.8,0.0,-,0,0,0.000
1790425684,s6-trojan-grpc,228403,0,3303,3303,1.6,3.2,4.3,0.0,-,0,0,0.000
1790425684,__proc__,0,0,0,0,-,-,-,2538.5,32429,49207,28770008,2364.430
1790425714,s1-short,228410,0,3286,3286,2.5,4.3,5.4,0.0,-,0,0,0.000
1790425714,s2-long,341,4,0,0,14.5,55.6,219.7,0.0,-,0,0,0.000
1790425714,s3-quic,2089533,2,4124126,4124126,1.9,2.7,3.7,0.0,-,0,0,0.000
1790425714,s4-mixed-kcp,62521,0,7914471,7914471,51.2,799.6,949.1,0.0,-,0,0,0.000
1790425714,s5-vmess-ws,182096,0,2619,2619,41.4,42.7,43.6,0.0,-,0,0,0.000
1790425714,s6-trojan-grpc,229978,0,3308,3308,1.6,3.2,4.2,0.0,-,0,0,0.000
1790425714,__proc__,0,0,0,0,-,-,-,2550.0,32442,49197,28978171,2380.715
1790425744,s1-short,229977,0,3291,3291,2.4,4.0,5.2,0.0,-,0,0,0.000
1790425744,s2-long,341,4,0,0,14.5,55.6,219.7,0.0,-,0,0,0.000
1790425744,s3-quic,2104874,2,4189116,4189116,1.8,2.7,3.6,0.0,-,0,0,0.000
1790425744,s4-mixed-kcp,62944,0,8078004,8078004,51.2,799.6,949.0,0.0,-,0,0,0.000
1790425744,s5-vmess-ws,183343,0,2619,2619,41.4,42.7,43.8,0.0,-,0,0,0.000
1790425744,s6-trojan-grpc,231556,0,3314,3314,1.4,3.0,4.0,0.0,-,0,0,0.000
1790425744,__proc__,0,0,0,0,-,-,-,2522.2,32460,49233,29190021,2396.858
1790425774,s1-short,231545,0,3293,3293,2.4,3.9,4.9,0.0,-,0,0,0.000
1790425774,s2-long,341,4,0,0,14.5,55.6,219.7,0.0,-,0,0,0.000
1790425774,s3-quic,2120121,2,4163447,4163447,1.9,2.7,3.6,0.0,-,0,0,0.000
1790425774,s4-mixed-kcp,63378,0,7983351,7983351,51.2,799.5,949.0,0.0,-,0,0,0.000
1790425774,s5-vmess-ws,184591,0,2621,2621,41.4,42.6,43.4,0.0,-,0,0,0.000
1790425774,s6-trojan-grpc,233134,0,3314,3314,1.4,2.9,3.9,0.0,-,0,0,0.000
1790425774,__proc__,0,0,0,0,-,-,-,2514.8,32458,49275,29400259,2413.126
1790425804,s1-short,233113,0,3293,3293,2.3,3.8,4.9,0.0,-,0,0,0.000
1790425804,s2-long,341,4,0,0,14.5,55.6,219.7,0.0,-,0,0,0.000
1790425804,s3-quic,2135512,2,4202769,4202769,1.8,2.6,3.7,0.0,-,0,0,0.000
1790425804,s4-mixed-kcp,63814,0,7928370,7928370,51.2,799.5,949.3,0.0,-,0,0,0.000
1790425804,s5-vmess-ws,185838,0,2619,2619,41.4,42.6,43.6,0.0,-,0,0,0.000
1790425804,s6-trojan-grpc,234712,0,3314,3314,1.3,2.8,3.9,0.0,-,0,0,0.000
1790425804,__proc__,0,0,0,0,-,-,-,2538.5,32465,49260,29613541,2429.223
1790425834,s1-short,234681,0,3293,3293,2.3,3.7,4.9,0.0,-,0,0,0.000
1790425834,s2-long,341,4,0,0,14.5,55.6,219.7,0.0,-,0,0,0.000
1790425834,s3-quic,2150808,2,4176828,4176828,1.9,2.7,3.8,0.0,-,0,0,0.000
1790425834,s4-mixed-kcp,64249,0,8049255,8049255,51.2,799.5,948.7,0.0,-,0,0,0.000
1790425834,s5-vmess-ws,187086,0,2621,2621,41.4,42.6,43.5,0.0,-,0,0,0.000
1790425834,s6-trojan-grpc,236290,0,3314,3314,1.3,2.8,3.8,0.0,-,0,0,0.000
1790425834,__proc__,0,0,0,0,-,-,-,2535.7,32451,49277,29826665,2445.156
1790425864,s1-short,236249,0,3293,3293,2.3,3.8,4.9,0.0,-,0,0,0.000
1790425864,s2-long,341,4,0,0,14.5,55.6,219.7,0.0,-,0,0,0.000
1790425864,s3-quic,2165755,2,4081527,4081527,1.9,2.7,3.9,0.0,-,0,0,0.000
1790425864,s4-mixed-kcp,64663,0,8053898,8053898,51.2,799.9,948.7,0.0,-,0,0,0.000
1790425864,s5-vmess-ws,188334,0,2621,2621,41.4,42.6,43.8,0.0,-,0,0,0.000
1790425864,s6-trojan-grpc,237867,0,3312,3312,1.2,2.8,3.7,0.0,-,0,0,0.000
1790425864,__proc__,0,0,0,0,-,-,-,2529.2,32437,49236,30033717,2461.333
1790425894,s1-short,237815,0,3289,3289,2.3,3.9,4.9,0.0,-,0,0,0.000
1790425894,s2-long,341,4,0,0,14.5,55.6,219.7,0.0,-,0,0,0.000
1790425894,s3-quic,2180858,2,4124126,4124126,1.9,2.9,3.7,0.0,-,0,0,0.000
1790425894,s4-mixed-kcp,65093,0,7832388,7832388,51.2,799.2,948.6,0.0,-,0,0,0.000
1790425894,s5-vmess-ws,189581,0,2619,2619,41.4,42.6,43.5,0.0,-,0,0,0.000
1790425894,s6-trojan-grpc,239444,0,3312,3312,1.3,2.9,3.8,0.0,-,0,0,0.000
1790425894,__proc__,0,0,0,0,-,-,-,2529.9,32442,49218,30243758,2477.477
1790425924,s1-short,239379,0,3284,3284,2.5,4.2,5.4,0.0,-,0,0,0.000
1790425924,s2-long,341,4,0,0,14.5,55.6,219.7,0.0,-,0,0,0.000
1790425924,s3-quic,2195842,2,4091631,4091631,1.9,2.9,3.8,0.0,-,0,0,0.000
1790425924,s4-mixed-kcp,65514,0,8064199,8064199,51.2,799.3,948.6,0.0,-,0,0,0.000
1790425924,s5-vmess-ws,190828,0,2619,2619,41.4,42.6,43.7,0.0,-,0,0,0.000
1790425924,s6-trojan-grpc,241019,0,3308,3308,1.5,3.0,4.1,0.0,-,0,0,0.000
1790425924,__proc__,0,0,0,0,-,-,-,2519.5,32433,49218,30449728,2493.941
1790425954,s1-short,240940,0,3278,3278,2.7,4.3,5.7,0.0,-,0,0,0.000
1790425954,s2-long,341,4,0,0,14.5,55.6,219.7,0.0,-,0,0,0.000
1790425954,s3-quic,2210550,2,4016265,4016265,1.9,2.9,3.8,0.0,-,0,0,0.000
1790425954,s4-mixed-kcp,65930,0,7958908,7958908,51.2,803.0,948.7,0.0,-,0,0,0.000
1790425954,s5-vmess-ws,192076,0,2621,2621,41.4,42.6,43.7,0.0,-,0,0,0.000
1790425954,s6-trojan-grpc,242588,0,3295,3295,1.6,3.2,4.4,0.0,-,0,0,0.000
1790425954,__proc__,0,0,0,0,-,-,-,2539.7,32399,49154,30651263,2510.505
1790425984,s1-short,242504,0,3284,3284,2.8,4.5,5.7,0.0,-,0,0,0.000
1790425984,s2-long,341,4,0,0,14.5,55.6,219.7,0.0,-,0,0,0.000
1790425984,s3-quic,2225235,2,4009984,4009984,1.9,2.8,3.7,0.0,-,0,0,0.000
1790425984,s4-mixed-kcp,66347,0,7928063,7928063,51.2,800.4,948.6,0.0,-,0,0,0.000
1790425984,s5-vmess-ws,193324,0,2621,2621,41.4,42.6,43.6,0.0,-,0,0,0.000
1790425984,s6-trojan-grpc,244164,0,3310,3310,1.7,3.3,4.4,0.0,-,0,0,0.000
1790425984,__proc__,0,0,0,0,-,-,-,2538.6,32445,49205,30853609,2526.954
1790426014,s1-short,244068,0,3284,3284,2.6,4.4,5.6,0.0,-,0,0,0.000
1790426014,s2-long,341,4,0,0,14.5,55.6,219.7,0.0,-,0,0,0.000
1790426014,s3-quic,2239927,2,4011895,4011895,1.9,2.8,3.7,0.0,-,0,0,0.000
1790426014,s4-mixed-kcp,66776,0,7986845,7986845,51.2,799.7,948.6,0.0,-,0,0,0.000
1790426014,s5-vmess-ws,194571,0,2619,2619,41.4,42.6,43.6,0.0,-,0,0,0.000
1790426014,s6-trojan-grpc,245739,0,3308,3308,1.6,3.3,4.5,0.0,-,0,0,0.000
1790426014,__proc__,0,0,0,0,-,-,-,2536.6,32444,49225,31056571,2543.326
1790426044,s1-short,245632,0,3284,3284,2.6,4.4,5.6,0.0,-,0,0,0.000
1790426044,s2-long,341,4,0,0,14.5,55.6,219.7,0.0,-,0,0,0.000
1790426044,s3-quic,2254424,2,3958647,3958647,1.9,2.8,3.9,0.0,-,0,0,0.000
1790426044,s4-mixed-kcp,67205,0,7918220,7918220,51.2,799.3,948.6,0.0,-,0,0,0.000
1790426044,s5-vmess-ws,195818,0,2619,2619,41.4,42.6,43.7,0.0,-,0,0,0.000
1790426044,s6-trojan-grpc,247314,0,3308,3308,1.5,3.2,4.4,0.0,-,0,0,0.000
1790426044,__proc__,0,0,0,0,-,-,-,2533.7,32432,49217,31258249,2559.698
1790426074,s1-short,247197,0,3286,3286,2.5,4.4,5.6,0.0,-,0,0,0.000
1790426074,s2-long,341,4,0,0,14.5,55.6,219.7,0.0,-,0,0,0.000
1790426074,s3-quic,2269121,2,4013261,4013261,1.9,2.9,3.8,0.0,-,0,0,0.000
1790426074,s4-mixed-kcp,67627,0,8086212,8086212,51.2,799.5,948.4,0.0,-,0,0,0.000
1790426074,s5-vmess-ws,197066,0,2621,2621,41.4,42.7,43.6,0.0,-,0,0,0.000
1790426074,s6-trojan-grpc,248888,0,3305,3305,1.5,3.1,4.1,0.0,-,0,0,0.000
1790426074,__proc__,0,0,0,0,-,-,-,2530.9,32439,49219,31461738,2576.039
1790426104,s1-short,248764,0,3291,3291,2.4,4.2,5.5,0.0,-,0,0,0.000
1790426104,s2-long,341,4,0,0,14.5,55.6,219.7,0.0,-,0,0,0.000
1790426104,s3-quic,2283999,2,4062686,4062686,1.9,2.8,3.8,0.0,-,0,0,0.000
1790426104,s4-mixed-kcp,68056,0,7991933,7991933,51.2,799.5,948.4,0.0,-,0,0,0.000
1790426104,s5-vmess-ws,198314,0,2621,2621,41.4,42.6,43.6,0.0,-,0,0,0.000
1790426104,s6-trojan-grpc,250464,0,3310,3310,1.4,3.0,3.8,0.0,-,0,0,0.000
1790426104,__proc__,0,0,0,0,-,-,-,2529.1,32421,49211,31667734,2592.250
1790426134,s1-short,250329,0,3286,3286,2.4,4.1,5.3,0.0,-,0,0,0.000
1790426134,s2-long,341,4,0,0,14.5,55.6,219.7,0.0,-,0,0,0.000
1790426134,s3-quic,2298458,2,3948271,3948271,2.0,2.9,3.9,0.0,-,0,0,0.000
1790426134,s4-mixed-kcp,68488,0,8064056,8064056,51.2,800.1,948.6,0.0,-,0,0,0.000
1790426134,s5-vmess-ws,199561,0,2619,2619,41.4,42.6,43.6,0.0,-,0,0,0.000
1790426134,s6-trojan-grpc,252042,0,3314,3314,1.4,2.9,3.7,0.0,-,0,0,0.000
1790426134,__proc__,0,0,0,0,-,-,-,2533.9,32428,49224,31868688,2608.585
1790426164,s1-short,251893,0,3284,3284,2.4,4.2,5.4,0.0,-,0,0,0.000
1790426164,s2-long,341,4,0,0,14.5,55.6,219.7,0.0,-,0,0,0.000
1790426164,s3-quic,2313054,2,3985681,3985681,1.9,2.8,3.8,0.0,-,0,0,0.000
1790426164,s4-mixed-kcp,68918,0,7970503,7970503,51.2,800.3,948.6,0.0,-,0,0,0.000
1790426164,s5-vmess-ws,200809,0,2621,2621,41.4,42.6,43.6,0.0,-,0,0,0.000
1790426164,s6-trojan-grpc,253620,0,3314,3314,1.4,2.9,3.7,0.0,-,0,0,0.000
1790426164,__proc__,0,0,0,0,-,-,-,2524.1,32425,49220,32071897,2624.934
1790426194,s1-short,253459,0,3289,3289,2.5,4.2,5.3,0.0,-,0,0,0.000
1790426194,s2-long,341,4,0,0,14.5,55.6,219.7,0.0,-,0,0,0.000
1790426194,s3-quic,2327547,2,3957555,3957555,1.9,2.9,3.9,0.0,-,0,0,0.000
1790426194,s4-mixed-kcp,69342,0,8027503,8027503,51.2,800.3,948.7,0.0,-,0,0,0.000
1790426194,s5-vmess-ws,202056,0,2619,2619,41.4,42.7,43.8,0.0,-,0,0,0.000
1790426194,s6-trojan-grpc,255193,0,3303,3303,1.4,3.0,3.8,0.0,-,0,0,0.000
1790426194,__proc__,0,0,0,0,-,-,-,2525.1,32425,49192,32272943,2641.328
1790426224,s1-short,255021,0,3280,3280,2.6,4.3,5.5,0.0,-,0,0,0.000
1790426224,s2-long,341,4,0,0,14.5,55.6,219.7,0.0,-,0,0,0.000
1790426224,s3-quic,2342086,2,3970116,3970116,1.9,2.9,3.8,0.0,-,0,0,0.000
1790426224,s4-mixed-kcp,69763,0,7778665,7778665,51.2,799.8,948.7,0.0,-,0,0,0.000
1790426224,s5-vmess-ws,203303,0,2619,2619,41.4,42.7,44.0,0.0,-,0,0,0.000
1790426224,s6-trojan-grpc,256767,0,3305,3305,1.5,3.2,4.3,0.0,-,0,0,0.000
1790426224,__proc__,0,0,0,0,-,-,-,2519.0,32419,49180,32472754,2657.887
1790426254,s1-short,256585,0,3284,3284,2.7,4.5,5.9,0.0,-,0,0,0.000
1790426254,s2-long,341,4,0,0,14.5,55.6,219.7,0.0,-,0,0,0.000
1790426254,s3-quic,2356599,2,3963017,3963017,2.0,3.0,4.0,0.0,-,0,0,0.000
1790426254,s4-mixed-kcp,70180,0,8068553,8068553,51.2,799.8,948.8,0.0,-,0,0,0.000
1790426254,s5-vmess-ws,204551,0,2621,2621,41.4,42.7,44.0,0.0,-,0,0,0.000
1790426254,s6-trojan-grpc,258341,0,3305,3305,1.6,3.3,4.6,0.0,-,0,0,0.000
1790426254,__proc__,0,0,0,0,-,-,-,2543.6,32412,49170,32671510,2674.467
1790426284,s1-short,258145,0,3276,3276,2.8,4.7,6.2,0.0,-,0,0,0.000
1790426284,s2-long,341,4,0,0,14.5,55.6,219.7,0.0,-,0,0,0.000
1790426284,s3-quic,2370826,2,3884919,3884919,2.0,3.0,3.9,0.0,-,0,0,0.000
1790426284,s4-mixed-kcp,70599,0,7882670,7882670,51.2,799.8,948.6,0.0,-,0,0,0.000
1790426284,s5-vmess-ws,205797,0,2617,2617,41.4,42.7,44.0,0.0,-,0,0,0.000
1790426284,s6-trojan-grpc,259912,0,3299,3299,1.7,3.4,4.6,0.0,-,0,0,0.000
1790426284,__proc__,0,0,0,0,-,-,-,2507.2,32382,49127,32867866,2691.106
1790426314,s1-short,259706,0,3278,3278,2.8,4.7,6.2,0.0,-,0,0,0.000
1790426314,s2-long,341,4,0,0,14.5,55.6,219.7,0.0,-,0,0,0.000
1790426314,s3-quic,2385138,2,3908130,3908130,2.0,3.0,3.8,0.0,-,0,0,0.000
1790426314,s4-mixed-kcp,71009,0,8073226,8073226,51.2,802.4,948.9,0.0,-,0,0,0.000
1790426314,s5-vmess-ws,207044,0,2619,2619,41.4,42.8,44.0,0.0,-,0,0,0.000
1790426314,s6-trojan-grpc,261485,0,3303,3303,1.7,3.4,4.5,0.0,-,0,0,0.000
1790426314,__proc__,0,0,0,0,-,-,-,2531.9,32398,49124,33066216,2707.720
1790426344,s1-short,261270,0,3284,3284,2.7,4.5,6.0,0.0,-,0,0,0.000
1790426344,s2-long,341,4,0,0,14.5,55.6,219.7,0.0,-,0,0,0.000
1790426344,s3-quic,2399659,2,3965201,3965201,1.9,2.8,3.9,0.0,-,0,0,0.000
1790426344,s4-mixed-kcp,71433,0,7947682,7947682,51.2,846.3,949.1,0.0,-,0,0,0.000
1790426344,s5-vmess-ws,208292,0,2621,2621,41.4,42.9,43.9,0.0,-,0,0,0.000
1790426344,s6-trojan-grpc,263061,0,3310,3310,1.6,3.4,4.5,0.0,-,0,0,0.000
1790426344,__proc__,0,0,0,0,-,-,-,2542.4,32402,49168,33265426,2724.205
1790426374,s1-short,262835,0,3286,3286,2.6,4.4,5.7,0.0,-,0,0,0.000
1790426374,s2-long,341,4,0,0,14.5,55.6,219.7,0.0,-,0,0,0.000
1790426374,s3-quic,2414812,2,4137779,4137779,1.9,2.7,3.7,0.0,-,0,0,0.000
1790426374,s4-mixed-kcp,71861,0,7995369,7995369,51.2,846.7,949.0,0.0,-,0,0,0.000
1790426374,s5-vmess-ws,209540,0,2621,2621,41.4,42.7,43.9,0.0,-,0,0,0.000
1790426374,s6-trojan-grpc,264637,0,3310,3310,1.5,3.2,4.4,0.0,-,0,0,0.000
1790426374,__proc__,0,0,0,0,-,-,-,2508.6,32407,49165,33473449,2740.511
1790426404,s1-short,264403,0,3293,3293,2.4,4.2,5.2,0.0,-,0,0,0.000
1790426404,s2-long,341,4,0,0,14.5,55.6,219.7,0.0,-,0,0,0.000
1790426404,s3-quic,2430078,2,4168636,4168636,1.9,2.8,3.7,0.0,-,0,0,0.000
1790426404,s4-mixed-kcp,72285,0,8005739,8005739,51.2,846.3,949.0,0.0,-,0,0,0.000
1790426404,s5-vmess-ws,210787,0,2619,2619,41.4,42.7,43.8,0.0,-,0,0,0.000
1790426404,s6-trojan-grpc,266213,0,3310,3310,1.4,2.9,4.1,0.0,-,0,0,0.000
1790426404,__proc__,0,0,0,0,-,-,-,2532.1,32429,49198,33684442,2756.633
1790426434,s1-short,265971,0,3293,3293,2.3,3.9,5.2,0.0,-,0,0,0.000
1790426434,s2-long,341,4,0,0,14.5,55.6,219.7,0.0,-,0,0,0.000
1790426434,s3-quic,2445300,2,4156621,4156621,1.9,2.7,3.6,0.0,-,0,0,0.000
1790426434,s4-mixed-kcp,72713,0,7950889,7950889,51.2,845.6,949.0,0.0,-,0,0,0.000
1790426434,s5-vmess-ws,212034,0,2619,2619,41.4,42.6,43.6,0.0,-,0,0,0.000
1790426434,s6-trojan-grpc,267792,0,3316,3316,1.3,2.8,4.1,0.0,-,0,0,0.000
1790426434,__proc__,0,0,0,0,-,-,-,2525.0,32444,49227,33894949,2772.730
1790426464,s1-short,267537,0,3289,3289,2.3,4.0,5.3,0.0,-,0,0,0.000
1790426464,s2-long,341,4,0,0,14.5,55.6,219.7,0.0,-,0,0,0.000
1790426464,s3-quic,2460470,2,4142421,4142421,1.9,2.7,3.7,0.0,-,0,0,0.000
1790426464,s4-mixed-kcp,73154,0,8123735,8123735,51.2,847.3,949.1,0.0,-,0,0,0.000
1790426464,s5-vmess-ws,213281,0,2619,2619,41.4,42.6,43.8,0.0,-,0,0,0.000
1790426464,s6-trojan-grpc,269368,0,3310,3310,1.3,2.8,3.7,0.0,-,0,0,0.000
1790426464,__proc__,0,0,0,0,-,-,-,2528.7,32440,49221,34104933,2788.785
1790426494,s1-short,269105,0,3293,3293,2.3,3.9,5.1,0.0,-,0,0,0.000
1790426494,s2-long,341,4,0,0,14.5,55.6,219.7,0.0,-,0,0,0.000
1790426494,s3-quic,2475803,2,4186931,4186931,1.8,2.7,3.4,0.0,-,0,0,0.000
1790426494,s4-mixed-kcp,73582,0,7895338,7895338,51.2,847.2,949.0,0.0,-,0,0,0.000
1790426494,s5-vmess-ws,214529,0,2621,2621,41.4,42.6,43.6,0.0,-,0,0,0.000
1790426494,s6-trojan-grpc,270947,0,3316,3316,1.3,2.8,3.6,0.0,-,0,0,0.000
1790426494,__proc__,0,0,0,0,-,-,-,2547.5,32425,49227,34317171,2804.997
1790426524,s1-short,270672,0,3291,3291,2.3,3.8,4.9,0.0,-,0,0,0.000
1790426524,s2-long,341,4,0,0,14.5,55.6,219.7,0.0,-,0,0,0.000
1790426524,s3-quic,2491020,2,4155255,4155255,1.9,2.7,3.7,0.0,-,0,0,0.000
1790426524,s4-mixed-kcp,74004,0,7891343,7891343,51.2,847.4,949.0,0.0,-,0,0,0.000
1790426524,s5-vmess-ws,215777,0,2621,2621,41.4,42.6,43.7,0.0,-,0,0,0.000
1790426524,s6-trojan-grpc,272523,0,3310,3310,1.3,2.9,3.9,0.0,-,0,0,0.000
1790426524,__proc__,0,0,0,0,-,-,-,2535.1,32435,49224,34526982,2821.238
1790426554,s1-short,272239,0,3291,3291,2.3,3.8,4.9,0.0,-,0,0,0.000
1790426554,s2-long,341,4,0,0,14.5,55.6,219.7,0.0,-,0,0,0.000
1790426554,s3-quic,2506298,2,4171913,4171913,1.9,2.7,3.7,0.0,-,0,0,0.000
1790426554,s4-mixed-kcp,74427,0,8050583,8050583,51.2,847.4,949.1,0.0,-,0,0,0.000
1790426554,s5-vmess-ws,217025,0,2621,2621,41.4,42.6,43.4,0.0,-,0,0,0.000
1790426554,s6-trojan-grpc,274097,0,3305,3305,1.4,2.9,3.9,0.0,-,0,0,0.000
1790426554,__proc__,0,0,0,0,-,-,-,2532.0,32420,49190,34738619,2837.492
1790426584,s1-short,273805,0,3289,3289,2.4,4.0,5.1,0.0,-,0,0,0.000
1790426584,s2-long,341,4,0,0,14.5,55.6,219.7,0.0,-,0,0,0.000
1790426584,s3-quic,2521404,2,4124945,4124945,1.9,2.9,4.0,0.0,-,0,0,0.000
1790426584,s4-mixed-kcp,74855,0,7987175,7987175,51.2,846.6,949.3,0.0,-,0,0,0.000
1790426584,s5-vmess-ws,218273,0,2621,2621,41.4,42.6,43.4,0.0,-,0,0,0.000
1790426584,s6-trojan-grpc,275673,0,3310,3310,1.5,3.0,4.0,0.0,-,0,0,0.000
1790426584,__proc__,0,0,0,0,-,-,-,2534.0,32444,49228,34945532,2853.854
1790426614,s1-short,275369,0,3284,3284,2.4,4.2,5.2,0.0,-,0,0,0.000
1790426614,s2-long,341,4,0,0,14.5,55.6,219.7,0.0,-,0,0,0.000
1790426614,s3-quic,2536341,2,4078797,4078797,1.9,2.8,3.9,0.0,-,0,0,0.000
1790426614,s4-mixed-kcp,75272,0,7830977,7830977,51.2,846.6,949.3,0.0,-,0,0,0.000
1790426614,s5-vmess-ws,219520,0,2619,2619,41.4,42.6,43.8,0.0,-,0,0,0.000
1790426614,s6-trojan-grpc,277249,0,3310,3310,1.6,3.1,4.0,0.0,-,0,0,0.000
1790426614,__proc__,0,0,0,0,-,-,-,2537.1,32447,49230,35150687,2870.188
1790426644,s1-short,276934,0,3286,3286,2.5,4.2,5.1,0.0,-,0,0,0.000
1790426644,s2-long,341,4,0,0,14.5,55.6,219.7,0.0,-,0,0,0.000
1790426644,s3-quic,2550937,2,3985681,3985681,1.9,2.8,3.8,0.0,-,0,0,0.000
1790426644,s4-mixed-kcp,75702,0,8179294,8179294,51.2,801.0,949.1,0.0,-,0,0,0.000
1790426644,s5-vmess-ws,220767,0,2619,2619,41.4,42.6,43.9,0.0,-,0,0,0.000
1790426644,s6-trojan-grpc,278820,0,3299,3299,1.6,3.2,4.2,0.0,-,0,0,0.000
1790426644,__proc__,0,0,0,0,-,-,-,2532.0,32442,49216,35351958,2886.585
1790426674,s1-short,278501,0,3291,3291,2.4,4.2,5.1,0.0,-,0,0,0.000
1790426674,s2-long,341,4,0,0,14.5,55.6,219.7,0.0,-,0,0,0.000
1790426674,s3-quic,2565854,2,4073335,4073335,1.9,2.7,3.8,0.0,-,0,0,0.000
1790426674,s4-mixed-kcp,76128,0,7886736,7886736,51.2,801.2,949.1,0.0,-,0,0,0.000
1790426674,s5-vmess-ws,222014,0,2619,2619,41.4,42.6,43.8,0.0,-,0,0,0.000
1790426674,s6-trojan-grpc,280398,0,3314,3314,1.5,3.1,4.0,0.0,-,0,0,0.000
1790426674,__proc__,0,0,0,0,-,-,-,2537.1,32435,49238,35558404,2902.883
1790426704,s1-short,280069,0,3293,3293,2.4,4.2,5.1,0.0,-,0,0,0.000
1790426704,s2-long,341,4,0,0,14.5,55.6,219.7,0.0,-,0,0,0.000
1790426704,s3-quic,2581159,2,4179285,4179285,1.8,2.8,3.7,0.0,-,0,0,0.000
1790426704,s4-mixed-kcp,76563,0,8047208,8047208,51.2,847.2,949.3,0.0,-,0,0,0.000
1790426704,s5-vmess-ws,223262,0,2621,2621,41.4,42.6,43.6,0.0,-,0,0,0.000
1790426704,s6-trojan-grpc,281975,0,3312,3312,1.4,3.1,3.9,0.0,-,0,0,0.000
1790426704,__proc__,0,0,0,0,-,-,-,2543.5,32458,49259,35768160,2918.945
1790426734,s1-short,281634,0,3286,3286,2.3,3.9,4.9,0.0,-,0,0,0.000
1790426734,s2-long,341,4,0,0,14.5,55.6,219.7,0.0,-,0,0,0.000
1790426734,s3-quic,2596606,2,4218061,4218061,1.8,2.6,3.6,0.0,-,0,0,0.000
1790426734,s4-mixed-kcp,77006,0,7946675,7946675,51.2,799.9,949.3,0.0,-,0,0,0.000
1790426734,s5-vmess-ws,224510,0,2621,2621,41.4,42.6,43.4,0.0,-,0,0,0.000
1790426734,s6-trojan-grpc,283553,0,3314,3314,1.3,2.9,3.7,0.0,-,0,0,0.000
1790426734,__proc__,0,0,0,0,-,-,-,2542.0,32468,49261,35981375,2934.996
1790426764,s1-short,283204,0,3297,3297,2.3,3.8,4.7,0.0,-,0,0,0.000
1790426764,s2-long,341,4,0,0,14.5,55.6,219.7,0.0,-,0,0,0.000
1790426764,s3-quic,2611867,2,4167270,4167270,1.9,2.7,3.7,0.0,-,0,0,0.000
1790426764,s4-mixed-kcp,77436,0,7878716,7878716,51.2,799.6,948.9,0.0,-,0,0,0.000
1790426764,s5-vmess-ws,225757,0,2619,2619,41.4,42.6,43.5,0.0,-,0,0,0.000
1790426764,s6-trojan-grpc,285131,0,3314,3314,1.3,2.8,3.7,0.0,-,0,0,0.000
1790426764,__proc__,0,0,0,0,-,-,-,2526.5,32465,49270,36192730,2951.072
1790426794,s1-short,284770,0,3289,3289,2.3,3.9,5.1,0.0,-,0,0,0.000
1790426794,s2-long,341,4,0,0,14.5,55.6,219.7,0.0,-,0,0,0.000
1790426794,s3-quic,2626894,2,4103373,4103373,1.9,2.6,3.6,0.0,-,0,0,0.000
1790426794,s4-mixed-kcp,77869,0,7994760,7994760,51.2,799.6,948.9,0.0,-,0,0,0.000
1790426794,s5-vmess-ws,227004,0,2619,2619,41.4,42.6,43.8,0.0,-,0,0,0.000
1790426794,s6-trojan-grpc,286708,0,3312,3312,1.3,2.8,3.7,0.0,-,0,0,0.000
1790426794,__proc__,0,0,0,0,-,-,-,2531.1,32462,49257,36400703,2967.246
1790426824,s1-short,286334,0,3284,3284,2.4,4.2,5.5,0.0,-,0,0,0.000
1790426824,s2-long,341,4,0,0,14.5,55.6,219.7,0.0,-,0,0,0.000
1790426824,s3-quic,2641804,2,4071424,4071424,1.9,2.8,3.7,0.0,-,0,0,0.000
1790426824,s4-mixed-kcp,78302,0,8025700,8025700,51.2,799.8,948.9,0.0,-,0,0,0.000
1790426824,s5-vmess-ws,228252,0,2621,2621,41.4,42.6,43.8,0.0,-,0,0,0.000
1790426824,s6-trojan-grpc,288283,0,3308,3308,1.4,2.9,3.8,0.0,-,0,0,0.000
1790426824,__proc__,0,0,0,0,-,-,-,2532.3,32434,49211,36606373,2983.481
1790426854,s1-short,287898,0,3284,3284,2.5,4.2,5.6,0.0,-,0,0,0.000
1790426854,s2-long,341,4,0,0,14.5,55.6,219.7,0.0,-,0,0,0.000
1790426854,s3-quic,2656828,2,4102554,4102554,1.9,2.8,3.7,0.0,-,0,0,0.000
1790426854,s4-mixed-kcp,78712,0,7796673,7796673,51.2,799.9,948.8,0.0,-,0,0,0.000
1790426854,s5-vmess-ws,229499,0,2619,2619,41.4,42.6,43.9,0.0,-,0,0,0.000
1790426854,s6-trojan-grpc,289857,0,3305,3305,1.5,3.0,4.0,0.0,-,0,0,0.000
1790426854,__proc__,0,0,0,0,-,-,-,2538.0,32426,49194,36812323,2999.899
1790426884,s1-short,289462,0,3284,3284,2.6,4.3,5.6,0.0,-,0,0,0.000
1790426884,s2-long,341,4,0,0,14.5,55.6,219.7,0.0,-,0,0,0.000
1790426884,s3-quic,2671520,3,4011895,4011895,2.0,3.0,4.0,0.0,-,0,0,0.000
1790426884,s4-mixed-kcp,79147,0,7907465,7907465,51.2,799.3,948.7,0.0,-,0,0,0.000
1790426884,s5-vmess-ws,230747,0,2621,2621,41.4,42.6,44.0,0.0,-,0,0,0.000
1790426884,s6-trojan-grpc,291431,0,3305,3305,1.6,3.1,4.3,0.0,-,0,0,0.000
1790426884,__proc__,0,0,0,0,-,-,-,2538.0,32422,49199,37014730,3016.352
1790426914,s1-short,291026,0,3284,3284,2.6,4.4,5.6,0.0,-,0,0,0.000
1790426914,s2-long,341,4,0,0,14.5,55.6,219.7,0.0,-,0,0,0.000
1790426914,s3-quic,2685933,3,3935710,3935710,2.0,2.9,3.9,0.0,-,0,0,0.000
1790426914,s4-mixed-kcp,79568,0,7975450,7975450,51.2,799.6,948.8,0.0,-,0,0,0.000
1790426914,s5-vmess-ws,231994,0,2619,2619,41.4,42.7,44.2,0.0,-,0,0,0.000
1790426914,s6-trojan-grpc,293002,0,3299,3299,1.7,3.3,4.4,0.0,-,0,0,0.000
1790426914,__proc__,0,0,0,0,-,-,-,2540.6,32412,49154,37213841,3032.880
1790426944,s1-short,292588,0,3280,3280,2.7,4.5,5.7,0.0,-,0,0,0.000
1790426944,s2-long,341,4,0,0,14.5,55.6,219.7,0.0,-,0,0,0.000
1790426944,s3-quic,2700376,3,3943902,3943902,1.9,2.9,3.9,0.0,-,0,0,0.000
1790426944,s4-mixed-kcp,79984,0,8133489,8133489,51.2,799.6,949.0,0.0,-,0,0,0.000
1790426944,s5-vmess-ws,233242,0,2621,2621,41.4,42.7,44.0,0.0,-,0,0,0.000
1790426944,s6-trojan-grpc,294578,0,3310,3310,1.7,3.3,4.5,0.0,-,0,0,0.000
1790426944,__proc__,0,0,0,0,-,-,-,2519.4,32435,49169,37413769,3049.412
1790426974,s1-short,294152,0,3284,3284,2.7,4.5,5.8,0.0,-,0,0,0.000
1790426974,s2-long,341,4,0,0,14.5,55.6,219.7,0.0,-,0,0,0.000
1790426974,s3-quic,2714981,3,3988139,3988139,1.9,2.8,3.7,0.0,-,0,0,0.000
1790426974,s4-mixed-kcp,80408,0,7855674,7855674,51.2,799.4,949.0,0.0,-,0,0,0.000
1790426974,s5-vmess-ws,234489,0,2619,2619,41.4,42.7,44.0,0.0,-,0,0,0.000
1790426974,s6-trojan-grpc,296153,0,3308,3308,1.6,3.3,4.4,0.0,-,0,0,0.000
1790426974,__proc__,0,0,0,0,-,-,-,2535.1,32434,49186,37614736,3065.778
1790427004,s1-short,295715,0,3282,3282,2.6,4.4,5.7,0.0,-,0,0,0.000
1790427004,s2-long,341,4,0,0,14.5,55.6,219.7,0.0,-,0,0,0.000
1790427004,s3-quic,2729623,3,3998242,3998242,1.9,2.8,3.7,0.0,-,0,0,0.000
1790427004,s4-mixed-kcp,80823,0,8062105,8062105,51.2,799.8,949.0,0.0,-,0,0,0.000
1790427004,s5-vmess-ws,235736,0,2619,2619,41.4,42.7,43.8,0.0,-,0,0,0.000
1790427004,s6-trojan-grpc,297727,0,3305,3305,1.5,3.2,4.3,0.0,-,0,0,0.000
1790427004,__proc__,0,0,0,0,-,-,-,2538.0,32430,49179,37816168,3082.214
1790427034,s1-short,297281,0,3289,3289,2.5,4.4,5.5,0.0,-,0,0,0.000
1790427034,s2-long,341,4,0,0,14.5,55.6,219.7,0.0,-,0,0,0.000
1790427034,s3-quic,2744294,3,4006161,4006161,1.9,2.8,3.9,0.0,-,0,0,0.000
1790427034,s4-mixed-kcp,81250,0,7928941,7928941,51.2,799.8,949.1,0.0,-,0,0,0.000
1790427034,s5-vmess-ws,236984,0,2621,2621,41.4,42.7,43.8,0.0,-,0,0,0.000
1790427034,s6-trojan-grpc,299302,0,3308,3308,1.4,3.1,4.1,0.0,-,0,0,0.000
1790427034,__proc__,0,0,0,0,-,-,-,2514.5,32417,49207,38019856,3098.570
1790427064,s1-short,298845,0,3284,3284,2.5,4.4,5.6,0.0,-,0,0,0.000
1790427064,s2-long,341,4,0,0,14.5,55.6,219.7,0.0,-,0,0,0.000
1790427064,s3-quic,2758596,3,3905399,3905399,2.0,3.0,4.0,0.0,-,0,0,0.000
1790427064,s4-mixed-kcp,81670,0,7955668,7955668,51.2,800.3,949.4,0.0,-,0,0,0.000
1790427064,s5-vmess-ws,238230,0,2617,2617,41.4,42.7,44.0,0.0,-,0,0,0.000
1790427064,s6-trojan-grpc,300878,0,3310,3310,1.4,3.1,4.0,0.0,-,0,0,0.000
1790427064,__proc__,0,0,0,0,-,-,-,2525.4,32415,49173,38219781,3114.808
1790427094,s1-short,300411,0,3289,3289,2.5,4.3,5.6,0.0,-,0,0,0.000
1790427094,s2-long,341,4,0,0,14.5,55.6,219.7,0.0,-,0,0,0.000
1790427094,s3-quic,2772987,3,3929702,3929702,2.0,2.9,3.9,0.0,-,0,0,0.000
1790427094,s4-mixed-kcp,82104,0,7997971,7997971,51.2,846.5,949.3,0.0,-,0,0,0.000
1790427094,s5-vmess-ws,239477,0,2619,2619,41.4,42.6,44.1,0.0,-,0,0,0.000
1790427094,s6-trojan-grpc,302453,0,3308,3308,1.4,3.1,4.1,0.0,-,0,0,0.000
1790427094,__proc__,0,0,0,0,-,-,-,2522.5,32416,49175,38420886,3131.118
1790427124,s1-short,301972,0,3278,3278,2.5,4.4,5.6,0.0,-,0,0,0.000
1790427124,s2-long,341,4,0,0,14.5,55.6,219.7,0.0,-,0,0,0.000
1790427124,s3-quic,2787241,3,3892292,3892292,2.0,2.9,3.9,0.0,-,0,0,0.000
1790427124,s4-mixed-kcp,82528,0,7991856,7991856,51.2,847.1,949.4,0.0,-,0,0,0.000
1790427124,s5-vmess-ws,240725,0,2621,2621,41.4,42.7,44.1,0.0,-,0,0,0.000
1790427124,s6-trojan-grpc,304029,0,3310,3310,1.4,3.2,4.2,0.0,-,0,0,0.000
1790427124,__proc__,0,0,0,0,-,-,-,2522.0,32402,49171,38620114,3147.501
1790427154,s1-short,303536,0,3284,3284,2.6,4.4,5.6,0.0,-,0,0,0.000
1790427154,s2-long,341,4,0,0,14.5,55.6,219.7,0.0,-,0,0,0.000
1790427154,s3-quic,2801399,3,3866078,3866078,2.0,2.9,3.9,0.0,-,0,0,0.000
1790427154,s4-mixed-kcp,82949,0,7851209,7851209,51.2,847.1,949.3,0.0,-,0,0,0.000
1790427154,s5-vmess-ws,241972,0,2619,2619,41.4,42.7,44.0,0.0,-,0,0,0.000
1790427154,s6-trojan-grpc,305601,0,3301,3301,1.5,3.3,4.5,0.0,-,0,0,0.000
1790427154,__proc__,0,0,0,0,-,-,-,2531.4,32386,49121,38817186,3163.955
1790427184,s1-short,305097,0,3278,3278,2.8,4.6,5.9,0.0,-,0,0,0.000
1790427184,s2-long,341,4,0,0,14.5,55.6,219.7,0.0,-,0,0,0.000
1790427184,s3-quic,2815641,3,3889015,3889015,2.0,3.0,4.1,0.0,-,0,0,0.000
1790427184,s4-mixed-kcp,83366,0,7934670,7934670,51.2,845.2,949.2,0.0,-,0,0,0.000
1790427184,s5-vmess-ws,243220,0,2621,2621,41.4,42.8,43.9,0.0,-,0,0,0.000
1790427184,s6-trojan-grpc,307174,0,3303,3303,1.7,3.4,4.5,0.0,-,0,0,0.000
1790427184,__proc__,0,0,0,0,-,-,-,2521.8,32383,49120,39012503,3180.562
1790427214,s1-short,306658,0,3278,3278,2.9,4.7,6.0,0.0,-,0,0,0.000
1790427214,s2-long,341,4,0,0,14.5,55.6,219.7,0.0,-,0,0,0.000
1790427214,s3-quic,2830187,3,3972028,3972028,1.9,2.7,3.7,0.0,-,0,0,0.000
1790427214,s4-mixed-kcp,83788,0,8012787,8012787,51.2,800.9,948.8,0.0,-,0,0,0.000
1790427214,s5-vmess-ws,244467,0,2619,2619,41.4,42.7,43.9,0.0,-,0,0,0.000
1790427214,s6-trojan-grpc,308748,0,3305,3305,1.7,3.4,4.4,0.0,-,0,0,0.000
1790427214,__proc__,0,0,0,0,-,-,-,2540.9,32388,49132,39212943,3197.155
1790427244,s1-short,308221,0,3282,3282,2.8,4.6,6.1,0.0,-,0,0,0.000
1790427244,s2-long,341,4,0,0,14.5,55.6,219.7,0.0,-,0,0,0.000
1790427244,s3-quic,2844919,3,4022818,4022818,1.9,3.1,4.0,0.0,-,0,0,0.000
1790427244,s4-mixed-kcp,84198,0,7903976,7903976,51.2,800.6,949.0,0.0,-,0,0,0.000
1790427244,s5-vmess-ws,245715,0,2621,2621,41.4,42.7,43.9,0.0,-,0,0,0.000
1790427244,s6-trojan-grpc,310320,0,3301,3301,1.7,3.3,4.3,0.0,-,0,0,0.000
1790427244,__proc__,0,0,0,0,-,-,-,2521.8,32370,49127,39414750,3213.650
1790427274,s1-short,309786,0,3286,3286,2.7,4.4,5.9,0.0,-,0,0,0.000
1790427274,s2-long,341,4,0,0,14.5,55.6,219.7,0.0,-,0,0,0.000
1790427274,s3-quic,2859612,3,4012169,4012169,1.9,2.9,3.8,0.0,-,0,0,0.000
1790427274,s4-mixed-kcp,84622,0,8095217,8095217,51.2,800.3,949.2,0.0,-,0,0,0.000
1790427274,s5-vmess-ws,246963,0,2621,2621,41.4,42.6,43.7,0.0,-,0,0,0.000
1790427274,s6-trojan-grpc,311894,0,3305,3305,1.6,3.3,4.1,0.0,-,0,0,0.000
1790427274,__proc__,0,0,0,0,-,-,-,2521.6,32401,49141,39617810,3229.997
1790427304,s1-short,311350,0,3284,3284,2.6,4.4,5.6,0.0,-,0,0,0.000
1790427304,s2-long,341,4,0,0,14.5,55.6,219.7,0.0,-,0,0,0.000
1790427304,s3-quic,2873972,3,3921237,3921237,2.0,2.8,3.9,0.0,-,0,0,0.000
1790427304,s4-mixed-kcp,85044,0,8029851,8029851,51.2,800.6,948.9,0.0,-,0,0,0.000
1790427304,s5-vmess-ws,248210,0,2619,2619,41.4,42.6,43.5,0.0,-,0,0,0.000
1790427304,s6-trojan-grpc,313470,0,3310,3310,1.5,3.3,4.1,0.0,-,0,0,0.000
1790427304,__proc__,0,0,0,0,-,-,-,2516.1,32400,49158,39818091,3246.363
1790427334,s1-short,312915,0,3286,3286,2.5,4.4,5.6,0.0,-,0,0,0.000
1790427334,s2-long,341,4,0,0,14.5,55.6,219.7,0.0,-,0,0,0.000
1790427334,s3-quic,2888587,3,3990869,3990869,1.9,2.8,3.9,0.0,-,0,0,0.000
1790427334,s4-mixed-kcp,85466,0,7931527,7931527,51.2,844.6,949.2,0.0,-,0,0,0.000
1790427334,s5-vmess-ws,249457,0,2619,2619,41.4,42.7,43.8,0.0,-,0,0,0.000
1790427334,s6-trojan-grpc,315046,0,3310,3310,1.4,3.2,4.2,0.0,-,0,0,0.000
1790427334,__proc__,0,0,0,0,-,-,-,2534.4,32415,49182,40020083,3262.628
1790427364,s1-short,314479,0,3284,3284,2.5,4.4,5.5,0.0,-,0,0,0.000
1790427364,s2-long,341,4,0,0,14.5,55.6,219.7,0.0,-,0,0,0.000
1790427364,s3-quic,2903499,3,4071970,4071970,1.9,2.8,3.8,0.0,-,0,0,0.000
1790427364,s4-mixed-kcp,85897,0,8000867,8000867,51.2,800.3,948.8,0.0,-,0,0,0.000
1790427364,s5-vmess-ws,250705,0,2621,2621,41.4,42.6,43.9,0.0,-,0,0,0.000
1790427364,s6-trojan-grpc,316623,0,3312,3312,1.4,3.1,4.1,0.0,-,0,0,0.000
1790427364,__proc__,0,0,0,0,-,-,-,2531.1,32407,49187,40225261,3278.780
1790427394,s1-short,316049,0,3297,3297,2.4,4.1,5.3,0.0,-,0,0,0.000
1790427394,s2-long,341,4,0,0,14.5,55.6,219.7,0.0,-,0,0,0.000
1790427394,s3-quic,2918736,3,4160717,4160717,1.8,2.6,3.5,0.0,-,0,0,0.000
1790427394,s4-mixed-kcp,86331,0,7914546,7914546,51.2,800.2,948.9,0.0,-,0,0,0.000
1790427394,s5-vmess-ws,251953,0,2621,2621,41.4,42.6,43.7,0.0,-,0,0,0.000
1790427394,s6-trojan-grpc,318199,0,3310,3310,1.3,2.9,3.9,0.0,-,0,0,0.000
1790427394,__proc__,0,0,0,0,-,-,-,2523.6,32435,49217,40436041,3294.823
1790427424,s1-short,317617,0,3293,3293,2.3,4.0,5.0,0.0,-,0,0,0.000
1790427424,s2-long,341,4,0,0,14.5,55.6,219.7,0.0,-,0,0,0.000
1790427424,s3-quic,2934020,3,4173551,4173551,1.9,2.6,3.5,0.0,-,0,0,0.000
1790427424,s4-mixed-kcp,86761,0,8010205,8010205,51.2,799.8,948.9,0.0,-,0,0,0.000
1790427424,s5-vmess-ws,253199,0,2617,2617,41.4,42.6,43.7,0.0,-,0,0,0.000
1790427424,s6-trojan-grpc,319778,0,3316,3316,1.3,2.9,3.7,0.0,-,0,0,0.000
1790427424,__proc__,0,0,0,0,-,-,-,2528.9,32441,49221,40648052,3310.972
1790427454,s1-short,319182,0,3286,3286,2.3,3.9,4.9,0.0,-,0,0,0.000
1790427454,s2-long,341,4,0,0,14.5,55.6,219.7,0.0,-,0,0,0.000
1790427454,s3-quic,2949245,3,4157440,4157440,1.9,2.7,3.6,0.0,-,0,0,0.000
1790427454,s4-mixed-kcp,87186,0,8005617,8005617,51.2,800.4,949.1,0.0,-,0,0,0.000
1790427454,s5-vmess-ws,254446,0,2619,2619,41.4,42.6,43.7,0.0,-,0,0,0.000
1790427454,s6-trojan-grpc,321354,0,3310,3310,1.3,2.8,3.7,0.0,-,0,0,0.000
1790427454,__proc__,0,0,0,0,-,-,-,2540.0,32437,49204,40858370,3327.231
1790427484,s1-short,320750,0,3293,3293,2.3,3.9,5.1,0.0,-,0,0,0.000
1790427484,s2-long,341,4,0,0,14.5,55.6,219.7,0.0,-,0,0,0.000
1790427484,s3-quic,2964586,3,4189116,4189116,1.8,2.6,3.6,0.0,-,0,0,0.000
1790427484,s4-mixed-kcp,87593,0,8104483,8104483,51.2,847.0,949.8,0.0,-,0,0,0.000
1790427484,s5-vmess-ws,255693,0,2619,2619,41.4,42.6,43.8,0.0,-,0,0,0.000
1790427484,s6-trojan-grpc,322930,0,3310,3310,1.4,2.9,3.8,0.0,-,0,0,0.000
1790427484,__proc__,0,0,0,0,-,-,-,2533.4,32444,49211,41070135,3343.538
1790427514,s1-short,322314,0,3284,3284,2.4,4.0,5.4,0.0,-,0,0,0.000
1790427514,s2-long,341,4,0,0,14.5,55.6,219.7,0.0,-,0,0,0.000
1790427514,s3-quic,2979843,3,4166178,4166178,1.8,2.7,3.6,0.0,-,0,0,0.000
1790427514,s4-mixed-kcp,88007,0,8103166,8103166,51.2,847.5,949.7,0.0,-,0,0,0.000
1790427514,s5-vmess-ws,256941,0,2621,2621,41.4,42.6,43.5,0.0,-,0,0,0.000
1790427514,s6-trojan-grpc,324505,0,3308,3308,1.5,2.9,3.9,0.0,-,0,0,0.000
1790427514,__proc__,0,0,0,0,-,-,-,2540.0,32426,49197,41280759,3359.816
1790427544,s1-short,323878,0,3284,3284,2.5,4.2,5.6,0.0,-,0,0,0.000
1790427544,s2-long,341,4,0,0,14.5,55.6,219.7,0.0,-,0,0,0.000
1790427544,s3-quic,2994668,3,4048213,4048213,2.0,3.0,3.9,0.0,-,0,0,0.000
1790427544,s4-mixed-kcp,88430,0,7943697,7943697,51.2,847.8,949.5,0.0,-,0,0,0.000
1790427544,s5-vmess-ws,258189,0,2621,2621,41.4,42.6,43.6,0.0,-,0,0,0.000
1790427544,s6-trojan-grpc,326081,0,3310,3310,1.5,3.1,4.1,0.0,-,0,0,0.000
1790427544,__proc__,0,0,0,0,-,-,-,2537.8,32446,49227,41485679,3376.278
1790427574,s1-short,325442,0,3284,3284,2.6,4.4,5.6,0.0,-,0,0,0.000
1790427574,s2-long,341,4,0,0,14.5,55.6,219.7,0.0,-,0,0,0.000
1790427574,s3-quic,3009053,3,3928064,3928064,2.0,2.8,3.9,0.0,-,0,0,0.000
1790427574,s4-mixed-kcp,88860,0,7993147,7993147,51.2,847.5,949.3,0.0,-,0,0,0.000
1790427574,s5-vmess-ws,259437,0,2621,2621,41.4,42.6,43.7,0.0,-,0,0,0.000
1790427574,s6-trojan-grpc,327655,0,3305,3305,1.6,3.2,4.4,0.0,-,0,0,0.000
1790427574,__proc__,0,0,0,0,-,-,-,2540.9,32448,49215,41684956,3392.870
1790427604,s1-short,327008,0,3289,3289,2.6,4.4,5.7,0.0,-,0,0,0.000
1790427604,s2-long,341,4,0,0,14.5,55.6,219.7,0.0,-,0,0,0.000
1790427604,s3-quic,3023908,3,4056405,4056405,1.9,2.8,3.7,0.0,-,0,0,0.000
1790427604,s4-mixed-kcp,89297,0,7846179,7846179,51.2,800.9,949.2,0.0,-,0,0,0.000
1790427604,s5-vmess-ws,260683,0,2617,2617,41.4,42.6,43.7,0.0,-,0,0,0.000
1790427604,s6-trojan-grpc,329230,0,3308,3308,1.5,3.2,4.3,0.0,-,0,0,0.000
1790427604,__proc__,0,0,0,0,-,-,-,2543.5,32459,49247,41889662,3409.168
1790427634,s1-short,328573,0,3286,3286,2.5,4.3,5.5,0.0,-,0,0,0.000
1790427634,s2-long,341,4,0,0,14.5,55.6,219.7,0.0,-,0,0,0.000
1790427634,s3-quic,3039026,3,4128222,4128222,1.9,2.7,3.7,0.0,-,0,0,0.000
1790427634,s4-mixed-kcp,89723,0,7990013,7990013,51.2,800.7,948.9,0.0,-,0,0,0.000
1790427634,s5-vmess-ws,261931,0,2621,2621,41.4,42.6,43.6,0.0,-,0,0,0.000
1790427634,s6-trojan-grpc,330808,0,3314,3314,1.4,3.1,4.1,0.0,-,0,0,0.000
1790427634,__proc__,0,0,0,0,-,-,-,2531.1,32445,49242,42098303,3425.355
1790427664,s1-short,330141,0,3293,3293,2.3,4.0,4.9,0.0,-,0,0,0.000
1790427664,s2-long,341,4,0,0,14.5,55.6,219.7,0.0,-,0,0,0.000
1790427664,s3-quic,3054183,3,4138871,4138871,1.9,2.7,3.7,0.0,-,0,0,0.000
1790427664,s4-mixed-kcp,90148,0,7926040,7926040,51.2,846.7,948.9,0.0,-,0,0,0.000
1790427664,s5-vmess-ws,263179,0,2621,2621,41.4,42.6,43.7,0.0,-,0,0,0.000
1790427664,s6-trojan-grpc,332384,0,3310,3310,1.3,2.9,3.7,0.0,-,0,0,0.000
1790427664,__proc__,0,0,0,0,-,-,-,2534.3,32442,49234,42308018,3441.546
1790427694,s1-short,331706,0,3286,3286,2.3,4.0,4.9,0.0,-,0,0,0.000
1790427694,s2-long,341,4,0,0,14.5,55.6,219.7,0.0,-,0,0,0.000
1790427694,s3-quic,3069079,3,4067601,4067601,1.9,2.8,3.7,0.0,-,0,0,0.000
1790427694,s4-mixed-kcp,90577,0,7906744,7906744,51.2,845.8,948.9,0.0,-,0,0,0.000
1790427694,s5-vmess-ws,264427,0,2621,2621,41.4,42.6,43.6,0.0,-,0,0,0.000
1790427694,s6-trojan-grpc,333961,0,3312,3312,1.3,2.9,3.8,0.0,-,0,0,0.000
1790427694,__proc__,0,0,0,0,-,-,-,2539.8,32444,49237,42513056,3457.743
1790427724,s1-short,333274,0,3293,3293,2.3,4.1,4.9,0.0,-,0,0,0.000
1790427724,s2-long,341,4,0,0,14.5,55.6,219.7,0.0,-,0,0,0.000
1790427724,s3-quic,3084055,3,4089446,4089446,1.9,2.8,3.8,0.0,-,0,0,0.000
1790427724,s4-mixed-kcp,91005,0,7912265,7912265,51.2,800.6,948.8,0.0,-,0,0,0.000
1790427724,s5-vmess-ws,265675,0,2621,2621,41.4,42.6,43.7,0.0,-,0,0,0.000
1790427724,s6-trojan-grpc,335537,0,3310,3310,1.3,2.9,3.8,0.0,-,0,0,0.000
1790427724,__proc__,0,0,0,0,-,-,-,2536.0,32446,49232,42719513,3473.982
1790427754,s1-short,334838,0,3284,3284,2.4,4.2,5.2,0.0,-,0,0,0.000
1790427754,s2-long,341,4,0,0,14.5,55.6,219.7,0.0,-,0,0,0.000
1790427754,s3-quic,3098980,3,4075520,4075520,1.9,2.8,3.7,0.0,-,0,0,0.000
1790427754,s4-mixed-kcp,91425,0,7932241,7932241,51.2,800.8,948.9,0.0,-,0,0,0.000
1790427754,s5-vmess-ws,266923,0,2621,2621,41.4,42.6,43.6,0.0,-,0,0,0.000
1790427754,s6-trojan-grpc,337113,0,3310,3310,1.3,3.0,4.0,0.0,-,0,0,0.000
1790427754,__proc__,0,0,0,0,-,-,-,2545.5,32443,49220,42924900,3490.364
1790427784,s1-short,336403,0,3286,3286,2.5,4.2,5.2,0.0,-,0,0,0.000
1790427784,s2-long,341,4,0,0,14.5,55.6,219.7,0.0,-,0,0,0.000
1790427784,s3-quic,3113756,3,4034833,4034833,2.0,2.8,3.7,0.0,-,0,0,0.000
1790427784,s4-mixed-kcp,91838,0,8111991,8111991,51.2,845.7,948.8,0.0,-,0,0,0.000
1790427784,s5-vmess-ws,268170,0,2619,2619,41.4,42.6,43.5,0.0,-,0,0,0.000
1790427784,s6-trojan-grpc,338689,0,3310,3310,1.4,3.2,4.0,0.0,-,0,0,0.000
1790427784,__proc__,0,0,0,0,-,-,-,2534.9,32435,49211,43128873,3506.732
1790427814,s1-short,337966,0,3282,3282,2.6,4.3,5.3,0.0,-,0,0,0.000
1790427814,s2-long,341,4,0,0,14.5,55.6,219.7,0.0,-,0,0,0.000
1790427814,s3-quic,3128226,3,3951275,3951275,1.9,3.0,3.9,0.0,-,0,0,0.000
1790427814,s4-mixed-kcp,92261,0,7873847,7873847,51.2,800.7,948.7,0.0,-,0,0,0.000
1790427814,s5-vmess-ws,269418,0,2621,2621,41.4,42.6,43.8,0.0,-,0,0,0.000
1790427814,s6-trojan-grpc,340261,0,3301,3301,1.5,3.3,4.1,0.0,-,0,0,0.000
1790427814,__proc__,0,0,0,0,-,-,-,2533.1,32419,49173,43327161,3523.301
1790427844,s1-short,339528,0,3280,3280,2.6,4.4,5.7,0.0,-,0,0,0.000
1790427844,s2-long,341,4,0,0,14.5,55.6,219.7,0.0,-,0,0,0.000
1790427844,s3-quic,3142865,3,3997423,3997423,1.9,2.9,3.9,0.0,-,0,0,0.000
1790427844,s4-mixed-kcp,92680,0,7901640,7901640,51.2,801.8,948.7,0.0,-,0,0,0.000
1790427844,s5-vmess-ws,270666,0,2621,2621,41.4,42.6,43.8,0.0,-,0,0,0.000
1790427844,s6-trojan-grpc,341836,0,3308,3308,1.6,3.3,4.0,0.0,-,0,0,0.000
1790427844,__proc__,0,0,0,0,-,-,-,2522.5,32410,49168,43528428,3539.874
1790427874,s1-short,341093,0,3286,3286,2.7,4.4,5.6,0.0,-,0,0,0.000
1790427874,s2-long,341,4,0,0,14.5,55.6,219.7,0.0,-,0,0,0.000
1790427874,s3-quic,3157598,3,4023091,4023091,1.9,2.8,3.8,0.0,-,0,0,0.000
1790427874,s4-mixed-kcp,93100,0,7932896,7932896,51.2,800.9,948.9,0.0,-,0,0,0.000
1790427874,s5-vmess-ws,271912,0,2617,2617,41.4,42.7,43.8,0.0,-,0,0,0.000
1790427874,s6-trojan-grpc,343410,0,3305,3305,1.6,3.3,4.0,0.0,-,0,0,0.000
1790427874,__proc__,0,0,0,0,-,-,-,2536.9,32435,49190,43731178,3556.403
1790427904,s1-short,342658,0,3286,3286,2.6,4.3,5.5,0.0,-,0,0,0.000
1790427904,s2-long,341,4,0,0,14.5,55.6,219.7,0.0,-,0,0,0.000
1790427904,s3-quic,3172344,3,4026641,4026641,1.9,2.9,4.0,0.0,-,0,0,0.000
1790427904,s4-mixed-kcp,93520,0,7937839,7937839,51.2,801.8,948.9,0.0,-,0,0,0.000
1790427904,s5-vmess-ws,273158,0,2617,2617,41.4,42.7,43.6,0.0,-,0,0,0.000
1790427904,s6-trojan-grpc,344984,0,3305,3305,1.6,3.2,4.0,0.0,-,0,0,0.000
1790427904,__proc__,0,0,0,0,-,-,-,2538.0,32439,49185,43934645,3572.771
1790427934,s1-short,344223,0,3286,3286,2.5,4.3,5.3,0.0,-,0,0,0.000
1790427934,s2-long,341,4,0,0,14.5,55.6,219.7,0.0,-,0,0,0.000
1790427934,s3-quic,3187324,3,4090539,4090539,1.9,2.7,3.8,0.0,-,0,0,0.000
1790427934,s4-mixed-kcp,93947,0,7962206,7962206,51.2,800.8,948.9,0.0,-,0,0,0.000
1790427934,s5-vmess-ws,274405,0,2619,2619,41.4,42.7,43.5,0.0,-,0,0,0.000
1790427934,s6-trojan-grpc,346560,0,3310,3310,1.5,3.1,3.8,0.0,-,0,0,0.000
1790427934,__proc__,0,0,0,0,-,-,-,2531.1,32423,49179,44141777,3589.105
1790427964,s1-short,345788,0,3286,3286,2.5,4.2,5.3,0.0,-,0,0,0.000
1790427964,s2-long,341,4,0,0,14.5,55.6,219.7,0.0,-,0,0,0.000
1790427964,s3-quic,3202085,3,4030737,4030737,1.9,2.9,3.8,0.0,-,0,0,0.000
1790427964,s4-mixed-kcp,94367,0,7931158,7931158,51.2,801.8,948.9,0.0,-,0,0,0.000
1790427964,s5-vmess-ws,275653,0,2621,2621,41.4,42.6,43.7,0.0,-,0,0,0.000
1790427964,s6-trojan-grpc,348137,0,3312,3312,1.4,3.1,3.7,0.0,-,0,0,0.000
1790427964,__proc__,0,0,0,0,-,-,-,2524.5,32413,49174,44345468,3605.433
1790427994,s1-short,347353,0,3286,3286,2.4,4.2,5.2,0.0,-,0,0,0.000
1790427994,s2-long,341,4,0,0,14.5,55.6,219.7,0.0,-,0,0,0.000
1790427994,s3-quic,3216921,3,4051217,4051217,1.9,2.8,3.9,0.0,-,0,0,0.000
1790427994,s4-mixed-kcp,94800,0,7971107,7971107,51.2,846.7,948.9,0.0,-,0,0,0.000
1790427994,s5-vmess-ws,276901,0,2621,2621,41.4,42.7,43.9,0.0,-,0,0,0.000
1790427994,s6-trojan-grpc,349713,0,3310,3310,1.4,3.0,3.7,0.0,-,0,0,0.000
1790427994,__proc__,0,0,0,0,-,-,-,2526.5,32427,49210,44552046,3621.636
1790428024,s1-short,348920,0,3291,3291,2.4,4.2,5.3,0.0,-,0,0,0.000
1790428024,s2-long,341,4,0,0,14.5,55.6,219.7,0.0,-,0,0,0.000
1790428024,s3-quic,3231671,3,4027733,4027733,1.9,2.8,3.9,0.0,-,0,0,0.000
1790428024,s4-mixed-kcp,95233,0,8028085,8028085,51.2,800.9,948.9,0.0,-,0,0,0.000
1790428024,s5-vmess-ws,278149,0,2621,2621,41.4,42.6,43.7,0.0,-,0,0,0.000
1790428024,s6-trojan-grpc,351290,0,3312,3312,1.4,3.0,3.7,0.0,-,0,0,0.000
1790428024,__proc__,0,0,0,0,-,-,-,2523.4,32421,49191,44756223,3637.893
1790428054,s1-short,350485,0,3286,3286,2.5,4.3,5.3,0.0,-,0,0,0.000
1790428054,s2-long,341,4,0,0,14.5,55.6,219.7,0.0,-,0,0,0.000
1790428054,s3-quic,3246359,3,4010803,4010803,1.9,2.9,3.6,0.0,-,0,0,0.000
1790428054,s4-mixed-kcp,95660,0,8007587,8007587,51.2,800.4,949.0,0.0,-,0,0,0.000
1790428054,s5-vmess-ws,279396,0,2619,2619,41.4,42.7,43.8,0.0,-,0,0,0.000
1790428054,s6-trojan-grpc,352866,0,3310,3310,1.4,3.1,3.8,0.0,-,0,0,0.000
1790428054,__proc__,0,0,0,0,-,-,-,2523.6,32435,49206,44958816,3654.246
1790428084,s1-short,352049,0,3284,3284,2.5,4.3,5.5,0.0,-,0,0,0.000
1790428084,s2-long,341,4,0,0,14.5,55.6,219.7,0.0,-,0,0,0.000
1790428084,s3-quic,3260992,3,3995785,3995785,1.9,2.9,3.9,0.0,-,0,0,0.000
1790428084,s4-mixed-kcp,96079,0,7936072,7936072,51.2,800.1,949.0,0.0,-,0,0,0.000
1790428084,s5-vmess-ws,280644,0,2621,2621,41.4,42.7,43.7,0.0,-,0,0,0.000
1790428084,s6-trojan-grpc,354439,0,3303,3303,1.5,3.2,4.0,0.0,-,0,0,0.000
1790428084,__proc__,0,0,0,0,-,-,-,2525.1,32420,49192,45159959,3670.613
1790428114,s1-short,353613,0,3284,3284,2.5,4.4,5.6,0.0,-,0,0,0.000
1790428114,s2-long,341,4,0,0,14.5,55.6,219.7,0.0,-,0,0,0.000
1790428114,s3-quic,3275700,3,4016265,4016265,1.9,2.9,3.7,0.0,-,0,0,0.000
1790428114,s4-mixed-kcp,96509,0,7807076,7807076,51.2,799.8,949.0,0.0,-,0,0,0.000
1790428114,s5-vmess-ws,281891,0,2619,2619,41.4,42.6,43.6,0.0,-,0,0,0.000
1790428114,s6-trojan-grpc,356015,0,3310,3310,1.5,3.2,4.2,0.0,-,0,0,0.000
1790428114,__proc__,0,0,0,0,-,-,-,2538.9,32422,49205,45362647,3686.969
1790428144,s1-short,355177,0,3284,3284,2.5,4.3,5.5,0.0,-,0,0,0.000
1790428144,s2-long,341,4,0,0,14.5,55.6,219.7,0.0,-,0,0,0.000
1790428144,s3-quic,3290517,3,4046029,4046029,1.9,2.9,3.8,0.0,-,0,0,0.000
1790428144,s4-mixed-kcp,96938,0,7875563,7875563,51.2,799.9,949.1,0.0,-,0,0,0.000
1790428144,s5-vmess-ws,283139,0,2621,2621,41.4,42.6,43.6,0.0,-,0,0,0.000
1790428144,s6-trojan-grpc,357590,0,3308,3308,1.5,3.2,4.2,0.0,-,0,0,0.000
1790428144,__proc__,0,0,0,0,-,-,-,2537.8,32415,49207,45565838,3703.373
1790428174,s1-short,356743,0,3289,3289,2.5,4.2,5.5,0.0,-,0,0,0.000
1790428174,s2-long,341,4,0,0,14.5,55.6,219.7,0.0,-,0,0,0.000
1790428174,s3-quic,3305535,3,4100915,4100915,1.9,2.8,3.8,0.0,-,0,0,0.000
1790428174,s4-mixed-kcp,97361,0,7922851,7922851,51.2,799.9,949.3,0.0,-,0,0,0.000
1790428174,s5-vmess-ws,284387,0,2621,2621,41.4,42.6,43.7,0.0,-,0,0,0.000
1790428174,s6-trojan-grpc,359166,0,3310,3310,1.5,3.1,4.2,0.0,-,0,0,0.000
1790428174,__proc__,0,0,0,0,-,-,-,2532.0,32421,49194,45775243,3719.717
1790428204,s1-short,358306,0,3282,3282,2.5,4.2,5.6,0.0,-,0,0,0.000
1790428204,s2-long,341,4,0,0,14.5,55.6,219.7,0.0,-,0,0,0.000
1790428204,s3-quic,3320243,3,4016265,4016265,1.9,2.7,3.9,0.0,-,0,0,0.000
1790428204,s4-mixed-kcp,97787,0,7924877,7924877,51.2,800.1,949.2,0.0,-,0,0,0.000
1790428204,s5-vmess-ws,285632,0,2614,2614,41.4,42.6,43.7,0.0,-,0,0,0.000
1790428204,s6-trojan-grpc,360740,0,3305,3305,1.5,3.1,4.1,0.0,-,0,0,0.000
1790428204,__proc__,0,0,0,0,-,-,-,2527.4,32436,49192,45977829,3736.205
1790428234,s1-short,359871,0,3286,3286,2.5,4.3,5.6,0.0,-,0,0,0.000
1790428234,s2-long,341,4,0,0,14.5,55.6,219.7,0.0,-,0,0,0.000
1790428234,s3-quic,3335283,3,4106923,4106923,1.9,2.7,3.8,0.0,-,0,0,0.000
1790428234,s4-mixed-kcp,98217,0,8006854,8006854,51.2,800.1,949.2,0.0,-,0,0,0.000
1790428234,s5-vmess-ws,286880,0,2621,2621,41.4,42.6,43.7,0.0,-,0,0,0.000
1790428234,s6-trojan-grpc,362317,0,3312,3312,1.5,3.1,3.8,0.0,-,0,0,0.000
1790428234,__proc__,0,0,0,0,-,-,-,2541.8,32462,49242,46185398,3752.546
1790428264,s1-short,361438,0,3291,3291,2.5,4.2,5.4,0.0,-,0,0,0.000
1790428264,s2-long,341,4,0,0,14.5,55.6,219.7,0.0,-,0,0,0.000
1790428264,s3-quic,3350389,3,4124945,4124945,1.9,2.7,3.8,0.0,-,0,0,0.000
1790428264,s4-mixed-kcp,98651,0,7867069,7867069,51.2,799.6,949.1,0.0,-,0,0,0.000
1790428264,s5-vmess-ws,288128,0,2621,2621,41.4,42.6,43.5,0.0,-,0,0,0.000
1790428264,s6-trojan-grpc,363894,0,3312,3312,1.4,3.0,3.7,0.0,-,0,0,0.000
1790428264,__proc__,0,0,0,0,-,-,-,2537.1,32446,49225,46394002,3768.798
1790428294,s1-short,363005,0,3291,3291,2.4,4.1,5.3,0.0,-,0,0,0.000
1790428294,s2-long,341,4,0,0,14.5,55.6,219.7,0.0,-,0,0,0.000
1790428294,s3-quic,3365636,3,4163447,4163447,1.9,2.7,3.7,0.0,-,0,0,0.000
1790428294,s4-mixed-kcp,99081,0,7808588,7808588,51.2,800.1,949.1,0.0,-,0,0,0.000
1790428294,s5-vmess-ws,289374,0,2617,2617,41.4,42.6,43.5,0.0,-,0,0,0.000
1790428294,s6-trojan-grpc,365472,0,3314,3314,1.3,2.9,3.6,0.0,-,0,0,0.000
1790428294,__proc__,0,0,0,0,-,-,-,2534.9,32449,49239,46602818,3785.008
1790428324,s1-short,364574,0,3295,3295,2.3,3.9,5.0,0.0,-,0,0,0.000
1790428324,s2-long,341,4,0,0,14.5,55.6,219.7,0.0,-,0,0,0.000
1790428324,s3-quic,3380920,3,4173551,4173551,1.9,2.8,3.8,0.0,-,0,0,0.000
1790428324,s4-mixed-kcp,99506,0,8073849,8073849,51.2,800.2,949.0,0.0,-,0,0,0.000
1790428324,s5-vmess-ws,290622,0,2621,2621,41.4,42.5,43.4,0.0,-,0,0,0.000
1790428324,s6-trojan-grpc,367048,0,3310,3310,1.3,2.8,3.6,0.0,-,0,0,0.000
1790428324,__proc__,0,0,0,0,-,-,-,2529.1,32442,49237,46815195,3801.139
1790428354,s1-short,366138,0,3284,3284,2.3,3.8,4.9,0.0,-,0,0,0.000
1790428354,s2-long,341,4,0,0,14.5,55.6,219.7,0.0,-,0,0,0.000
1790428354,s3-quic,3395988,3,4114569,4114569,1.9,2.7,3.9,0.0,-,0,0,0.000
1790428354,s4-mixed-kcp,99934,0,7818285,7818285,51.2,800.1,949.2,0.0,-,0,0,0.000
1790428354,s5-vmess-ws,291869,0,2619,2619,41.4,42.6,43.5,0.0,-,0,0,0.000
1790428354,s6-trojan-grpc,368625,0,3312,3312,1.3,2.8,3.6,0.0,-,0,0,0.000
1790428354,__proc__,0,0,0,0,-,-,-,2525.7,32436,49226,47023320,3817.427
1790428384,s1-short,367702,0,3284,3284,2.4,4.1,5.0,0.0,-,0,0,0.000
1790428384,s2-long,341,4,0,0,14.5,55.6,219.7,0.0,-,0,0,0.000
1790428384,s3-quic,3410729,3,4025276,4025276,1.9,2.9,3.9,0.0,-,0,0,0.000
1790428384,s4-mixed-kcp,100350,0,8101865,8101865,51.2,846.4,949.3,0.0,-,0,0,0.000
1790428384,s5-vmess-ws,293117,0,2621,2621,41.4,42.6,43.5,0.0,-,0,0,0.000
1790428384,s6-trojan-grpc,370200,0,3308,3308,1.4,3.0,4.0,0.0,-,0,0,0.000
1790428384,__proc__,0,0,0,0,-,-,-,2524.3,32441,49218,47226557,3833.854
1790428414,s1-short,369268,0,3289,3289,2.5,4.2,5.2,0.0,-,0,0,0.000
1790428414,s2-long,341,4,0,0,14.5,55.6,219.7,0.0,-,0,0,0.000
1790428414,s3-quic,3425484,3,4029099,4029099,1.9,2.8,3.9,0.0,-,0,0,0.000
1790428414,s4-mixed-kcp,100776,0,7814285,7814285,51.2,846.9,949.3,0.0,-,0,0,0.000
1790428414,s5-vmess-ws,294365,0,2621,2621,41.4,42.6,43.6,0.0,-,0,0,0.000
1790428414,s6-trojan-grpc,371776,0,3310,3310,1.5,3.1,4.2,0.0,-,0,0,0.000
1790428414,__proc__,0,0,0,0,-,-,-,2524.3,32442,49200,47430044,3850.305
1790428444,s1-short,370834,0,3289,3289,2.5,4.3,5.4,0.0,-,0,0,0.000
1790428444,s2-long,341,4,0,0,14.5,55.6,219.7,0.0,-,0,0,0.000
1790428444,s3-quic,3440286,3,4041933,4041933,1.9,2.7,3.6,0.0,-,0,0,0.000
1790428444,s4-mixed-kcp,101196,0,8026858,8026858,51.2,847.7,949.3,0.0,-,0,0,0.000
1790428444,s5-vmess-ws,295612,0,2619,2619,41.4,42.6,43.8,0.0,-,0,0,0.000
1790428444,s6-trojan-grpc,373347,0,3299,3299,1.6,3.2,4.3,0.0,-,0,0,0.000
1790428444,__proc__,0,0,0,0,-,-,-,2529.1,32434,49206,47634526,3866.727
1790428474,s1-short,372399,0,3286,3286,2.4,4.1,5.2,0.0,-,0,0,0.000
1790428474,s2-long,341,4,0,0,14.5,55.6,219.7,0.0,-,0,0,0.000
1790428474,s3-quic,3455629,3,4189662,4189662,1.9,2.8,3.8,0.0,-,0,0,0.000
1790428474,s4-mixed-kcp,101626,0,8060111,8060111,51.2,847.2,949.3,0.0,-,0,0,0.000
1790428474,s5-vmess-ws,296860,0,2621,2621,41.4,42.6,44.0,0.0,-,0,0,0.000
1790428474,s6-trojan-grpc,374925,0,3314,3314,1.5,3.1,4.2,0.0,-,0,0,0.000
1790428474,__proc__,0,0,0,0,-,-,-,2513.9,32432,49208,47845776,3882.911
1790428504,s1-short,373969,0,3297,3297,2.3,3.8,5.0,0.0,-,0,0,0.000
1790428504,s2-long,341,4,0,0,14.5,55.6,219.7,0.0,-,0,0,0.000
1790428504,s3-quic,3471108,3,4226799,4226799,1.8,2.6,3.6,0.0,-,0,0,0.000
1790428504,s4-mixed-kcp,102051,0,7845216,7845216,51.2,847.7,949.5,0.0,-,0,0,0.000
1790428504,s5-vmess-ws,298108,0,2621,2621,41.4,42.6,43.9,0.0,-,0,0,0.000
1790428504,s6-trojan-grpc,376502,0,3312,3312,1.4,2.8,3.8,0.0,-,0,0,0.000
1790428504,__proc__,0,0,0,0,-,-,-,2500.4,32442,49224,48059481,3899.081
1790428534,s1-short,375539,0,3297,3297,2.1,3.6,4.5,0.0,-,0,0,0.000
1790428534,s2-long,341,4,0,0,14.5,55.6,219.7,0.0,-,0,0,0.000
1790428534,s3-quic,3486622,3,4236356,4236356,1.8,2.6,3.7,0.0,-,0,0,0.000
1790428534,s4-mixed-kcp,102492,0,8016171,8016171,51.2,847.7,949.8,0.0,-,0,0,0.000
1790428534,s5-vmess-ws,299356,0,2621,2621,41.4,42.5,43.5,0.0,-,0,0,0.000
1790428534,s6-trojan-grpc,378079,0,3312,3312,1.3,2.7,3.6,0.0,-,0,0,0.000
1790428534,__proc__,0,0,0,0,-,-,-,2534.7,32468,49281,48275227,3915.110
1790428564,s1-short,377110,0,3299,3299,2.1,3.5,4.5,0.0,-,0,0,0.000
1790428564,s2-long,341,4,0,0,14.5,55.6,219.7,0.0,-,0,0,0.000
1790428564,s3-quic,3502071,3,4218607,4218607,1.8,2.8,3.6,0.0,-,0,0,0.000
1790428564,s4-mixed-kcp,102922,0,8061470,8061470,51.2,847.8,949.8,0.0,-,0,0,0.000
1790428564,s5-vmess-ws,300604,0,2621,2621,41.4,42.5,43.4,0.0,-,0,0,0.000
1790428564,s6-trojan-grpc,379659,0,3318,3318,1.3,2.6,3.6,0.0,-,0,0,0.000
1790428564,__proc__,0,0,0,0,-,-,-,2532.4,32461,49281,48490123,3931.189
1790428594,s1-short,378680,0,3297,3297,2.1,3.5,4.6,0.0,-,0,0,0.000
1790428594,s2-long,341,4,0,0,14.5,55.6,219.7,0.0,-,0,0,0.000
1790428594,s3-quic,3517546,3,4225707,4225707,1.8,2.6,3.4,0.0,-,0,0,0.000
1790428594,s4-mixed-kcp,103352,0,7989445,7989445,51.2,847.7,949.8,0.0,-,0,0,0.000
1790428594,s5-vmess-ws,301851,0,2619,2619,41.4,42.5,43.4,0.0,-,0,0,0.000
1790428594,s6-trojan-grpc,381238,0,3316,3316,1.2,2.6,3.6,0.0,-,0,0,0.000
1790428594,__proc__,0,0,0,0,-,-,-,2530.5,32462,49279,48704383,3947.265
1790428624,s1-short,380249,0,3295,3295,2.1,3.5,4.6,0.0,-,0,0,0.000
1790428624,s2-long,341,4,0,0,14.5,55.6,219.7,0.0,-,0,0,0.000
1790428624,s3-quic,3533064,3,4237449,4237449,1.8,2.6,3.5,0.0,-,0,0,0.000
1790428624,s4-mixed-kcp,103790,0,8003484,8003484,51.2,847.5,949.5,0.0,-,0,0,0.000
1790428624,s5-vmess-ws,303099,0,2621,2621,41.4,42.5,43.4,0.0,-,0,0,0.000
1790428624,s6-trojan-grpc,382818,0,3318,3318,1.2,2.6,3.5,0.0,-,0,0,0.000
1790428624,__proc__,0,0,0,0,-,-,-,2516.6,32493,49322,48920048,3963.269
1790428654,s1-short,381819,0,3297,3297,2.1,3.5,4.6,0.0,-,0,0,0.000
1790428654,s2-long,341,4,0,0,14.5,55.6,219.7,0.0,-,0,0,0.000
1790428654,s3-quic,3548567,3,4233353,4233353,1.8,2.6,3.7,0.0,-,0,0,0.000
1790428654,s4-mixed-kcp,104228,0,8025941,8025941,51.2,846.2,949.3,0.0,-,0,0,0.000
1790428654,s5-vmess-ws,304347,0,2621,2621,41.4,42.5,43.4,0.0,-,0,0,0.000
1790428654,s6-trojan-grpc,384395,0,3312,3312,1.2,2.6,3.3,0.0,-,0,0,0.000
1790428654,__proc__,0,0,0,0,-,-,-,2529.4,32483,49309,49136601,3979.282
1790428684,s1-short,383389,0,3297,3297,2.1,3.6,4.5,0.0,-,0,0,0.000
1790428684,s2-long,341,4,0,0,14.5,55.6,219.7,0.0,-,0,0,0.000
1790428684,s3-quic,3563995,3,4212873,4212873,1.8,2.7,3.6,0.0,-,0,0,0.000
1790428684,s4-mixed-kcp,104658,0,7851112,7851112,51.2,800.6,948.9,0.0,-,0,0,0.000
1790428684,s5-vmess-ws,305594,0,2619,2619,41.4,42.5,43.4,0.0,-,0,0,0.000
1790428684,s6-trojan-grpc,385973,0,3314,3314,1.2,2.6,3.3,0.0,-,0,0,0.000
1790428684,__proc__,0,0,0,0,-,-,-,2535.1,32496,49307,49351245,3995.421
1790428714,s1-short,384956,0,3291,3291,2.2,3.7,4.6,0.0,-,0,0,0.000
1790428714,s2-long,341,4,0,0,14.5,55.6,219.7,0.0,-,0,0,0.000
1790428714,s3-quic,3579431,3,4215057,4215057,1.8,2.7,3.7,0.0,-,0,0,0.000
1790428714,s4-mixed-kcp,105075,0,8085189,8085189,51.2,800.9,948.8,0.0,-,0,0,0.000
1790428714,s5-vmess-ws,306841,0,2619,2619,41.4,42.5,43.4,0.0,-,0,0,0.000
1790428714,s6-trojan-grpc,387551,0,3314,3314,1.3,2.6,3.4,0.0,-,0,0,0.000
1790428714,__proc__,0,0,0,0,-,-,-,2541.4,32468,49273,49564866,4011.527
1790428744,s1-short,386522,0,3289,3289,2.3,3.8,4.7,0.0,-,0,0,0.000
1790428744,s2-long,341,4,0,0,14.5,55.6,219.7,0.0,-,0,0,0.000
1790428744,s3-quic,3594764,3,4186931,4186931,1.9,2.7,3.8,0.0,-,0,0,0.000
1790428744,s4-mixed-kcp,105496,0,8014360,8014360,51.2,847.6,949.0,0.0,-,0,0,0.000
1790428744,s5-vmess-ws,308089,0,2621,2621,41.4,42.5,43.4,0.0,-,0,0,0.000
1790428744,s6-trojan-grpc,389127,0,3310,3310,1.3,2.7,3.4,0.0,-,0,0,0.000
1790428744,__proc__,0,0,0,0,-,-,-,2529.7,32491,49293,49776262,4027.785
1790428774,s1-short,388087,0,3286,3286,2.4,3.9,5.0,0.0,-,0,0,0.000
1790428774,s2-long,341,4,0,0,14.5,55.6,219.7,0.0,-,0,0,0.000
1790428774,s3-quic,3609891,3,4130679,4130679,1.9,2.7,3.8,0.0,-,0,0,0.000
1790428774,s4-mixed-kcp,105914,0,7935509,7935509,51.2,846.4,948.9,0.0,-,0,0,0.000
1790428774,s5-vmess-ws,309336,0,2619,2619,41.4,42.5,43.4,0.0,-,0,0,0.000
1790428774,s6-trojan-grpc,390703,0,3310,3310,1.4,2.8,3.7,0.0,-,0,0,0.000
1790428774,__proc__,0,0,0,0,-,-,-,2528.1,32464,49265,49984437,4044.177
1790428804,s1-short,389652,0,3286,3286,2.5,4.1,5.2,0.0,-,0,0,0.000
1790428804,s2-long,341,4,0,0,14.5,55.6,219.7,0.0,-,0,0,0.000
1790428804,s3-quic,3624865,3,4088900,4088900,1.9,2.8,3.9,0.0,-,0,0,0.000
1790428804,s4-mixed-kcp,106345,0,7983288,7983288,51.2,846.4,949.0,0.0,-,0,0,0.000
1790428804,s5-vmess-ws,310584,0,2621,2621,41.4,42.5,43.4,0.0,-,0,0,0.000
1790428804,s6-trojan-grpc,392279,0,3310,3310,1.5,2.9,3.9,0.0,-,0,0,0.000
1790428804,__proc__,0,0,0,0,-,-,-,2534.4,32466,49268,50189659,4060.493
1790428834,s1-short,391217,0,3286,3286,2.6,4.3,5.2,0.0,-,0,0,0.000
1790428834,s2-long,341,4,0,0,14.5,55.6,219.7,0.0,-,0,0,0.000
1790428834,s3-quic,3639856,3,4093542,4093542,1.9,2.7,3.7,0.0,-,0,0,0.000
1790428834,s4-mixed-kcp,106771,0,7899319,7899319,51.2,847.4,949.0,0.0,-,0,0,0.000
1790428834,s5-vmess-ws,311832,0,2621,2621,41.4,42.6,43.4,0.0,-,0,0,0.000
1790428834,s6-trojan-grpc,393854,0,3308,3308,1.5,3.1,4.1,0.0,-,0,0,0.000
1790428834,__proc__,0,0,0,0,-,-,-,2523.3,32485,49302,50395787,4076.921
1790428864,s1-short,392783,0,3289,3289,2.5,4.2,5.2,0.0,-,0,0,0.000
1790428864,s2-long,341,4,0,0,14.5,55.6,219.7,0.0,-,0,0,0.000
1790428864,s3-quic,3655036,3,4145152,4145152,1.9,2.9,3.8,0.0,-,0,0,0.000
1790428864,s4-mixed-kcp,107197,0,8110478,8110478,51.2,847.4,949.0,0.0,-,0,0,0.000
1790428864,s5-vmess-ws,313079,0,2619,2619,41.4,42.6,43.5,0.0,-,0,0,0.000
1790428864,s6-trojan-grpc,395432,0,3314,3314,1.4,3.0,4.1,0.0,-,0,0,0.000
1790428864,__proc__,0,0,0,0,-,-,-,2522.1,32475,49275,50604397,4093.153
1790428894,s1-short,394351,0,3293,3293,2.4,4.1,5.0,0.0,-,0,0,0.000
1790428894,s2-long,341,4,0,0,14.5,55.6,219.7,0.0,-,0,0,0.000
1790428894,s3-quic,3670187,3,4137233,4137233,1.9,2.8,3.8,0.0,-,0,0,0.000
1790428894,s4-mixed-kcp,107631,0,7909540,7909540,51.2,847.1,949.0,0.0,-,0,0,0.000
1790428894,s5-vmess-ws,314327,0,2621,2621,41.4,42.6,43.5,0.0,-,0,0,0.000
1790428894,s6-trojan-grpc,397008,0,3310,3310,1.3,2.9,3.9,0.0,-,0,0,0.000
1790428894,__proc__,0,0,0,0,-,-,-,2552.1,32483,49267,50813204,4109.341
1790428924,s1-short,395916,0,3286,3286,2.4,4.0,4.9,0.0,-,0,0,0.000
1790428924,s2-long,341,4,0,0,14.5,55.6,219.7,0.0,-,0,0,0.000
1790428924,s3-quic,3685394,3,4152525,4152525,1.9,2.8,3.8,0.0,-,0,0,0.000
1790428924,s4-mixed-kcp,108062,0,7920000,7920000,51.2,847.6,949.1,0.0,-,0,0,0.000
1790428924,s5-vmess-ws,315573,0,2617,2617,41.4,42.6,43.6,0.0,-,0,0,0.000
1790428924,s6-trojan-grpc,398584,0,3310,3310,1.3,2.8,3.7,0.0,-,0,0,0.000
1790428924,__proc__,0,0,0,0,-,-,-,2526.1,32479,49277,51022385,4125.473
1790428954,s1-short,397484,0,3293,3293,2.4,4.0,4.9,0.0,-,0,0,0.000
1790428954,s2-long,341,4,0,0,14.5,55.6,219.7,0.0,-,0,0,0.000
1790428954,s3-quic,3700531,3,4133410,4133410,1.9,2.8,3.8,0.0,-,0,0,0.000
1790428954,s4-mixed-kcp,108491,0,7912322,7912322,51.2,848.0,949.2,0.0,-,0,0,0.000
1790428954,s5-vmess-ws,316820,0,2619,2619,41.4,42.6,43.7,0.0,-,0,0,0.000
1790428954,s6-trojan-grpc,400163,0,3316,3316,1.3,2.8,3.7,0.0,-,0,0,0.000
1790428954,__proc__,0,0,0,0,-,-,-,2521.8,32469,49263,51231488,4141.672
1790428984,s1-short,399049,0,3286,3286,2.4,4.0,4.9,0.0,-,0,0,0.000
1790428984,s2-long,341,4,0,0,14.5,55.6,219.7,0.0,-,0,0,0.000
1790428984,s3-quic,3715567,3,4105830,4105830,1.9,2.7,4.0,0.0,-,0,0,0.000
1790428984,s4-mixed-kcp,108911,0,7976375,7976375,51.2,848.0,949.5,0.0,-,0,0,0.000
1790428984,s5-vmess-ws,318068,0,2621,2621,41.4,42.6,43.7,0.0,-,0,0,0.000
1790428984,s6-trojan-grpc,401739,0,3310,3310,1.3,2.9,3.8,0.0,-,0,0,0.000
1790428984,__proc__,0,0,0,0,-,-,-,2505.5,32437,49231,51438818,4158.051
1790429014,s1-short,400617,0,3293,3293,2.4,4.2,5.2,0.0,-,0,0,0.000
1790429014,s2-long,341,4,0,0,14.5,55.6,219.7,0.0,-,0,0,0.000
1790429014,s3-quic,3730706,3,4133956,4133956,1.9,2.7,3.9,0.0,-,0,0,0.000
1790429014,s4-mixed-kcp,109331,0,8063070,8063070,51.2,847.6,949.5,0.0,-,0,0,0.000
1790429014,s5-vmess-ws,319315,0,2619,2619,41.4,42.6,43.7,0.0,-,0,0,0.000
1790429014,s6-trojan-grpc,403316,0,3312,3312,1.4,3.0,4.0,0.0,-,0,0,0.000
1790429014,__proc__,0,0,0,0,-,-,-,2516.7,32456,49248,51647922,4174.377
1790429044,s1-short,402184,0,3291,3291,2.4,4.1,5.1,0.0,-,0,0,0.000
1790429044,s2-long,341,4,0,0,14.5,55.6,219.7,0.0,-,0,0,0.000
1790429044,s3-quic,3746047,3,4189116,4189116,1.9,2.8,3.7,0.0,-,0,0,0.000
1790429044,s4-mixed-kcp,109753,0,8000463,8000463,51.2,847.6,949.5,0.0,-,0,0,0.000
1790429044,s5-vmess-ws,320563,0,2621,2621,41.4,42.6,43.6,0.0,-,0,0,0.000
1790429044,s6-trojan-grpc,404894,0,3314,3314,1.4,2.9,3.9,0.0,-,0,0,0.000
1790429044,__proc__,0,0,0,0,-,-,-,2536.2,32457,49251,51859424,4190.497
1790429074,s1-short,403751,0,3291,3291,2.3,3.9,4.9,0.0,-,0,0,0.000
1790429074,s2-long,341,4,0,0,14.5,55.6,219.7,0.0,-,0,0,0.000
1790429074,s3-quic,3761513,3,4223249,4223249,1.8,2.6,3.7,0.0,-,0,0,0.000
1790429074,s4-mixed-kcp,110180,0,7960617,7960617,51.2,847.8,949.6,0.0,-,0,0,0.000
1790429074,s5-vmess-ws,321811,0,2621,2621,41.4,42.6,43.7,0.0,-,0,0,0.000
1790429074,s6-trojan-grpc,406470,0,3310,3310,1.4,2.8,3.6,0.0,-,0,0,0.000
1790429074,__proc__,0,0,0,0,-,-,-,2533.0,32453,49238,52074313,4206.632
1790429104,s1-short,405321,0,3297,3297,2.2,3.7,4.7,0.0,-,0,0,0.000
1790429104,s2-long,341,4,0,0,14.5,55.6,219.7,0.0,-,0,0,0.000
1790429104,s3-quic,3777023,3,4235264,4235264,1.8,2.6,3.5,0.0,-,0,0,0.000
1790429104,s4-mixed-kcp,110602,0,7956655,7956655,51.2,847.6,949.7,0.0,-,0,0,0.000
1790429104,s5-vmess-ws,323059,0,2621,2621,41.4,42.6,43.5,0.0,-,0,0,0.000
1790429104,s6-trojan-grpc,408047,0,3312,3312,1.4,2.7,3.5,0.0,-,0,0,0.000
1790429104,__proc__,0,0,0,0,-,-,-,2533.3,32463,49253,52289802,4222.791
1790429134,s1-short,406890,0,3295,3295,2.2,3.6,4.5,0.0,-,0,0,0.000
1790429134,s2-long,341,4,0,0,14.5,55.6,219.7,0.0,-,0,0,0.000
1790429134,s3-quic,3792498,3,4225707,4225707,1.8,2.7,3.7,0.0,-,0,0,0.000
1790429134,s4-mixed-kcp,111032,0,7840857,7840857,51.2,846.6,949.7,0.0,-,0,0,0.000
1790429134,s5-vmess-ws,324307,0,2621,2621,41.4,42.6,43.4,0.0,-,0,0,0.000
1790429134,s6-trojan-grpc,409625,0,3314,3314,1.3,2.6,3.5,0.0,-,0,0,0.000
1790429134,__proc__,0,0,0,0,-,-,-,2522.6,32466,49258,52504964,4238.832
1790429164,s1-short,408458,0,3293,3293,2.2,3.6,4.5,0.0,-,0,0,0.000
1790429164,s2-long,341,4,0,0,14.5,55.6,219.7,0.0,-,0,0,0.000
1790429164,s3-quic,3807977,3,4226799,4226799,1.8,2.7,3.6,0.0,-,0,0,0.000
1790429164,s4-mixed-kcp,111457,0,7982890,7982890,51.2,847.3,949.7,0.0,-,0,0,0.000
1790429164,s5-vmess-ws,325553,0,2617,2617,41.4,42.6,43.4,0.0,-,0,0,0.000
1790429164,s6-trojan-grpc,411203,0,3314,3314,1.3,2.6,3.5,0.0,-,0,0,0.000
1790429164,__proc__,0,0,0,0,-,-,-,2530.4,32473,49255,52719081,4254.836
1790429194,s1-short,410026,0,3293,3293,2.2,3.6,4.7,0.0,-,0,0,0.000
1790429194,s2-long,341,4,0,0,14.5,55.6,219.7,0.0,-,0,0,0.000
1790429194,s3-quic,3823473,3,4231441,4231441,1.8,2.7,3.6,0.0,-,0,0,0.000
1790429194,s4-mixed-kcp,111898,0,7898952,7898952,51.2,801.4,949.6,0.0,-,0,0,0.000
1790429194,s5-vmess-ws,326801,0,2621,2621,41.4,42.6,43.4,0.0,-,0,0,0.000
1790429194,s6-trojan-grpc,412783,0,3318,3318,1.3,2.6,3.3,0.0,-,0,0,0.000
1790429194,__proc__,0,0,0,0,-,-,-,2519.7,32487,49296,52934526,4270.811
1790429224,s1-short,411595,0,3295,3295,2.3,3.7,4.7,0.0,-,0,0,0.000
1790429224,s2-long,341,4,0,0,14.5,55.6,219.7,0.0,-,0,0,0.000
1790429224,s3-quic,3838947,3,4225434,4225434,1.8,2.8,3.7,0.0,-,0,0,0.000
1790429224,s4-mixed-kcp,112327,0,7964144,7964144,51.2,847.1,949.5,0.0,-,0,0,0.000
1790429224,s5-vmess-ws,328049,0,2621,2621,41.4,42.6,43.4,0.0,-,0,0,0.000
1790429224,s6-trojan-grpc,414361,0,3314,3314,1.2,2.6,3.4,0.0,-,0,0,0.000
1790429224,__proc__,0,0,0,0,-,-,-,2516.4,32505,49332,53148539,4286.808
1790429254,s1-short,413166,0,3299,3299,2.2,3.6,4.5,0.0,-,0,0,0.000
1790429254,s2-long,341,4,0,0,14.5,55.6,219.7,0.0,-,0,0,0.000
1790429254,s3-quic,3854311,3,4195396,4195396,1.9,2.8,3.7,0.0,-,0,0,0.000
1790429254,s4-mixed-kcp,112766,0,7978046,7978046,51.2,801.3,949.1,0.0,-,0,0,0.000
1790429254,s5-vmess-ws,329296,0,2619,2619,41.4,42.6,43.4,0.0,-,0,0,0.000
1790429254,s6-trojan-grpc,415939,0,3314,3314,1.2,2.7,3.3,0.0,-,0,0,0.000
1790429254,__proc__,0,0,0,0,-,-,-,2510.0,32507,49323,53362565,4302.841
1790429284,s1-short,414732,0,3289,3289,2.2,3.7,4.7,0.0,-,0,0,0.000
1790429284,s2-long,341,4,0,0,14.5,55.6,219.7,0.0,-,0,0,0.000
1790429284,s3-quic,3869180,3,4060228,4060228,1.9,2.9,3.9,0.0,-,0,0,0.000
1790429284,s4-mixed-kcp,113190,0,8069383,8069383,51.2,800.7,949.1,0.0,-,0,0,0.000
1790429284,s5-vmess-ws,330543,0,2619,2619,41.4,42.6,43.6,0.0,-,0,0,0.000
1790429284,s6-trojan-grpc,417516,0,3312,3312,1.3,2.8,3.6,0.0,-,0,0,0.000
1790429284,__proc__,0,0,0,0,-,-,-,2524.4,32500,49301,53568464,4319.065
1790429314,s1-short,416296,0,3284,3284,2.3,4.0,5.1,0.0,-,0,0,0.000
1790429314,s2-long,341,4,0,0,14.5,55.6,219.7,0.0,-,0,0,0.000
1790429314,s3-quic,3883962,3,4036471,4036471,1.9,2.7,3.6,0.0,-,0,0,0.000
1790429314,s4-mixed-kcp,113601,0,7610883,7610883,51.2,800.1,949.6,0.0,-,0,0,0.000
1790429314,s5-vmess-ws,331790,0,2619,2619,41.4,42.6,43.5,0.0,-,0,0,0.000
1790429314,s6-trojan-grpc,419092,0,3310,3310,1.4,3.0,3.7,0.0,-,0,0,0.000
1790429314,__proc__,0,0,0,0,-,-,-,2532.2,32485,49283,53772988,4335.336
1790429344,s1-short,417861,0,3286,3286,2.5,4.1,5.0,0.0,-,0,0,0.000
1790429344,s2-long,341,4,0,0,14.5,55.6,219.7,0.0,-,0,0,0.000
1790429344,s3-quic,3898685,3,4020361,4020361,2.0,2.5,3.4,0.0,-,0,0,0.000
1790429344,s4-mixed-kcp,113978,0,4107888,4107888,51.2,799.7,949.2,0.0,-,0,0,0.000
1790429344,s5-vmess-ws,333038,0,2621,2621,41.4,42.6,43.4,0.0,-,0,0,0.000
1790429344,s6-trojan-grpc,420666,0,3305,3305,1.5,3.1,3.7,0.0,-,0,0,0.000
1790429344,__proc__,0,0,0,0,-,-,-,2518.5,32465,49250,53979875,4351.085
1790429374,s1-short,419424,0,3282,3282,2.6,4.2,4.8,0.0,-,0,0,0.000
1790429374,s2-long,341,4,0,0,14.5,55.6,219.7,0.0,-,0,0,0.000
1790429374,s3-quic,3913571,3,4064870,4064870,1.9,2.4,3.3,0.0,-,0,0,0.000
1790429374,s4-mixed-kcp,114341,0,4091975,4091975,51.2,799.4,949.0,0.0,-,0,0,0.000
1790429374,s5-vmess-ws,334286,0,2621,2621,41.4,42.5,43.3,0.0,-,0,0,0.000
1790429374,s6-trojan-grpc,422239,0,3303,3303,1.5,3.1,3.5,0.0,-,0,0,0.000
1790429374,__proc__,0,0,0,0,-,-,-,2519.4,32432,49201,54189103,4366.978
1790429404,s1-short,420988,0,3284,3284,2.6,4.2,4.7,0.0,-,0,0,0.000
1790429404,s2-long,341,4,0,0,14.5,55.6,219.7,0.0,-,0,0,0.000
1790429404,s3-quic,3928496,3,4075520,4075520,1.9,2.5,3.4,0.0,-,0,0,0.000
1790429404,s4-mixed-kcp,114706,0,4106746,4106746,51.2,799.2,949.0,0.0,-,0,0,0.000
1790429404,s5-vmess-ws,335534,0,2621,2621,41.4,42.5,43.2,0.0,-,0,0,0.000
1790429404,s6-trojan-grpc,423815,0,3310,3310,1.6,3.1,3.5,0.0,-,0,0,0.000
1790429404,__proc__,0,0,0,0,-,-,-,2532.6,32452,49218,54398379,4382.814
1790429434,s1-short,422553,0,3286,3286,2.6,4.1,4.7,0.0,-,0,0,0.000
1790429434,s2-long,341,4,0,0,14.5,55.6,219.7,0.0,-,0,0,0.000
1790429434,s3-quic,3943514,3,4100915,4100915,1.9,2.5,3.5,0.0,-,0,0,0.000
1790429434,s4-mixed-kcp,115081,0,3999937,3999937,51.2,798.5,948.6,0.0,-,0,0,0.000
1790429434,s5-vmess-ws,336782,0,2621,2621,41.4,42.5,43.2,0.0,-,0,0,0.000
1790429434,s6-trojan-grpc,425390,0,3308,3308,1.6,3.1,3.5,0.0,-,0,0,0.000
1790429434,__proc__,0,0,0,0,-,-,-,2525.1,32459,49239,54608534,4398.572
1790429464,s1-short,424119,0,3289,3289,2.6,4.0,4.6,0.0,-,0,0,0.000
1790429464,s2-long,341,4,0,0,14.5,55.6,219.7,0.0,-,0,0,0.000
1790429464,s3-quic,3958887,3,4197854,4197854,1.9,2.4,3.2,0.0,-,0,0,0.000
1790429464,s4-mixed-kcp,115453,0,4112585,4112585,51.2,796.3,948.6,0.0,-,0,0,0.000
1790429464,s5-vmess-ws,338030,0,2621,2621,41.4,42.4,43.2,0.0,-,0,0,0.000
1790429464,s6-trojan-grpc,426966,0,3310,3310,1.5,3.0,3.5,0.0,-,0,0,0.000
1790429464,__proc__,0,0,0,0,-,-,-,2532.4,32443,49220,54822786,4414.313
1790429494,s1-short,425684,0,3286,3286,2.5,4.0,4.5,0.0,-,0,0,0.000
1790429494,s2-long,341,4,0,0,14.5,55.6,219.7,0.0,-,0,0,0.000
1790429494,s3-quic,3973796,3,4071151,4071151,1.9,2.5,3.5,0.0,-,0,0,0.000
1790429494,s4-mixed-kcp,115822,0,4083620,4083620,51.2,749.5,948.5,0.0,-,0,0,0.000
1790429494,s5-vmess-ws,339278,0,2621,2621,41.4,42.5,43.3,0.0,-,0,0,0.000
1790429494,s6-trojan-grpc,428540,0,3305,3305,1.5,3.0,3.5,0.0,-,0,0,0.000
1790429494,__proc__,0,0,0,0,-,-,-,2537.1,32425,49196,55031906,4430.050
1790429524,s1-short,427248,0,3284,3284,2.5,4.1,4.6,0.0,-,0,0,0.000
1790429524,s2-long,341,4,0,0,14.5,55.6,219.7,0.0,-,0,0,0.000
1790429524,s3-quic,3988656,3,4057771,4057771,1.9,2.6,3.4,0.0,-,0,0,0.000
1790429524,s4-mixed-kcp,116188,0,4001771,4001771,51.2,749.1,948.3,0.0,-,0,0,0.000
1790429524,s5-vmess-ws,340526,0,2621,2621,41.4,42.5,43.3,0.0,-,0,0,0.000
1790429524,s6-trojan-grpc,430116,0,3310,3310,1.5,3.0,3.5,0.0,-,0,0,0.000
1790429524,__proc__,0,0,0,0,-,-,-,2512.4,32404,49173,55239357,4445.821
1790429554,s1-short,428814,0,3289,3289,2.5,4.1,4.7,0.0,-,0,0,0.000
1790429554,s2-long,341,4,0,0,14.5,55.6,219.7,0.0,-,0,0,0.000
1790429554,s3-quic,4003696,3,4106923,4106923,1.9,2.4,3.3,0.0,-,0,0,0.000
1790429554,s4-mixed-kcp,116556,0,4124782,4124782,51.2,748.7,948.2,0.0,-,0,0,0.000
1790429554,s5-vmess-ws,341774,0,2621,2621,41.4,42.5,43.2,0.0,-,0,0,0.000
1790429554,s6-trojan-grpc,431691,0,3308,3308,1.5,3.0,3.5,0.0,-,0,0,0.000
1790429554,__proc__,0,0,0,0,-,-,-,2518.9,32406,49176,55450461,4461.525
1790429584,s1-short,430380,0,3289,3289,2.5,4.1,4.6,0.0,-,0,0,0.000
1790429584,s2-long,341,4,0,0,14.5,55.6,219.7,0.0,-,0,0,0.000
1790429584,s3-quic,4018753,3,4111565,4111565,1.9,2.5,3.4,0.0,-,0,0,0.000
1790429584,s4-mixed-kcp,116927,0,4137296,4137296,51.2,748.1,948.4,0.0,-,0,0,0.000
1790429584,s5-vmess-ws,343021,0,2619,2619,41.4,42.5,43.2,0.0,-,0,0,0.000
1790429584,s6-trojan-grpc,433268,0,3312,3312,1.4,3.0,3.4,0.0,-,0,0,0.000
1790429584,__proc__,0,0,0,0,-,-,-,2514.2,32422,49196,55661506,4477.188
1790429614,s1-short,431945,0,3286,3286,2.5,4.1,4.7,0.0,-,0,0,0.000
1790429614,s2-long,341,4,0,0,14.5,55.6,219.7,0.0,-,0,0,0.000
1790429614,s3-quic,4033621,3,4059955,4059955,1.9,2.5,3.4,0.0,-,0,0,0.000
1790429614,s4-mixed-kcp,117295,1,4077253,4077253,51.2,700.2,948.3,0.0,-,0,0,0.000
1790429614,s5-vmess-ws,344269,0,2621,2621,41.4,42.5,43.1,0.0,-,0,0,0.000
1790429614,s6-trojan-grpc,434842,0,3305,3305,1.4,3.0,3.5,0.0,-,0,0,0.000
1790429614,__proc__,0,0,0,0,-,-,-,2509.3,32398,49139,55870299,4492.892
1790429644,s1-short,433510,0,3286,3286,2.5,4.1,4.8,0.0,-,0,0,0.000
1790429644,s2-long,341,4,0,0,14.5,55.6,219.7,0.0,-,0,0,0.000
1790429644,s3-quic,4048670,3,4109380,4109380,1.9,2.5,3.4,0.0,-,0,0,0.000
1790429644,s4-mixed-kcp,117661,1,4023169,4023169,51.2,698.6,947.9,0.0,-,0,0,0.000
1790429644,s5-vmess-ws,345517,0,2621,2621,41.4,42.5,43.0,0.0,-,0,0,0.000
1790429644,s6-trojan-grpc,436418,0,3310,3310,1.5,3.1,3.6,0.0,-,0,0,0.000
1790429644,__proc__,0,0,0,0,-,-,-,2531.9,32404,49168,56080584,4508.677
1790429674,s1-short,435075,0,3286,3286,2.5,4.1,4.8,0.0,-,0,0,0.000
1790429674,s2-long,341,4,0,0,14.5,55.6,219.7,0.0,-,0,0,0.000
1790429674,s3-quic,4063822,3,4137506,4137506,1.9,2.4,3.3,0.0,-,0,0,0.000
1790429674,s4-mixed-kcp,118030,1,4160266,4160266,51.2,698.7,948.0,0.0,-,0,0,0.000
1790429674,s5-vmess-ws,346765,0,2621,2621,41.4,42.5,43.1,0.0,-,0,0,0.000
1790429674,s6-trojan-grpc,437994,0,3310,3310,1.5,3.0,3.6,0.0,-,0,0,0.000
1790429674,__proc__,0,0,0,0,-,-,-,2508.3,32428,49202,56291165,4524.470
1790429704,s1-short,436640,0,3286,3286,2.5,4.1,4.7,0.0,-,0,0,0.000
1790429704,s2-long,341,4,0,0,14.5,55.6,219.7,0.0,-,0,0,0.000
1790429704,s3-quic,4079054,3,4159351,4159351,1.9,2.5,3.3,0.0,-,0,0,0.000
1790429704,s4-mixed-kcp,118401,1,4047643,4047643,51.2,698.6,948.2,0.0,-,0,0,0.000
1790429704,s5-vmess-ws,348014,0,2623,2623,41.4,42.4,43.0,0.0,-,0,0,0.000
1790429704,s6-trojan-grpc,439569,0,3308,3308,1.5,3.0,3.5,0.0,-,0,0,0.000
1790429704,__proc__,0,0,0,0,-,-,-,2532.1,32418,49176,56502646,4540.315
1790429734,s1-short,438204,0,3284,3284,2.6,4.1,4.6,0.0,-,0,0,0.000
1790429734,s2-long,341,4,0,0,14.5,55.6,219.7,0.0,-,0,0,0.000
1790429734,s3-quic,4094149,3,4121941,4121941,1.9,2.5,3.4,0.0,-,0,0,0.000
1790429734,s4-mixed-kcp,118771,1,4050585,4050585,51.2,696.0,947.5,0.0,-,0,0,0.000
1790429734,s5-vmess-ws,349261,0,2619,2619,41.4,42.4,43.0,0.0,-,0,0,0.000
1790429734,s6-trojan-grpc,441142,0,3303,3303,1.6,3.1,3.6,0.0,-,0,0,0.000
1790429734,__proc__,0,0,0,0,-,-,-,2513.0,32398,49171,56712663,4556.271
1790429764,s1-short,439770,0,3289,3289,2.6,4.1,4.6,0.0,-,0,0,0.000
1790429764,s2-long,341,4,0,0,14.5,55.6,219.7,0.0,-,0,0,0.000
1790429764,s3-quic,4109319,3,4142421,4142421,1.9,2.4,3.3,0.0,-,0,0,0.000
1790429764,s4-mixed-kcp,119144,1,4103686,4103686,51.2,696.8,947.5,0.0,-,0,0,0.000
1790429764,s5-vmess-ws,350509,0,2621,2621,41.4,42.4,43.1,0.0,-,0,0,0.000
1790429764,s6-trojan-grpc,442718,0,3310,3310,1.5,3.0,3.6,0.0,-,0,0,0.000
1790429764,__proc__,0,0,0,0,-,-,-,2532.7,32415,49179,56924106,4572.081
1790429794,s1-short,441337,0,3291,3291,2.4,3.9,4.5,0.0,-,0,0,0.000
1790429794,s2-long,341,4,0,0,14.5,55.6,219.7,0.0,-,0,0,0.000
1790429794,s3-quic,4124834,3,4236629,4236629,1.8,2.4,3.3,0.0,-,0,0,0.000
1790429794,s4-mixed-kcp,119517,1,3995711,3995711,51.2,697.0,947.3,0.0,-,0,0,0.000
1790429794,s5-vmess-ws,351757,0,2621,2621,41.4,42.4,43.1,0.0,-,0,0,0.000
1790429794,s6-trojan-grpc,444295,0,3312,3312,1.5,2.9,3.5,0.0,-,0,0,0.000
1790429794,__proc__,0,0,0,0,-,-,-,2517.6,32432,49207,57141257,4587.748
1790429824,s1-short,442905,0,3293,3293,2.4,3.8,4.3,0.0,-,0,0,0.000
1790429824,s2-long,341,4,0,0,14.5,55.6,219.7,0.0,-,0,0,0.000
1790429824,s3-quic,4140493,3,4275951,4275951,1.8,2.4,3.2,0.0,-,0,0,0.000
1790429824,s4-mixed-kcp,119897,1,4046326,4046326,51.2,696.8,900.2,0.0,-,0,0,0.000
1790429824,s5-vmess-ws,353005,0,2621,2621,41.4,42.4,43.1,0.0,-,0,0,0.000
1790429824,s6-trojan-grpc,445874,0,3316,3316,1.4,2.8,3.3,0.0,-,0,0,0.000
1790429824,__proc__,0,0,0,0,-,-,-,2523.0,32455,49239,57360252,4603.404
1790429854,s1-short,444471,0,3289,3289,2.3,3.8,4.4,0.0,-,0,0,0.000
1790429854,s2-long,341,4,0,0,14.5,55.6,219.7,0.0,-,0,0,0.000
1790429854,s3-quic,4155795,3,4178466,4178466,1.9,2.5,3.4,0.0,-,0,0,0.000
1790429854,s4-mixed-kcp,120282,1,4080995,4080995,51.2,650.2,899.5,0.0,-,0,0,0.000
1790429854,s5-vmess-ws,354253,0,2621,2621,41.4,42.4,43.1,0.0,-,0,0,0.000
1790429854,s6-trojan-grpc,447451,0,3312,3312,1.3,2.8,3.3,0.0,-,0,0,0.000
1790429854,__proc__,0,0,0,0,-,-,-,2530.1,32450,49238,57572562,4619.116
1790429884,s1-short,446040,0,3295,3295,2.3,3.7,4.4,0.0,-,0,0,0.000
1790429884,s2-long,341,4,0,0,14.5,55.6,219.7,0.0,-,0,0,0.000
1790429884,s3-quic,4171461,3,4277862,4277862,1.8,2.4,3.3,0.0,-,0,0,0.000
1790429884,s4-mixed-kcp,120655,1,4100352,4100352,51.2,650.2,900.2,0.0,-,0,0,0.000
1790429884,s5-vmess-ws,355501,0,2621,2621,41.4,42.4,43.1,0.0,-,0,0,0.000
1790429884,s6-trojan-grpc,449029,0,3314,3314,1.3,2.8,3.3,0.0,-,0,0,0.000
1790429884,__proc__,0,0,0,0,-,-,-,2504.7,32456,49242,57790817,4634.676
1790429914,s1-short,447607,0,3291,3291,2.3,3.8,4.5,0.0,-,0,0,0.000
1790429914,s2-long,341,4,0,0,14.5,55.6,219.7,0.0,-,0,0,0.000
1790429914,s3-quic,4187300,3,4325103,4325103,1.8,2.3,3.2,0.0,-,0,0,0.000
1790429914,s4-mixed-kcp,121034,1,4188028,4188028,51.2,649.9,898.8,0.0,-,0,0,0.000
1790429914,s5-vmess-ws,356749,0,2621,2621,41.4,42.4,43.1,0.0,-,0,0,0.000
1790429914,s6-trojan-grpc,450606,0,3312,3312,1.3,2.7,3.3,0.0,-,0,0,0.000
1790429914,__proc__,0,0,0,0,-,-,-,2497.5,32454,49259,58011423,4650.256
1790429944,s1-short,449179,0,3301,3301,2.2,3.6,4.2,0.0,-,0,0,0.000
1790429944,s2-long,341,4,0,0,14.5,55.6,219.7,0.0,-,0,0,0.000
1790429944,s3-quic,4203223,3,4348041,4348041,1.8,2.3,3.2,0.0,-,0,0,0.000
1790429944,s4-mixed-kcp,121411,1,4075592,4075592,51.2,650.4,898.6,0.0,-,0,0,0.000
1790429944,s5-vmess-ws,357997,0,2621,2621,41.4,42.4,43.2,0.0,-,0,0,0.000
1790429944,s6-trojan-grpc,452186,0,3318,3318,1.2,2.6,3.1,0.0,-,0,0,0.000
1790429944,__proc__,0,0,0,0,-,-,-,2523.4,32475,49281,58235271,4665.715
1790429974,s1-short,450747,0,3293,3293,2.2,3.5,4.0,0.0,-,0,0,0.000
1790429974,s2-long,341,4,0,0,14.5,55.6,219.7,0.0,-,0,0,0.000
1790429974,s3-quic,4219147,3,4348314,4348314,1.8,2.3,3.2,0.0,-,0,0,0.000
1790429974,s4-mixed-kcp,121784,1,4078837,4078837,51.1,650.0,899.5,0.0,-,0,0,0.000
1790429974,s5-vmess-ws,359245,0,2621,2621,41.4,42.4,42.8,0.0,-,0,0,0.000
1790429974,s6-trojan-grpc,453764,0,3314,3314,1.2,2.6,3.0,0.0,-,0,0,0.000
1790429974,__proc__,0,0,0,0,-,-,-,2506.2,32475,49278,58457097,4681.166
1790430004,s1-short,452317,0,3297,3297,2.2,3.4,3.8,0.0,-,0,0,0.000
1790430004,s2-long,341,4,0,0,14.5,55.6,219.7,0.0,-,0,0,0.000
1790430004,s3-quic,4235053,3,4343398,4343398,1.8,2.3,3.2,0.0,-,0,0,0.000
1790430004,s4-mixed-kcp,122158,1,4162860,4162860,51.1,650.1,899.9,0.0,-,0,0,0.000
1790430004,s5-vmess-ws,360493,0,2621,2621,41.4,42.4,42.8,0.0,-,0,0,0.000
1790430004,s6-trojan-grpc,455342,0,3314,3314,1.3,2.5,2.8,0.0,-,0,0,0.000
1790430004,__proc__,0,0,0,0,-,-,-,2528.7,32485,49289,58678548,4696.702
1790430034,s1-short,453887,0,3297,3297,2.2,3.4,3.9,0.0,-,0,0,0.000
1790430034,s2-long,341,4,0,0,14.5,55.6,219.7,0.0,-,0,0,0.000
1790430034,s3-quic,4250986,3,4350771,4350771,1.8,2.3,3.2,0.0,-,0,0,0.000
1790430034,s4-mixed-kcp,122537,1,4008557,4008557,51.1,650.4,899.3,0.0,-,0,0,0.000
1790430034,s5-vmess-ws,361741,0,2621,2621,41.4,42.4,42.9,0.0,-,0,0,0.000
1790430034,s6-trojan-grpc,456921,0,3316,3316,1.3,2.5,2.8,0.0,-,0,0,0.000
1790430034,__proc__,0,0,0,0,-,-,-,2525.5,32502,49308,58901276,4712.265
1790430064,s1-short,455455,0,3293,3293,2.2,3.4,3.9,0.0,-,0,0,0.000
1790430064,s2-long,341,4,0,0,14.5,55.6,219.7,0.0,-,0,0,0.000
1790430064,s3-quic,4266920,3,4351044,4351044,1.8,2.3,3.2,0.0,-,0,0,0.000
1790430064,s4-mixed-kcp,122923,1,4088074,4088074,51.1,697.3,899.1,0.0,-,0,0,0.000
1790430064,s5-vmess-ws,362990,0,2623,2623,41.4,42.4,42.9,0.0,-,0,0,0.000
1790430064,s6-trojan-grpc,458500,0,3316,3316,1.3,2.5,2.8,0.0,-,0,0,0.000
1790430064,__proc__,0,0,0,0,-,-,-,2527.2,32519,49356,59123933,4727.727
1790430094,s1-short,457027,0,3301,3301,2.1,3.4,4.0,0.0,-,0,0,0.000
1790430094,s2-long,341,4,0,0,14.5,55.6,219.7,0.0,-,0,0,0.000
1790430094,s3-quic,4282807,3,4338210,4338210,1.8,2.3,3.2,0.0,-,0,0,0.000
1790430094,s4-mixed-kcp,123306,1,4095264,4095264,51.1,697.5,899.3,0.0,-,0,0,0.000
1790430094,s5-vmess-ws,364238,0,2621,2621,41.4,42.4,42.9,0.0,-,0,0,0.000
1790430094,s6-trojan-grpc,460077,0,3312,3312,1.3,2.5,2.9,0.0,-,0,0,0.000
1790430094,__proc__,0,0,0,0,-,-,-,2529.8,32505,49314,59346145,4743.080
1790430124,s1-short,458594,0,3291,3291,2.2,3.5,4.1,0.0,-,0,0,0.000
1790430124,s2-long,341,4,0,0,14.5,55.6,219.7,0.0,-,0,0,0.000
1790430124,s3-quic,4298462,3,4274859,4274859,1.8,2.3,3.2,0.0,-,0,0,0.000
1790430124,s4-mixed-kcp,123683,1,4126884,4126884,51.1,696.6,899.4,0.0,-,0,0,0.000
1790430124,s5-vmess-ws,365485,0,2619,2619,41.4,42.4,42.9,0.0,-,0,0,0.000
1790430124,s6-trojan-grpc,461656,0,3316,3316,1.3,2.6,3.0,0.0,-,0,0,0.000
1790430124,__proc__,0,0,0,0,-,-,-,2519.4,32486,49309,59566088,4758.631
1790430154,s1-short,460164,0,3297,3297,2.2,3.6,4.2,0.0,-,0,0,0.000
1790430154,s2-long,341,4,0,0,14.5,55.6,219.7,0.0,-,0,0,0.000
1790430154,s3-quic,4314271,3,4316911,4316911,1.8,2.4,3.2,0.0,-,0,0,0.000
1790430154,s4-mixed-kcp,124056,1,4068712,4068712,51.1,697.9,900.9,0.0,-,0,0,0.000
1790430154,s5-vmess-ws,366733,0,2621,2621,41.4,42.4,42.8,0.0,-,0,0,0.000
1790430154,s6-trojan-grpc,463234,0,3314,3314,1.3,2.6,3.1,0.0,-,0,0,0.000
1790430154,__proc__,0,0,0,0,-,-,-,2516.4,32494,49318,59787650,4774.170
1790430184,s1-short,461734,0,3297,3297,2.2,3.4,3.9,0.0,-,0,0,0.000
1790430184,s2-long,341,4,0,0,14.5,55.6,219.7,0.0,-,0,0,0.000
1790430184,s3-quic,4330224,3,4356233,4356233,1.8,2.4,3.2,0.0,-,0,0,0.000
1790430184,s4-mixed-kcp,124438,1,4040876,4040876,51.1,698.4,945.7,0.0,-,0,0,0.000
1790430184,s5-vmess-ws,367982,0,2623,2623,41.4,42.4,42.8,0.0,-,0,0,0.000
1790430184,s6-trojan-grpc,464814,0,3318,3318,1.3,2.5,3.0,0.0,-,0,0,0.000
1790430184,__proc__,0,0,0,0,-,-,-,2514.9,32513,49340,60011235,4789.455
1790430214,s1-short,463305,0,3299,3299,2.1,3.4,3.8,0.0,-,0,0,0.000
1790430214,s2-long,341,4,0,0,14.5,55.6,219.7,0.0,-,0,0,0.000
1790430214,s3-quic,4346137,3,4345310,4345310,1.8,2.4,3.3,0.0,-,0,0,0.000
1790430214,s4-mixed-kcp,124809,1,4259244,4259244,51.1,698.5,942.5,0.0,-,0,0,0.000
1790430214,s5-vmess-ws,369230,0,2621,2621,41.4,42.4,42.7,0.0,-,0,0,0.000
1790430214,s6-trojan-grpc,466393,0,3316,3316,1.2,2.5,2.8,0.0,-,0,0,0.000
1790430214,__proc__,0,0,0,0,-,-,-,2515.7,32520,49337,60235316,4804.852
1790430244,s1-short,464870,0,3286,3286,2.2,3.6,4.3,0.0,-,0,0,0.000
1790430244,s2-long,341,4,0,0,14.5,55.6,219.7,0.0,-,0,0,0.000
1790430244,s3-quic,4361697,3,4248917,4248917,1.9,2.4,3.3,0.0,-,0,0,0.000
1790430244,s4-mixed-kcp,125175,1,4125557,4125557,51.1,699.1,946.7,0.0,-,0,0,0.000
1790430244,s5-vmess-ws,370478,0,2621,2621,41.4,42.4,42.7,0.0,-,0,0,0.000
1790430244,s6-trojan-grpc,467970,0,3312,3312,1.3,2.7,3.1,0.0,-,0,0,0.000
1790430244,__proc__,0,0,0,0,-,-,-,2507.1,32478,49277,60453174,4820.552
1790430274,s1-short,466438,0,3293,3293,2.4,3.7,4.3,0.0,-,0,0,0.000
1790430274,s2-long,341,4,0,0,14.5,55.6,219.7,0.0,-,0,0,0.000
1790430274,s3-quic,4377461,3,4304623,4304623,1.8,2.3,3.3,0.0,-,0,0,0.000
1790430274,s4-mixed-kcp,125548,1,4032575,4032575,51.1,698.9,946.7,0.0,-,0,0,0.000
1790430274,s5-vmess-ws,371726,0,2621,2621,41.4,42.4,42.9,0.0,-,0,0,0.000
1790430274,s6-trojan-grpc,469547,0,3312,3312,1.3,2.7,3.2,0.0,-,0,0,0.000
1790430274,__proc__,0,0,0,0,-,-,-,2534.0,32491,49294,60672527,4836.168
1790430304,s1-short,468004,0,3289,3289,2.5,3.8,4.4,0.0,-,0,0,0.000
1790430304,s2-long,341,4,0,0,14.5,55.6,219.7,0.0,-,0,0,0.000
1790430304,s3-quic,4393158,3,4286327,4286327,1.8,2.4,3.3,0.0,-,0,0,0.000
1790430304,s4-mixed-kcp,125916,1,3996014,3996014,51.1,699.4,947.0,0.0,-,0,0,0.000
1790430304,s5-vmess-ws,372974,0,2621,2621,41.4,42.4,42.8,0.0,-,0,0,0.000
1790430304,s6-trojan-grpc,471123,0,3310,3310,1.4,2.8,3.2,0.0,-,0,0,0.000
1790430304,__proc__,0,0,0,0,-,-,-,2524.4,32493,49285,60890222,4851.869
1790430334,s1-short,469570,0,3289,3289,2.5,3.9,4.5,0.0,-,0,0,0.000
1790430334,s2-long,341,4,0,0,14.5,55.6,219.7,0.0,-,0,0,0.000
1790430334,s3-quic,4408550,3,4203042,4203042,1.9,2.5,3.4,0.0,-,0,0,0.000
1790430334,s4-mixed-kcp,126276,1,4202264,4202264,51.1,699.4,946.7,0.0,-,0,0,0.000
1790430334,s5-vmess-ws,374222,0,2621,2621,41.4,42.4,43.0,0.0,-,0,0,0.000
1790430334,s6-trojan-grpc,472699,0,3310,3310,1.4,2.8,3.4,0.0,-,0,0,0.000
1790430334,__proc__,0,0,0,0,-,-,-,2521.1,32447,49251,61104292,4867.686
1790430364,s1-short,471134,0,3284,3284,2.5,4.1,4.6,0.0,-,0,0,0.000
1790430364,s2-long,341,4,0,0,14.5,55.6,219.7,0.0,-,0,0,0.000
1790430364,s3-quic,4423719,3,4142148,4142148,1.9,2.5,3.3,0.0,-,0,0,0.000
1790430364,s4-mixed-kcp,126646,1,4037445,4037445,51.1,699.5,946.7,0.0,-,0,0,0.000
1790430364,s5-vmess-ws,375470,0,2621,2621,41.4,42.4,43.0,0.0,-,0,0,0.000
1790430364,s6-trojan-grpc,474274,0,3308,3308,1.5,2.9,3.5,0.0,-,0,0,0.000
1790430364,__proc__,0,0,0,0,-,-,-,2527.3,32447,49229,61315590,4883.505
1790430394,s1-short,472702,0,3293,3293,2.5,4.0,4.6,0.0,-,0,0,0.000
1790430394,s2-long,341,4,0,0,14.5,55.6,219.7,0.0,-,0,0,0.000
1790430394,s3-quic,4439366,3,4272674,4272674,1.8,2.4,3.3,0.0,-,0,0,0.000
1790430394,s4-mixed-kcp,127021,1,4043323,4043323,51.1,699.8,946.4,0.0,-,0,0,0.000
1790430394,s5-vmess-ws,376718,0,2621,2621,41.4,42.4,43.1,0.0,-,0,0,0.000
1790430394,s6-trojan-grpc,475854,0,3318,3318,1.4,2.9,3.5,0.0,-,0,0,0.000
1790430394,__proc__,0,0,0,0,-,-,-,2510.0,32470,49271,61534471,4899.113
1790430424,s1-short,474270,0,3293,3293,2.4,3.9,4.5,0.0,-,0,0,0.000
1790430424,s2-long,341,4,0,0,14.5,55.6,219.7,0.0,-,0,0,0.000
1790430424,s3-quic,4455015,3,4273220,4273220,1.8,2.4,3.3,0.0,-,0,0,0.000
1790430424,s4-mixed-kcp,127396,1,4107995,4107995,51.1,699.8,946.4,0.0,-,0,0,0.000
1790430424,s5-vmess-ws,377966,0,2621,2621,41.4,42.4,43.0,0.0,-,0,0,0.000
1790430424,s6-trojan-grpc,477432,0,3314,3314,1.4,2.8,3.4,0.0,-,0,0,0.000
1790430424,__proc__,0,0,0,0,-,-,-,2517.5,32469,49275,61752376,4914.658
1790430454,s1-short,475838,0,3293,3293,2.3,3.7,4.2,0.0,-,0,0,0.000
1790430454,s2-long,341,4,0,0,14.5,55.6,219.7,0.0,-,0,0,0.000
1790430454,s3-quic,4470525,3,4235264,4235264,1.9,2.5,3.3,0.0,-,0,0,0.000
1790430454,s4-mixed-kcp,127771,1,3962219,3962219,51.1,699.7,946.7,0.0,-,0,0,0.000
1790430454,s5-vmess-ws,379214,0,2621,2621,41.4,42.4,42.9,0.0,-,0,0,0.000
1790430454,s6-trojan-grpc,479008,0,3310,3310,1.3,2.7,3.2,0.0,-,0,0,0.000
1790430454,__proc__,0,0,0,0,-,-,-,2502.1,32466,49265,61969166,4930.272
1790430484,s1-short,477406,0,3293,3293,2.3,3.8,4.3,0.0,-,0,0,0.000
1790430484,s2-long,341,4,0,0,14.5,55.6,219.7,0.0,-,0,0,0.000
1790430484,s3-quic,4485951,3,4212326,4212326,1.9,2.5,3.3,0.0,-,0,0,0.000
1790430484,s4-mixed-kcp,128149,1,4214855,4214855,51.1,699.6,946.4,0.0,-,0,0,0.000
1790430484,s5-vmess-ws,380462,0,2621,2621,41.4,42.4,43.0,0.0,-,0,0,0.000
1790430484,s6-trojan-grpc,480586,0,3314,3314,1.3,2.8,3.2,0.0,-,0,0,0.000
1790430484,__proc__,0,0,0,0,-,-,-,2520.5,32462,49268,62185288,4945.910
1790430514,s1-short,478973,0,3291,3291,2.3,3.8,4.4,0.0,-,0,0,0.000
1790430514,s2-long,341,4,0,0,14.5,55.6,219.7,0.0,-,0,0,0.000
1790430514,s3-quic,4501650,3,4286874,4286874,1.8,2.4,3.2,0.0,-,0,0,0.000
1790430514,s4-mixed-kcp,128527,1,3977489,3977489,51.2,699.6,900.3,0.0,-,0,0,0.000
1790430514,s5-vmess-ws,381710,0,2621,2621,41.4,42.4,42.8,0.0,-,0,0,0.000
1790430514,s6-trojan-grpc,482164,0,3314,3314,1.3,2.8,3.3,0.0,-,0,0,0.000
1790430514,__proc__,0,0,0,0,-,-,-,2521.6,32455,49253,62403894,4961.537
1790430544,s1-short,480541,0,3293,3293,2.3,3.7,4.3,0.0,-,0,0,0.000
1790430544,s2-long,341,4,0,0,14.5,55.6,219.7,0.0,-,0,0,0.000
1790430544,s3-quic,4517517,3,4332749,4332749,1.8,2.3,3.2,0.0,-,0,0,0.000
1790430544,s4-mixed-kcp,128906,1,4171767,4171767,51.2,699.3,899.8,0.0,-,0,0,0.000
1790430544,s5-vmess-ws,382958,0,2621,2621,41.4,42.4,42.9,0.0,-,0,0,0.000
1790430544,s6-trojan-grpc,483743,0,3316,3316,1.3,2.7,3.2,0.0,-,0,0,0.000
1790430544,__proc__,0,0,0,0,-,-,-,2534.8,32472,49315,62624514,4977.171
1790430574,s1-short,482111,0,3297,3297,2.3,3.6,4.1,0.0,-,0,0,0.000
1790430574,s2-long,341,4,0,0,14.5,55.6,219.7,0.0,-,0,0,0.000
1790430574,s3-quic,4533456,3,4352410,4352410,1.8,2.3,3.2,0.0,-,0,0,0.000
1790430574,s4-mixed-kcp,129285,1,4020964,4020964,51.2,698.5,899.7,0.0,-,0,0,0.000
1790430574,s5-vmess-ws,384206,0,2621,2621,41.4,42.4,42.7,0.0,-,0,0,0.000
1790430574,s6-trojan-grpc,485321,0,3314,3314,1.3,2.5,3.1,0.0,-,0,0,0.000
1790430574,__proc__,0,0,0,0,-,-,-,2529.4,32471,49296,62845826,4992.684
1790430604,s1-short,483679,0,3293,3293,2.3,3.5,4.0,0.0,-,0,0,0.000
1790430604,s2-long,341,4,0,0,14.5,55.6,219.7,0.0,-,0,0,0.000
1790430604,s3-quic,4549349,3,4339849,4339849,1.8,2.3,3.2,0.0,-,0,0,0.000
1790430604,s4-mixed-kcp,129664,1,4085008,4085008,51.2,698.5,899.7,0.0,-,0,0,0.000
1790430604,s5-vmess-ws,385454,0,2621,2621,41.4,42.4,43.0,0.0,-,0,0,0.000
1790430604,s6-trojan-grpc,486900,0,3316,3316,1.2,2.5,2.9,0.0,-,0,0,0.000
1790430604,__proc__,0,0,0,0,-,-,-,2532.0,32470,49287,63065216,5008.183
1790430634,s1-short,485248,0,3295,3295,2.3,3.5,4.0,0.0,-,0,0,0.000
1790430634,s2-long,341,4,0,0,14.5,55.6,219.7,0.0,-,0,0,0.000
1790430634,s3-quic,4565315,3,4359782,4359782,1.8,2.3,3.2,0.0,-,0,0,0.000
1790430634,s4-mixed-kcp,130046,1,4029024,4029024,51.2,698.5,899.2,0.0,-,0,0,0.000
1790430634,s5-vmess-ws,386702,0,2621,2621,41.4,42.4,42.9,0.0,-,0,0,0.000
1790430634,s6-trojan-grpc,488479,0,3316,3316,1.3,2.5,2.8,0.0,-,0,0,0.000
1790430634,__proc__,0,0,0,0,-,-,-,2512.7,32492,49316,63287881,5023.734
1790430664,s1-short,486817,0,3295,3295,2.2,3.4,4.0,0.0,-,0,0,0.000
1790430664,s2-long,341,4,0,0,14.5,55.6,219.7,0.0,-,0,0,0.000
1790430664,s3-quic,4581296,3,4363878,4363878,1.8,2.3,3.2,0.0,-,0,0,0.000
1790430664,s4-mixed-kcp,130417,1,4172535,4172535,51.1,698.2,899.4,0.0,-,0,0,0.000
1790430664,s5-vmess-ws,387950,0,2621,2621,41.4,42.4,42.9,0.0,-,0,0,0.000
1790430664,s6-trojan-grpc,490057,0,3314,3314,1.3,2.5,2.8,0.0,-,0,0,0.000
1790430664,__proc__,0,0,0,0,-,-,-,2535.1,32478,49307,63510884,5039.202
1790430694,s1-short,488388,0,3299,3299,2.2,3.4,3.9,0.0,-,0,0,0.000
1790430694,s2-long,341,4,0,0,14.5,55.6,219.7,0.0,-,0,0,0.000
1790430694,s3-quic,4597254,3,4357598,4357598,1.8,2.3,3.2,0.0,-,0,0,0.000
1790430694,s4-mixed-kcp,130794,1,4093999,4093999,51.1,697.6,899.6,0.0,-,0,0,0.000
1790430694,s5-vmess-ws,389198,0,2621,2621,41.4,42.4,42.9,0.0,-,0,0,0.000
1790430694,s6-trojan-grpc,491635,0,3314,3314,1.3,2.5,2.8,0.0,-,0,0,0.000
1790430694,__proc__,0,0,0,0,-,-,-,2538.0,32486,49312,63733823,5054.651
1790430724,s1-short,489957,0,3295,3295,2.2,3.4,3.9,0.0,-,0,0,0.000
1790430724,s2-long,341,4,0,0,14.5,55.6,219.7,0.0,-,0,0,0.000
1790430724,s3-quic,4613251,3,4368247,4368247,1.8,2.3,3.2,0.0,-,0,0,0.000
1790430724,s4-mixed-kcp,131169,1,4022935,4022935,51.1,697.8,899.7,0.0,-,0,0,0.000
1790430724,s5-vmess-ws,390446,0,2621,2621,41.4,42.4,42.9,0.0,-,0,0,0.000
1790430724,s6-trojan-grpc,493214,0,3316,3316,1.2,2.5,2.8,0.0,-,0,0,0.000
1790430724,__proc__,0,0,0,0,-,-,-,2532.2,32473,49320,63956559,5070.118
1790430754,s1-short,491526,0,3295,3295,2.2,3.5,3.9,0.0,-,0,0,0.000
1790430754,s2-long,341,4,0,0,14.5,55.6,219.7,0.0,-,0,0,0.000
1790430754,s3-quic,4629083,3,4323191,4323191,1.8,2.4,3.3,0.0,-,0,0,0.000
1790430754,s4-mixed-kcp,131547,1,4232597,4232597,51.1,697.8,899.8,0.0,-,0,0,0.000
1790430754,s5-vmess-ws,391694,0,2621,2621,41.4,42.4,42.8,0.0,-,0,0,0.000
1790430754,s6-trojan-grpc,494792,0,3314,3314,1.3,2.5,2.9,0.0,-,0,0,0.000
1790430754,__proc__,0,0,0,0,-,-,-,2530.3,32487,49327,64178035,5085.611
1790430784,s1-short,493094,0,3293,3293,2.2,3.6,4.1,0.0,-,0,0,0.000
1790430784,s2-long,341,4,0,0,14.5,55.6,219.7,0.0,-,0,0,0.000
1790430784,s3-quic,4644703,3,4265301,4265301,1.8,2.4,3.3,0.0,-,0,0,0.000
1790430784,s4-mixed-kcp,131920,1,4116124,4116124,51.1,698.5,899.6,0.0,-,0,0,0.000
1790430784,s5-vmess-ws,392942,0,2621,2621,41.4,42.4,43.0,0.0,-,0,0,0.000
1790430784,s6-trojan-grpc,496371,0,3316,3316,1.3,2.6,3.1,0.0,-,0,0,0.000
1790430784,__proc__,0,0,0,0,-,-,-,2544.6,32500,49326,64396821,5101.141
1790430814,s1-short,494662,0,3293,3293,2.3,3.7,4.3,0.0,-,0,0,0.000
1790430814,s2-long,341,4,0,0,14.5,55.6,219.7,0.0,-,0,0,0.000
1790430814,s3-quic,4660092,3,4202223,4202223,1.9,2.4,3.4,0.0,-,0,0,0.000
1790430814,s4-mixed-kcp,132293,1,4079627,4079627,51.1,698.5,899.6,0.0,-,0,0,0.000
1790430814,s5-vmess-ws,394190,0,2621,2621,41.4,42.4,43.1,0.0,-,0,0,0.000
1790430814,s6-trojan-grpc,497947,0,3310,3310,1.3,2.8,3.3,0.0,-,0,0,0.000
1790430814,__proc__,0,0,0,0,-,-,-,2517.9,32492,49301,64611884,5116.750
1790430844,s1-short,496227,0,3286,3286,2.3,3.9,4.5,0.0,-,0,0,0.000
1790430844,s2-long,341,4,0,0,14.5,55.6,219.7,0.0,-,0,0,0.000
1790430844,s3-quic,4675441,3,4191300,4191300,1.9,2.4,3.4,0.0,-,0,0,0.000
1790430844,s4-mixed-kcp,132663,1,4014397,4014397,51.1,698.9,899.5,0.0,-,0,0,0.000
1790430844,s5-vmess-ws,395438,0,2621,2621,41.4,42.4,43.1,0.0,-,0,0,0.000
1790430844,s6-trojan-grpc,499522,0,3308,3308,1.4,2.9,3.4,0.0,-,0,0,0.000
1790430844,__proc__,0,0,0,0,-,-,-,2523.6,32461,49264,64826912,5132.462
1790430874,s1-short,497795,0,3293,3293,2.4,3.9,4.5,0.0,-,0,0,0.000
1790430874,s2-long,341,4,0,0,14.5,55.6,219.7,0.0,-,0,0,0.000
1790430874,s3-quic,4690941,3,4232533,4232533,1.9,2.5,3.4,0.0,-,0,0,0.000
1790430874,s4-mixed-kcp,133037,1,4059176,4059176,51.1,698.9,899.3,0.0,-,0,0,0.000
1790430874,s5-vmess-ws,396686,0,2621,2621,41.4,42.4,43.1,0.0,-,0,0,0.000
1790430874,s6-trojan-grpc,501100,0,3314,3314,1.4,2.9,3.4,0.0,-,0,0,0.000
1790430874,__proc__,0,0,0,0,-,-,-,2529.4,32460,49266,65041989,5148.201
1790430904,s1-short,499359,0,3284,3284,2.4,3.9,4.5,0.0,-,0,0,0.000
1790430904,s2-long,341,4,0,0,14.5,55.6,219.7,0.0,-,0,0,0.000
1790430904,s3-quic,4706547,3,4261478,4261478,1.8,2.3,3.3,0.0,-,0,0,0.000
1790430904,s4-mixed-kcp,133408,1,4109481,4109481,51.1,699.0,899.4,0.0,-,0,0,0.000
1790430904,s5-vmess-ws,397934,0,2621,2621,41.4,42.4,43.0,0.0,-,0,0,0.000
1790430904,s6-trojan-grpc,502677,0,3312,3312,1.4,2.8,3.3,0.0,-,0,0,0.000
1790430904,__proc__,0,0,0,0,-,-,-,2518.5,32448,49268,65258036,5163.874
1790430934,s1-short,500924,0,3286,3286,2.4,3.9,4.6,0.0,-,0,0,0.000
1790430934,s2-long,341,4,0,0,14.5,55.6,219.7,0.0,-,0,0,0.000
1790430934,s3-quic,4722061,3,4236356,4236356,1.9,2.4,3.3,0.0,-,0,0,0.000
1790430934,s4-mixed-kcp,133781,1,3951401,3951401,51.1,698.5,899.3,0.0,-,0,0,0.000
1790430934,s5-vmess-ws,399182,0,2621,2621,41.4,42.4,42.9,0.0,-,0,0,0.000
1790430934,s6-trojan-grpc,504252,0,3308,3308,1.4,2.9,3.3,0.0,-,0,0,0.000
1790430934,__proc__,0,0,0,0,-,-,-,2536.1,32443,49245,65473350,5179.593
1790430964,s1-short,502491,0,3291,3291,2.5,4.0,4.6,0.0,-,0,0,0.000
1790430964,s2-long,341,4,0,0,14.5,55.6,219.7,0.0,-,0,0,0.000
1790430964,s3-quic,4737517,3,4220518,4220518,1.9,2.4,3.2,0.0,-,0,0,0.000
1790430964,s4-mixed-kcp,134153,1,4085759,4085759,51.1,698.1,899.5,0.0,-,0,0,0.000
1790430964,s5-vmess-ws,400430,0,2621,2621,41.4,42.4,42.9,0.0,-,0,0,0.000
1790430964,s6-trojan-grpc,505827,0,3308,3308,1.4,2.9,3.3,0.0,-,0,0,0.000
1790430964,__proc__,0,0,0,0,-,-,-,2523.5,32431,49226,65687917,5195.266
1790430994,s1-short,504057,0,3289,3289,2.5,3.9,4.5,0.0,-,0,0,0.000
1790430994,s2-long,341,4,0,0,14.5,55.6,219.7,0.0,-,0,0,0.000
1790430994,s3-quic,4753030,3,4236083,4236083,1.8,2.5,3.3,0.0,-,0,0,0.000
1790430994,s4-mixed-kcp,134524,1,4026583,4026583,51.1,697.7,899.5,0.0,-,0,0,0.000
1790430994,s5-vmess-ws,401678,0,2621,2621,41.4,42.4,43.0,0.0,-,0,0,0.000
1790430994,s6-trojan-grpc,507405,0,3314,3314,1.5,2.9,3.4,0.0,-,0,0,0.000
1790430994,__proc__,0,0,0,0,-,-,-,2495.2,32435,49232,65903148,5210.859
1790431024,s1-short,505623,0,3289,3289,2.5,3.9,4.5,0.0,-,0,0,0.000
1790431024,s2-long,341,4,0,0,14.5,55.6,219.7,0.0,-,0,0,0.000
1790431024,s3-quic,4768467,3,4215330,4215330,1.9,2.4,3.3,0.0,-,0,0,0.000
1790431024,s4-mixed-kcp,134892,1,4112343,4112343,51.1,698.9,899.3,0.0,-,0,0,0.000
1790431024,s5-vmess-ws,402926,0,2621,2621,41.4,42.4,43.2,0.0,-,0,0,0.000
1790431024,s6-trojan-grpc,508982,0,3312,3312,1.4,2.9,3.4,0.0,-,0,0,0.000
1790431024,__proc__,0,0,0,0,-,-,-,2521.4,32445,49232,66117472,5226.549
1790431054,s1-short,507188,0,3286,3286,2.5,3.9,4.5,0.0,-,0,0,0.000
1790431054,s2-long,341,4,0,0,14.5,55.6,219.7,0.0,-,0,0,0.000
1790431054,s3-quic,4783804,3,4188023,4188023,1.9,2.4,3.3,0.0,-,0,0,0.000
1790431054,s4-mixed-kcp,135265,1,4039099,4039099,51.1,698.4,899.3,0.0,-,0,0,0.000
1790431054,s5-vmess-ws,404174,0,2621,2621,41.4,42.4,43.3,0.0,-,0,0,0.000
1790431054,s6-trojan-grpc,510557,0,3308,3308,1.4,2.9,3.4,0.0,-,0,0,0.000
1790431054,__proc__,0,0,0,0,-,-,-,2525.9,32441,49228,66331031,5242.178
1790431084,s1-short,508755,0,3291,3291,2.4,3.9,4.5,0.0,-,0,0,0.000
1790431084,s2-long,341,4,0,0,14.5,55.6,219.7,0.0,-,0,0,0.000
1790431084,s3-quic,4799220,3,4209596,4209596,1.9,2.4,3.3,0.0,-,0,0,0.000
1790431084,s4-mixed-kcp,135644,1,4025342,4025342,51.1,697.7,898.9,0.0,-,0,0,0.000
1790431084,s5-vmess-ws,405422,0,2621,2621,41.4,42.4,43.2,0.0,-,0,0,0.000
1790431084,s6-trojan-grpc,512134,0,3312,3312,1.4,2.9,3.4,0.0,-,0,0,0.000
1790431084,__proc__,0,0,0,0,-,-,-,2521.6,32444,49234,66546869,5257.693
1790431114,s1-short,510323,0,3293,3293,2.4,3.9,4.5,0.0,-,0,0,0.000
1790431114,s2-long,341,4,0,0,14.5,55.6,219.7,0.0,-,0,0,0.000
1790431114,s3-quic,4814812,3,4257655,4257655,1.8,2.4,3.3,0.0,-,0,0,0.000
1790431114,s4-mixed-kcp,136024,1,4114780,4114780,51.1,697.6,898.9,0.0,-,0,0,0.000
1790431114,s5-vmess-ws,406670,0,2621,2621,41.4,42.4,43.1,0.0,-,0,0,0.000
1790431114,s6-trojan-grpc,513712,0,3314,3314,1.4,2.9,3.3,0.0,-,0,0,0.000
1790431114,__proc__,0,0,0,0,-,-,-,2519.6,32459,49260,66763182,5273.294
1790431144,s1-short,511890,0,3291,3291,2.4,3.8,4.3,0.0,-,0,0,0.000
1790431144,s2-long,341,4,0,0,14.5,55.6,219.7,0.0,-,0,0,0.000
1790431144,s3-quic,4830235,3,4211507,4211507,1.9,2.4,3.4,0.0,-,0,0,0.000
1790431144,s4-mixed-kcp,136398,1,4072858,4072858,51.1,697.6,899.0,0.0,-,0,0,0.000
1790431144,s5-vmess-ws,407918,0,2621,2621,41.4,42.4,42.9,0.0,-,0,0,0.000
1790431144,s6-trojan-grpc,515289,0,3312,3312,1.4,2.8,3.3,0.0,-,0,0,0.000
1790431144,__proc__,0,0,0,0,-,-,-,2524.4,32453,49251,66977247,5288.941
1790431174,s1-short,513455,0,3286,3286,2.4,3.9,4.3,0.0,-,0,0,0.000
1790431174,s2-long,341,4,0,0,14.5,55.6,219.7,0.0,-,0,0,0.000
1790431174,s3-quic,4845600,3,4195669,4195669,1.9,2.4,3.4,0.0,-,0,0,0.000
1790431174,s4-mixed-kcp,136771,1,4122799,4122799,51.1,697.6,899.1,0.0,-,0,0,0.000
1790431174,s5-vmess-ws,409166,0,2621,2621,41.4,42.4,42.9,0.0,-,0,0,0.000
1790431174,s6-trojan-grpc,516865,0,3310,3310,1.4,2.8,3.3,0.0,-,0,0,0.000
1790431174,__proc__,0,0,0,0,-,-,-,2533.1,32454,49250,67191594,5304.560
1790431204,s1-short,515020,0,3286,3286,2.4,4.0,4.4,0.0,-,0,0,0.000
1790431204,s2-long,341,4,0,0,14.5,55.6,219.7,0.0,-,0,0,0.000
1790431204,s3-quic,4860879,3,4172186,4172186,1.9,2.5,3.5,0.0,-,0,0,0.000
1790431204,s4-mixed-kcp,137133,1,4051680,4051680,51.1,697.7,899.3,0.0,-,0,0,0.000
1790431204,s5-vmess-ws,410414,0,2621,2621,41.4,42.4,43.0,0.0,-,0,0,0.000
1790431204,s6-trojan-grpc,518441,0,3310,3310,1.4,2.9,3.4,0.0,-,0,0,0.000
1790431204,__proc__,0,0,0,0,-,-,-,2524.4,32434,49187,67403552,5320.336
1790431234,s1-short,516584,0,3284,3284,2.5,4.1,4.5,0.0,-,0,0,0.000
1790431234,s2-long,341,4,0,0,14.5,55.6,219.7,0.0,-,0,0,0.000
1790431234,s3-quic,4876021,3,4134775,4134775,1.9,2.4,3.4,0.0,-,0,0,0.000
1790431234,s4-mixed-kcp,137498,1,4099251,4099251,51.1,698.4,899.3,0.0,-,0,0,0.000
1790431234,s5-vmess-ws,411661,0,2619,2619,41.4,42.4,43.0,0.0,-,0,0,0.000
1790431234,s6-trojan-grpc,520015,0,3305,3305,1.5,3.0,3.5,0.0,-,0,0,0.000
1790431234,__proc__,0,0,0,0,-,-,-,2538.7,32423,49189,67614503,5336.230
1790431264,s1-short,518151,0,3291,3291,2.5,4.1,4.6,0.0,-,0,0,0.000
1790431264,s2-long,341,4,0,0,14.5,55.6,219.7,0.0,-,0,0,0.000
1790431264,s3-quic,4891330,3,4180378,4180378,1.9,2.4,3.3,0.0,-,0,0,0.000
1790431264,s4-mixed-kcp,137865,1,4056995,4056995,51.1,699.0,900.2,0.0,-,0,0,0.000
1790431264,s5-vmess-ws,412909,0,2621,2621,41.4,42.4,42.9,0.0,-,0,0,0.000
1790431264,s6-trojan-grpc,521591,0,3310,3310,1.5,3.0,3.5,0.0,-,0,0,0.000
1790431264,__proc__,0,0,0,0,-,-,-,2525.3,32450,49215,67827392,5352.102
1790431294,s1-short,519716,0,3286,3286,2.5,4.1,4.6,0.0,-,0,0,0.000
1790431294,s2-long,341,4,0,0,14.5,55.6,219.7,0.0,-,0,0,0.000
1790431294,s3-quic,4906688,3,4193758,4193758,1.9,2.4,3.3,0.0,-,0,0,0.000
1790431294,s4-mixed-kcp,138238,1,4013004,4013004,51.1,699.0,900.2,0.0,-,0,0,0.000
1790431294,s5-vmess-ws,414157,0,2621,2621,41.4,42.4,42.9,0.0,-,0,0,0.000
1790431294,s6-trojan-grpc,523167,0,3310,3310,1.5,3.0,3.5,0.0,-,0,0,0.000
1790431294,__proc__,0,0,0,0,-,-,-,2524.4,32446,49221,68040682,5367.910
1790431324,s1-short,521280,0,3284,3284,2.5,4.1,4.6,0.0,-,0,0,0.000
1790431324,s2-long,341,4,0,0,14.5,55.6,219.7,0.0,-,0,0,0.000
1790431324,s3-quic,4921758,3,4115115,4115115,1.9,2.6,3.4,0.0,-,0,0,0.000
1790431324,s4-mixed-kcp,138612,1,4100506,4100506,51.1,698.5,899.7,0.0,-,0,0,0.000
1790431324,s5-vmess-ws,415405,0,2621,2621,41.4,42.4,43.2,0.0,-,0,0,0.000
1790431324,s6-trojan-grpc,524741,0,3305,3305,1.5,3.0,3.6,0.0,-,0,0,0.000
1790431324,__proc__,0,0,0,0,-,-,-,2536.7,32431,49205,68251181,5383.700
1790431354,s1-short,522845,0,3286,3286,2.5,4.1,4.6,0.0,-,0,0,0.000
1790431354,s2-long,341,4,0,0,14.5,55.6,219.7,0.0,-,0,0,0.000
1790431354,s3-quic,4936878,3,4128768,4128768,1.9,2.4,3.4,0.0,-,0,0,0.000
1790431354,s4-mixed-kcp,138971,1,4068294,4068294,51.2,698.4,947.4,0.0,-,0,0,0.000
1790431354,s5-vmess-ws,416653,0,2621,2621,41.4,42.4,43.1,0.0,-,0,0,0.000
1790431354,s6-trojan-grpc,526316,0,3308,3308,1.5,3.0,3.6,0.0,-,0,0,0.000
1790431354,__proc__,0,0,0,0,-,-,-,2534.6,32430,49191,68463037,5399.588
1790431384,s1-short,524412,0,3291,3291,2.5,4.1,4.5,0.0,-,0,0,0.000
1790431384,s2-long,341,4,0,0,14.5,55.6,219.7,0.0,-,0,0,0.000
1790431384,s3-quic,4952164,3,4174097,4174097,1.9,2.4,3.3,0.0,-,0,0,0.000
1790431384,s4-mixed-kcp,139341,1,3966704,3966704,51.1,697.9,947.4,0.0,-,0,0,0.000
1790431384,s5-vmess-ws,417901,0,2621,2621,41.4,42.5,43.2,0.0,-,0,0,0.000
1790431384,s6-trojan-grpc,527894,0,3314,3314,1.5,3.0,3.6,0.0,-,0,0,0.000
1790431384,__proc__,0,0,0,0,-,-,-,2502.4,32427,49202,68676783,5415.318
1790431414,s1-short,525977,0,3286,3286,2.4,4.0,4.5,0.0,-,0,0,0.000
1790431414,s2-long,341,4,0,0,14.5,55.6,219.7,0.0,-,0,0,0.000
1790431414,s3-quic,4967446,3,4173005,4173005,1.9,2.4,3.3,0.0,-,0,0,0.000
1790431414,s4-mixed-kcp,139711,1,4116463,4116463,51.2,698.7,947.5,0.0,-,0,0,0.000
1790431414,s5-vmess-ws,419149,0,2621,2621,41.4,42.4,43.1,0.0,-,0,0,0.000
1790431414,s6-trojan-grpc,529470,0,3310,3310,1.4,3.0,3.6,0.0,-,0,0,0.000
1790431414,__proc__,0,0,0,0,-,-,-,2523.9,32444,49226,68889917,5431.102
1790431444,s1-short,527545,0,3293,3293,2.4,3.9,4.4,0.0,-,0,0,0.000
1790431444,s2-long,341,4,0,0,14.5,55.6,219.7,0.0,-,0,0,0.000
1790431444,s3-quic,4982693,3,4163447,4163447,1.9,2.4,3.4,0.0,-,0,0,0.000
1790431444,s4-mixed-kcp,140084,1,4104136,4104136,51.2,699.0,947.6,0.0,-,0,0,0.000
1790431444,s5-vmess-ws,420397,0,2621,2621,41.4,42.4,43.1,0.0,-,0,0,0.000
1790431444,s6-trojan-grpc,531046,0,3310,3310,1.4,2.9,3.4,0.0,-,0,0,0.000
1790431444,__proc__,0,0,0,0,-,-,-,2527.4,32434,49199,69102092,5446.929
1790431474,s1-short,529109,0,3284,3284,2.4,3.9,4.5,0.0,-,0,0,0.000
1790431474,s2-long,341,4,0,0,14.5,55.6,219.7,0.0,-,0,0,0.000
1790431474,s3-quic,4997910,3,4155255,4155255,1.9,2.4,3.4,0.0,-,0,0,0.000
1790431474,s4-mixed-kcp,140452,1,4129993,4129993,51.2,699.0,947.5,0.0,-,0,0,0.000
1790431474,s5-vmess-ws,421644,0,2619,2619,41.4,42.4,43.1,0.0,-,0,0,0.000
1790431474,s6-trojan-grpc,532622,0,3310,3310,1.4,3.0,3.4,0.0,-,0,0,0.000
1790431474,__proc__,0,0,0,0,-,-,-,2519.4,32436,49209,69314313,5462.757
1790431504,s1-short,530673,0,3284,3284,2.5,4.1,4.6,0.0,-,0,0,0.000
1790431504,s2-long,341,4,0,0,14.5,55.6,219.7,0.0,-,0,0,0.000
1790431504,s3-quic,5013002,3,4121122,4121122,1.9,2.5,3.4,0.0,-,0,0,0.000
1790431504,s4-mixed-kcp,140821,1,4107527,4107527,51.2,699.2,947.6,0.0,-,0,0,0.000
1790431504,s5-vmess-ws,422892,0,2621,2621,41.4,42.5,43.1,0.0,-,0,0,0.000
1790431504,s6-trojan-grpc,534196,0,3305,3305,1.5,3.0,3.5,0.0,-,0,0,0.000
1790431504,__proc__,0,0,0,0,-,-,-,2500.7,32428,49196,69524342,5478.669
1790431534,s1-short,532239,0,3289,3289,2.5,4.2,4.7,0.0,-,0,0,0.000
1790431534,s2-long,341,4,0,0,14.5,55.6,219.7,0.0,-,0,0,0.000
1790431534,s3-quic,5028019,3,4100642,4100642,1.9,2.6,3.5,0.0,-,0,0,0.000
1790431534,s4-mixed-kcp,141185,1,4009098,4009098,51.2,699.2,947.6,0.0,-,0,0,0.000
1790431534,s5-vmess-ws,424140,0,2621,2621,41.4,42.5,43.2,0.0,-,0,0,0.000
1790431534,s6-trojan-grpc,535772,0,3310,3310,1.5,3.1,3.5,0.0,-,0,0,0.000
1790431534,__proc__,0,0,0,0,-,-,-,2492.2,32420,49182,69735045,5494.552
1790431564,s1-short,533801,0,3280,3280,2.6,4.3,4.9,0.0,-,0,0,0.000
1790431564,s2-long,341,4,0,0,14.5,55.6,219.7,0.0,-,0,0,0.000
1790431564,s3-quic,5042710,3,4011622,4011622,2.0,2.5,3.4,0.0,-,0,0,0.000
1790431564,s4-mixed-kcp,141554,1,4049041,4049041,51.2,699.2,947.4,0.0,-,0,0,0.000
1790431564,s5-vmess-ws,425388,0,2621,2621,41.4,42.5,43.2,0.0,-,0,0,0.000
1790431564,s6-trojan-grpc,537345,0,3303,3303,1.6,3.2,3.6,0.0,-,0,0,0.000
1790431564,__proc__,0,0,0,0,-,-,-,2511.0,32422,49168,69939365,5510.628
1790431594,s1-short,535365,0,3284,3284,2.6,4.3,5.0,0.0,-,0,0,0.000
1790431594,s2-long,341,4,0,0,14.5,55.6,219.7,0.0,-,0,0,0.000
1790431594,s3-quic,5057533,3,4047667,4047667,1.9,2.5,3.4,0.0,-,0,0,0.000
1790431594,s4-mixed-kcp,141919,1,4102113,4102113,51.2,699.3,947.4,0.0,-,0,0,0.000
1790431594,s5-vmess-ws,426635,0,2619,2619,41.4,42.5,43.3,0.0,-,0,0,0.000
1790431594,s6-trojan-grpc,538918,0,3303,3303,1.6,3.2,3.7,0.0,-,0,0,0.000
1790431594,__proc__,0,0,0,0,-,-,-,2516.5,32397,49162,70145509,5526.616
1790431624,s1-short,536929,0,3284,3284,2.6,4.3,4.9,0.0,-,0,0,0.000
1790431624,s2-long,341,4,0,0,14.5,55.6,219.7,0.0,-,0,0,0.000
1790431624,s3-quic,5072386,3,4055859,4055859,1.9,2.5,3.4,0.0,-,0,0,0.000
1790431624,s4-mixed-kcp,142288,1,4187112,4187112,51.2,701.3,947.5,0.0,-,0,0,0.000
1790431624,s5-vmess-ws,427883,0,2621,2621,41.4,42.5,43.3,0.0,-,0,0,0.000
1790431624,s6-trojan-grpc,540494,0,3310,3310,1.6,3.2,3.6,0.0,-,0,0,0.000
1790431624,__proc__,0,0,0,0,-,-,-,2508.5,32408,49168,70352141,5542.560
1790431654,s1-short,538493,0,3284,3284,2.6,4.3,4.8,0.0,-,0,0,0.000
1790431654,s2-long,341,4,0,0,14.5,55.6,219.7,0.0,-,0,0,0.000
1790431654,s3-quic,5087115,3,4021999,4021999,2.0,2.6,3.5,0.0,-,0,0,0.000
1790431654,s4-mixed-kcp,142660,1,4006235,4006235,51.2,699.8,948.0,0.0,-,0,0,0.000
1790431654,s5-vmess-ws,429131,0,2621,2621,41.4,42.5,43.3,0.0,-,0,0,0.000
1790431654,s6-trojan-grpc,542069,0,3308,3308,1.5,3.2,3.6,0.0,-,0,0,0.000
1790431654,__proc__,0,0,0,0,-,-,-,2513.5,32403,49179,70557014,5558.470
1790431684,s1-short,540058,0,3286,3286,2.6,4.3,4.9,0.0,-,0,0,0.000
1790431684,s2-long,341,4,0,0,14.5,55.6,219.7,0.0,-,0,0,0.000
1790431684,s3-quic,5101725,3,3989504,3989504,2.0,2.6,3.5,0.0,-,0,0,0.000
1790431684,s4-mixed-kcp,143025,1,4042802,4042802,51.2,699.2,947.9,0.0,-,0,0,0.000
1790431684,s5-vmess-ws,430379,0,2621,2621,41.4,42.5,43.2,0.0,-,0,0,0.000
1790431684,s6-trojan-grpc,543644,0,3308,3308,1.5,3.2,3.6,0.0,-,0,0,0.000
1790431684,__proc__,0,0,0,0,-,-,-,2521.3,32389,49154,70760994,5574.388
1790431714,s1-short,541622,0,3284,3284,2.6,4.3,4.9,0.0,-,0,0,0.000
1790431714,s2-long,341,4,0,0,14.5,55.6,219.7,0.0,-,0,0,0.000
1790431714,s3-quic,5116475,3,4027733,4027733,1.9,2.6,3.4,0.0,-,0,0,0.000
1790431714,s4-mixed-kcp,143391,1,4213518,4213518,51.2,700.9,948.0,0.0,-,0,0,0.000
1790431714,s5-vmess-ws,431627,0,2621,2621,41.4,42.5,43.2,0.0,-,0,0,0.000
1790431714,s6-trojan-grpc,545219,0,3308,3308,1.5,3.2,3.6,0.0,-,0,0,0.000
1790431714,__proc__,0,0,0,0,-,-,-,2500.1,32400,49166,70966352,5590.345
1790431744,s1-short,543186,0,3284,3284,2.6,4.3,4.9,0.0,-,0,0,0.000
1790431744,s2-long,341,4,0,0,14.5,55.6,219.7,0.0,-,0,0,0.000
1790431744,s3-quic,5131192,3,4018722,4018722,2.0,2.6,3.5,0.0,-,0,0,0.000
1790431744,s4-mixed-kcp,143764,1,4088751,4088751,51.2,699.3,948.0,0.0,-,0,0,0.000
1790431744,s5-vmess-ws,432875,0,2621,2621,41.4,42.5,43.2,0.0,-,0,0,0.000
1790431744,s6-trojan-grpc,546793,0,3305,3305,1.5,3.2,3.6,0.0,-,0,0,0.000
1790431744,__proc__,0,0,0,0,-,-,-,2513.6,32403,49172,71171389,5606.224
1790431774,s1-short,544752,0,3289,3289,2.5,4.2,4.8,0.0,-,0,0,0.000
1790431774,s2-long,341,4,0,0,14.5,55.6,219.7,0.0,-,0,0,0.000
1790431774,s3-quic,5145951,3,4030191,4030191,1.9,2.5,3.4,0.0,-,0,0,0.000
1790431774,s4-mixed-kcp,144137,1,3984866,3984866,51.2,699.2,947.9,0.0,-,0,0,0.000
1790431774,s5-vmess-ws,434123,0,2621,2621,41.4,42.5,43.2,0.0,-,0,0,0.000
1790431774,s6-trojan-grpc,548370,0,3312,3312,1.4,3.1,3.5,0.0,-,0,0,0.000
1790431774,__proc__,0,0,0,0,-,-,-,2520.8,32411,49170,71377706,5621.992
1790431804,s1-short,546312,0,3276,3276,2.6,4.3,4.8,0.0,-,0,0,0.000
1790431804,s2-long,341,4,0,0,14.5,55.6,219.7,0.0,-,0,0,0.000
1790431804,s3-quic,5160665,3,4017903,4017903,2.0,2.6,3.6,0.0,-,0,0,0.000
1790431804,s4-mixed-kcp,144505,1,4047578,4047578,51.2,699.2,947.5,0.0,-,0,0,0.000
1790431804,s5-vmess-ws,435371,0,2621,2621,41.4,42.5,43.2,0.0,-,0,0,0.000
1790431804,s6-trojan-grpc,549944,0,3305,3305,1.4,3.1,3.6,0.0,-,0,0,0.000
1790431804,__proc__,0,0,0,0,-,-,-,2516.5,32404,49162,71582957,5637.872
1790431834,s1-short,547876,0,3284,3284,2.6,4.3,4.8,0.0,-,0,0,0.000
1790431834,s2-long,341,4,0,0,14.5,55.6,219.7,0.0,-,0,0,0.000
1790431834,s3-quic,5175365,3,4014080,4014080,1.9,2.6,3.5,0.0,-,0,0,0.000
1790431834,s4-mixed-kcp,144875,1,4100492,4100492,51.2,699.1,947.4,0.0,-,0,0,0.000
1790431834,s5-vmess-ws,436618,0,2619,2619,41.4,42.5,43.1,0.0,-,0,0,0.000
1790431834,s6-trojan-grpc,551520,0,3310,3310,1.5,3.2,3.7,0.0,-,0,0,0.000
1790431834,__proc__,0,0,0,0,-,-,-,2513.8,32407,49179,71788259,5653.791
1790431864,s1-short,549440,0,3284,3284,2.7,4.4,4.9,0.0,-,0,0,0.000
1790431864,s2-long,341,4,0,0,14.5,55.6,219.7,0.0,-,0,0,0.000
1790431864,s3-quic,5190198,3,4050398,4050398,1.9,2.6,3.5,0.0,-,0,0,0.000
1790431864,s4-mixed-kcp,145243,1,4066490,4066490,51.2,698.9,947.5,0.0,-,0,0,0.000
1790431864,s5-vmess-ws,437866,0,2621,2621,41.4,42.5,43.2,0.0,-,0,0,0.000
1790431864,s6-trojan-grpc,553093,0,3303,3303,1.6,3.2,3.7,0.0,-,0,0,0.000
1790431864,__proc__,0,0,0,0,-,-,-,2512.2,32409,49150,71994150,5669.668
1790431894,s1-short,551003,0,3282,3282,2.7,4.4,5.1,0.0,-,0,0,0.000
1790431894,s2-long,341,4,0,0,14.5,55.6,219.7,0.0,-,0,0,0.000
1790431894,s3-quic,5205000,3,4041933,4041933,1.9,2.6,3.5,0.0,-,0,0,0.000
1790431894,s4-mixed-kcp,145615,1,3955130,3955130,51.2,698.8,947.6,0.0,-,0,0,0.000
1790431894,s5-vmess-ws,439114,0,2621,2621,41.4,42.5,43.3,0.0,-,0,0,0.000
1790431894,s6-trojan-grpc,554668,0,3308,3308,1.6,3.2,3.8,0.0,-,0,0,0.000
1790431894,__proc__,0,0,0,0,-,-,-,2494.5,32409,49158,72199990,5685.595
1790431924,s1-short,552566,0,3282,3282,2.7,4.3,4.9,0.0,-,0,0,0.000
1790431924,s2-long,341,4,0,0,14.5,55.6,219.7,0.0,-,0,0,0.000
1790431924,s3-quic,5219727,3,4021453,4021453,1.9,2.6,3.4,0.0,-,0,0,0.000
1790431924,s4-mixed-kcp,145983,1,4117489,4117489,51.2,698.4,947.8,0.0,-,0,0,0.000
1790431924,s5-vmess-ws,440362,0,2621,2621,41.4,42.5,43.3,0.0,-,0,0,0.000
1790431924,s6-trojan-grpc,556240,0,3301,3301,1.6,3.2,3.7,0.0,-,0,0,0.000
1790431924,__proc__,0,0,0,0,-,-,-,2526.2,32390,49143,72405101,5701.445
1790431954,s1-short,554131,0,3286,3286,2.6,4.3,5.0,0.0,-,0,0,0.000
1790431954,s2-long,341,4,0,0,14.5,55.6,219.7,0.0,-,0,0,0.000
1790431954,s3-quic,5234562,3,4050944,4050944,1.9,2.5,3.5,0.0,-,0,0,0.000
1790431954,s4-mixed-kcp,146352,1,4033510,4033510,51.2,698.3,946.7,0.0,-,0,0,0.000
1790431954,s5-vmess-ws,441610,0,2621,2621,41.4,42.5,43.2,0.0,-,0,0,0.000
1790431954,s6-trojan-grpc,557815,0,3308,3308,1.5,3.2,3.6,0.0,-,0,0,0.000
1790431954,__proc__,0,0,0,0,-,-,-,2518.5,32392,49143,72612087,5717.313
1790431984,s1-short,555695,0,3284,3284,2.6,4.2,4.8,0.0,-,0,0,0.000
1790431984,s2-long,341,4,0,0,14.5,55.6,219.7,0.0,-,0,0,0.000
1790431984,s3-quic,5249450,3,4065417,4065417,1.9,2.5,3.4,0.0,-,0,0,0.000
1790431984,s4-mixed-kcp,146717,1,4038547,4038547,51.2,699.1,900.7,0.0,-,0,0,0.000
1790431984,s5-vmess-ws,442858,0,2621,2621,41.4,42.5,43.1,0.0,-,0,0,0.000
1790431984,s6-trojan-grpc,559391,0,3310,3310,1.5,3.2,3.6,0.0,-,0,0,0.000
1790431984,__proc__,0,0,0,0,-,-,-,2514.8,32400,49158,72820320,5733.198
1790432014,s1-short,557260,0,3286,3286,2.5,4.2,4.8,0.0,-,0,0,0.000
1790432014,s2-long,341,4,0,0,14.5,55.6,219.7,0.0,-,0,0,0.000
1790432014,s3-quic,5264336,3,4064870,4064870,1.9,2.5,3.4,0.0,-,0,0,0.000
1790432014,s4-mixed-kcp,147085,1,4123248,4123248,51.2,699.1,900.8,0.0,-,0,0,0.000
1790432014,s5-vmess-ws,444105,0,2619,2619,41.4,42.5,43.0,0.0,-,0,0,0.000
1790432014,s6-trojan-grpc,560967,0,3310,3310,1.5,3.2,3.6,0.0,-,0,0,0.000
1790432014,__proc__,0,0,0,0,-,-,-,2494.9,32397,49153,73027686,5749.079
1790432044,s1-short,558824,0,3284,3284,2.6,4.2,4.7,0.0,-,0,0,0.000
1790432044,s2-long,341,4,0,0,14.5,55.6,219.7,0.0,-,0,0,0.000
1790432044,s3-quic,5279217,3,4063505,4063505,1.9,2.6,3.5,0.0,-,0,0,0.000
1790432044,s4-mixed-kcp,147457,1,4014393,4014393,51.2,699.1,900.7,0.0,-,0,0,0.000
1790432044,s5-vmess-ws,445353,0,2621,2621,41.4,42.5,43.1,0.0,-,0,0,0.000
1790432044,s6-trojan-grpc,562543,0,3310,3310,1.5,3.2,3.6,0.0,-,0,0,0.000
1790432044,__proc__,0,0,0,0,-,-,-,2527.1,32411,49184,73235471,5764.904
1790432074,s1-short,560388,0,3284,3284,2.5,4.2,4.7,0.0,-,0,0,0.000
1790432074,s2-long,341,4,0,0,14.5,55.6,219.7,0.0,-,0,0,0.000
1790432074,s3-quic,5294366,3,4136687,4136687,1.9,2.4,3.4,0.0,-,0,0,0.000
1790432074,s4-mixed-kcp,147822,1,4129213,4129213,51.2,699.4,900.7,0.0,-,0,0,0.000
1790432074,s5-vmess-ws,446601,0,2621,2621,41.4,42.5,43.0,0.0,-,0,0,0.000
1790432074,s6-trojan-grpc,564118,0,3308,3308,1.5,3.1,3.5,0.0,-,0,0,0.000
1790432074,__proc__,0,0,0,0,-,-,-,2505.8,32413,49185,73447749,5780.698
1790432104,s1-short,561954,0,3289,3289,2.5,4.1,4.7,0.0,-,0,0,0.000
1790432104,s2-long,341,4,0,0,14.5,55.6,219.7,0.0,-,0,0,0.000
1790432104,s3-quic,5309558,3,4148429,4148429,1.9,2.5,3.4,0.0,-,0,0,0.000
1790432104,s4-mixed-kcp,148190,1,4127624,4127624,51.2,699.1,900.7,0.0,-,0,0,0.000
1790432104,s5-vmess-ws,447849,0,2621,2621,41.4,42.5,43.2,0.0,-,0,0,0.000
1790432104,s6-trojan-grpc,565693,0,3308,3308,1.5,3.0,3.5,0.0,-,0,0,0.000
1790432104,__proc__,0,0,0,0,-,-,-,2525.5,32402,49164,73659899,5796.441
1790432134,s1-short,563520,0,3289,3289,2.4,3.9,4.5,0.0,-,0,0,0.000
1790432134,s2-long,341,4,0,0,14.5,55.6,219.7,0.0,-,0,0,0.000
1790432134,s3-quic,5324826,3,4169182,4169182,1.9,2.4,3.3,0.0,-,0,0,0.000
1790432134,s4-mixed-kcp,148562,1,4058916,4058916,51.2,699.1,946.9,0.0,-,0,0,0.000
1790432134,s5-vmess-ws,449097,0,2621,2621,41.4,42.5,43.1,0.0,-,0,0,0.000
1790432134,s6-trojan-grpc,567267,0,3305,3305,1.5,3.0,3.5,0.0,-,0,0,0.000
1790432134,__proc__,0,0,0,0,-,-,-,2501.4,32405,49179,73874252,5812.086
1790432164,s1-short,565086,0,3289,3289,2.4,4.0,4.5,0.0,-,0,0,0.000
1790432164,s2-long,341,4,0,0,14.5,55.6,219.7,0.0,-,0,0,0.000
1790432164,s3-quic,5340151,3,4184747,4184747,1.9,2.5,3.4,0.0,-,0,0,0.000
1790432164,s4-mixed-kcp,148928,1,4063238,4063238,51.2,698.4,947.7,0.0,-,0,0,0.000
1790432164,s5-vmess-ws,450345,0,2621,2621,41.4,42.5,43.2,0.0,-,0,0,0.000
1790432164,s6-trojan-grpc,568842,0,3308,3308,1.5,3.0,3.6,0.0,-,0,0,0.000
1790432164,__proc__,0,0,0,0,-,-,-,2510.5,32396,49172,74087760,5827.948
1790432194,s1-short,566652,0,3289,3289,2.4,4.0,4.6,0.0,-,0,0,0.000
1790432194,s2-long,341,4,0,0,14.5,55.6,219.7,0.0,-,0,0,0.000
1790432194,s3-quic,5355469,3,4182835,4182835,1.9,2.6,3.4,0.0,-,0,0,0.000
1790432194,s4-mixed-kcp,149302,1,4129790,4129790,51.2,698.7,947.7,0.0,-,0,0,0.000
1790432194,s5-vmess-ws,451593,0,2621,2621,41.4,42.4,43.1,0.0,-,0,0,0.000
1790432194,s6-trojan-grpc,570417,0,3308,3308,1.5,3.1,3.6,0.0,-,0,0,0.000
1790432194,__proc__,0,0,0,0,-,-,-,2502.2,32414,49182,74300994,5843.729
1790432224,s1-short,568220,0,3293,3293,2.5,4.0,4.6,0.0,-,0,0,0.000
1790432224,s2-long,341,4,0,0,14.5,55.6,219.7,0.0,-,0,0,0.000
1790432224,s3-quic,5370826,3,4193485,4193485,1.9,2.4,3.4,0.0,-,0,0,0.000
1790432224,s4-mixed-kcp,149669,1,3985339,3985339,51.2,698.7,946.6,0.0,-,0,0,0.000
1790432224,s5-vmess-ws,452841,0,2621,2621,41.4,42.4,43.1,0.0,-,0,0,0.000
1790432224,s6-trojan-grpc,571993,0,3310,3310,1.5,3.0,3.5,0.0,-,0,0,0.000
1790432224,__proc__,0,0,0,0,-,-,-,2498.4,32425,49198,74514470,5859.500
1790432254,s1-short,569785,0,3286,3286,2.4,3.9,4.5,0.0,-,0,0,0.000
1790432254,s2-long,341,4,0,0,14.5,55.6,219.7,0.0,-,0,0,0.000
1790432254,s3-quic,5386186,3,4194304,4194304,1.9,2.4,3.3,0.0,-,0,0,0.000
1790432254,s4-mixed-kcp,150050,1,4151065,4151065,51.2,698.5,945.7,0.0,-,0,0,0.000
1790432254,s5-vmess-ws,454089,0,2621,2621,41.4,42.4,43.1,0.0,-,0,0,0.000
1790432254,s6-trojan-grpc,573570,0,3312,3312,1.4,3.0,3.4,0.0,-,0,0,0.000
1790432254,__proc__,0,0,0,0,-,-,-,2506.8,32436,49227,74727749,5875.146
1790432284,s1-short,571352,0,3291,3291,2.4,3.9,4.5,0.0,-,0,0,0.000
1790432284,s2-long,341,4,0,0,14.5,55.6,219.7,0.0,-,0,0,0.000
1790432284,s3-quic,5401436,3,4164267,4164267,1.9,2.5,3.3,0.0,-,0,0,0.000
1790432284,s4-mixed-kcp,150421,1,4020673,4020673,51.2,698.2,947.5,0.0,-,0,0,0.000
1790432284,s5-vmess-ws,455337,0,2621,2621,41.4,42.4,43.0,0.0,-,0,0,0.000
1790432284,s6-trojan-grpc,575146,0,3310,3310,1.4,3.0,3.4,0.0,-,0,0,0.000
1790432284,__proc__,0,0,0,0,-,-,-,2500.5,32421,49210,74939495,5890.966
1790432314,s1-short,572918,0,3289,3289,2.4,3.9,4.5,0.0,-,0,0,0.000
1790432314,s2-long,341,4,0,0,14.5,55.6,219.7,0.0,-,0,0,0.000
1790432314,s3-quic,5416711,3,4171093,4171093,1.9,2.4,3.3,0.0,-,0,0,0.000
1790432314,s4-mixed-kcp,150794,1,4123683,4123683,51.2,698.0,947.7,0.0,-,0,0,0.000
1790432314,s5-vmess-ws,456584,0,2619,2619,41.4,42.4,42.9,0.0,-,0,0,0.000
1790432314,s6-trojan-grpc,576721,0,3308,3308,1.4,3.0,3.4,0.0,-,0,0,0.000
1790432314,__proc__,0,0,0,0,-,-,-,2493.4,32424,49193,75152755,5906.749
1790432344,s1-short,574484,0,3289,3289,2.4,4.0,4.5,0.0,-,0,0,0.000
1790432344,s2-long,341,4,0,0,14.5,55.6,219.7,0.0,-,0,0,0.000
1790432344,s3-quic,5431865,3,4138052,4138052,1.9,2.5,3.4,0.0,-,0,0,0.000
1790432344,s4-mixed-kcp,151163,1,4069885,4069885,51.2,698.2,947.7,0.0,-,0,0,0.000
1790432344,s5-vmess-ws,457832,0,2621,2621,41.4,42.4,42.9,0.0,-,0,0,0.000
1790432344,s6-trojan-grpc,578295,0,3305,3305,1.4,3.0,3.4,0.0,-,0,0,0.000
1790432344,__proc__,0,0,0,0,-,-,-,2517.9,32424,49194,75363398,5922.485
1790432374,s1-short,576048,0,3284,3284,2.5,4.1,4.6,0.0,-,0,0,0.000
1790432374,s2-long,341,4,0,0,14.5,55.6,219.7,0.0,-,0,0,0.000
1790432374,s3-quic,5447050,3,4146517,4146517,1.9,2.5,3.4,0.0,-,0,0,0.000
1790432374,s4-mixed-kcp,151531,1,4051566,4051566,51.2,698.0,947.7,0.0,-,0,0,0.000
1790432374,s5-vmess-ws,459080,0,2621,2621,41.4,42.4,43.1,0.0,-,0,0,0.000
1790432374,s6-trojan-grpc,579871,0,3310,3310,1.5,3.0,3.4,0.0,-,0,0,0.000
1790432374,__proc__,0,0,0,0,-,-,-,2502.1,32423,49182,75575318,5938.360
1790432404,s1-short,577614,0,3289,3289,2.5,4.1,4.7,0.0,-,0,0,0.000
1790432404,s2-long,341,4,0,0,14.5,55.6,219.7,0.0,-,0,0,0.000
1790432404,s3-quic,5462173,3,4129587,4129587,1.9,2.3,3.0,0.0,-,0,0,0.000
1790432404,s4-mixed-kcp,151899,1,4062003,4062003,51.2,697.5,947.8,0.0,-,0,0,0.000
1790432404,s5-vmess-ws,460329,0,2623,2623,41.4,42.4,43.1,0.0,-,0,0,0.000
1790432404,s6-trojan-grpc,581448,0,3312,3312,1.5,3.0,3.5,0.0,-,0,0,0.000
1790432404,__proc__,0,0,0,0,-,-,-,2524.4,32441,49200,75785450,5954.233
1790432434,s1-short,579178,0,3284,3284,2.5,4.1,4.6,0.0,-,0,0,0.000
1790432434,s2-long,341,4,0,0,14.5,55.6,219.7,0.0,-,0,0,0.000
1790432434,s3-quic,5477636,3,4222430,4222430,1.9,2.3,2.8,0.0,-,0,0,0.000
1790432434,s4-mixed-kcp,152267,1,4095809,4095809,51.2,698.5,947.8,0.0,-,0,0,0.000
1790432434,s5-vmess-ws,461577,0,2621,2621,41.4,42.5,43.1,0.0,-,0,0,0.000
1790432434,s6-trojan-grpc,583023,0,3308,3308,1.5,3.0,3.6,0.0,-,0,0,0.000
1790432434,__proc__,0,0,0,0,-,-,-,2526.6,32434,49199,76001263,5970.211
1790432464,s1-short,580745,0,3291,3291,2.5,4.1,4.5,0.0,-,0,0,0.000
1790432464,s2-long,341,4,0,0,14.5,55.6,219.7,0.0,-,0,0,0.000
1790432464,s3-quic,5493240,3,4260932,4260932,1.9,2.2,2.8,0.0,-,0,0,0.000
1790432464,s4-mixed-kcp,152637,1,4137394,4137394,51.2,698.8,947.5,0.0,-,0,0,0.000
1790432464,s5-vmess-ws,462825,0,2621,2621,41.4,42.4,43.1,0.0,-,0,0,0.000
1790432464,s6-trojan-grpc,584599,0,3310,3310,1.5,3.1,3.6,0.0,-,0,0,0.000
1790432464,__proc__,0,0,0,0,-,-,-,2542.9,32442,49206,76217180,5986.261
1790432494,s1-short,582310,0,3286,3286,2.5,4.1,4.6,0.0,-,0,0,0.000
1790432494,s2-long,341,4,0,0,14.5,55.6,219.7,0.0,-,0,0,0.000
1790432494,s3-quic,5508617,3,4198946,4198946,2.0,2.4,2.9,0.0,-,0,0,0.000
1790432494,s4-mixed-kcp,153004,1,3999280,3999280,51.2,698.9,947.2,0.0,-,0,0,0.000
1790432494,s5-vmess-ws,464073,0,2621,2621,41.4,42.5,43.1,0.0,-,0,0,0.000
1790432494,s6-trojan-grpc,586174,0,3308,3308,1.5,3.1,3.6,0.0,-,0,0,0.000
1790432494,__proc__,0,0,0,0,-,-,-,2524.5,32417,49179,76430297,6002.395
1790432524,s1-short,583875,0,3286,3286,2.5,4.2,4.7,0.0,-,0,0,0.000
1790432524,s2-long,341,4,0,0,14.5,55.6,219.7,0.0,-,0,0,0.000
1790432524,s3-quic,5524150,3,4241545,4241545,1.9,2.3,2.8,0.0,-,0,0,0.000
1790432524,s4-mixed-kcp,153373,1,4142800,4142800,51.2,699.0,947.3,0.0,-,0,0,0.000
1790432524,s5-vmess-ws,465321,0,2621,2621,41.4,42.4,43.0,0.0,-,0,0,0.000
1790432524,s6-trojan-grpc,587749,0,3308,3308,1.5,3.1,3.5,0.0,-,0,0,0.000
1790432524,__proc__,0,0,0,0,-,-,-,2533.4,32417,49179,76645876,6018.392
1790432554,s1-short,585440,0,3286,3286,2.5,4.2,4.8,0.0,-,0,0,0.000
1790432554,s2-long,341,4,0,0,14.5,55.6,219.7,0.0,-,0,0,0.000
1790432554,s3-quic,5539847,3,4286327,4286327,1.9,2.2,2.8,0.0,-,0,0,0.000
1790432554,s4-mixed-kcp,153747,1,4108138,4108138,51.2,698.9,947.5,0.0,-,0,0,0.000
1790432554,s5-vmess-ws,466569,0,2621,2621,41.4,42.4,43.1,0.0,-,0,0,0.000
1790432554,s6-trojan-grpc,589324,0,3308,3308,1.5,3.1,3.5,0.0,-,0,0,0.000
1790432554,__proc__,0,0,0,0,-,-,-,2547.6,32419,49194,76863426,6034.408
1790432584,s1-short,587004,0,3284,3284,2.5,4.1,4.7,0.0,-,0,0,0.000
1790432584,s2-long,341,4,0,0,14.5,55.6,219.7,0.0,-,0,0,0.000
1790432584,s3-quic,5555523,3,4280593,4280593,1.9,2.3,2.8,0.0,-,0,0,0.000
1790432584,s4-mixed-kcp,154126,1,4032057,4032057,51.2,699.1,947.0,0.0,-,0,0,0.000
1790432584,s5-vmess-ws,467817,0,2621,2621,41.4,42.4,43.1,0.0,-,0,0,0.000
1790432584,s6-trojan-grpc,590900,0,3310,3310,1.4,3.0,3.5,0.0,-,0,0,0.000
1790432584,__proc__,0,0,0,0,-,-,-,2525.4,32422,49204,77080065,6050.352
1790432614,s1-short,588572,0,3293,3293,2.4,4.1,4.7,0.0,-,0,0,0.000
1790432614,s2-long,341,4,0,0,14.5,55.6,219.7,0.0,-,0,0,0.000
1790432614,s3-quic,5571177,3,4274586,4274586,1.9,2.3,2.8,0.0,-,0,0,0.000
1790432614,s4-mixed-kcp,154494,1,4008727,4008727,51.2,699.1,947.3,0.0,-,0,0,0.000
1790432614,s5-vmess-ws,469065,0,2621,2621,41.4,42.4,43.2,0.0,-,0,0,0.000
1790432614,s6-trojan-grpc,592477,0,3312,3312,1.4,3.0,3.5,0.0,-,0,0,0.000
1790432614,__proc__,0,0,0,0,-,-,-,2519.0,32414,49181,77296197,6066.252
1790432644,s1-short,590136,0,3284,3284,2.5,4.2,4.9,0.0,-,0,0,0.000
1790432644,s2-long,341,4,0,0,14.5,55.6,219.7,0.0,-,0,0,0.000
1790432644,s3-quic,5586682,3,4233899,4233899,1.9,2.3,2.8,0.0,-,0,0,0.000
1790432644,s4-mixed-kcp,154866,1,4038543,4038543,51.2,698.9,947.2,0.0,-,0,0,0.000
1790432644,s5-vmess-ws,470313,0,2621,2621,41.4,42.5,43.3,0.0,-,0,0,0.000
1790432644,s6-trojan-grpc,594053,0,3310,3310,1.4,3.0,3.6,0.0,-,0,0,0.000
1790432644,__proc__,0,0,0,0,-,-,-,2521.4,32438,49209,77510661,6082.125
1790432674,s1-short,591704,0,3293,3293,2.4,4.1,4.8,0.0,-,0,0,0.000
1790432674,s2-long,341,4,0,0,14.5,55.6,219.7,0.0,-,0,0,0.000
1790432674,s3-quic,5602254,3,4252194,4252194,1.9,2.3,2.7,0.0,-,0,0,0.000
1790432674,s4-mixed-kcp,155238,1,4193977,4193977,51.2,698.5,900.8,0.0,-,0,0,0.000
1790432674,s5-vmess-ws,471561,0,2621,2621,41.4,42.5,43.2,0.0,-,0,0,0.000
1790432674,s6-trojan-grpc,595630,0,3312,3312,1.4,3.0,3.5,0.0,-,0,0,0.000
1790432674,__proc__,0,0,0,0,-,-,-,2545.3,32446,49233,77727315,6097.996
1790432704,s1-short,593270,0,3289,3289,2.4,4.0,4.6,0.0,-,0,0,0.000
1790432704,s2-long,341,4,0,0,14.5,55.6,219.7,0.0,-,0,0,0.000
1790432704,s3-quic,5617926,3,4279501,4279501,1.9,2.3,2.8,0.0,-,0,0,0.000
1790432704,s4-mixed-kcp,155613,1,4102824,4102824,51.2,698.9,902.0,0.0,-,0,0,0.000
1790432704,s5-vmess-ws,472808,0,2619,2619,41.4,42.5,43.2,0.0,-,0,0,0.000
1790432704,s6-trojan-grpc,597205,0,3308,3308,1.4,3.0,3.4,0.0,-,0,0,0.000
1790432704,__proc__,0,0,0,0,-,-,-,2544.4,32448,49244,77945272,6113.859
1790432734,s1-short,594837,0,3291,3291,2.3,3.9,4.5,0.0,-,0,0,0.000
1790432734,s2-long,341,4,0,0,14.5,55.6,219.7,0.0,-,0,0,0.000
1790432734,s3-quic,5633736,3,4317184,4317184,1.8,2.2,2.7,0.0,-,0,0,0.000
1790432734,s4-mixed-kcp,155986,1,4003193,4003193,51.2,699.0,900.6,0.0,-,0,0,0.000
1790432734,s5-vmess-ws,474056,0,2621,2621,41.4,42.4,43.0,0.0,-,0,0,0.000
1790432734,s6-trojan-grpc,598782,0,3312,3312,1.4,3.0,3.4,0.0,-,0,0,0.000
1790432734,__proc__,0,0,0,0,-,-,-,2526.1,32435,49215,78164673,6129.732
1790432764,s1-short,596404,0,3291,3291,2.4,3.9,4.6,0.0,-,0,0,0.000
1790432764,s2-long,341,4,0,0,14.5,55.6,219.7,0.0,-,0,0,0.000
1790432764,s3-quic,5649600,3,4331930,4331930,1.8,2.2,2.8,0.0,-,0,0,0.000
1790432764,s4-mixed-kcp,156359,1,4073549,4073549,51.2,699.1,902.0,0.0,-,0,0,0.000
1790432764,s5-vmess-ws,475304,0,2621,2621,41.4,42.4,43.0,0.0,-,0,0,0.000
1790432764,s6-trojan-grpc,600357,0,3308,3308,1.4,3.0,3.4,0.0,-,0,0,0.000
1790432764,__proc__,0,0,0,0,-,-,-,2540.4,32444,49233,78385358,6145.636
1790432794,s1-short,597968,0,3284,3284,2.5,4.1,4.6,0.0,-,0,0,0.000
1790432794,s2-long,341,4,0,0,14.5,55.6,219.7,0.0,-,0,0,0.000
1790432794,s3-quic,5665324,3,4293700,4293700,1.9,2.2,2.7,0.0,-,0,0,0.000
1790432794,s4-mixed-kcp,156729,1,4059700,4059700,51.2,699.2,947.3,0.0,-,0,0,0.000
1790432794,s5-vmess-ws,476552,0,2621,2621,41.4,42.4,42.8,0.0,-,0,0,0.000
1790432794,s6-trojan-grpc,601932,0,3308,3308,1.5,3.0,3.5,0.0,-,0,0,0.000
1790432794,__proc__,0,0,0,0,-,-,-,2528.0,32444,49230,78601828,6161.623
1790432824,s1-short,599532,0,3284,3284,2.6,4.2,4.6,0.0,-,0,0,0.000
1790432824,s2-long,341,4,0,0,14.5,55.6,219.7,0.0,-,0,0,0.000
1790432824,s3-quic,5680916,3,4257655,4257655,1.9,2.3,2.8,0.0,-,0,0,0.000
1790432824,s4-mixed-kcp,157098,1,4097736,4097736,51.2,699.0,947.2,0.0,-,0,0,0.000
1790432824,s5-vmess-ws,477800,0,2621,2621,41.4,42.4,43.0,0.0,-,0,0,0.000
1790432824,s6-trojan-grpc,603507,0,3308,3308,1.5,3.1,3.6,0.0,-,0,0,0.000
1790432824,__proc__,0,0,0,0,-,-,-,2520.7,32437,49217,78815963,6177.613
1790432854,s1-short,601097,0,3286,3286,2.6,4.2,4.7,0.0,-,0,0,0.000
1790432854,s2-long,341,4,0,0,14.5,55.6,219.7,0.0,-,0,0,0.000
1790432854,s3-quic,5696545,3,4267759,4267759,1.9,2.3,2.7,0.0,-,0,0,0.000
1790432854,s4-mixed-kcp,157468,1,4141334,4141334,51.2,699.0,900.6,0.0,-,0,0,0.000
1790432854,s5-vmess-ws,479048,0,2621,2621,41.4,42.4,43.2,0.0,-,0,0,0.000
1790432854,s6-trojan-grpc,605083,0,3310,3310,1.5,3.1,3.6,0.0,-,0,0,0.000
1790432854,__proc__,0,0,0,0,-,-,-,2536.4,32440,49217,79033025,6193.625
1790432884,s1-short,602661,0,3284,3284,2.6,4.2,4.7,0.0,-,0,0,0.000
1790432884,s2-long,341,4,0,0,14.5,55.6,219.7,0.0,-,0,0,0.000
1790432884,s3-quic,5712051,3,4234172,4234172,1.9,2.3,2.9,0.0,-,0,0,0.000
1790432884,s4-mixed-kcp,157831,1,4122238,4122238,51.2,699.2,899.9,0.0,-,0,0,0.000
1790432884,s5-vmess-ws,480296,0,2621,2621,41.4,42.4,43.1,0.0,-,0,0,0.000
1790432884,s6-trojan-grpc,606658,0,3308,3308,1.5,3.1,3.6,0.0,-,0,0,0.000
1790432884,__proc__,0,0,0,0,-,-,-,2519.2,32430,49197,79246035,6209.721
1790432914,s1-short,604225,0,3284,3284,2.6,4.1,4.6,0.0,-,0,0,0.000
1790432914,s2-long,341,4,0,0,14.5,55.6,219.7,0.0,-,0,0,0.000
1790432914,s3-quic,5727796,3,4299435,4299435,1.8,2.2,2.8,0.0,-,0,0,0.000
1790432914,s4-mixed-kcp,158197,1,4036550,4036550,51.2,699.2,947.2,0.0,-,0,0,0.000
1790432914,s5-vmess-ws,481544,0,2621,2621,41.4,42.4,43.0,0.0,-,0,0,0.000
1790432914,s6-trojan-grpc,608234,0,3310,3310,1.5,3.0,3.4,0.0,-,0,0,0.000
1790432914,__proc__,0,0,0,0,-,-,-,2547.0,32432,49215,79462792,6225.698
1790432944,s1-short,605791,0,3289,3289,2.5,4.1,4.6,0.0,-,0,0,0.000
1790432944,s2-long,341,4,0,0,14.5,55.6,219.7,0.0,-,0,0,0.000
1790432944,s3-quic,5743593,3,4313634,4313634,1.8,2.2,2.7,0.0,-,0,0,0.000
1790432944,s4-mixed-kcp,158570,1,4136783,4136783,51.2,699.2,900.8,0.0,-,0,0,0.000
1790432944,s5-vmess-ws,482792,0,2621,2621,41.4,42.5,43.0,0.0,-,0,0,0.000
1790432944,s6-trojan-grpc,609809,0,3308,3308,1.4,3.0,3.5,0.0,-,0,0,0.000
1790432944,__proc__,0,0,0,0,-,-,-,2528.8,32412,49207,79679970,6241.707
1790432974,s1-short,607357,0,3289,3289,2.5,4.1,4.5,0.0,-,0,0,0.000
1790432974,s2-long,341,4,0,0,14.5,55.6,219.7,0.0,-,0,0,0.000
1790432974,s3-quic,5759462,3,4333295,4333295,1.8,2.2,2.7,0.0,-,0,0,0.000
1790432974,s4-mixed-kcp,158941,1,4055046,4055046,51.2,699.3,900.1,0.0,-,0,0,0.000
1790432974,s5-vmess-ws,484040,0,2621,2621,41.4,42.4,43.0,0.0,-,0,0,0.000
1790432974,s6-trojan-grpc,611384,0,3308,3308,1.4,3.0,3.4,0.0,-,0,0,0.000
1790432974,__proc__,0,0,0,0,-,-,-,2521.1,32416,49192,79898428,6257.660
1790433004,s1-short,608925,0,3293,3293,2.4,4.0,4.5,0.0,-,0,0,0.000
1790433004,s2-long,341,4,0,0,14.5,55.6,219.7,0.0,-,0,0,0.000
1790433004,s3-quic,5775259,3,4313634,4313634,1.9,2.3,2.9,0.0,-,0,0,0.000
1790433004,s4-mixed-kcp,159307,1,4138311,4138311,51.2,699.4,900.4,0.0,-,0,0,0.000
1790433004,s5-vmess-ws,485288,0,2621,2621,41.4,42.4,43.0,0.0,-,0,0,0.000
1790433004,s6-trojan-grpc,612960,0,3310,3310,1.5,2.9,3.4,0.0,-,0,0,0.000
1790433004,__proc__,0,0,0,0,-,-,-,2523.6,32418,49175,80116077,6273.655
1790433034,s1-short,610489,0,3284,3284,2.5,4.0,4.5,0.0,-,0,0,0.000
1790433034,s2-long,341,4,0,0,14.5,55.6,219.7,0.0,-,0,0,0.000
1790433034,s3-quic,5791063,3,4315546,4315546,1.8,2.2,2.8,0.0,-,0,0,0.000
1790433034,s4-mixed-kcp,159688,1,3954265,3954265,51.2,698.8,899.5,0.0,-,0,0,0.000
1790433034,s5-vmess-ws,486536,0,2621,2621,41.4,42.4,43.0,0.0,-,0,0,0.000
1790433034,s6-trojan-grpc,614536,0,3310,3310,1.5,2.9,3.4,0.0,-,0,0,0.000
1790433034,__proc__,0,0,0,0,-,-,-,2555.1,32423,49178,80334332,6289.693
1790433064,s1-short,612055,0,3289,3289,2.5,4.0,4.5,0.0,-,0,0,0.000
1790433064,s2-long,341,4,0,0,14.5,55.6,219.7,0.0,-,0,0,0.000
1790433064,s3-quic,5806889,3,4321553,4321553,1.9,2.2,2.8,0.0,-,0,0,0.000
1790433064,s4-mixed-kcp,160058,1,4096072,4096072,51.2,698.6,899.5,0.0,-,0,0,0.000
1790433064,s5-vmess-ws,487783,0,2619,2619,41.4,42.4,43.0,0.0,-,0,0,0.000
1790433064,s6-trojan-grpc,616112,0,3310,3310,1.5,3.0,3.5,0.0,-,0,0,0.000
1790433064,__proc__,0,0,0,0,-,-,-,2520.9,32424,49198,80552320,6305.699
1790433094,s1-short,613623,0,3293,3293,2.4,3.9,4.5,0.0,-,0,0,0.000
1790433094,s2-long,341,4,0,0,14.5,55.6,219.7,0.0,-,0,0,0.000
1790433094,s3-quic,5822731,3,4325922,4325922,1.8,2.2,2.8,0.0,-,0,0,0.000
1790433094,s4-mixed-kcp,160431,1,4080377,4080377,51.2,698.4,899.1,0.0,-,0,0,0.000
1790433094,s5-vmess-ws,489032,0,2623,2623,41.4,42.4,42.9,0.0,-,0,0,0.000
1790433094,s6-trojan-grpc,617689,0,3312,3312,1.5,3.0,3.4,0.0,-,0,0,0.000
1790433094,__proc__,0,0,0,0,-,-,-,2499.8,32436,49218,80770306,6321.718
1790433124,s1-short,615187,0,3284,3284,2.5,3.9,4.4,0.0,-,0,0,0.000
1790433124,s2-long,341,4,0,0,14.5,55.6,219.7,0.0,-,0,0,0.000
1790433124,s3-quic,5838505,3,4307354,4307354,1.9,2.3,2.8,0.0,-,0,0,0.000
1790433124,s4-mixed-kcp,160803,1,4047326,4047326,51.2,697.7,899.1,0.0,-,0,0,0.000
1790433124,s5-vmess-ws,490279,0,2619,2619,41.4,42.4,42.8,0.0,-,0,0,0.000
1790433124,s6-trojan-grpc,619264,0,3308,3308,1.5,3.0,3.4,0.0,-,0,0,0.000
1790433124,__proc__,0,0,0,0,-,-,-,2519.5,32426,49214,80987353,6337.727
1790433154,s1-short,616753,0,3289,3289,2.5,3.9,4.4,0.0,-,0,0,0.000
1790433154,s2-long,341,4,0,0,14.5,55.6,219.7,0.0,-,0,0,0.000
1790433154,s3-quic,5854358,3,4328926,4328926,1.8,2.2,2.7,0.0,-,0,0,0.000
1790433154,s4-mixed-kcp,161178,1,4109634,4109634,51.2,698.2,899.1,0.0,-,0,0,0.000
1790433154,s5-vmess-ws,491527,0,2621,2621,41.4,42.4,42.9,0.0,-,0,0,0.000
1790433154,s6-trojan-grpc,620838,0,3305,3305,1.5,3.0,3.4,0.0,-,0,0,0.000
1790433154,__proc__,0,0,0,0,-,-,-,2511.8,32439,49221,81206426,6353.720
1790433184,s1-short,618319,0,3289,3289,2.5,3.9,4.4,0.0,-,0,0,0.000
1790433184,s2-long,341,4,0,0,14.5,55.6,219.7,0.0,-,0,0,0.000
1790433184,s3-quic,5870105,3,4299981,4299981,1.8,2.2,2.8,0.0,-,0,0,0.000
1790433184,s4-mixed-kcp,161543,1,4123430,4123430,51.2,698.2,899.1,0.0,-,0,0,0.000
1790433184,s5-vmess-ws,492775,0,2621,2621,41.4,42.4,43.0,0.0,-,0,0,0.000
1790433184,s6-trojan-grpc,622414,0,3310,3310,1.5,3.0,3.4,0.0,-,0,0,0.000
1790433184,__proc__,0,0,0,0,-,-,-,2532.6,32425,49181,81424180,6369.781
1790433214,s1-short,619885,0,3289,3289,2.5,4.0,4.5,0.0,-,0,0,0.000
1790433214,s2-long,341,4,0,0,14.5,55.6,219.7,0.0,-,0,0,0.000
1790433214,s3-quic,5885824,3,4292335,4292335,1.9,2.3,2.8,0.0,-,0,0,0.000
1790433214,s4-mixed-kcp,161917,1,3917464,3917464,51.2,697.1,899.2,0.0,-,0,0,0.000
1790433214,s5-vmess-ws,494023,0,2621,2621,41.4,42.4,42.9,0.0,-,0,0,0.000
1790433214,s6-trojan-grpc,623990,0,3310,3310,1.5,3.0,3.4,0.0,-,0,0,0.000
1790433214,__proc__,0,0,0,0,-,-,-,2526.9,32425,49201,81642615,6385.692
1790433244,s1-short,621452,0,3291,3291,2.4,3.9,4.5,0.0,-,0,0,0.000
1790433244,s2-long,341,4,0,0,14.5,55.6,219.7,0.0,-,0,0,0.000
1790433244,s3-quic,5901521,3,4286327,4286327,1.9,2.2,2.8,0.0,-,0,0,0.000
1790433244,s4-mixed-kcp,162287,1,4133034,4133034,51.2,697.7,899.3,0.0,-,0,0,0.000
1790433244,s5-vmess-ws,495271,0,2621,2621,41.4,42.4,42.9,0.0,-,0,0,0.000
1790433244,s6-trojan-grpc,625566,0,3310,3310,1.5,3.0,3.5,0.0,-,0,0,0.000
1790433244,__proc__,0,0,0,0,-,-,-,2511.0,32435,49223,81859659,6401.748
1790433274,s1-short,623015,0,3282,3282,2.5,4.1,4.6,0.0,-,0,0,0.000
1790433274,s2-long,341,4,0,0,14.5,55.6,219.7,0.0,-,0,0,0.000
1790433274,s3-quic,5916795,3,4170820,4170820,1.9,2.3,2.9,0.0,-,0,0,0.000
1790433274,s4-mixed-kcp,162654,1,4070413,4070413,51.2,697.2,899.0,0.0,-,0,0,0.000
1790433274,s5-vmess-ws,496519,0,2621,2621,41.4,42.4,42.9,0.0,-,0,0,0.000
1790433274,s6-trojan-grpc,627143,0,3312,3312,1.5,3.0,3.5,0.0,-,0,0,0.000
1790433274,__proc__,0,0,0,0,-,-,-,2523.6,32423,49204,82072890,6417.888
1790433304,s1-short,624579,0,3284,3284,2.5,4.2,4.7,0.0,-,0,0,0.000
1790433304,s2-long,341,4,0,0,14.5,55.6,219.7,0.0,-,0,0,0.000
1790433304,s3-quic,5932261,3,4223249,4223249,1.9,2.3,2.8,0.0,-,0,0,0.000
1790433304,s4-mixed-kcp,163023,1,4095581,4095581,51.2,697.2,899.3,0.0,-,0,0,0.000
1790433304,s5-vmess-ws,497767,0,2621,2621,41.4,42.4,43.0,0.0,-,0,0,0.000
1790433304,s6-trojan-grpc,628718,0,3308,3308,1.5,3.1,3.5,0.0,-,0,0,0.000
1790433304,__proc__,0,0,0,0,-,-,-,2533.9,32425,49203,82289078,6433.954
1790433334,s1-short,626145,0,3289,3289,2.6,4.2,4.8,0.0,-,0,0,0.000
1790433334,s2-long,341,4,0,0,14.5,55.6,219.7,0.0,-,0,0,0.000
1790433334,s3-quic,5947777,3,4236902,4236902,1.9,2.2,2.8,0.0,-,0,0,0.000
1790433334,s4-mixed-kcp,163397,1,4019020,4019020,51.2,697.2,899.3,0.0,-,0,0,0.000
1790433334,s5-vmess-ws,499015,0,2621,2621,41.4,42.4,43.0,0.0,-,0,0,0.000
1790433334,s6-trojan-grpc,630293,0,3308,3308,1.5,3.1,3.4,0.0,-,0,0,0.000
1790433334,__proc__,0,0,0,0,-,-,-,2527.3,32436,49203,82504331,6449.983
1790433364,s1-short,627710,0,3286,3286,2.6,4.2,4.8,0.0,-,0,0,0.000
1790433364,s2-long,341,4,0,0,14.5,55.6,219.7,0.0,-,0,0,0.000
1790433364,s3-quic,5963473,3,4286054,4286054,1.8,2.2,2.9,0.0,-,0,0,0.000
1790433364,s4-mixed-kcp,163768,1,4091660,4091660,51.2,698.2,899.5,0.0,-,0,0,0.000
1790433364,s5-vmess-ws,500263,0,2621,2621,41.4,42.4,43.0,0.0,-,0,0,0.000
1790433364,s6-trojan-grpc,631866,0,3303,3303,1.5,3.1,3.4,0.0,-,0,0,0.000
1790433364,__proc__,0,0,0,0,-,-,-,2521.5,32418,49181,82720619,6465.998
1790433394,s1-short,629275,0,3286,3286,2.6,4.1,4.6,0.0,-,0,0,0.000
1790433394,s2-long,341,4,0,0,14.5,55.6,219.7,0.0,-,0,0,0.000
1790433394,s3-quic,5979325,3,4328653,4328653,1.8,2.2,2.9,0.0,-,0,0,0.000
1790433394,s4-mixed-kcp,164133,1,4088374,4088374,51.2,698.6,899.5,0.0,-,0,0,0.000
1790433394,s5-vmess-ws,501511,0,2621,2621,41.4,42.4,43.0,0.0,-,0,0,0.000
1790433394,s6-trojan-grpc,633443,0,3312,3312,1.5,3.0,3.4,0.0,-,0,0,0.000
1790433394,__proc__,0,0,0,0,-,-,-,2544.5,32424,49201,82940370,6482.069
1790433424,s1-short,630840,0,3286,3286,2.6,4.1,4.6,0.0,-,0,0,0.000
1790433424,s2-long,341,4,0,0,14.5,55.6,219.7,0.0,-,0,0,0.000
1790433424,s3-quic,5995117,3,4312269,4312269,1.8,2.2,2.7,0.0,-,0,0,0.000
1790433424,s4-mixed-kcp,164505,1,4015385,4015385,51.2,698.2,901.0,0.0,-,0,0,0.000
1790433424,s5-vmess-ws,502759,0,2621,2621,41.4,42.5,43.0,0.0,-,0,0,0.000
1790433424,s6-trojan-grpc,635018,0,3308,3308,1.5,3.0,3.4,0.0,-,0,0,0.000
1790433424,__proc__,0,0,0,0,-,-,-,2523.1,32427,49206,83157356,6498.163
1790433454,s1-short,632404,0,3284,3284,2.5,4.0,4.6,0.0,-,0,0,0.000
1790433454,s2-long,341,4,0,0,14.5,55.6,219.7,0.0,-,0,0,0.000
1790433454,s3-quic,6010812,3,4285781,4285781,1.9,2.3,2.8,0.0,-,0,0,0.000
1790433454,s4-mixed-kcp,164876,1,4081632,4081632,51.2,697.6,946.9,0.0,-,0,0,0.000
1790433454,s5-vmess-ws,504007,0,2621,2621,41.4,42.5,43.0,0.0,-,0,0,0.000
1790433454,s6-trojan-grpc,636594,0,3310,3310,1.5,3.0,3.4,0.0,-,0,0,0.000
1790433454,__proc__,0,0,0,0,-,-,-,2501.6,32428,49203,83375746,6514.233
1790433484,s1-short,633968,0,3284,3284,2.5,4.1,4.5,0.0,-,0,0,0.000
1790433484,s2-long,341,4,0,0,14.5,55.6,219.7,0.0,-,0,0,0.000
1790433484,s3-quic,6026574,3,4304077,4304077,1.8,2.2,2.7,0.0,-,0,0,0.000
1790433484,s4-mixed-kcp,165246,1,4017051,4017051,51.2,697.7,946.9,0.0,-,0,0,0.000
1790433484,s5-vmess-ws,505255,0,2621,2621,41.4,42.5,43.0,0.0,-,0,0,0.000
1790433484,s6-trojan-grpc,638170,0,3310,3310,1.5,3.0,3.4,0.0,-,0,0,0.000
1790433484,__proc__,0,0,0,0,-,-,-,2524.3,32415,49205,83593388,6530.204
1790433514,s1-short,635536,0,3293,3293,2.5,4.1,4.6,0.0,-,0,0,0.000
1790433514,s2-long,341,4,0,0,14.5,55.6,219.7,0.0,-,0,0,0.000
1790433514,s3-quic,6042436,3,4331383,4331383,1.8,2.3,2.8,0.0,-,0,0,0.000
1790433514,s4-mixed-kcp,165628,1,4020762,4020762,51.2,695.6,946.9,0.0,-,0,0,0.000
1790433514,s5-vmess-ws,506503,0,2621,2621,41.4,42.4,43.1,0.0,-,0,0,0.000
1790433514,s6-trojan-grpc,639746,0,3310,3310,1.5,3.0,3.4,0.0,-,0,0,0.000
1790433514,__proc__,0,0,0,0,-,-,-,2508.0,32439,49223,83810937,6546.166
1790433544,s1-short,637100,0,3284,3284,2.5,4.1,4.6,0.0,-,0,0,0.000
1790433544,s2-long,341,4,0,0,14.5,55.6,219.7,0.0,-,0,0,0.000
1790433544,s3-quic,6058276,3,4325376,4325376,1.8,2.3,2.9,0.0,-,0,0,0.000
1790433544,s4-mixed-kcp,166006,1,4070106,4070106,51.2,697.2,901.0,0.0,-,0,0,0.000
1790433544,s5-vmess-ws,507751,0,2621,2621,41.4,42.4,43.0,0.0,-,0,0,0.000
1790433544,s6-trojan-grpc,641322,0,3310,3310,1.4,3.0,3.4,0.0,-,0,0,0.000
1790433544,__proc__,0,0,0,0,-,-,-,2515.4,32455,49240,84028048,6562.073
1790433574,s1-short,638668,0,3293,3293,2.4,3.9,4.5,0.0,-,0,0,0.000
1790433574,s2-long,341,4,0,0,14.5,55.6,219.7,0.0,-,0,0,0.000
1790433574,s3-quic,6074112,3,4324284,4324284,1.8,2.3,2.7,0.0,-,0,0,0.000
1790433574,s4-mixed-kcp,166377,1,4155294,4155294,51.2,696.0,946.3,0.0,-,0,0,0.000
1790433574,s5-vmess-ws,508998,0,2619,2619,41.4,42.4,43.2,0.0,-,0,0,0.000
1790433574,s6-trojan-grpc,642898,0,3310,3310,1.4,3.0,3.4,0.0,-,0,0,0.000
1790433574,__proc__,0,0,0,0,-,-,-,2506.7,32450,49245,84245740,6577.931
1790433604,s1-short,640232,0,3284,3284,2.4,4.0,4.6,0.0,-,0,0,0.000
1790433604,s2-long,341,4,0,0,14.5,55.6,219.7,0.0,-,0,0,0.000
1790433604,s3-quic,6089894,3,4309538,4309538,1.9,2.2,2.8,0.0,-,0,0,0.000
1790433604,s4-mixed-kcp,166748,1,4068850,4068850,51.2,697.2,946.3,0.0,-,0,0,0.000
1790433604,s5-vmess-ws,510246,0,2621,2621,41.4,42.5,43.1,0.0,-,0,0,0.000
1790433604,s6-trojan-grpc,644473,0,3308,3308,1.4,3.0,3.4,0.0,-,0,0,0.000
1790433604,__proc__,0,0,0,0,-,-,-,2520.3,32440,49203,84463649,6593.935
1790433634,s1-short,641800,0,3293,3293,2.5,3.9,4.5,0.0,-,0,0,0.000
1790433634,s2-long,341,4,0,0,14.5,55.6,219.7,0.0,-,0,0,0.000
1790433634,s3-quic,6105743,3,4327834,4327834,1.8,2.2,2.7,0.0,-,0,0,0.000
1790433634,s4-mixed-kcp,167120,1,4066506,4066506,51.2,696.0,900.6,0.0,-,0,0,0.000
1790433634,s5-vmess-ws,511494,0,2621,2621,41.4,42.4,43.1,0.0,-,0,0,0.000
1790433634,s6-trojan-grpc,646050,0,3312,3312,1.4,3.0,3.4,0.0,-,0,0,0.000
1790433634,__proc__,0,0,0,0,-,-,-,2513.4,32427,49200,84682320,6609.895
1790433664,s1-short,643365,0,3286,3286,2.4,4.0,4.5,0.0,-,0,0,0.000
1790433664,s2-long,341,4,0,0,14.5,55.6,219.7,0.0,-,0,0,0.000
1790433664,s3-quic,6121571,3,4322099,4322099,1.8,2.2,2.8,0.0,-,0,0,0.000
1790433664,s4-mixed-kcp,167501,1,3976457,3976457,51.2,650.1,899.9,0.0,-,0,0,0.000
1790433664,s5-vmess-ws,512742,0,2621,2621,41.4,42.4,43.1,0.0,-,0,0,0.000
1790433664,s6-trojan-grpc,647626,0,3310,3310,1.4,3.0,3.5,0.0,-,0,0,0.000
1790433664,__proc__,0,0,0,0,-,-,-,2507.0,32450,49228,84899457,6625.849
1790433694,s1-short,644930,0,3286,3286,2.5,4.0,4.6,0.0,-,0,0,0.000
1790433694,s2-long,341,4,0,0,14.5,55.6,219.7,0.0,-,0,0,0.000
1790433694,s3-quic,6137427,3,4329745,4329745,1.8,2.2,2.7,0.0,-,0,0,0.000
1790433694,s4-mixed-kcp,167870,1,4026911,4026911,51.2,650.2,899.7,0.0,-,0,0,0.000
1790433694,s5-vmess-ws,513989,0,2619,2619,41.4,42.4,43.0,0.0,-,0,0,0.000
1790433694,s6-trojan-grpc,649202,0,3310,3310,1.5,3.0,3.5,0.0,-,0,0,0.000
1790433694,__proc__,0,0,0,0,-,-,-,2525.8,32446,49223,85118072,6641.842
1790433724,s1-short,646496,0,3289,3289,2.6,4.1,4.6,0.0,-,0,0,0.000
1790433724,s2-long,341,4,0,0,14.5,55.6,219.7,0.0,-,0,0,0.000
1790433724,s3-quic,6153277,3,4328107,4328107,1.8,2.2,2.8,0.0,-,0,0,0.000
1790433724,s4-mixed-kcp,168238,1,4069199,4069199,51.1,651.2,899.7,0.0,-,0,0,0.000
1790433724,s5-vmess-ws,515238,0,2623,2623,41.4,42.4,43.1,0.0,-,0,0,0.000
1790433724,s6-trojan-grpc,650777,0,3308,3308,1.5,3.0,3.5,0.0,-,0,0,0.000
1790433724,__proc__,0,0,0,0,-,-,-,2519.4,32442,49207,85335653,6657.831
1790433754,s1-short,648060,0,3284,3284,2.5,4.1,4.5,0.0,-,0,0,0.000
1790433754,s2-long,341,4,0,0,14.5,55.6,219.7,0.0,-,0,0,0.000
1790433754,s3-quic,6169159,3,4336845,4336845,1.8,2.2,2.8,0.0,-,0,0,0.000
1790433754,s4-mixed-kcp,168609,1,4052147,4052147,51.1,651.2,899.6,0.0,-,0,0,0.000
1790433754,s5-vmess-ws,516485,0,2619,2619,41.4,42.4,43.0,0.0,-,0,0,0.000
1790433754,s6-trojan-grpc,652353,0,3310,3310,1.5,3.0,3.5,0.0,-,0,0,0.000
1790433754,__proc__,0,0,0,0,-,-,-,2526.9,32448,49225,85553878,6673.760
1790433784,s1-short,649628,0,3293,3293,2.5,4.1,4.6,0.0,-,0,0,0.000
1790433784,s2-long,341,4,0,0,14.5,55.6,219.7,0.0,-,0,0,0.000
1790433784,s3-quic,6185028,3,4333295,4333295,1.8,2.2,2.7,0.0,-,0,0,0.000
1790433784,s4-mixed-kcp,168982,1,4000377,4000377,51.1,695.6,899.5,0.0,-,0,0,0.000
1790433784,s5-vmess-ws,517734,0,2623,2623,41.4,42.4,43.1,0.0,-,0,0,0.000
1790433784,s6-trojan-grpc,653929,0,3310,3310,1.4,3.0,3.5,0.0,-,0,0,0.000
1790433784,__proc__,0,0,0,0,-,-,-,2535.9,32441,49218,85773274,6689.724
1790433814,s1-short,651193,0,3286,3286,2.4,4.0,4.5,0.0,-,0,0,0.000
1790433814,s2-long,341,4,0,0,14.5,55.6,219.7,0.0,-,0,0,0.000
1790433814,s3-quic,6200905,3,4335479,4335479,1.8,2.2,2.8,0.0,-,0,0,0.000
1790433814,s4-mixed-kcp,169346,1,4118924,4118924,51.1,696.7,900.0,0.0,-,0,0,0.000
1790433814,s5-vmess-ws,518982,0,2621,2621,41.4,42.5,43.1,0.0,-,0,0,0.000
1790433814,s6-trojan-grpc,655504,0,3308,3308,1.4,3.0,3.4,0.0,-,0,0,0.000
1790433814,__proc__,0,0,0,0,-,-,-,2536.8,32431,49202,85992293,6705.687
1790433844,s1-short,652760,0,3291,3291,2.5,4.0,4.6,0.0,-,0,0,0.000
1790433844,s2-long,341,4,0,0,14.5,55.6,219.7,0.0,-,0,0,0.000
1790433844,s3-quic,6216761,3,4329745,4329745,1.8,2.3,2.8,0.0,-,0,0,0.000
1790433844,s4-mixed-kcp,169718,1,4110541,4110541,51.1,698.5,946.7,0.0,-,0,0,0.000
1790433844,s5-vmess-ws,520230,0,2621,2621,41.4,42.4,42.9,0.0,-,0,0,0.000
1790433844,s6-trojan-grpc,657079,0,3308,3308,1.5,2.9,3.4,0.0,-,0,0,0.000
1790433844,__proc__,0,0,0,0,-,-,-,2529.7,32432,49205,86210999,6721.669
1790433874,s1-short,654324,0,3284,3284,2.5,4.0,4.5,0.0,-,0,0,0.000
1790433874,s2-long,341,4,0,0,14.5,55.6,219.7,0.0,-,0,0,0.000
1790433874,s3-quic,6232545,3,4310084,4310084,1.9,2.2,2.8,0.0,-,0,0,0.000
1790433874,s4-mixed-kcp,170086,1,4034596,4034596,51.1,699.0,947.1,0.0,-,0,0,0.000
1790433874,s5-vmess-ws,521479,0,2623,2623,41.4,42.4,42.8,0.0,-,0,0,0.000
1790433874,s6-trojan-grpc,658655,0,3310,3310,1.5,2.9,3.4,0.0,-,0,0,0.000
1790433874,__proc__,0,0,0,0,-,-,-,2509.9,32422,49191,86429408,6737.599
1790433904,s1-short,655889,0,3286,3286,2.5,4.0,4.5,0.0,-,0,0,0.000
1790433904,s2-long,341,4,0,0,14.5,55.6,219.7,0.0,-,0,0,0.000
1790433904,s3-quic,6248460,3,4345856,4345856,1.8,2.2,2.8,0.0,-,0,0,0.000
1790433904,s4-mixed-kcp,170456,1,4060507,4060507,51.2,698.9,900.6,0.0,-,0,0,0.000
1790433904,s5-vmess-ws,522727,0,2621,2621,41.4,42.4,42.7,0.0,-,0,0,0.000
1790433904,s6-trojan-grpc,660234,0,3316,3316,1.5,2.9,3.3,0.0,-,0,0,0.000
1790433904,__proc__,0,0,0,0,-,-,-,2534.0,32421,49210,86648946,6753.505
1790433934,s1-short,657456,0,3291,3291,2.5,4.0,4.5,0.0,-,0,0,0.000
1790433934,s2-long,341,4,0,0,14.5,55.6,219.7,0.0,-,0,0,0.000
1790433934,s3-quic,6264362,3,4342306,4342306,1.8,2.3,2.8,0.0,-,0,0,0.000
1790433934,s4-mixed-kcp,170818,1,4118505,4118505,51.2,699.0,946.7,0.0,-,0,0,0.000
1790433934,s5-vmess-ws,523974,0,2619,2619,41.4,42.4,42.7,0.0,-,0,0,0.000
1790433934,s6-trojan-grpc,661809,0,3308,3308,1.5,2.9,3.4,0.0,-,0,0,0.000
1790433934,__proc__,0,0,0,0,-,-,-,2502.3,32437,49205,86867207,6769.493
1790433964,s1-short,659021,0,3286,3286,2.5,4.0,4.5,0.0,-,0,0,0.000
1790433964,s2-long,341,4,0,0,14.5,55.6,219.7,0.0,-,0,0,0.000
1790433964,s3-quic,6280301,3,4352410,4352410,1.8,2.2,2.8,0.0,-,0,0,0.000
1790433964,s4-mixed-kcp,171189,1,4102488,4102488,51.2,698.9,900.0,0.0,-,0,0,0.000
1790433964,s5-vmess-ws,525222,0,2621,2621,41.4,42.4,43.0,0.0,-,0,0,0.000
1790433964,s6-trojan-grpc,663385,0,3310,3310,1.5,2.9,3.4,0.0,-,0,0,0.000
1790433964,__proc__,0,0,0,0,-,-,-,2532.2,32444,49231,87087468,6785.465
1790433994,s1-short,660587,0,3289,3289,2.5,4.0,4.5,0.0,-,0,0,0.000
1790433994,s2-long,341,4,0,0,14.5,55.6,219.7,0.0,-,0,0,0.000
1790433994,s3-quic,6296280,3,4363332,4363332,1.8,2.2,2.8,0.0,-,0,0,0.000
1790433994,s4-mixed-kcp,171558,1,3986319,3986319,51.2,699.1,946.7,0.0,-,0,0,0.000
1790433994,s5-vmess-ws,526470,0,2621,2621,41.4,42.4,42.9,0.0,-,0,0,0.000
1790433994,s6-trojan-grpc,664961,0,3310,3310,1.5,2.9,3.4,0.0,-,0,0,0.000
1790433994,__proc__,0,0,0,0,-,-,-,2525.7,32437,49212,87307270,6801.498
1790434024,s1-short,662151,0,3284,3284,2.5,4.0,4.6,0.0,-,0,0,0.000
1790434024,s2-long,341,4,0,0,14.5,55.6,219.7,0.0,-,0,0,0.000
1790434024,s3-quic,6312264,3,4364698,4364698,1.8,2.2,2.8,0.0,-,0,0,0.000
1790434024,s4-mixed-kcp,171930,1,4116128,4116128,51.2,699.3,900.0,0.0,-,0,0,0.000
1790434024,s5-vmess-ws,527718,0,2621,2621,41.4,42.4,43.0,0.0,-,0,0,0.000
1790434024,s6-trojan-grpc,666536,0,3308,3308,1.5,3.0,3.4,0.0,-,0,0,0.000
1790434024,__proc__,0,0,0,0,-,-,-,2526.1,32436,49210,87526661,6817.409
1790434054,s1-short,663719,0,3293,3293,2.5,4.1,4.7,0.0,-,0,0,0.000
1790434054,s2-long,341,4,0,0,14.5,55.6,219.7,0.0,-,0,0,0.000
1790434054,s3-quic,6328268,3,4370159,4370159,1.8,2.2,2.8,0.0,-,0,0,0.000
1790434054,s4-mixed-kcp,172299,1,4023414,4023414,51.2,699.0,899.4,0.0,-,0,0,0.000
1790434054,s5-vmess-ws,528966,0,2621,2621,41.4,42.4,42.9,0.0,-,0,0,0.000
1790434054,s6-trojan-grpc,668112,0,3310,3310,1.5,3.0,3.5,0.0,-,0,0,0.000
1790434054,__proc__,0,0,0,0,-,-,-,2534.3,32436,49204,87745860,6833.395
1790434084,s1-short,665283,0,3284,3284,2.5,4.1,4.7,0.0,-,0,0,0.000
1790434084,s2-long,341,4,0,0,14.5,55.6,219.7,0.0,-,0,0,0.000
1790434084,s3-quic,6344260,3,4366882,4366882,1.8,2.2,2.8,0.0,-,0,0,0.000
1790434084,s4-mixed-kcp,172666,1,4145636,4145636,51.2,699.4,899.9,0.0,-,0,0,0.000
1790434084,s5-vmess-ws,530214,0,2621,2621,41.4,42.4,42.9,0.0,-,0,0,0.000
1790434084,s6-trojan-grpc,669687,0,3308,3308,1.5,3.0,3.5,0.0,-,0,0,0.000
1790434084,__proc__,0,0,0,0,-,-,-,2506.9,32426,49201,87966494,6849.367
1790434114,s1-short,666851,0,3293,3293,2.4,4.0,4.5,0.0,-,0,0,0.000
1790434114,s2-long,341,4,0,0,14.5,55.6,219.7,0.0,-,0,0,0.000
1790434114,s3-quic,6360314,3,4383812,4383812,1.8,2.2,2.8,0.0,-,0,0,0.000
1790434114,s4-mixed-kcp,173046,1,4008587,4008587,51.2,699.4,899.4,0.0,-,0,0,0.000
1790434114,s5-vmess-ws,531462,0,2621,2621,41.4,42.4,42.9,0.0,-,0,0,0.000
1790434114,s6-trojan-grpc,671264,0,3312,3312,1.4,3.0,3.5,0.0,-,0,0,0.000
1790434114,__proc__,0,0,0,0,-,-,-,2509.1,32446,49241,88187331,6865.271
1790434144,s1-short,668417,0,3289,3289,2.4,3.9,4.4,0.0,-,0,0,0.000
1790434144,s2-long,341,4,0,0,14.5,55.6,219.7,0.0,-,0,0,0.000
1790434144,s3-quic,6376319,3,4370432,4370432,1.8,2.2,2.7,0.0,-,0,0,0.000
1790434144,s4-mixed-kcp,173410,1,4150875,4150875,51.2,699.4,899.4,0.0,-,0,0,0.000
1790434144,s5-vmess-ws,532710,0,2621,2621,41.4,42.4,43.0,0.0,-,0,0,0.000
1790434144,s6-trojan-grpc,672841,0,3312,3312,1.4,2.9,3.4,0.0,-,0,0,0.000
1790434144,__proc__,0,0,0,0,-,-,-,2533.8,32452,49245,88408302,6881.141
1790434174,s1-short,669983,0,3289,3289,2.4,3.9,4.3,0.0,-,0,0,0.000
1790434174,s2-long,341,4,0,0,14.5,55.6,219.7,0.0,-,0,0,0.000
1790434174,s3-quic,6392348,3,4376986,4376986,1.8,2.2,2.8,0.0,-,0,0,0.000
1790434174,s4-mixed-kcp,173782,1,4212279,4212279,51.2,699.6,899.3,0.0,-,0,0,0.000
1790434174,s5-vmess-ws,533958,0,2621,2621,41.4,42.4,43.0,0.0,-,0,0,0.000
1790434174,s6-trojan-grpc,674417,0,3310,3310,1.4,2.9,3.3,0.0,-,0,0,0.000
1790434174,__proc__,0,0,0,0,-,-,-,2525.1,32451,49242,88630224,6897.124
1790434204,s1-short,671551,0,3293,3293,2.4,3.9,4.4,0.0,-,0,0,0.000
1790434204,s2-long,341,4,0,0,14.5,55.6,219.7,0.0,-,0,0,0.000
1790434204,s3-quic,6408372,3,4375620,4375620,1.8,2.2,2.7,0.0,-,0,0,0.000
1790434204,s4-mixed-kcp,174158,1,4020171,4020171,51.2,699.3,899.9,0.0,-,0,0,0.000
1790434204,s5-vmess-ws,535206,0,2621,2621,41.4,42.4,42.9,0.0,-,0,0,0.000
1790434204,s6-trojan-grpc,675993,0,3310,3310,1.4,2.9,3.3,0.0,-,0,0,0.000
1790434204,__proc__,0,0,0,0,-,-,-,2533.3,32451,49245,88850212,6913.107
1790434234,s1-short,673115,0,3284,3284,2.4,3.9,4.6,0.0,-,0,0,0.000
1790434234,s2-long,341,4,0,0,14.5,55.6,219.7,0.0,-,0,0,0.000
1790434234,s3-quic,6424382,3,4371797,4371797,1.8,2.2,2.7,0.0,-,0,0,0.000
1790434234,s4-mixed-kcp,174537,1,4008955,4008955,51.2,698.9,900.0,0.0,-,0,0,0.000
1790434234,s5-vmess-ws,536454,0,2621,2621,41.4,42.4,43.0,0.0,-,0,0,0.000
1790434234,s6-trojan-grpc,677569,0,3310,3310,1.4,2.9,3.3,0.0,-,0,0,0.000
1790434234,__proc__,0,0,0,0,-,-,-,2530.2,32457,49263,89069932,6929.121
1790434264,s1-short,674682,0,3291,3291,2.5,4.0,4.7,0.0,-,0,0,0.000
1790434264,s2-long,341,4,0,0,14.5,55.6,219.7,0.0,-,0,0,0.000
1790434264,s3-quic,6440418,3,4378897,4378897,1.8,2.2,2.7,0.0,-,0,0,0.000
1790434264,s4-mixed-kcp,174908,1,4172367,4172367,51.2,699.0,947.2,0.0,-,0,0,0.000
1790434264,s5-vmess-ws,537702,0,2621,2621,41.4,42.4,42.9,0.0,-,0,0,0.000
1790434264,s6-trojan-grpc,679145,0,3310,3310,1.4,2.9,3.4,0.0,-,0,0,0.000
1790434264,__proc__,0,0,0,0,-,-,-,2535.7,32440,49238,89290362,6945.130
1790434294,s1-short,676247,0,3286,3286,2.5,4.1,4.8,0.0,-,0,0,0.000
1790434294,s2-long,341,4,0,0,14.5,55.6,219.7,0.0,-,0,0,0.000
1790434294,s3-quic,6456475,3,4384631,4384631,1.8,2.2,2.7,0.0,-,0,0,0.000
1790434294,s4-mixed-kcp,175275,1,4060928,4060928,51.2,699.2,947.9,0.0,-,0,0,0.000
1790434294,s5-vmess-ws,538950,0,2621,2621,41.4,42.4,43.0,0.0,-,0,0,0.000
1790434294,s6-trojan-grpc,680721,0,3310,3310,1.5,2.9,3.5,0.0,-,0,0,0.000
1790434294,__proc__,0,0,0,0,-,-,-,2525.5,32436,49213,89510571,6961.179
1790434324,s1-short,677813,0,3289,3289,2.5,4.0,4.7,0.0,-,0,0,0.000
1790434324,s2-long,341,4,0,0,14.5,55.6,219.7,0.0,-,0,0,0.000
1790434324,s3-quic,6472523,3,4382174,4382174,1.8,2.2,2.7,0.0,-,0,0,0.000
1790434324,s4-mixed-kcp,175642,1,4182429,4182429,51.2,699.4,947.8,0.0,-,0,0,0.000
1790434324,s5-vmess-ws,540198,0,2621,2621,41.4,42.4,42.8,0.0,-,0,0,0.000
1790434324,s6-trojan-grpc,682297,0,3310,3310,1.5,2.9,3.5,0.0,-,0,0,0.000
1790434324,__proc__,0,0,0,0,-,-,-,2531.7,32444,49232,89731380,6977.152
1790434354,s1-short,679379,0,3289,3289,2.4,3.9,4.6,0.0,-,0,0,0.000
1790434354,s2-long,341,4,0,0,14.5,55.6,219.7,0.0,-,0,0,0.000
1790434354,s3-quic,6488592,3,4387908,4387908,1.8,2.2,2.7,0.0,-,0,0,0.000
1790434354,s4-mixed-kcp,176022,1,4102733,4102733,51.1,699.1,947.9,0.0,-,0,0,0.000
1790434354,s5-vmess-ws,541446,0,2621,2621,41.4,42.4,43.1,0.0,-,0,0,0.000
1790434354,s6-trojan-grpc,683874,0,3312,3312,1.4,3.0,3.5,0.0,-,0,0,0.000
1790434354,__proc__,0,0,0,0,-,-,-,2517.3,32463,49251,89952555,6993.077
1790434384,s1-short,680947,0,3293,3293,2.4,3.9,4.5,0.0,-,0,0,0.000
1790434384,s2-long,341,4,0,0,14.5,55.6,219.7,0.0,-,0,0,0.000
1790434384,s3-quic,6504630,3,4379443,4379443,1.8,2.2,2.8,0.0,-,0,0,0.000
1790434384,s4-mixed-kcp,176406,1,4020198,4020198,51.1,698.8,948.1,0.0,-,0,0,0.000
1790434384,s5-vmess-ws,542694,0,2621,2621,41.4,42.4,43.1,0.0,-,0,0,0.000
1790434384,s6-trojan-grpc,685450,0,3310,3310,1.4,2.9,3.5,0.0,-,0,0,0.000
1790434384,__proc__,0,0,0,0,-,-,-,2525.4,32472,49279,90173474,7008.876
1790434414,s1-short,682515,0,3293,3293,2.4,3.9,4.5,0.0,-,0,0,0.000
1790434414,s2-long,341,4,0,0,14.5,55.6,219.7,0.0,-,0,0,0.000
1790434414,s3-quic,6520629,3,4368794,4368794,1.8,2.2,2.6,0.0,-,0,0,0.000
1790434414,s4-mixed-kcp,176779,1,4077617,4077617,51.1,698.9,947.8,0.0,-,0,0,0.000
1790434414,s5-vmess-ws,543942,0,2621,2621,41.4,42.4,43.1,0.0,-,0,0,0.000
1790434414,s6-trojan-grpc,687027,0,3312,3312,1.4,2.9,3.4,0.0,-,0,0,0.000
1790434414,__proc__,0,0,0,0,-,-,-,2536.8,32461,49263,90392279,7024.839
1790434444,s1-short,684079,0,3284,3284,2.4,4.1,4.6,0.0,-,0,0,0.000
1790434444,s2-long,341,4,0,0,14.5,55.6,219.7,0.0,-,0,0,0.000
1790434444,s3-quic,6536459,3,4322645,4322645,1.8,2.2,2.7,0.0,-,0,0,0.000
1790434444,s4-mixed-kcp,177152,1,4034308,4034308,51.1,698.7,948.1,0.0,-,0,0,0.000
1790434444,s5-vmess-ws,545189,0,2619,2619,41.4,42.4,43.2,0.0,-,0,0,0.000
1790434444,s6-trojan-grpc,688601,0,3305,3305,1.4,3.0,3.4,0.0,-,0,0,0.000
1790434444,__proc__,0,0,0,0,-,-,-,2550.7,32434,49231,90609406,7040.853
1790434474,s1-short,685644,0,3286,3286,2.4,4.1,4.6,0.0,-,0,0,0.000
1790434474,s2-long,341,4,0,0,14.5,55.6,219.7,0.0,-,0,0,0.000
1790434474,s3-quic,6552342,3,4337118,4337118,1.8,2.2,2.9,0.0,-,0,0,0.000
1790434474,s4-mixed-kcp,177532,1,4049365,4049365,51.1,698.2,947.8,0.0,-,0,0,0.000
1790434474,s5-vmess-ws,546437,0,2621,2621,41.4,42.4,43.2,0.0,-,0,0,0.000
1790434474,s6-trojan-grpc,690177,0,3310,3310,1.4,3.0,3.4,0.0,-,0,0,0.000
1790434474,__proc__,0,0,0,0,-,-,-,2520.1,32437,49228,90828908,7056.857
1790434504,s1-short,687211,0,3291,3291,2.4,4.1,4.6,0.0,-,0,0,0.000
1790434504,s2-long,341,4,0,0,14.5,55.6,219.7,0.0,-,0,0,0.000
1790434504,s3-quic,6568357,3,4373163,4373163,1.8,2.2,2.7,0.0,-,0,0,0.000
1790434504,s4-mixed-kcp,177907,1,4077087,4077087,51.1,650.9,947.5,0.0,-,0,0,0.000
1790434504,s5-vmess-ws,547685,0,2621,2621,41.4,42.4,43.2,0.0,-,0,0,0.000
1790434504,s6-trojan-grpc,691753,0,3310,3310,1.4,3.0,3.4,0.0,-,0,0,0.000
1790434504,__proc__,0,0,0,0,-,-,-,2522.0,32434,49227,91049337,7072.819
1790434534,s1-short,688779,0,3293,3293,2.4,4.0,4.5,0.0,-,0,0,0.000
1790434534,s2-long,341,4,0,0,14.5,55.6,219.7,0.0,-,0,0,0.000
1790434534,s3-quic,6584352,3,4367701,4367701,1.8,2.2,2.6,0.0,-,0,0,0.000
1790434534,s4-mixed-kcp,178285,1,4110033,4110033,51.1,650.2,900.1,0.0,-,0,0,0.000
1790434534,s5-vmess-ws,548933,0,2621,2621,41.4,42.4,43.2,0.0,-,0,0,0.000
1790434534,s6-trojan-grpc,693330,0,3312,3312,1.4,2.9,3.4,0.0,-,0,0,0.000
1790434534,__proc__,0,0,0,0,-,-,-,2523.9,32436,49241,91268968,7088.858
1790434564,s1-short,690343,0,3284,3284,2.4,3.9,4.4,0.0,-,0,0,0.000
1790434564,s2-long,341,4,0,0,14.5,55.6,219.7,0.0,-,0,0,0.000
1790434564,s3-quic,6600369,3,4373709,4373709,1.8,2.2,2.7,0.0,-,0,0,0.000
1790434564,s4-mixed-kcp,178662,1,4001664,4001664,51.1,649.8,899.6,0.0,-,0,0,0.000
1790434564,s5-vmess-ws,550181,0,2621,2621,41.4,42.4,43.1,0.0,-,0,0,0.000
1790434564,s6-trojan-grpc,694907,0,3312,3312,1.5,2.9,3.4,0.0,-,0,0,0.000
1790434564,__proc__,0,0,0,0,-,-,-,2530.7,32445,49233,91487980,7104.889
1790434594,s1-short,691911,0,3293,3293,2.4,4.0,4.5,0.0,-,0,0,0.000
1790434594,s2-long,341,4,0,0,14.5,55.6,219.7,0.0,-,0,0,0.000
1790434594,s3-quic,6616400,3,4377532,4377532,1.8,2.2,2.7,0.0,-,0,0,0.000
1790434594,s4-mixed-kcp,179037,1,4170988,4170988,51.1,649.9,899.8,0.0,-,0,0,0.000
1790434594,s5-vmess-ws,551429,0,2621,2621,41.4,42.4,43.0,0.0,-,0,0,0.000
1790434594,s6-trojan-grpc,696484,0,3312,3312,1.5,3.0,3.4,0.0,-,0,0,0.000
1790434594,__proc__,0,0,0,0,-,-,-,2544.9,32444,49249,91708050,7120.894
1790434624,s1-short,693475,0,3284,3284,2.5,4.1,4.6,0.0,-,0,0,0.000
1790434624,s2-long,341,4,0,0,14.5,55.6,219.7,0.0,-,0,0,0.000
1790434624,s3-quic,6632363,3,4358963,4358963,1.8,2.2,2.7,0.0,-,0,0,0.000
1790434624,s4-mixed-kcp,179397,1,4055682,4055682,51.1,650.9,899.4,0.0,-,0,0,0.000
1790434624,s5-vmess-ws,552677,0,2621,2621,41.4,42.4,43.0,0.0,-,0,0,0.000
1790434624,s6-trojan-grpc,698059,0,3308,3308,1.5,3.0,3.5,0.0,-,0,0,0.000
1790434624,__proc__,0,0,0,0,-,-,-,2518.2,32420,49200,91927553,7136.885
1790434654,s1-short,695039,0,3284,3284,2.5,4.1,4.7,0.0,-,0,0,0.000
1790434654,s2-long,341,4,0,0,14.5,55.6,219.7,0.0,-,0,0,0.000
1790434654,s3-quic,6648389,3,4376166,4376166,1.8,2.2,2.8,0.0,-,0,0,0.000
1790434654,s4-mixed-kcp,179765,1,4132406,4132406,51.1,650.0,898.8,0.0,-,0,0,0.000
1790434654,s5-vmess-ws,553925,0,2621,2621,41.4,42.4,42.9,0.0,-,0,0,0.000
1790434654,s6-trojan-grpc,699633,0,3305,3305,1.5,3.0,3.5,0.0,-,0,0,0.000
1790434654,__proc__,0,0,0,0,-,-,-,2541.3,32414,49188,92146782,7152.921
1790434684,s1-short,696607,0,3293,3293,2.5,4.1,4.7,0.0,-,0,0,0.000
1790434684,s2-long,341,4,0,0,14.5,55.6,219.7,0.0,-,0,0,0.000
1790434684,s3-quic,6664405,3,4373436,4373436,1.8,2.2,2.7,0.0,-,0,0,0.000
1790434684,s4-mixed-kcp,180135,1,4079498,4079498,51.2,697.7,899.3,0.0,-,0,0,0.000
1790434684,s5-vmess-ws,555173,0,2621,2621,41.4,42.4,42.9,0.0,-,0,0,0.000
1790434684,s6-trojan-grpc,701212,0,3316,3316,1.5,3.0,3.5,0.0,-,0,0,0.000
1790434684,__proc__,0,0,0,0,-,-,-,2540.9,32426,49233,92367405,7168.914
1790434714,s1-short,698171,0,3284,3284,2.5,4.0,4.6,0.0,-,0,0,0.000
1790434714,s2-long,341,4,0,0,14.5,55.6,219.7,0.0,-,0,0,0.000
1790434714,s3-quic,6680460,3,4384085,4384085,1.8,2.2,2.7,0.0,-,0,0,0.000
1790434714,s4-mixed-kcp,180508,1,4111007,4111007,51.2,698.2,899.5,0.0,-,0,0,0.000
1790434714,s5-vmess-ws,556421,0,2621,2621,41.4,42.4,42.8,0.0,-,0,0,0.000
1790434714,s6-trojan-grpc,702785,0,3303,3303,1.4,3.0,3.5,0.0,-,0,0,0.000
1790434714,__proc__,0,0,0,0,-,-,-,2517.5,32424,49222,92588231,7184.846
1790434744,s1-short,699739,0,3293,3293,2.5,4.0,4.6,0.0,-,0,0,0.000
1790434744,s2-long,341,4,0,0,14.5,55.6,219.7,0.0,-,0,0,0.000
1790434744,s3-quic,6696516,3,4384358,4384358,1.8,2.2,2.7,0.0,-,0,0,0.000
1790434744,s4-mixed-kcp,180887,1,3970198,3970198,51.2,697.5,899.8,0.0,-,0,0,0.000
1790434744,s5-vmess-ws,557669,0,2621,2621,41.4,42.4,42.8,0.0,-,0,0,0.000
1790434744,s6-trojan-grpc,704364,0,3316,3316,1.4,3.0,3.5,0.0,-,0,0,0.000
1790434744,__proc__,0,0,0,0,-,-,-,2543.1,32455,49256,92808458,7200.825
1790434774,s1-short,701303,0,3284,3284,2.4,4.0,4.6,0.0,-,0,0,0.000
1790434774,s2-long,341,4,0,0,14.5,55.6,219.7,0.0,-,0,0,0.000
1790434774,s3-quic,6712572,3,4384358,4384358,1.8,2.2,2.7,0.0,-,0,0,0.000
1790434774,s4-mixed-kcp,181252,1,4163540,4163540,51.2,698.0,900.0,0.0,-,0,0,0.000
1790434774,s5-vmess-ws,558917,0,2621,2621,41.4,42.4,42.8,0.0,-,0,0,0.000
1790434774,s6-trojan-grpc,705940,0,3310,3310,1.4,2.9,3.5,0.0,-,0,0,0.000
1790434774,__proc__,0,0,0,0,-,-,-,2532.3,32452,49237,93030144,7216.820
1790434804,s1-short,702869,0,3289,3289,2.4,4.0,4.5,0.0,-,0,0,0.000
1790434804,s2-long,341,4,0,0,14.5,55.6,219.7,0.0,-,0,0,0.000
1790434804,s3-quic,6728623,3,4382993,4382993,1.8,2.2,2.6,0.0,-,0,0,0.000
1790434804,s4-mixed-kcp,181618,1,4019299,4019299,51.2,698.9,900.0,0.0,-,0,0,0.000
1790434804,s5-vmess-ws,560165,0,2621,2621,41.4,42.4,43.0,0.0,-,0,0,0.000
1790434804,s6-trojan-grpc,707517,0,3312,3312,1.4,2.9,3.4,0.0,-,0,0,0.000
1790434804,__proc__,0,0,0,0,-,-,-,2545.0,32445,49232,93250195,7232.840
1790434834,s1-short,704435,0,3289,3289,2.5,4.0,4.5,0.0,-,0,0,0.000
1790434834,s2-long,341,4,0,0,14.5,55.6,219.7,0.0,-,0,0,0.000
1790434834,s3-quic,6744679,3,4384358,4384358,1.8,2.2,2.7,0.0,-,0,0,0.000
1790434834,s4-mixed-kcp,181990,1,4188559,4188559,51.2,699.2,900.0,0.0,-,0,0,0.000
1790434834,s5-vmess-ws,561413,0,2621,2621,41.4,42.4,43.0,0.0,-,0,0,0.000
1790434834,s6-trojan-grpc,709093,0,3310,3310,1.5,2.9,3.4,0.0,-,0,0,0.000
1790434834,__proc__,0,0,0,0,-,-,-,2544.8,32442,49223,93471311,7248.828
1790434864,s1-short,706000,0,3286,3286,2.5,4.1,4.5,0.0,-,0,0,0.000
1790434864,s2-long,341,4,0,0,14.5,55.6,219.7,0.0,-,0,0,0.000
1790434864,s3-quic,6760753,3,4389274,4389274,1.8,2.2,2.8,0.0,-,0,0,0.000
1790434864,s4-mixed-kcp,182358,1,4048280,4048280,51.2,699.2,900.0,0.0,-,0,0,0.000
1790434864,s5-vmess-ws,562661,0,2621,2621,41.4,42.4,42.9,0.0,-,0,0,0.000
1790434864,s6-trojan-grpc,710669,0,3310,3310,1.4,2.9,3.4,0.0,-,0,0,0.000
1790434864,__proc__,0,0,0,0,-,-,-,2545.7,32458,49246,93692598,7264.771
1790434894,s1-short,707564,0,3284,3284,2.5,4.1,4.6,0.0,-,0,0,0.000
1790434894,s2-long,341,4,0,0,14.5,55.6,219.7,0.0,-,0,0,0.000
1790434894,s3-quic,6776822,3,4387908,4387908,1.8,2.2,2.8,0.0,-,0,0,0.000
1790434894,s4-mixed-kcp,182735,1,4188695,4188695,51.2,699.9,946.3,0.0,-,0,0,0.000
1790434894,s5-vmess-ws,563909,0,2621,2621,41.4,42.4,42.8,0.0,-,0,0,0.000
1790434894,s6-trojan-grpc,712245,0,3310,3310,1.5,3.0,3.6,0.0,-,0,0,0.000
1790434894,__proc__,0,0,0,0,-,-,-,2556.3,32461,49251,93913714,7280.668
1790434924,s1-short,709132,0,3293,3293,2.5,4.1,4.5,0.0,-,0,0,0.000
1790434924,s2-long,341,4,0,0,14.5,55.6,219.7,0.0,-,0,0,0.000
1790434924,s3-quic,6792880,3,4384905,4384905,1.8,2.2,2.8,0.0,-,0,0,0.000
1790434924,s4-mixed-kcp,183108,1,4035509,4035509,51.2,699.9,900.1,0.0,-,0,0,0.000
1790434924,s5-vmess-ws,565157,0,2621,2621,41.4,42.4,42.9,0.0,-,0,0,0.000
1790434924,s6-trojan-grpc,713821,0,3310,3310,1.5,3.0,3.5,0.0,-,0,0,0.000
1790434924,__proc__,0,0,0,0,-,-,-,2520.2,32450,49235,94134022,7296.585
1790434954,s1-short,710696,0,3284,3284,2.5,4.1,4.5,0.0,-,0,0,0.000
1790434954,s2-long,341,4,0,0,14.5,55.6,219.7,0.0,-,0,0,0.000
1790434954,s3-quic,6808960,3,4390912,4390912,1.8,2.2,2.8,0.0,-,0,0,0.000
1790434954,s4-mixed-kcp,183485,1,3996533,3996533,51.2,699.6,900.1,0.0,-,0,0,0.000
1790434954,s5-vmess-ws,566405,0,2621,2621,41.4,42.4,43.0,0.0,-,0,0,0.000
1790434954,s6-trojan-grpc,715396,0,3308,3308,1.5,3.0,3.5,0.0,-,0,0,0.000
1790434954,__proc__,0,0,0,0,-,-,-,2530.4,32464,49260,94355858,7312.566
1790434984,s1-short,712264,0,3293,3293,2.5,4.0,4.4,0.0,-,0,0,0.000
1790434984,s2-long,341,4,0,0,14.5,55.6,219.7,0.0,-,0,0,0.000
1790434984,s3-quic,6825051,3,4393916,4393916,1.8,2.2,2.8,0.0,-,0,0,0.000
1790434984,s4-mixed-kcp,183857,1,3999172,3999172,51.2,699.1,900.0,0.0,-,0,0,0.000
1790434984,s5-vmess-ws,567653,0,2621,2621,41.4,42.4,43.1,0.0,-,0,0,0.000
1790434984,s6-trojan-grpc,716972,0,3310,3310,1.5,3.0,3.4,0.0,-,0,0,0.000
1790434984,__proc__,0,0,0,0,-,-,-,2542.5,32454,49239,94577281,7328.537
1790435014,s1-short,713829,0,3286,3286,2.4,3.9,4.4,0.0,-,0,0,0.000
1790435014,s2-long,341,4,0,0,14.5,55.6,219.7,0.0,-,0,0,0.000
1790435014,s3-quic,6841132,3,4391185,4391185,1.8,2.2,2.7,0.0,-,0,0,0.000
1790435014,s4-mixed-kcp,184235,1,4066824,4066824,51.2,699.0,900.1,0.0,-,0,0,0.000
1790435014,s5-vmess-ws,568901,0,2621,2621,41.4,42.4,43.1,0.0,-,0,0,0.000
1790435014,s6-trojan-grpc,718548,0,3310,3310,1.5,3.0,3.4,0.0,-,0,0,0.000
1790435014,__proc__,0,0,0,0,-,-,-,2545.5,32457,49257,94798626,7344.445
1790435044,s1-short,715396,0,3291,3291,2.4,3.9,4.5,0.0,-,0,0,0.000
1790435044,s2-long,341,4,0,0,14.5,55.6,219.7,0.0,-,0,0,0.000
1790435044,s3-quic,6857243,3,4399377,4399377,1.8,2.2,2.6,0.0,-,0,0,0.000
1790435044,s4-mixed-kcp,184613,1,4139970,4139970,51.2,698.6,900.1,0.0,-,0,0,0.000
1790435044,s5-vmess-ws,570149,0,2621,2621,41.4,42.4,43.0,0.0,-,0,0,0.000
1790435044,s6-trojan-grpc,720124,0,3310,3310,1.5,2.9,3.4,0.0,-,0,0,0.000
1790435044,__proc__,0,0,0,0,-,-,-,2551.3,32453,49242,95020168,7360.405
1790435074,s1-short,716961,0,3286,3286,2.5,4.0,4.5,0.0,-,0,0,0.000
1790435074,s2-long,341,4,0,0,14.5,55.6,219.7,0.0,-,0,0,0.000
1790435074,s3-quic,6873278,3,4378624,4378624,1.8,2.2,2.8,0.0,-,0,0,0.000
1790435074,s4-mixed-kcp,184983,1,4099200,4099200,51.2,698.7,899.5,0.0,-,0,0,0.000
1790435074,s5-vmess-ws,571397,0,2621,2621,41.4,42.4,43.0,0.0,-,0,0,0.000
1790435074,s6-trojan-grpc,721699,0,3308,3308,1.4,2.9,3.5,0.0,-,0,0,0.000
1790435074,__proc__,0,0,0,0,-,-,-,2534.9,32439,49230,95242910,7376.337
1790435104,s1-short,718528,0,3291,3291,2.4,3.9,4.4,0.0,-,0,0,0.000
1790435104,s2-long,341,4,0,0,14.5,55.6,219.7,0.0,-,0,0,0.000
1790435104,s3-quic,6889389,3,4399377,4399377,1.8,2.2,2.7,0.0,-,0,0,0.000
1790435104,s4-mixed-kcp,185356,1,4124235,4124235,51.2,698.7,899.3,0.0,-,0,0,0.000
1790435104,s5-vmess-ws,572645,0,2621,2621,41.4,42.4,43.0,0.0,-,0,0,0.000
1790435104,s6-trojan-grpc,723275,0,3310,3310,1.4,2.9,3.4,0.0,-,0,0,0.000
1790435104,__proc__,0,0,0,0,-,-,-,2535.6,32439,49230,95465438,7392.174
1790435134,s1-short,720096,0,3293,3293,2.4,3.9,4.4,0.0,-,0,0,0.000
1790435134,s2-long,341,4,0,0,14.5,55.6,219.7,0.0,-,0,0,0.000
1790435134,s3-quic,6905528,3,4407023,4407023,1.8,2.2,2.7,0.0,-,0,0,0.000
1790435134,s4-mixed-kcp,185736,1,4095016,4095016,51.2,698.2,899.0,0.0,-,0,0,0.000
1790435134,s5-vmess-ws,573893,0,2621,2621,41.4,42.4,43.1,0.0,-,0,0,0.000
1790435134,s6-trojan-grpc,724851,0,3310,3310,1.4,2.9,3.3,0.0,-,0,0,0.000
1790435134,__proc__,0,0,0,0,-,-,-,2550.8,32447,49244,95686915,7408.020
1790435164,s1-short,721663,0,3291,3291,2.4,3.9,4.4,0.0,-,0,0,0.000
1790435164,s2-long,341,4,0,0,14.5,55.6,219.7,0.0,-,0,0,0.000
1790435164,s3-quic,6921607,3,4390639,4390639,1.8,2.2,2.7,0.0,-,0,0,0.000
1790435164,s4-mixed-kcp,186110,1,4080865,4080865,51.1,698.0,899.0,0.0,-,0,0,0.000
1790435164,s5-vmess-ws,575141,0,2621,2621,41.4,42.4,43.1,0.0,-,0,0,0.000
1790435164,s6-trojan-grpc,726427,0,3310,3310,1.4,2.9,3.4,0.0,-,0,0,0.000
1790435164,__proc__,0,0,0,0,-,-,-,2536.7,32413,49218,95909031,7423.888
1790435194,s1-short,723229,0,3289,3289,2.4,3.9,4.5,0.0,-,0,0,0.000
1790435194,s2-long,341,4,0,0,14.5,55.6,219.7,0.0,-,0,0,0.000
1790435194,s3-quic,6937679,3,4388727,4388727,1.8,2.2,2.7,0.0,-,0,0,0.000
1790435194,s4-mixed-kcp,186491,1,4059822,4059822,51.1,697.8,899.5,0.0,-,0,0,0.000
1790435194,s5-vmess-ws,576389,0,2621,2621,41.4,42.4,42.9,0.0,-,0,0,0.000
1790435194,s6-trojan-grpc,728004,0,3312,3312,1.4,2.9,3.4,0.0,-,0,0,0.000
1790435194,__proc__,0,0,0,0,-,-,-,2535.6,32424,49222,96131034,7439.809
1790435224,s1-short,724796,0,3291,3291,2.4,4.0,4.5,0.0,-,0,0,0.000
1790435224,s2-long,341,4,0,0,14.5,55.6,219.7,0.0,-,0,0,0.000
1790435224,s3-quic,6953593,3,4345583,4345583,1.8,2.2,2.7,0.0,-,0,0,0.000
1790435224,s4-mixed-kcp,186862,1,4075218,4075218,51.1,697.6,899.5,0.0,-,0,0,0.000
1790435224,s5-vmess-ws,577637,0,2621,2621,41.4,42.4,43.0,0.0,-,0,0,0.000
1790435224,s6-trojan-grpc,729579,0,3308,3308,1.5,3.0,3.5,0.0,-,0,0,0.000
1790435224,__proc__,0,0,0,0,-,-,-,2555.6,32423,49204,96349944,7455.769
1790435254,s1-short,726360,0,3284,3284,2.5,4.1,4.6,0.0,-,0,0,0.000
1790435254,s2-long,341,4,0,0,14.5,55.6,219.7,0.0,-,0,0,0.000
1790435254,s3-quic,6969493,3,4341760,4341760,1.9,2.2,2.8,0.0,-,0,0,0.000
1790435254,s4-mixed-kcp,187226,1,4037720,4037720,51.1,651.2,899.6,0.0,-,0,0,0.000
1790435254,s5-vmess-ws,578885,0,2621,2621,41.4,42.4,43.1,0.0,-,0,0,0.000
1790435254,s6-trojan-grpc,731154,0,3308,3308,1.5,3.0,3.5,0.0,-,0,0,0.000
1790435254,__proc__,0,0,0,0,-,-,-,2536.8,32406,49168,96566060,7471.901
1790435284,s1-short,727924,0,3284,3284,2.6,4.2,4.8,0.0,-,0,0,0.000
1790435284,s2-long,341,4,0,0,14.5,55.6,219.7,0.0,-,0,0,0.000
1790435284,s3-quic,6985435,3,4353229,4353229,1.8,2.2,2.8,0.0,-,0,0,0.000
1790435284,s4-mixed-kcp,187591,1,4168163,4168163,51.1,696.1,946.2,0.0,-,0,0,0.000
1790435284,s5-vmess-ws,580133,0,2621,2621,41.4,42.5,43.3,0.0,-,0,0,0.000
1790435284,s6-trojan-grpc,732729,0,3308,3308,1.5,3.1,3.5,0.0,-,0,0,0.000
1790435284,__proc__,0,0,0,0,-,-,-,2541.7,32413,49178,96783486,7488.024
1790435314,s1-short,729488,0,3284,3284,2.6,4.1,4.8,0.0,-,0,0,0.000
1790435314,s2-long,341,4,0,0,14.5,55.6,219.7,0.0,-,0,0,0.000
1790435314,s3-quic,7001392,3,4357325,4357325,1.8,2.2,2.7,0.0,-,0,0,0.000
1790435314,s4-mixed-kcp,187965,1,4010756,4010756,51.2,696.1,946.3,0.0,-,0,0,0.000
1790435314,s5-vmess-ws,581381,0,2621,2621,41.4,42.5,43.2,0.0,-,0,0,0.000
1790435314,s6-trojan-grpc,734305,0,3310,3310,1.5,3.1,3.5,0.0,-,0,0,0.000
1790435314,__proc__,0,0,0,0,-,-,-,2565.9,32418,49182,97004121,7504.050
1790435344,s1-short,731053,0,3286,3286,2.6,4.1,4.7,0.0,-,0,0,0.000
1790435344,s2-long,341,4,0,0,14.5,55.6,219.7,0.0,-,0,0,0.000
1790435344,s3-quic,7017198,3,4316092,4316092,1.9,2.3,2.9,0.0,-,0,0,0.000
1790435344,s4-mixed-kcp,188335,1,4111314,4111314,51.2,651.2,901.1,0.0,-,0,0,0.000
1790435344,s5-vmess-ws,582629,0,2621,2621,41.4,42.5,43.3,0.0,-,0,0,0.000
1790435344,s6-trojan-grpc,735881,0,3310,3310,1.5,3.1,3.5,0.0,-,0,0,0.000
1790435344,__proc__,0,0,0,0,-,-,-,2562.1,32402,49170,97219927,7520.071
1790435374,s1-short,732619,0,3289,3289,2.5,4.1,4.6,0.0,-,0,0,0.000
1790435374,s2-long,341,4,0,0,14.5,55.6,219.7,0.0,-,0,0,0.000
1790435374,s3-quic,7033010,3,4317730,4317730,1.8,2.2,2.7,0.0,-,0,0,0.000
1790435374,s4-mixed-kcp,188703,1,4092106,4092106,51.2,697.5,946.3,0.0,-,0,0,0.000
1790435374,s5-vmess-ws,583877,0,2621,2621,41.4,42.5,43.3,0.0,-,0,0,0.000
1790435374,s6-trojan-grpc,737458,0,3312,3312,1.4,3.0,3.5,0.0,-,0,0,0.000
1790435374,__proc__,0,0,0,0,-,-,-,2552.3,32414,49193,97439552,7536.014
1790435404,s1-short,734184,0,3286,3286,2.5,4.1,4.6,0.0,-,0,0,0.000
1790435404,s2-long,341,4,0,0,14.5,55.6,219.7,0.0,-,0,0,0.000
1790435404,s3-quic,7048999,3,4366063,4366063,1.8,2.2,2.8,0.0,-,0,0,0.000
1790435404,s4-mixed-kcp,189075,1,4017680,4017680,51.2,696.7,947.1,0.0,-,0,0,0.000
1790435404,s5-vmess-ws,585125,0,2621,2621,41.4,42.5,43.3,0.0,-,0,0,0.000
1790435404,s6-trojan-grpc,739034,0,3310,3310,1.5,3.0,3.5,0.0,-,0,0,0.000
1790435404,__proc__,0,0,0,0,-,-,-,2562.3,32433,49223,97658465,7552.143
1790435434,s1-short,735750,0,3289,3289,2.5,4.0,4.5,0.0,-,0,0,0.000
1790435434,s2-long,341,4,0,0,14.5,55.6,219.7,0.0,-,0,0,0.000
1790435434,s3-quic,7065010,3,4372070,4372070,1.8,2.1,2.6,0.0,-,0,0,0.000
1790435434,s4-mixed-kcp,189444,1,4021365,4021365,51.2,697.1,947.6,0.0,-,0,0,0.000
1790435434,s5-vmess-ws,586373,0,2621,2621,41.4,42.4,43.0,0.0,-,0,0,0.000
1790435434,s6-trojan-grpc,740609,0,3308,3308,1.5,3.0,3.4,0.0,-,0,0,0.000
1790435434,__proc__,0,0,0,0,-,-,-,2559.2,32434,49210,97878807,7568.096
1790435464,s1-short,737314,0,3284,3284,2.5,4.1,4.6,0.0,-,0,0,0.000
1790435464,s2-long,341,4,0,0,14.5,55.6,219.7,0.0,-,0,0,0.000
1790435464,s3-quic,7080998,3,4365790,4365790,1.8,2.2,2.7,0.0,-,0,0,0.000
1790435464,s4-mixed-kcp,189816,1,4130576,4130576,51.2,696.9,947.7,0.0,-,0,0,0.000
1790435464,s5-vmess-ws,587621,0,2621,2621,41.4,42.4,43.0,0.0,-,0,0,0.000
1790435464,s6-trojan-grpc,742185,0,3310,3310,1.5,3.0,3.5,0.0,-,0,0,0.000
1790435464,__proc__,0,0,0,0,-,-,-,2566.6,32431,49209,98098744,7584.028
1790435494,s1-short,738879,0,3286,3286,2.5,4.1,4.7,0.0,-,0,0,0.000
1790435494,s2-long,341,4,0,0,14.5,55.6,219.7,0.0,-,0,0,0.000
1790435494,s3-quic,7096894,3,4340668,4340668,1.9,2.2,2.8,0.0,-,0,0,0.000
1790435494,s4-mixed-kcp,190188,1,4095025,4095025,51.2,696.9,947.8,0.0,-,0,0,0.000
1790435494,s5-vmess-ws,588869,0,2621,2621,41.4,42.4,42.9,0.0,-,0,0,0.000
1790435494,s6-trojan-grpc,743761,0,3310,3310,1.5,3.0,3.5,0.0,-,0,0,0.000
1790435494,__proc__,0,0,0,0,-,-,-,2570.4,32428,49211,98318825,7600.011
1790435524,s1-short,740444,0,3286,3286,2.6,4.2,4.9,0.0,-,0,0,0.000
1790435524,s2-long,341,4,0,0,14.5,55.6,219.7,0.0,-,0,0,0.000
1790435524,s3-quic,7112527,3,4268851,4268851,1.9,2.2,2.7,0.0,-,0,0,0.000
1790435524,s4-mixed-kcp,190558,1,4122972,4122972,51.2,696.3,947.7,0.0,-,0,0,0.000
1790435524,s5-vmess-ws,590117,0,2621,2621,41.4,42.5,43.2,0.0,-,0,0,0.000
1790435524,s6-trojan-grpc,745336,0,3308,3308,1.5,3.1,3.6,0.0,-,0,0,0.000
1790435524,__proc__,0,0,0,0,-,-,-,2568.4,32416,49206,98534407,7615.971
1790435554,s1-short,742008,0,3284,3284,2.5,4.2,4.9,0.0,-,0,0,0.000
1790435554,s2-long,341,4,0,0,14.5,55.6,219.7,0.0,-,0,0,0.000
1790435554,s3-quic,7128384,3,4330018,4330018,1.8,2.2,2.8,0.0,-,0,0,0.000
1790435554,s4-mixed-kcp,190925,1,4103355,4103355,51.2,697.1,947.7,0.0,-,0,0,0.000
1790435554,s5-vmess-ws,591365,0,2621,2621,41.4,42.4,43.2,0.0,-,0,0,0.000
1790435554,s6-trojan-grpc,746910,0,3305,3305,1.5,3.1,3.6,0.0,-,0,0,0.000
1790435554,__proc__,0,0,0,0,-,-,-,2565.5,32413,49191,98754435,7631.890
1790435584,s1-short,743572,0,3284,3284,2.6,4.2,4.7,0.0,-,0,0,0.000
1790435584,s2-long,341,4,0,0,14.5,55.6,219.7,0.0,-,0,0,0.000
1790435584,s3-quic,7144389,3,4370432,4370432,1.8,2.2,2.6,0.0,-,0,0,0.000
1790435584,s4-mixed-kcp,191294,1,3983758,3983758,51.2,698.4,947.7,0.0,-,0,0,0.000
1790435584,s5-vmess-ws,592613,0,2621,2621,41.4,42.4,43.2,0.0,-,0,0,0.000
1790435584,s6-trojan-grpc,748486,0,3310,3310,1.5,3.1,3.5,0.0,-,0,0,0.000
1790435584,__proc__,0,0,0,0,-,-,-,2560.4,32426,49206,98973865,7647.924
1790435614,s1-short,745139,0,3291,3291,2.5,4.1,4.6,0.0,-,0,0,0.000
1790435614,s2-long,341,4,0,0,14.5,55.6,219.7,0.0,-,0,0,0.000
1790435614,s3-quic,7160317,3,4349406,4349406,1.8,2.2,2.8,0.0,-,0,0,0.000
1790435614,s4-mixed-kcp,191664,1,4060271,4060271,51.2,697.8,947.7,0.0,-,0,0,0.000
1790435614,s5-vmess-ws,593861,0,2621,2621,41.4,42.4,43.0,0.0,-,0,0,0.000
1790435614,s6-trojan-grpc,750063,0,3312,3312,1.5,3.0,3.5,0.0,-,0,0,0.000
1790435614,__proc__,0,0,0,0,-,-,-,2568.4,32427,49200,99192834,7663.894
1790435644,s1-short,746704,0,3286,3286,2.5,4.1,4.6,0.0,-,0,0,0.000
1790435644,s2-long,341,4,0,0,14.5,55.6,219.7,0.0,-,0,0,0.000
1790435644,s3-quic,7176328,3,4372070,4372070,1.8,2.2,2.7,0.0,-,0,0,0.000
1790435644,s4-mixed-kcp,192034,1,4142021,4142021,51.2,697.8,947.7,0.0,-,0,0,0.000
1790435644,s5-vmess-ws,595109,0,2621,2621,41.4,42.4,42.9,0.0,-,0,0,0.000
1790435644,s6-trojan-grpc,751638,0,3308,3308,1.5,3.0,3.4,0.0,-,0,0,0.000
1790435644,__proc__,0,0,0,0,-,-,-,2552.7,32438,49203,99413279,7679.794
1790435674,s1-short,748272,0,3293,3293,2.5,4.0,4.5,0.0,-,0,0,0.000
1790435674,s2-long,341,4,0,0,14.5,55.6,219.7,0.0,-,0,0,0.000
1790435674,s3-quic,7192500,3,4416034,4416034,1.8,2.2,2.7,0.0,-,0,0,0.000
1790435674,s4-mixed-kcp,192416,1,4116152,4116152,51.2,651.7,948.2,0.0,-,0,0,0.000
1790435674,s5-vmess-ws,596357,0,2621,2621,41.4,42.4,42.9,0.0,-,0,0,0.000
1790435674,s6-trojan-grpc,753215,0,3312,3312,1.4,2.9,3.4,0.0,-,0,0,0.000
1790435674,__proc__,0,0,0,0,-,-,-,2561.8,32442,49237,99635918,7695.697
1790435704,s1-short,749836,0,3284,3284,2.4,4.0,4.5,0.0,-,0,0,0.000
1790435704,s2-long,341,4,0,0,14.5,55.6,219.7,0.0,-,0,0,0.000
1790435704,s3-quic,7208661,3,4413030,4413030,1.8,2.1,2.6,0.0,-,0,0,0.000
1790435704,s4-mixed-kcp,192790,1,4071916,4071916,51.2,651.2,948.3,0.0,-,0,0,0.000
1790435704,s5-vmess-ws,597605,0,2621,2621,41.4,42.4,42.8,0.0,-,0,0,0.000
1790435704,s6-trojan-grpc,754791,0,3310,3310,1.4,2.9,3.4,0.0,-,0,0,0.000
1790435704,__proc__,0,0,0,0,-,-,-,2565.8,32447,49239,99858532,7711.588
1790435734,s1-short,751402,0,3289,3289,2.4,4.0,4.5,0.0,-,0,0,0.000
1790435734,s2-long,341,4,0,0,14.5,55.6,219.7,0.0,-,0,0,0.000
1790435734,s3-quic,7224796,3,4405931,4405931,1.8,2.2,2.6,0.0,-,0,0,0.000
1790435734,s4-mixed-kcp,193167,1,3977121,3977121,51.2,697.8,948.3,0.0,-,0,0,0.000
1790435734,s5-vmess-ws,598853,0,2621,2621,41.4,42.4,42.8,0.0,-,0,0,0.000
1790435734,s6-trojan-grpc,756368,0,3312,3312,1.4,2.9,3.3,0.0,-,0,0,0.000
1790435734,__proc__,0,0,0,0,-,-,-,2546.5,32426,49226,100080465,7727.440
1790435764,s1-short,752969,0,3291,3291,2.4,4.0,4.5,0.0,-,0,0,0.000
1790435764,s2-long,341,4,0,0,14.5,55.6,219.7,0.0,-,0,0,0.000
1790435764,s3-quic,7240739,3,4353502,4353502,1.8,2.2,2.8,0.0,-,0,0,0.000
1790435764,s4-mixed-kcp,193536,1,4058071,4058071,51.2,698.1,948.0,0.0,-,0,0,0.000
1790435764,s5-vmess-ws,600101,0,2621,2621,41.4,42.4,42.8,0.0,-,0,0,0.000
1790435764,s6-trojan-grpc,757943,0,3308,3308,1.4,2.9,3.3,0.0,-,0,0,0.000
1790435764,__proc__,0,0,0,0,-,-,-,2554.2,32432,49213,100301433,7743.332
1790435794,s1-short,754535,0,3289,3289,2.4,4.0,4.5,0.0,-,0,0,0.000
1790435794,s2-long,341,4,0,0,14.5,55.6,219.7,0.0,-,0,0,0.000
1790435794,s3-quic,7256885,3,4408934,4408934,1.8,2.1,2.7,0.0,-,0,0,0.000
1790435794,s4-mixed-kcp,193910,1,4229081,4229081,51.2,698.5,947.6,0.0,-,0,0,0.000
1790435794,s5-vmess-ws,601349,0,2621,2621,41.4,42.4,42.9,0.0,-,0,0,0.000
1790435794,s6-trojan-grpc,759518,0,3308,3308,1.4,3.0,3.4,0.0,-,0,0,0.000
1790435794,__proc__,0,0,0,0,-,-,-,2552.4,32438,49229,100523644,7759.277
1790435824,s1-short,756102,0,3291,3291,2.4,4.0,4.4,0.0,-,0,0,0.000
1790435824,s2-long,341,4,0,0,14.5,55.6,219.7,0.0,-,0,0,0.000
1790435824,s3-quic,7273042,3,4411938,4411938,1.8,2.1,2.6,0.0,-,0,0,0.000
1790435824,s4-mixed-kcp,194287,1,4024791,4024791,51.1,698.6,947.4,0.0,-,0,0,0.000
1790435824,s5-vmess-ws,602597,0,2621,2621,41.4,42.4,42.9,0.0,-,0,0,0.000
1790435824,s6-trojan-grpc,761094,0,3310,3310,1.4,3.0,3.5,0.0,-,0,0,0.000
1790435824,__proc__,0,0,0,0,-,-,-,2570.1,32441,49226,100744869,7775.103
1790435854,s1-short,757669,0,3291,3291,2.3,3.9,4.5,0.0,-,0,0,0.000
1790435854,s2-long,341,4,0,0,14.5,55.6,219.7,0.0,-,0,0,0.000
1790435854,s3-quic,7289211,3,4415215,4415215,1.8,2.2,2.7,0.0,-,0,0,0.000
1790435854,s4-mixed-kcp,194662,1,4056887,4056887,51.1,698.6,948.0,0.0,-,0,0,0.000
1790435854,s5-vmess-ws,603845,0,2621,2621,41.4,42.4,43.1,0.0,-,0,0,0.000
1790435854,s6-trojan-grpc,762670,0,3310,3310,1.4,2.9,3.4,0.0,-,0,0,0.000
1790435854,__proc__,0,0,0,0,-,-,-,2568.1,32449,49241,100966528,7790.963
1790435884,s1-short,759235,0,3289,3289,2.4,4.0,4.6,0.0,-,0,0,0.000
1790435884,s2-long,341,4,0,0,14.5,55.6,219.7,0.0,-,0,0,0.000
1790435884,s3-quic,7305370,3,4412484,4412484,1.8,2.2,2.6,0.0,-,0,0,0.000
1790435884,s4-mixed-kcp,195033,1,4182491,4182491,51.1,698.5,948.2,0.0,-,0,0,0.000
1790435884,s5-vmess-ws,605093,0,2621,2621,41.4,42.4,43.1,0.0,-,0,0,0.000
1790435884,s6-trojan-grpc,764246,0,3310,3310,1.4,3.0,3.4,0.0,-,0,0,0.000
1790435884,__proc__,0,0,0,0,-,-,-,2567.2,32450,49223,101188581,7806.869
1790435914,s1-short,760803,0,3293,3293,2.4,4.0,4.5,0.0,-,0,0,0.000
1790435914,s2-long,341,4,0,0,14.5,55.6,219.7,0.0,-,0,0,0.000
1790435914,s3-quic,7321467,3,4395554,4395554,1.8,2.2,2.7,0.0,-,0,0,0.000
1790435914,s4-mixed-kcp,195408,1,4072746,4072746,51.1,698.4,948.2,0.0,-,0,0,0.000
1790435914,s5-vmess-ws,606340,0,2619,2619,41.4,42.4,43.2,0.0,-,0,0,0.000
1790435914,s6-trojan-grpc,765822,0,3310,3310,1.4,3.0,3.4,0.0,-,0,0,0.000
1790435914,__proc__,0,0,0,0,-,-,-,2553.6,32451,49225,101410522,7822.723
1790435944,s1-short,762371,0,3293,3293,2.3,3.9,4.4,0.0,-,0,0,0.000
1790435944,s2-long,341,4,0,0,14.5,55.6,219.7,0.0,-,0,0,0.000
1790435944,s3-quic,7337566,3,4396100,4396100,1.8,2.2,2.6,0.0,-,0,0,0.000
1790435944,s4-mixed-kcp,195789,1,4050792,4050792,51.1,698.1,948.5,0.0,-,0,0,0.000
1790435944,s5-vmess-ws,607589,0,2623,2623,41.4,42.4,43.0,0.0,-,0,0,0.000
1790435944,s6-trojan-grpc,767399,0,3312,3312,1.4,3.0,3.4,0.0,-,0,0,0.000
1790435944,__proc__,0,0,0,0,-,-,-,2570.3,32458,49254,101631472,7838.611
1790435974,s1-short,763937,0,3289,3289,2.3,3.8,4.3,0.0,-,0,0,0.000
1790435974,s2-long,341,4,0,0,14.5,55.6,219.7,0.0,-,0,0,0.000
1790435974,s3-quic,7353702,3,4406204,4406204,1.8,2.2,2.7,0.0,-,0,0,0.000
1790435974,s4-mixed-kcp,196167,1,4058107,4058107,51.1,698.4,948.5,0.0,-,0,0,0.000
1790435974,s5-vmess-ws,608836,0,2619,2619,41.4,42.4,42.7,0.0,-,0,0,0.000
1790435974,s6-trojan-grpc,768975,0,3310,3310,1.4,3.0,3.4,0.0,-,0,0,0.000
1790435974,__proc__,0,0,0,0,-,-,-,2566.1,32464,49254,101854166,7854.474
1790436004,s1-short,765505,0,3293,3293,2.3,3.9,4.4,0.0,-,0,0,0.000
1790436004,s2-long,341,4,0,0,14.5,55.6,219.7,0.0,-,0,0,0.000
1790436004,s3-quic,7369800,3,4395827,4395827,1.8,2.2,2.7,0.0,-,0,0,0.000
1790436004,s4-mixed-kcp,196544,1,4104170,4104170,51.1,698.5,948.4,0.0,-,0,0,0.000
1790436004,s5-vmess-ws,610084,0,2621,2621,41.4,42.4,42.7,0.0,-,0,0,0.000
1790436004,s6-trojan-grpc,770553,0,3314,3314,1.4,3.0,3.4,0.0,-,0,0,0.000
1790436004,__proc__,0,0,0,0,-,-,-,2570.7,32445,49222,102074895,7870.479
1790436034,s1-short,767071,0,3289,3289,2.4,3.9,4.5,0.0,-,0,0,0.000
1790436034,s2-long,341,4,0,0,14.5,55.6,219.7,0.0,-,0,0,0.000
1790436034,s3-quic,7385891,3,4393916,4393916,1.8,2.2,2.8,0.0,-,0,0,0.000
1790436034,s4-mixed-kcp,196924,1,4057071,4057071,51.1,698.4,948.1,0.0,-,0,0,0.000
1790436034,s5-vmess-ws,611331,0,2619,2619,41.4,42.4,42.7,0.0,-,0,0,0.000
1790436034,s6-trojan-grpc,772130,0,3312,3312,1.4,3.0,3.4,0.0,-,0,0,0.000
1790436034,__proc__,0,0,0,0,-,-,-,2564.5,32470,49257,102296614,7886.355
1790436064,s1-short,768635,0,3284,3284,2.4,4.0,4.5,0.0,-,0,0,0.000
1790436064,s2-long,341,4,0,0,14.5,55.6,219.7,0.0,-,0,0,0.000
1790436064,s3-quic,7401869,3,4363059,4363059,1.8,2.2,2.7,0.0,-,0,0,0.000
1790436064,s4-mixed-kcp,197295,1,4090233,4090233,51.1,698.3,947.8,0.0,-,0,0,0.000
1790436064,s5-vmess-ws,612579,0,2621,2621,41.4,42.4,42.9,0.0,-,0,0,0.000
1790436064,s6-trojan-grpc,773706,0,3310,3310,1.4,3.0,3.4,0.0,-,0,0,0.000
1790436064,__proc__,0,0,0,0,-,-,-,2570.7,32463,49240,102516214,7902.316
1790436094,s1-short,770203,0,3293,3293,2.4,4.0,4.5,0.0,-,0,0,0.000
1790436094,s2-long,341,4,0,0,14.5,55.6,219.7,0.0,-,0,0,0.000
1790436094,s3-quic,7417986,3,4401015,4401015,1.8,2.1,2.6,0.0,-,0,0,0.000
1790436094,s4-mixed-kcp,197671,1,4114275,4114275,51.1,650.2,947.8,0.0,-,0,0,0.000
1790436094,s5-vmess-ws,613826,0,2619,2619,41.4,42.4,43.0,0.0,-,0,0,0.000
1790436094,s6-trojan-grpc,775282,0,3310,3310,1.4,3.0,3.5,0.0,-,0,0,0.000
1790436094,__proc__,0,0,0,0,-,-,-,2572.9,32477,49262,102737993,7918.226
1790436124,s1-short,771768,0,3286,3286,2.4,4.0,4.4,0.0,-,0,0,0.000
1790436124,s2-long,341,4,0,0,14.5,55.6,219.7,0.0,-,0,0,0.000
1790436124,s3-quic,7434075,3,4393370,4393370,1.8,2.2,2.8,0.0,-,0,0,0.000
1790436124,s4-mixed-kcp,198044,1,4048319,4048319,51.1,650.2,948.0,0.0,-,0,0,0.000
1790436124,s5-vmess-ws,615074,0,2621,2621,41.4,42.4,43.1,0.0,-,0,0,0.000
1790436124,s6-trojan-grpc,776858,0,3310,3310,1.4,2.9,3.4,0.0,-,0,0,0.000
1790436124,__proc__,0,0,0,0,-,-,-,2571.2,32466,49251,102960708,7934.087
1790436154,s1-short,773335,0,3291,3291,2.4,4.0,4.5,0.0,-,0,0,0.000
1790436154,s2-long,341,4,0,0,14.5,55.6,219.7,0.0,-,0,0,0.000
1790436154,s3-quic,7449972,3,4340941,4340941,1.8,2.2,2.7,0.0,-,0,0,0.000
1790436154,s4-mixed-kcp,198410,1,4092714,4092714,51.1,650.2,948.1,0.0,-,0,0,0.000
1790436154,s5-vmess-ws,616322,0,2621,2621,41.4,42.5,43.1,0.0,-,0,0,0.000
1790436154,s6-trojan-grpc,778434,0,3310,3310,1.4,3.0,3.4,0.0,-,0,0,0.000
1790436154,__proc__,0,0,0,0,-,-,-,2561.7,32467,49261,103179374,7950.053
1790436184,s1-short,774900,0,3286,3286,2.4,4.1,4.6,0.0,-,0,0,0.000
1790436184,s2-long,341,4,0,0,14.5,55.6,219.7,0.0,-,0,0,0.000
1790436184,s3-quic,7465854,3,4336845,4336845,1.8,2.2,2.8,0.0,-,0,0,0.000
1790436184,s4-mixed-kcp,198780,1,4225530,4225530,51.1,652.3,948.0,0.0,-,0,0,0.000
1790436184,s5-vmess-ws,617570,0,2621,2621,41.4,42.4,43.2,0.0,-,0,0,0.000
1790436184,s6-trojan-grpc,780010,0,3310,3310,1.4,3.0,3.5,0.0,-,0,0,0.000
1790436184,__proc__,0,0,0,0,-,-,-,2575.6,32465,49268,103397544,7966.013
1790436214,s1-short,776467,0,3291,3291,2.4,4.1,4.6,0.0,-,0,0,0.000
1790436214,s2-long,341,4,0,0,14.5,55.6,219.7,0.0,-,0,0,0.000
1790436214,s3-quic,7481716,3,4331383,4331383,1.8,2.2,2.8,0.0,-,0,0,0.000
1790436214,s4-mixed-kcp,199148,1,4075601,4075601,51.1,698.5,948.0,0.0,-,0,0,0.000
1790436214,s5-vmess-ws,618818,0,2621,2621,41.4,42.4,43.2,0.0,-,0,0,0.000
1790436214,s6-trojan-grpc,781588,0,3314,3314,1.4,3.1,3.6,0.0,-,0,0,0.000
1790436214,__proc__,0,0,0,0,-,-,-,2574.1,32469,49268,103616147,7982.079
1790436244,s1-short,778032,0,3286,3286,2.4,4.1,4.6,0.0,-,0,0,0.000
1790436244,s2-long,341,4,0,0,14.5,55.6,219.7,0.0,-,0,0,0.000
1790436244,s3-quic,7497589,3,4334387,4334387,1.8,2.2,2.8,0.0,-,0,0,0.000
1790436244,s4-mixed-kcp,199515,1,4129295,4129295,51.1,698.6,947.9,0.0,-,0,0,0.000
1790436244,s5-vmess-ws,620066,0,2621,2621,41.4,42.4,43.2,0.0,-,0,0,0.000
1790436244,s6-trojan-grpc,783163,0,3308,3308,1.4,3.0,3.6,0.0,-,0,0,0.000
1790436244,__proc__,0,0,0,0,-,-,-,2568.6,32460,49240,103835088,7998.100
1790436274,s1-short,779597,0,3286,3286,2.5,4.1,4.6,0.0,-,0,0,0.000
1790436274,s2-long,341,4,0,0,14.5,55.6,219.7,0.0,-,0,0,0.000
1790436274,s3-quic,7513518,3,4349679,4349679,1.8,2.2,2.8,0.0,-,0,0,0.000
1790436274,s4-mixed-kcp,199889,1,4056804,4056804,51.1,699.2,947.8,0.0,-,0,0,0.000
1790436274,s5-vmess-ws,621314,0,2621,2621,41.4,42.4,43.0,0.0,-,0,0,0.000
1790436274,s6-trojan-grpc,784738,0,3308,3308,1.4,3.0,3.6,0.0,-,0,0,0.000
1790436274,__proc__,0,0,0,0,-,-,-,2562.1,32462,49243,104053810,8014.125
1790436304,s1-short,781163,0,3289,3289,2.5,4.2,4.7,0.0,-,0,0,0.000
1790436304,s2-long,341,4,0,0,14.5,55.6,219.7,0.0,-,0,0,0.000
1790436304,s3-quic,7529448,3,4349952,4349952,1.8,2.2,2.7,0.0,-,0,0,0.000
1790436304,s4-mixed-kcp,200265,1,4110973,4110973,51.1,699.4,947.3,0.0,-,0,0,0.000
1790436304,s5-vmess-ws,622562,0,2621,2621,41.4,42.4,43.1,0.0,-,0,0,0.000
1790436304,s6-trojan-grpc,786315,0,3312,3312,1.4,3.0,3.6,0.0,-,0,0,0.000
1790436304,__proc__,0,0,0,0,-,-,-,2572.2,32464,49261,104273791,8030.055
1790436334,s1-short,782728,0,3286,3286,2.5,4.1,4.6,0.0,-,0,0,0.000
1790436334,s2-long,341,4,0,0,14.5,55.6,219.7,0.0,-,0,0,0.000
1790436334,s3-quic,7545308,3,4330837,4330837,1.8,2.2,2.8,0.0,-,0,0,0.000
1790436334,s4-mixed-kcp,200633,1,4127234,4127234,51.1,699.9,947.3,0.0,-,0,0,0.000
1790436334,s5-vmess-ws,623810,0,2621,2621,41.4,42.5,43.1,0.0,-,0,0,0.000
1790436334,s6-trojan-grpc,787890,0,3308,3308,1.4,3.0,3.6,0.0,-,0,0,0.000
1790436334,__proc__,0,0,0,0,-,-,-,2566.7,32442,49245,104491786,8046.039
1790436364,s1-short,784295,0,3291,3291,2.5,4.1,4.7,0.0,-,0,0,0.000
1790436364,s2-long,341,4,0,0,14.5,55.6,219.7,0.0,-,0,0,0.000
1790436364,s3-quic,7561146,3,4324830,4324830,1.8,2.2,2.6,0.0,-,0,0,0.000
1790436364,s4-mixed-kcp,201008,1,4022967,4022967,51.1,699.6,947.1,0.0,-,0,0,0.000
1790436364,s5-vmess-ws,625058,0,2621,2621,41.4,42.5,43.1,0.0,-,0,0,0.000
1790436364,s6-trojan-grpc,789466,0,3310,3310,1.4,3.0,3.6,0.0,-,0,0,0.000
1790436364,__proc__,0,0,0,0,-,-,-,2573.8,32450,49237,104709959,8061.998
1790436394,s1-short,785861,0,3289,3289,2.4,4.1,4.7,0.0,-,0,0,0.000
1790436394,s2-long,341,4,0,0,14.5,55.6,219.7,0.0,-,0,0,0.000
1790436394,s3-quic,7577198,3,4383266,4383266,1.8,2.2,2.7,0.0,-,0,0,0.000
1790436394,s4-mixed-kcp,201384,1,4091754,4091754,51.1,699.2,947.0,0.0,-,0,0,0.000
1790436394,s5-vmess-ws,626306,0,2621,2621,41.4,42.5,43.0,0.0,-,0,0,0.000
1790436394,s6-trojan-grpc,791041,0,3308,3308,1.4,3.0,3.6,0.0,-,0,0,0.000
1790436394,__proc__,0,0,0,0,-,-,-,2569.9,32417,49210,104930939,8077.941
1790436424,s1-short,787425,0,3284,3284,2.4,4.1,4.6,0.0,-,0,0,0.000
1790436424,s2-long,341,4,0,0,14.5,55.6,219.7,0.0,-,0,0,0.000
1790436424,s3-quic,7593189,3,4366609,4366609,1.8,2.2,2.7,0.0,-,0,0,0.000
1790436424,s4-mixed-kcp,201749,1,4019833,4019833,51.1,699.0,901.2,0.0,-,0,0,0.000
1790436424,s5-vmess-ws,627554,0,2621,2621,41.4,42.5,43.1,0.0,-,0,0,0.000
1790436424,s6-trojan-grpc,792618,0,3312,3312,1.4,3.0,3.4,0.0,-,0,0,0.000
1790436424,__proc__,0,0,0,0,-,-,-,2570.2,32409,49193,105150527,8093.936
1790436454,s1-short,788992,0,3291,3291,2.4,4.0,4.5,0.0,-,0,0,0.000
1790436454,s2-long,341,4,0,0,14.5,55.6,219.7,0.0,-,0,0,0.000
1790436454,s3-quic,7609288,3,4396100,4396100,1.8,2.2,2.8,0.0,-,0,0,0.000
1790436454,s4-mixed-kcp,202119,1,4095047,4095047,51.2,699.3,947.1,0.0,-,0,0,0.000
1790436454,s5-vmess-ws,628802,0,2621,2621,41.4,42.4,43.1,0.0,-,0,0,0.000
1790436454,s6-trojan-grpc,794194,0,3310,3310,1.4,3.0,3.4,0.0,-,0,0,0.000
1790436454,__proc__,0,0,0,0,-,-,-,2557.7,32412,49214,105372214,8109.887
1790436484,s1-short,790557,0,3286,3286,2.4,4.0,4.4,0.0,-,0,0,0.000
1790436484,s2-long,341,4,0,0,14.5,55.6,219.7,0.0,-,0,0,0.000
1790436484,s3-quic,7625335,3,4381901,4381901,1.8,2.2,2.6,0.0,-,0,0,0.000
1790436484,s4-mixed-kcp,202486,1,4195127,4195127,51.2,699.2,899.8,0.0,-,0,0,0.000
1790436484,s5-vmess-ws,630050,0,2621,2621,41.4,42.4,42.9,0.0,-,0,0,0.000
1790436484,s6-trojan-grpc,795769,0,3308,3308,1.4,3.0,3.4,0.0,-,0,0,0.000
1790436484,__proc__,0,0,0,0,-,-,-,2574.6,32415,49220,105593866,8125.786
1790436514,s1-short,792125,0,3293,3293,2.4,4.0,4.5,0.0,-,0,0,0.000
1790436514,s2-long,341,4,0,0,14.5,55.6,219.7,0.0,-,0,0,0.000
1790436514,s3-quic,7641286,3,4355686,4355686,1.8,2.2,2.7,0.0,-,0,0,0.000
1790436514,s4-mixed-kcp,202864,1,4036772,4036772,51.2,699.1,899.5,0.0,-,0,0,0.000
1790436514,s5-vmess-ws,631298,0,2621,2621,41.4,42.4,42.9,0.0,-,0,0,0.000
1790436514,s6-trojan-grpc,797344,0,3308,3308,1.4,3.0,3.5,0.0,-,0,0,0.000
1790436514,__proc__,0,0,0,0,-,-,-,2574.4,32429,49226,105813692,8141.666
1790436544,s1-short,793693,0,3293,3293,2.3,4.0,4.6,0.0,-,0,0,0.000
1790436544,s2-long,341,4,0,0,14.5,55.6,219.7,0.0,-,0,0,0.000
1790436544,s3-quic,7657283,3,4368247,4368247,1.8,2.2,2.7,0.0,-,0,0,0.000
1790436544,s4-mixed-kcp,203236,1,4163252,4163252,51.2,699.0,899.0,0.0,-,0,0,0.000
1790436544,s5-vmess-ws,632546,0,2621,2621,41.4,42.4,42.9,0.0,-,0,0,0.000
1790436544,s6-trojan-grpc,798921,0,3312,3312,1.4,3.0,3.5,0.0,-,0,0,0.000
1790436544,__proc__,0,0,0,0,-,-,-,2561.1,32420,49234,106034005,8157.567
1790436574,s1-short,795258,0,3286,3286,2.3,4.0,4.6,0.0,-,0,0,0.000
1790436574,s2-long,341,4,0,0,14.5,55.6,219.7,0.0,-,0,0,0.000
1790436574,s3-quic,7673367,3,4392004,4392004,1.8,2.2,2.7,0.0,-,0,0,0.000
1790436574,s4-mixed-kcp,203613,1,4087676,4087676,51.1,698.5,898.9,0.0,-,0,0,0.000
1790436574,s5-vmess-ws,633794,0,2621,2621,41.4,42.4,42.9,0.0,-,0,0,0.000
1790436574,s6-trojan-grpc,800497,0,3310,3310,1.4,3.0,3.5,0.0,-,0,0,0.000
1790436574,__proc__,0,0,0,0,-,-,-,2570.5,32438,49240,106254882,8173.397
1790436604,s1-short,796825,0,3291,3291,2.3,4.0,4.5,0.0,-,0,0,0.000
1790436604,s2-long,341,4,0,0,14.5,55.6,219.7,0.0,-,0,0,0.000
1790436604,s3-quic,7689454,3,4392823,4392823,1.8,2.2,2.8,0.0,-,0,0,0.000
1790436604,s4-mixed-kcp,203996,1,4067293,4067293,51.1,698.3,899.0,0.0,-,0,0,0.000
1790436604,s5-vmess-ws,635042,0,2621,2621,41.4,42.4,43.1,0.0,-,0,0,0.000
1790436604,s6-trojan-grpc,802073,0,3310,3310,1.4,3.0,3.5,0.0,-,0,0,0.000
1790436604,__proc__,0,0,0,0,-,-,-,2567.8,32435,49256,106475247,8189.239
1790436634,s1-short,798392,0,3291,3291,2.4,4.0,4.6,0.0,-,0,0,0.000
1790436634,s2-long,341,4,0,0,14.5,55.6,219.7,0.0,-,0,0,0.000
1790436634,s3-quic,7705350,3,4340668,4340668,1.8,2.2,2.7,0.0,-,0,0,0.000
1790436634,s4-mixed-kcp,204368,1,4080265,4080265,51.1,698.3,899.4,0.0,-,0,0,0.000
1790436634,s5-vmess-ws,636290,0,2621,2621,41.4,42.4,42.9,0.0,-,0,0,0.000
1790436634,s6-trojan-grpc,803649,0,3310,3310,1.4,3.0,3.5,0.0,-,0,0,0.000
1790436634,__proc__,0,0,0,0,-,-,-,2551.4,32450,49233,106693917,8205.185
1790436664,s1-short,799959,0,3291,3291,2.4,4.0,4.5,0.0,-,0,0,0.000
1790436664,s2-long,341,4,0,0,14.5,55.6,219.7,0.0,-,0,0,0.000
1790436664,s3-quic,7721708,3,4466825,4466825,1.8,2.1,2.6,0.0,-,0,0,0.000
1790436664,s4-mixed-kcp,204751,1,4061795,4061795,51.1,652.2,899.0,0.0,-,0,0,0.000
1790436664,s5-vmess-ws,637538,0,2621,2621,41.4,42.4,43.0,0.0,-,0,0,0.000
1790436664,s6-trojan-grpc,805228,0,3316,3316,1.4,3.0,3.5,0.0,-,0,0,0.000
1790436664,__proc__,0,0,0,0,-,-,-,2570.7,32470,49276,106918332,8220.926
1790436694,s1-short,801527,0,3293,3293,2.3,3.8,4.4,0.0,-,0,0,0.000
1790436694,s2-long,341,4,0,0,14.5,55.6,219.7,0.0,-,0,0,0.000
1790436694,s3-quic,7738199,3,4503142,4503142,1.8,2.1,2.5,0.0,-,0,0,0.000
1790436694,s4-mixed-kcp,205134,1,4046961,4046961,51.1,697.1,899.7,0.0,-,0,0,0.000
1790436694,s5-vmess-ws,638786,0,2621,2621,41.4,42.4,43.0,0.0,-,0,0,0.000
1790436694,s6-trojan-grpc,806807,0,3316,3316,1.3,2.8,3.4,0.0,-,0,0,0.000
1790436694,__proc__,0,0,0,0,-,-,-,2563.1,32489,49307,107144594,8236.698
1790436724,s1-short,803097,0,3297,3297,2.2,3.6,4.2,0.0,-,0,0,0.000
1790436724,s2-long,341,4,0,0,14.5,55.6,219.7,0.0,-,0,0,0.000
1790436724,s3-quic,7754686,3,4502050,4502050,1.8,2.1,2.6,0.0,-,0,0,0.000
1790436724,s4-mixed-kcp,205518,1,4064842,4064842,51.1,697.3,899.7,0.0,-,0,0,0.000
1790436724,s5-vmess-ws,640034,0,2621,2621,41.4,42.4,42.9,0.0,-,0,0,0.000
1790436724,s6-trojan-grpc,808384,0,3312,3312,1.3,2.7,3.2,0.0,-,0,0,0.000
1790436724,__proc__,0,0,0,0,-,-,-,2563.6,32480,49297,107372003,8252.422
1790436754,s1-short,804665,0,3293,3293,2.2,3.6,4.1,0.0,-,0,0,0.000
1790436754,s2-long,341,4,0,0,14.5,55.6,219.7,0.0,-,0,0,0.000
1790436754,s3-quic,7771289,3,4533726,4533726,1.8,2.1,2.6,0.0,-,0,0,0.000
1790436754,s4-mixed-kcp,205911,1,4052860,4052860,51.1,651.3,899.7,0.0,-,0,0,0.000
1790436754,s5-vmess-ws,641282,0,2621,2621,41.4,42.4,43.0,0.0,-,0,0,0.000
1790436754,s6-trojan-grpc,809963,0,3316,3316,1.2,2.7,3.1,0.0,-,0,0,0.000
1790436754,__proc__,0,0,0,0,-,-,-,2571.8,32475,49333,107601434,8268.052
1790436784,s1-short,806237,0,3301,3301,2.2,3.6,4.1,0.0,-,0,0,0.000
1790436784,s2-long,341,4,0,0,14.5,55.6,219.7,0.0,-,0,0,0.000
1790436784,s3-quic,7787839,3,4519253,4519253,1.8,2.1,2.6,0.0,-,0,0,0.000
1790436784,s4-mixed-kcp,206293,1,4103268,4103268,51.1,650.2,899.4,0.0,-,0,0,0.000
1790436784,s5-vmess-ws,642530,0,2621,2621,41.4,42.4,43.0,0.0,-,0,0,0.000
1790436784,s6-trojan-grpc,811542,0,3316,3316,1.2,2.7,3.1,0.0,-,0,0,0.000
1790436784,__proc__,0,0,0,0,-,-,-,2567.8,32508,49330,107828400,8283.751
1790436814,s1-short,807805,0,3293,3293,2.2,3.6,4.1,0.0,-,0,0,0.000
1790436814,s2-long,341,4,0,0,14.5,55.6,219.7,0.0,-,0,0,0.000
1790436814,s3-quic,7804384,3,4517888,4517888,1.8,2.1,2.6,0.0,-,0,0,0.000
1790436814,s4-mixed-kcp,206676,1,4017691,4017691,51.1,649.9,899.7,0.0,-,0,0,0.000
1790436814,s5-vmess-ws,643778,0,2621,2621,41.4,42.4,43.1,0.0,-,0,0,0.000
1790436814,s6-trojan-grpc,813120,0,3314,3314,1.2,2.7,3.1,0.0,-,0,0,0.000
1790436814,__proc__,0,0,0,0,-,-,-,2568.0,32499,49309,108055859,8299.429
1790436844,s1-short,809376,0,3299,3299,2.2,3.7,4.3,0.0,-,0,0,0.000
1790436844,s2-long,341,4,0,0,14.5,55.6,219.7,0.0,-,0,0,0.000
1790436844,s3-quic,7820900,3,4509969,4509969,1.8,2.1,2.5,0.0,-,0,0,0.000
1790436844,s4-mixed-kcp,207063,1,4084283,4084283,51.1,649.1,899.2,0.0,-,0,0,0.000
1790436844,s5-vmess-ws,645026,0,2621,2621,41.4,42.4,43.1,0.0,-,0,0,0.000
1790436844,s6-trojan-grpc,814700,0,3318,3318,1.2,2.7,3.2,0.0,-,0,0,0.000
1790436844,__proc__,0,0,0,0,-,-,-,2560.6,32516,49347,108282576,8315.051
1790436874,s1-short,810944,0,3293,3293,2.2,3.6,4.2,0.0,-,0,0,0.000
1790436874,s2-long,341,4,0,0,14.5,55.6,219.7,0.0,-,0,0,0.000
1790436874,s3-quic,7837451,3,4519526,4519526,1.8,2.1,2.7,0.0,-,0,0,0.000
1790436874,s4-mixed-kcp,207445,1,4214191,4214191,51.1,649.7,899.5,0.0,-,0,0,0.000
1790436874,s5-vmess-ws,646274,0,2621,2621,41.4,42.4,43.2,0.0,-,0,0,0.000
1790436874,s6-trojan-grpc,816278,0,3314,3314,1.2,2.7,3.2,0.0,-,0,0,0.000
1790436874,__proc__,0,0,0,0,-,-,-,2568.6,32517,49366,108509619,8330.736
1790436904,s1-short,812512,0,3293,3293,2.2,3.6,4.2,0.0,-,0,0,0.000
1790436904,s2-long,341,4,0,0,14.5,55.6,219.7,0.0,-,0,0,0.000
1790436904,s3-quic,7853940,3,4502596,4502596,1.8,2.1,2.6,0.0,-,0,0,0.000
1790436904,s4-mixed-kcp,207824,1,4065543,4065543,51.1,650.8,899.4,0.0,-,0,0,0.000
1790436904,s5-vmess-ws,647522,0,2621,2621,41.4,42.4,43.2,0.0,-,0,0,0.000
1790436904,s6-trojan-grpc,817856,0,3314,3314,1.2,2.7,3.2,0.0,-,0,0,0.000
1790436904,__proc__,0,0,0,0,-,-,-,2569.9,32515,49352,108735598,8346.456
1790436934,s1-short,814085,0,3303,3303,2.1,3.6,4.2,0.0,-,0,0,0.000
1790436934,s2-long,341,4,0,0,14.5,55.6,219.7,0.0,-,0,0,0.000
1790436934,s3-quic,7870497,3,4521165,4521165,1.8,2.1,2.6,0.0,-,0,0,0.000
1790436934,s4-mixed-kcp,208205,1,4174023,4174023,51.1,650.7,899.4,0.0,-,0,0,0.000
1790436934,s5-vmess-ws,648770,0,2621,2621,41.4,42.4,43.1,0.0,-,0,0,0.000
1790436934,s6-trojan-grpc,819435,0,3316,3316,1.2,2.7,3.2,0.0,-,0,0,0.000
1790436934,__proc__,0,0,0,0,-,-,-,2569.7,32533,49369,108965667,8362.074
1790436964,s1-short,815654,0,3295,3295,2.1,3.5,4.2,0.0,-,0,0,0.000
1790436964,s2-long,341,4,0,0,14.5,55.6,219.7,0.0,-,0,0,0.000
1790436964,s3-quic,7887108,3,4535910,4535910,1.8,2.1,2.7,0.0,-,0,0,0.000
1790436964,s4-mixed-kcp,208586,1,4050337,4050337,51.1,650.4,899.4,0.0,-,0,0,0.000
1790436964,s5-vmess-ws,650018,0,2621,2621,41.4,42.4,43.0,0.0,-,0,0,0.000
1790436964,s6-trojan-grpc,821013,0,3314,3314,1.2,2.7,3.2,0.0,-,0,0,0.000
1790436964,__proc__,0,0,0,0,-,-,-,2559.5,32513,49345,109195717,8377.863
1790436994,s1-short,817227,0,3303,3303,2.1,3.4,3.9,0.0,-,0,0,0.000
1790436994,s2-long,341,4,0,0,14.5,55.6,219.7,0.0,-,0,0,0.000
1790436994,s3-quic,7903745,3,4543010,4543010,1.8,2.1,2.6,0.0,-,0,0,0.000
1790436994,s4-mixed-kcp,208969,1,4070678,4070678,51.1,697.5,899.2,0.0,-,0,0,0.000
1790436994,s5-vmess-ws,651266,0,2621,2621,41.4,42.4,43.0,0.0,-,0,0,0.000
1790436994,s6-trojan-grpc,822591,0,3314,3314,1.2,2.6,3.1,0.0,-,0,0,0.000
1790436994,__proc__,0,0,0,0,-,-,-,2548.0,32500,49333,109426822,8393.498
1790437024,s1-short,818795,0,3293,3293,2.1,3.5,3.9,0.0,-,0,0,0.000
1790437024,s2-long,341,4,0,0,14.5,55.6,219.7,0.0,-,0,0,0.000
1790437024,s3-quic,7920400,3,4547925,4547925,1.8,2.1,2.6,0.0,-,0,0,0.000
1790437024,s4-mixed-kcp,209349,1,4081739,4081739,51.1,697.5,899.4,0.0,-,0,0,0.000
1790437024,s5-vmess-ws,652514,0,2621,2621,41.4,42.4,43.1,0.0,-,0,0,0.000
1790437024,s6-trojan-grpc,824172,0,3320,3320,1.2,2.6,2.9,0.0,-,0,0,0.000
1790437024,__proc__,0,0,0,0,-,-,-,2552.4,32525,49367,109658236,8409.112
1790437054,s1-short,820363,0,3293,3293,2.1,3.5,3.9,0.0,-,0,0,0.000
1790437054,s2-long,341,4,0,0,14.5,55.6,219.7,0.0,-,0,0,0.000
1790437054,s3-quic,7937059,3,4549018,4549018,1.8,2.1,2.6,0.0,-,0,0,0.000
1790437054,s4-mixed-kcp,209726,1,4081369,4081369,51.1,698.3,899.4,0.0,-,0,0,0.000
1790437054,s5-vmess-ws,653762,0,2621,2621,41.4,42.4,43.1,0.0,-,0,0,0.000
1790437054,s6-trojan-grpc,825751,0,3316,3316,1.2,2.6,3.0,0.0,-,0,0,0.000
1790437054,__proc__,0,0,0,0,-,-,-,2555.4,32533,49377,109887387,8424.759
1790437084,s1-short,821934,0,3299,3299,2.2,3.5,4.0,0.0,-,0,0,0.000
1790437084,s2-long,341,4,0,0,14.5,55.6,219.7,0.0,-,0,0,0.000
1790437084,s3-quic,7953567,3,4507785,4507785,1.8,2.1,2.7,0.0,-,0,0,0.000
1790437084,s4-mixed-kcp,210104,1,4118658,4118658,51.1,697.8,900.3,0.0,-,0,0,0.000
1790437084,s5-vmess-ws,655010,0,2621,2621,41.4,42.4,43.2,0.0,-,0,0,0.000
1790437084,s6-trojan-grpc,827328,0,3312,3312,1.2,2.6,3.1,0.0,-,0,0,0.000
1790437084,__proc__,0,0,0,0,-,-,-,2534.9,32513,49339,110115011,8440.456
1790437114,s1-short,823503,0,3295,3295,2.2,3.6,4.0,0.0,-,0,0,0.000
1790437114,s2-long,341,4,0,0,14.5,55.6,219.7,0.0,-,0,0,0.000
1790437114,s3-quic,7970032,3,4496043,4496043,1.8,2.1,2.6,0.0,-,0,0,0.000
1790437114,s4-mixed-kcp,210477,1,4040815,4040815,51.1,697.8,901.2,0.0,-,0,0,0.000
1790437114,s5-vmess-ws,656258,0,2621,2621,41.4,42.4,43.0,0.0,-,0,0,0.000
1790437114,s6-trojan-grpc,828907,0,3316,3316,1.3,2.7,3.0,0.0,-,0,0,0.000
1790437114,__proc__,0,0,0,0,-,-,-,2572.3,32517,49337,110342854,8456.370
1790437144,s1-short,825068,0,3286,3286,2.3,3.7,4.3,0.0,-,0,0,0.000
1790437144,s2-long,341,4,0,0,14.5,55.6,219.7,0.0,-,0,0,0.000
1790437144,s3-quic,7986439,3,4480205,4480205,1.8,2.2,2.7,0.0,-,0,0,0.000
1790437144,s4-mixed-kcp,210853,1,4086104,4086104,51.1,698.3,899.8,0.0,-,0,0,0.000
1790437144,s5-vmess-ws,657507,0,2623,2623,41.4,42.4,43.0,0.0,-,0,0,0.000
1790437144,s6-trojan-grpc,830483,0,3310,3310,1.3,2.7,3.3,0.0,-,0,0,0.000
1790437144,__proc__,0,0,0,0,-,-,-,2551.9,32513,49339,110567111,8472.237
1790437174,s1-short,826636,0,3293,3293,2.3,3.8,4.4,0.0,-,0,0,0.000
1790437174,s2-long,341,4,0,0,14.5,55.6,219.7,0.0,-,0,0,0.000
1790437174,s3-quic,8002841,3,4478839,4478839,1.8,2.1,2.7,0.0,-,0,0,0.000
1790437174,s4-mixed-kcp,211235,1,4090720,4090720,51.1,698.1,899.8,0.0,-,0,0,0.000
1790437174,s5-vmess-ws,658755,0,2621,2621,41.4,42.4,42.8,0.0,-,0,0,0.000
1790437174,s6-trojan-grpc,832061,0,3314,3314,1.4,2.7,3.4,0.0,-,0,0,0.000
1790437174,__proc__,0,0,0,0,-,-,-,2551.5,32515,49340,110792094,8488.061
1790437204,s1-short,828204,0,3293,3293,2.4,3.9,4.5,0.0,-,0,0,0.000
1790437204,s2-long,341,4,0,0,14.5,55.6,219.7,0.0,-,0,0,0.000
1790437204,s3-quic,8019190,3,4464367,4464367,1.8,2.2,2.6,0.0,-,0,0,0.000
1790437204,s4-mixed-kcp,211613,1,4089297,4089297,51.1,697.2,899.7,0.0,-,0,0,0.000
1790437204,s5-vmess-ws,660004,0,2623,2623,41.4,42.4,42.9,0.0,-,0,0,0.000
1790437204,s6-trojan-grpc,833638,0,3312,3312,1.3,2.8,3.4,0.0,-,0,0,0.000
1790437204,__proc__,0,0,0,0,-,-,-,2552.1,32507,49317,111017106,8503.908
1790437234,s1-short,829772,0,3293,3293,2.4,3.8,4.5,0.0,-,0,0,0.000
1790437234,s2-long,341,4,0,0,14.5,55.6,219.7,0.0,-,0,0,0.000
1790437234,s3-quic,8035722,3,4514338,4514338,1.8,2.1,2.7,0.0,-,0,0,0.000
1790437234,s4-mixed-kcp,211997,1,4035890,4035890,51.1,697.2,899.4,0.0,-,0,0,0.000
1790437234,s5-vmess-ws,661252,0,2621,2621,41.4,42.4,42.7,0.0,-,0,0,0.000
1790437234,s6-trojan-grpc,835217,0,3316,3316,1.3,2.8,3.3,0.0,-,0,0,0.000
1790437234,__proc__,0,0,0,0,-,-,-,2549.8,32500,49330,111245102,8519.667
1790437264,s1-short,831340,0,3293,3293,2.3,3.8,4.4,0.0,-,0,0,0.000
1790437264,s2-long,341,4,0,0,14.5,55.6,219.7,0.0,-,0,0,0.000
1790437264,s3-quic,8052028,3,4452625,4452625,1.8,2.2,2.7,0.0,-,0,0,0.000
1790437264,s4-mixed-kcp,212374,1,4033709,4033709,51.1,697.8,899.4,0.0,-,0,0,0.000
1790437264,s5-vmess-ws,662500,0,2621,2621,41.4,42.4,42.7,0.0,-,0,0,0.000
1790437264,s6-trojan-grpc,836795,0,3314,3314,1.3,2.8,3.3,0.0,-,0,0,0.000
1790437264,__proc__,0,0,0,0,-,-,-,2554.9,32495,49334,111469745,8535.501
1790437294,s1-short,832908,0,3293,3293,2.3,3.7,4.3,0.0,-,0,0,0.000
1790437294,s2-long,341,4,0,0,14.5,55.6,219.7,0.0,-,0,0,0.000
1790437294,s3-quic,8068544,3,4509969,4509969,1.8,2.1,2.7,0.0,-,0,0,0.000
1790437294,s4-mixed-kcp,212741,1,4165953,4165953,51.1,698.2,899.5,0.0,-,0,0,0.000
1790437294,s5-vmess-ws,663748,0,2621,2621,41.4,42.4,42.7,0.0,-,0,0,0.000
1790437294,s6-trojan-grpc,838373,0,3314,3314,1.3,2.7,3.2,0.0,-,0,0,0.000
1790437294,__proc__,0,0,0,0,-,-,-,2565.2,32487,49306,111697547,8551.294
1790437324,s1-short,834476,0,3293,3293,2.3,3.7,4.2,0.0,-,0,0,0.000
1790437324,s2-long,341,4,0,0,14.5,55.6,219.7,0.0,-,0,0,0.000
1790437324,s3-quic,8085075,3,4514065,4514065,1.8,2.1,2.6,0.0,-,0,0,0.000
1790437324,s4-mixed-kcp,213119,1,4124201,4124201,51.1,698.2,899.8,0.0,-,0,0,0.000
1790437324,s5-vmess-ws,664996,0,2621,2621,41.4,42.4,42.7,0.0,-,0,0,0.000
1790437324,s6-trojan-grpc,839950,0,3312,3312,1.3,2.7,3.1,0.0,-,0,0,0.000
1790437324,__proc__,0,0,0,0,-,-,-,2551.0,32484,49292,111924673,8567.051
1790437354,s1-short,836043,0,3291,3291,2.3,3.8,4.3,0.0,-,0,0,0.000
1790437354,s2-long,341,4,0,0,14.5,55.6,219.7,0.0,-,0,0,0.000
1790437354,s3-quic,8101533,3,4494131,4494131,1.8,2.1,2.6,0.0,-,0,0,0.000
1790437354,s4-mixed-kcp,213493,1,4023188,4023188,51.1,697.5,899.8,0.0,-,0,0,0.000
1790437354,s5-vmess-ws,666244,0,2621,2621,41.4,42.4,42.8,0.0,-,0,0,0.000
1790437354,s6-trojan-grpc,841526,0,3310,3310,1.3,2.7,3.2,0.0,-,0,0,0.000
1790437354,__proc__,0,0,0,0,-,-,-,2554.2,32449,49263,112149508,8583.018
1790437384,s1-short,837608,0,3286,3286,2.4,3.8,4.4,0.0,-,0,0,0.000
1790437384,s2-long,341,4,0,0,14.5,55.6,219.7,0.0,-,0,0,0.000
1790437384,s3-quic,8117891,3,4466825,4466825,1.8,2.2,2.7,0.0,-,0,0,0.000
1790437384,s4-mixed-kcp,213866,1,4082181,4082181,51.1,697.5,899.7,0.0,-,0,0,0.000
1790437384,s5-vmess-ws,667492,0,2621,2621,41.4,42.4,42.9,0.0,-,0,0,0.000
1790437384,s6-trojan-grpc,843105,0,3316,3316,1.4,2.8,3.3,0.0,-,0,0,0.000
1790437384,__proc__,0,0,0,0,-,-,-,2552.9,32472,49274,112374132,8598.897
1790437414,s1-short,839176,0,3293,3293,2.5,3.9,4.4,0.0,-,0,0,0.000
1790437414,s2-long,341,4,0,0,14.5,55.6,219.7,0.0,-,0,0,0.000
1790437414,s3-quic,8134271,3,4472832,4472832,1.8,2.1,2.6,0.0,-,0,0,0.000
1790437414,s4-mixed-kcp,214239,1,4017305,4017305,51.1,697.7,899.4,0.0,-,0,0,0.000
1790437414,s5-vmess-ws,668740,0,2621,2621,41.4,42.4,43.0,0.0,-,0,0,0.000
1790437414,s6-trojan-grpc,844681,0,3310,3310,1.4,2.8,3.3,0.0,-,0,0,0.000
1790437414,__proc__,0,0,0,0,-,-,-,2548.7,32469,49247,112599891,8614.764
1790437444,s1-short,840740,0,3284,3284,2.5,3.8,4.4,0.0,-,0,0,0.000
1790437444,s2-long,341,4,0,0,14.5,55.6,219.7,0.0,-,0,0,0.000
1790437444,s3-quic,8150787,3,4509969,4509969,1.8,2.1,2.6,0.0,-,0,0,0.000
1790437444,s4-mixed-kcp,214610,1,4106614,4106614,51.1,698.2,899.7,0.0,-,0,0,0.000
1790437444,s5-vmess-ws,669988,0,2621,2621,41.4,42.4,42.9,0.0,-,0,0,0.000
1790437444,s6-trojan-grpc,846259,0,3314,3314,1.4,2.7,3.2,0.0,-,0,0,0.000
1790437444,__proc__,0,0,0,0,-,-,-,2564.0,32467,49287,112826779,8630.641
1790437474,s1-short,842309,0,3295,3295,2.4,3.8,4.3,0.0,-,0,0,0.000
1790437474,s2-long,341,4,0,0,14.5,55.6,219.7,0.0,-,0,0,0.000
1790437474,s3-quic,8167354,3,4523895,4523895,1.8,2.1,2.7,0.0,-,0,0,0.000
1790437474,s4-mixed-kcp,214981,1,4098560,4098560,51.1,698.2,900.3,0.0,-,0,0,0.000
1790437474,s5-vmess-ws,671236,0,2621,2621,41.4,42.4,42.9,0.0,-,0,0,0.000
1790437474,s6-trojan-grpc,847838,0,3316,3316,1.3,2.7,3.2,0.0,-,0,0,0.000
1790437474,__proc__,0,0,0,0,-,-,-,2536.8,32461,49265,113053902,8646.441
1790437504,s1-short,843876,0,3291,3291,2.4,3.7,4.3,0.0,-,0,0,0.000
1790437504,s2-long,341,4,0,0,14.5,55.6,219.7,0.0,-,0,0,0.000
1790437504,s3-quic,8183822,3,4496862,4496862,1.8,2.1,2.6,0.0,-,0,0,0.000
1790437504,s4-mixed-kcp,215354,1,4065470,4065470,51.1,698.3,946.3,0.0,-,0,0,0.000
1790437504,s5-vmess-ws,672484,0,2621,2621,41.4,42.4,42.9,0.0,-,0,0,0.000
1790437504,s6-trojan-grpc,849415,0,3312,3312,1.3,2.7,3.2,0.0,-,0,0,0.000
1790437504,__proc__,0,0,0,0,-,-,-,2557.8,32483,49283,113278615,8662.313
1790437534,s1-short,845445,0,3295,3295,2.3,3.7,4.2,0.0,-,0,0,0.000
1790437534,s2-long,341,4,0,0,14.5,55.6,219.7,0.0,-,0,0,0.000
1790437534,s3-quic,8200364,3,4517069,4517069,1.8,2.1,2.7,0.0,-,0,0,0.000
1790437534,s4-mixed-kcp,215736,1,4050877,4050877,51.1,698.3,900.2,0.0,-,0,0,0.000
1790437534,s5-vmess-ws,673732,0,2621,2621,41.4,42.4,43.0,0.0,-,0,0,0.000
1790437534,s6-trojan-grpc,850993,0,3314,3314,1.3,2.7,3.2,0.0,-,0,0,0.000
1790437534,__proc__,0,0,0,0,-,-,-,2556.7,32487,49286,113507010,8678.161
1790437564,s1-short,847014,0,3295,3295,2.3,3.7,4.2,0.0,-,0,0,0.000
1790437564,s2-long,341,4,0,0,14.5,55.6,219.7,0.0,-,0,0,0.000
1790437564,s3-quic,8216859,3,4504235,4504235,1.8,2.1,2.6,0.0,-,0,0,0.000
1790437564,s4-mixed-kcp,216106,1,4111869,4111869,51.1,698.6,900.2,0.0,-,0,0,0.000
1790437564,s5-vmess-ws,674980,0,2621,2621,41.4,42.4,43.1,0.0,-,0,0,0.000
1790437564,s6-trojan-grpc,852570,0,3312,3312,1.4,2.7,3.2,0.0,-,0,0,0.000
1790437564,__proc__,0,0,0,0,-,-,-,2551.7,32477,49279,113733804,8693.899
1790437594,s1-short,848582,0,3293,3293,2.2,3.5,4.1,0.0,-,0,0,0.000
1790437594,s2-long,341,4,0,0,14.5,55.6,219.7,0.0,-,0,0,0.000
1790437594,s3-quic,8233497,3,4543283,4543283,1.8,2.1,2.6,0.0,-,0,0,0.000
1790437594,s4-mixed-kcp,216490,1,4085480,4085480,51.1,698.2,900.2,0.0,-,0,0,0.000
1790437594,s5-vmess-ws,676228,0,2621,2621,41.4,42.4,43.0,0.0,-,0,0,0.000
1790437594,s6-trojan-grpc,854150,0,3318,3318,1.3,2.6,3.2,0.0,-,0,0,0.000
1790437594,__proc__,0,0,0,0,-,-,-,2550.4,32491,49321,113961890,8709.541
1790437624,s1-short,850152,0,3297,3297,2.2,3.5,3.9,0.0,-,0,0,0.000
1790437624,s2-long,341,4,0,0,14.5,55.6,219.7,0.0,-,0,0,0.000
1790437624,s3-quic,8250105,3,4535091,4535091,1.8,2.1,2.6,0.0,-,0,0,0.000
1790437624,s4-mixed-kcp,216866,1,4113798,4113798,51.1,698.0,946.3,0.0,-,0,0,0.000
1790437624,s5-vmess-ws,677476,0,2621,2621,41.4,42.4,42.9,0.0,-,0,0,0.000
1790437624,s6-trojan-grpc,855729,0,3316,3316,1.3,2.6,3.0,0.0,-,0,0,0.000
1790437624,__proc__,0,0,0,0,-,-,-,2543.2,32494,49321,114190982,8725.237
1790437654,s1-short,851722,0,3297,3297,2.2,3.5,3.9,0.0,-,0,0,0.000
1790437654,s2-long,341,4,0,0,14.5,55.6,219.7,0.0,-,0,0,0.000
1790437654,s3-quic,8266748,3,4544649,4544649,1.8,2.1,2.6,0.0,-,0,0,0.000
1790437654,s4-mixed-kcp,217248,1,4099935,4099935,51.1,698.1,947.2,0.0,-,0,0,0.000
1790437654,s5-vmess-ws,678724,0,2621,2621,41.4,42.4,42.8,0.0,-,0,0,0.000
1790437654,s6-trojan-grpc,857308,0,3316,3316,1.2,2.6,3.0,0.0,-,0,0,0.000
1790437654,__proc__,0,0,0,0,-,-,-,2561.0,32521,49355,114421730,8740.923
1790437684,s1-short,853292,0,3297,3297,2.2,3.6,4.2,0.0,-,0,0,0.000
1790437684,s2-long,341,4,0,0,14.5,55.6,219.7,0.0,-,0,0,0.000
1790437684,s3-quic,8283200,3,4492493,4492493,1.8,2.1,2.7,0.0,-,0,0,0.000
1790437684,s4-mixed-kcp,217622,1,4106971,4106971,51.1,698.2,946.9,0.0,-,0,0,0.000
1790437684,s5-vmess-ws,679972,0,2621,2621,41.4,42.4,42.9,0.0,-,0,0,0.000
1790437684,s6-trojan-grpc,858885,0,3312,3312,1.3,2.6,3.0,0.0,-,0,0,0.000
1790437684,__proc__,0,0,0,0,-,-,-,2558.9,32501,49307,114647555,8756.732
1790437714,s1-short,854859,0,3291,3291,2.3,3.7,4.3,0.0,-,0,0,0.000
1790437714,s2-long,341,4,0,0,14.5,55.6,219.7,0.0,-,0,0,0.000
1790437714,s3-quic,8299606,3,4479932,4479932,1.8,2.1,2.8,0.0,-,0,0,0.000
1790437714,s4-mixed-kcp,217999,1,3990847,3990847,51.1,697.7,946.9,0.0,-,0,0,0.000
1790437714,s5-vmess-ws,681220,0,2621,2621,41.4,42.4,43.1,0.0,-,0,0,0.000
1790437714,s6-trojan-grpc,860464,0,3316,3316,1.3,2.7,3.1,0.0,-,0,0,0.000
1790437714,__proc__,0,0,0,0,-,-,-,2567.5,32499,49311,114873861,8772.451
1790437744,s1-short,856425,0,3289,3289,2.3,3.8,4.4,0.0,-,0,0,0.000
1790437744,s2-long,341,4,0,0,14.5,55.6,219.7,0.0,-,0,0,0.000
1790437744,s3-quic,8315954,3,4464094,4464094,1.8,2.2,2.7,0.0,-,0,0,0.000
1790437744,s4-mixed-kcp,218371,1,4199551,4199551,51.1,697.8,945.6,0.0,-,0,0,0.000
1790437744,s5-vmess-ws,682468,0,2621,2621,41.4,42.4,43.0,0.0,-,0,0,0.000
1790437744,s6-trojan-grpc,862041,0,3312,3312,1.3,2.7,3.2,0.0,-,0,0,0.000
1790437744,__proc__,0,0,0,0,-,-,-,2564.5,32501,49313,115098520,8788.432
1790437774,s1-short,857992,0,3291,3291,2.3,3.8,4.4,0.0,-,0,0,0.000
1790437774,s2-long,341,4,0,0,14.5,55.6,219.7,0.0,-,0,0,0.000
1790437774,s3-quic,8332382,3,4485939,4485939,1.8,2.1,2.7,0.0,-,0,0,0.000
1790437774,s4-mixed-kcp,218732,1,4085881,4085881,51.1,698.2,947.2,0.0,-,0,0,0.000
1790437774,s5-vmess-ws,683716,0,2621,2621,41.4,42.4,43.0,0.0,-,0,0,0.000
1790437774,s6-trojan-grpc,863619,0,3314,3314,1.3,2.7,3.3,0.0,-,0,0,0.000
1790437774,__proc__,0,0,0,0,-,-,-,2560.5,32501,49316,115324147,8804.337
1790437804,s1-short,859561,0,3295,3295,2.3,3.8,4.5,0.0,-,0,0,0.000
1790437804,s2-long,341,4,0,0,14.5,55.6,219.7,0.0,-,0,0,0.000
1790437804,s3-quic,8349059,3,4553933,4553933,1.8,2.1,2.7,0.0,-,0,0,0.000
1790437804,s4-mixed-kcp,219109,1,4119690,4119690,51.1,698.2,899.7,0.0,-,0,0,0.000
1790437804,s5-vmess-ws,684964,0,2621,2621,41.4,42.4,43.0,0.0,-,0,0,0.000
1790437804,s6-trojan-grpc,865195,0,3310,3310,1.3,2.7,3.3,0.0,-,0,0,0.000
1790437804,__proc__,0,0,0,0,-,-,-,2556.0,32504,49313,115553239,8820.130
1790437834,s1-short,861130,0,3295,3295,2.3,3.6,4.3,0.0,-,0,0,0.000
1790437834,s2-long,341,4,0,0,14.5,55.6,219.7,0.0,-,0,0,0.000
1790437834,s3-quic,8365712,3,4547379,4547379,1.8,2.1,2.6,0.0,-,0,0,0.000
1790437834,s4-mixed-kcp,219487,1,4140158,4140158,51.1,697.8,899.7,0.0,-,0,0,0.000
1790437834,s5-vmess-ws,686212,0,2621,2621,41.4,42.4,43.0,0.0,-,0,0,0.000
1790437834,s6-trojan-grpc,866774,0,3316,3316,1.3,2.6,3.1,0.0,-,0,0,0.000
1790437834,__proc__,0,0,0,0,-,-,-,2552.9,32501,49325,115782857,8835.833
1790437864,s1-short,862700,0,3297,3297,2.2,3.5,4.0,0.0,-,0,0,0.000
1790437864,s2-long,341,4,0,0,14.5,55.6,219.7,0.0,-,0,0,0.000
1790437864,s3-quic,8382382,3,4552021,4552021,1.8,2.1,2.5,0.0,-,0,0,0.000
1790437864,s4-mixed-kcp,219871,1,4085710,4085710,51.1,697.8,899.9,0.0,-,0,0,0.000
1790437864,s5-vmess-ws,687460,0,2621,2621,41.4,42.4,43.1,0.0,-,0,0,0.000
1790437864,s6-trojan-grpc,868354,0,3318,3318,1.3,2.6,3.1,0.0,-,0,0,0.000
1790437864,__proc__,0,0,0,0,-,-,-,2552.8,32528,49368,116011814,8851.592
1790437894,s1-short,864270,0,3297,3297,2.2,3.5,4.0,0.0,-,0,0,0.000
1790437894,s2-long,341,4,0,0,14.5,55.6,219.7,0.0,-,0,0,0.000
1790437894,s3-quic,8398962,3,4527445,4527445,1.8,2.1,2.7,0.0,-,0,0,0.000
1790437894,s4-mixed-kcp,220263,1,3945393,3945393,51.1,650.1,946.7,0.0,-,0,0,0.000
1790437894,s5-vmess-ws,688708,0,2621,2621,41.4,42.4,43.0,0.0,-,0,0,0.000
1790437894,s6-trojan-grpc,869933,0,3316,3316,1.2,2.6,3.0,0.0,-,0,0,0.000
1790437894,__proc__,0,0,0,0,-,-,-,2535.2,32524,49361,116240589,8867.294
1790437924,s1-short,865840,0,3297,3297,2.2,3.6,4.1,0.0,-,0,0,0.000
1790437924,s2-long,341,4,0,0,14.5,55.6,219.7,0.0,-,0,0,0.000
1790437924,s3-quic,8415443,3,4500412,4500412,1.8,2.1,2.6,0.0,-,0,0,0.000
1790437924,s4-mixed-kcp,220640,1,4203281,4203281,51.1,650.5,899.7,0.0,-,0,0,0.000
1790437924,s5-vmess-ws,689956,0,2621,2621,41.4,42.4,43.1,0.0,-,0,0,0.000
1790437924,s6-trojan-grpc,871511,0,3314,3314,1.2,2.6,3.0,0.0,-,0,0,0.000
1790437924,__proc__,0,0,0,0,-,-,-,2549.7,32498,49333,116467669,8883.070
1790437954,s1-short,867406,0,3289,3289,2.2,3.7,4.2,0.0,-,0,0,0.000
1790437954,s2-long,341,4,0,0,14.5,55.6,219.7,0.0,-,0,0,0.000
1790437954,s3-quic,8431893,3,4491947,4491947,1.8,2.2,2.7,0.0,-,0,0,0.000
1790437954,s4-mixed-kcp,221022,1,4075551,4075551,51.1,697.6,899.4,0.0,-,0,0,0.000
1790437954,s5-vmess-ws,691204,0,2621,2621,41.4,42.4,43.1,0.0,-,0,0,0.000
1790437954,s6-trojan-grpc,873089,0,3314,3314,1.3,2.7,3.2,0.0,-,0,0,0.000
1790437954,__proc__,0,0,0,0,-,-,-,2562.6,32487,49338,116693278,8898.962
1790437984,s1-short,868972,0,3289,3289,2.3,3.9,4.5,0.0,-,0,0,0.000
1790437984,s2-long,341,4,0,0,14.5,55.6,219.7,0.0,-,0,0,0.000
1790437984,s3-quic,8448002,3,4398831,4398831,1.8,2.2,2.7,0.0,-,0,0,0.000
1790437984,s4-mixed-kcp,221396,1,4185293,4185293,51.1,697.8,899.4,0.0,-,0,0,0.000
1790437984,s5-vmess-ws,692452,0,2621,2621,41.4,42.4,43.2,0.0,-,0,0,0.000
1790437984,s6-trojan-grpc,874666,0,3312,3312,1.3,2.8,3.3,0.0,-,0,0,0.000
1790437984,__proc__,0,0,0,0,-,-,-,2559.8,32488,49319,116914936,8914.806
1790438014,s1-short,870540,0,3293,3293,2.3,3.9,4.5,0.0,-,0,0,0.000
1790438014,s2-long,341,4,0,0,14.5,55.6,219.7,0.0,-,0,0,0.000
1790438014,s3-quic,8464157,3,4411392,4411392,1.8,2.2,2.8,0.0,-,0,0,0.000
1790438014,s4-mixed-kcp,221776,1,3990039,3990039,51.1,698.0,899.8,0.0,-,0,0,0.000
1790438014,s5-vmess-ws,693700,0,2621,2621,41.4,42.4,43.1,0.0,-,0,0,0.000
1790438014,s6-trojan-grpc,876245,0,3316,3316,1.3,2.9,3.4,0.0,-,0,0,0.000
1790438014,__proc__,0,0,0,0,-,-,-,2553.1,32515,49337,117137269,8930.733
1790438044,s1-short,872106,0,3289,3289,2.4,4.1,4.6,0.0,-,0,0,0.000
1790438044,s2-long,341,4,0,0,14.5,55.6,219.7,0.0,-,0,0,0.000
1790438044,s3-quic,8480102,3,4354048,4354048,1.9,2.2,2.8,0.0,-,0,0,0.000
1790438044,s4-mixed-kcp,222152,1,4084652,4084652,51.1,698.2,899.6,0.0,-,0,0,0.000
1790438044,s5-vmess-ws,694948,0,2621,2621,41.4,42.4,43.1,0.0,-,0,0,0.000
1790438044,s6-trojan-grpc,877820,0,3308,3308,1.3,2.9,3.5,0.0,-,0,0,0.000
1790438044,__proc__,0,0,0,0,-,-,-,2548.9,32483,49314,117357349,8946.618
1790438074,s1-short,873673,0,3291,3291,2.4,4.1,4.6,0.0,-,0,0,0.000
1790438074,s2-long,341,4,0,0,14.5,55.6,219.7,0.0,-,0,0,0.000
1790438074,s3-quic,8496272,3,4415488,4415488,1.8,2.1,2.7,0.0,-,0,0,0.000
1790438074,s4-mixed-kcp,222523,1,4107173,4107173,51.1,698.5,899.8,0.0,-,0,0,0.000
1790438074,s5-vmess-ws,696196,0,2621,2621,41.4,42.4,43.0,0.0,-,0,0,0.000
1790438074,s6-trojan-grpc,879395,0,3308,3308,1.3,3.0,3.5,0.0,-,0,0,0.000
1790438074,__proc__,0,0,0,0,-,-,-,2567.0,32484,49285,117579126,8962.504
1790438104,s1-short,875241,0,3293,3293,2.3,3.9,4.4,0.0,-,0,0,0.000
1790438104,s2-long,341,4,0,0,14.5,55.6,219.7,0.0,-,0,0,0.000
1790438104,s3-quic,8512771,3,4505327,4505327,1.8,2.2,2.7,0.0,-,0,0,0.000
1790438104,s4-mixed-kcp,222898,1,4122845,4122845,51.1,697.9,899.6,0.0,-,0,0,0.000
1790438104,s5-vmess-ws,697444,0,2621,2621,41.4,42.4,42.9,0.0,-,0,0,0.000
1790438104,s6-trojan-grpc,880975,0,3318,3318,1.3,2.9,3.4,0.0,-,0,0,0.000
1790438104,__proc__,0,0,0,0,-,-,-,2546.5,32477,49303,117807810,8978.325
1790438134,s1-short,876809,0,3293,3293,2.3,3.7,4.3,0.0,-,0,0,0.000
1790438134,s2-long,341,4,0,0,14.5,55.6,219.7,0.0,-,0,0,0.000
1790438134,s3-quic,8529335,3,4523076,4523076,1.8,2.1,2.6,0.0,-,0,0,0.000
1790438134,s4-mixed-kcp,223272,1,4122954,4122954,51.1,651.1,899.5,0.0,-,0,0,0.000
1790438134,s5-vmess-ws,698692,0,2621,2621,41.4,42.4,43.0,0.0,-,0,0,0.000
1790438134,s6-trojan-grpc,882553,0,3314,3314,1.3,2.7,3.2,0.0,-,0,0,0.000
1790438134,__proc__,0,0,0,0,-,-,-,2560.9,32483,49296,118035583,8994.142
1790438164,s1-short,878380,0,3299,3299,2.3,3.6,4.1,0.0,-,0,0,0.000
1790438164,s2-long,341,4,0,0,14.5,55.6,219.7,0.0,-,0,0,0.000
1790438164,s3-quic,8545976,3,4544102,4544102,1.8,2.1,2.7,0.0,-,0,0,0.000
1790438164,s4-mixed-kcp,223646,1,4078640,4078640,51.1,697.9,899.5,0.0,-,0,0,0.000
1790438164,s5-vmess-ws,699940,0,2621,2621,41.4,42.4,43.1,0.0,-,0,0,0.000
1790438164,s6-trojan-grpc,884131,0,3314,3314,1.3,2.6,3.1,0.0,-,0,0,0.000
1790438164,__proc__,0,0,0,0,-,-,-,2539.3,32462,49294,118264495,9009.948
1790438194,s1-short,879948,0,3293,3293,2.3,3.6,4.0,0.0,-,0,0,0.000
1790438194,s2-long,341,4,0,0,14.5,55.6,219.7,0.0,-,0,0,0.000
1790438194,s3-quic,8562533,3,4521165,4521165,1.8,2.1,2.6,0.0,-,0,0,0.000
1790438194,s4-mixed-kcp,224014,1,4124422,4124422,51.1,698.6,899.8,0.0,-,0,0,0.000
1790438194,s5-vmess-ws,701188,0,2621,2621,41.4,42.4,43.1,0.0,-,0,0,0.000
1790438194,s6-trojan-grpc,885711,0,3318,3318,1.3,2.6,2.9,0.0,-,0,0,0.000
1790438194,__proc__,0,0,0,0,-,-,-,2556.3,32485,49305,118492055,9025.752
1790438224,s1-short,881516,0,3293,3293,2.3,3.7,4.2,0.0,-,0,0,0.000
1790438224,s2-long,341,4,0,0,14.5,55.6,219.7,0.0,-,0,0,0.000
1790438224,s3-quic,8578947,3,4482116,4482116,1.8,2.1,2.6,0.0,-,0,0,0.000
1790438224,s4-mixed-kcp,224400,1,4066509,4066509,51.1,698.8,899.6,0.0,-,0,0,0.000
1790438224,s5-vmess-ws,702436,0,2621,2621,41.4,42.4,42.9,0.0,-,0,0,0.000
1790438224,s6-trojan-grpc,887288,0,3312,3312,1.3,2.7,3.2,0.0,-,0,0,0.000
1790438224,__proc__,0,0,0,0,-,-,-,2553.5,32500,49316,118717650,9041.545
1790438254,s1-short,883084,0,3293,3293,2.3,3.8,4.4,0.0,-,0,0,0.000
1790438254,s2-long,341,4,0,0,14.5,55.6,219.7,0.0,-,0,0,0.000
1790438254,s3-quic,8595268,3,4456721,4456721,1.8,2.2,2.7,0.0,-,0,0,0.000
1790438254,s4-mixed-kcp,224775,1,4018606,4018606,51.1,698.7,901.1,0.0,-,0,0,0.000
1790438254,s5-vmess-ws,703684,0,2621,2621,41.4,42.4,42.8,0.0,-,0,0,0.000
1790438254,s6-trojan-grpc,888865,0,3312,3312,1.3,2.8,3.3,0.0,-,0,0,0.000
1790438254,__proc__,0,0,0,0,-,-,-,2558.1,32495,49303,118942019,9057.409
1790438284,s1-short,884650,0,3289,3289,2.3,3.8,4.4,0.0,-,0,0,0.000
1790438284,s2-long,341,4,0,0,14.5,55.6,219.7,0.0,-,0,0,0.000
1790438284,s3-quic,8611583,3,4455083,4455083,1.8,2.2,2.6,0.0,-,0,0,0.000
1790438284,s4-mixed-kcp,225156,1,4044306,4044306,51.1,698.7,900.5,0.0,-,0,0,0.000
1790438284,s5-vmess-ws,704932,0,2621,2621,41.4,42.4,42.9,0.0,-,0,0,0.000
1790438284,s6-trojan-grpc,890441,0,3310,3310,1.3,2.9,3.4,0.0,-,0,0,0.000
1790438284,__proc__,0,0,0,0,-,-,-,2561.0,32479,49301,119166140,9073.162
1790438314,s1-short,886218,0,3293,3293,2.3,3.8,4.4,0.0,-,0,0,0.000
1790438314,s2-long,341,4,0,0,14.5,55.6,219.7,0.0,-,0,0,0.000
1790438314,s3-quic,8627864,3,4445798,4445798,1.8,2.1,2.6,0.0,-,0,0,0.000
1790438314,s4-mixed-kcp,225530,1,4129426,4129426,51.1,699.1,900.5,0.0,-,0,0,0.000
1790438314,s5-vmess-ws,706180,0,2621,2621,41.4,42.4,43.1,0.0,-,0,0,0.000
1790438314,s6-trojan-grpc,892019,0,3314,3314,1.3,2.8,3.4,0.0,-,0,0,0.000
1790438314,__proc__,0,0,0,0,-,-,-,2556.8,32465,49313,119390137,9088.869
1790438344,s1-short,887788,0,3297,3297,2.3,3.8,4.4,0.0,-,0,0,0.000
1790438344,s2-long,341,4,0,0,14.5,55.6,219.7,0.0,-,0,0,0.000
1790438344,s3-quic,8644177,3,4454537,4454537,1.8,2.1,2.6,0.0,-,0,0,0.000
1790438344,s4-mixed-kcp,225914,1,4109489,4109489,51.1,698.8,899.5,0.0,-,0,0,0.000
1790438344,s5-vmess-ws,707428,0,2621,2621,41.4,42.5,43.3,0.0,-,0,0,0.000
1790438344,s6-trojan-grpc,893598,0,3316,3316,1.3,2.9,3.4,0.0,-,0,0,0.000
1790438344,__proc__,0,0,0,0,-,-,-,2534.8,32484,49350,119613728,9104.625
1790438374,s1-short,889356,0,3293,3293,2.3,3.8,4.4,0.0,-,0,0,0.000
1790438374,s2-long,341,4,0,0,14.5,55.6,219.7,0.0,-,0,0,0.000
1790438374,s3-quic,8660531,3,4465732,4465732,1.8,2.2,2.7,0.0,-,0,0,0.000
1790438374,s4-mixed-kcp,226296,1,4099192,4099192,51.1,698.8,899.7,0.0,-,0,0,0.000
1790438374,s5-vmess-ws,708676,0,2621,2621,41.4,42.4,43.1,0.0,-,0,0,0.000
1790438374,s6-trojan-grpc,895175,0,3312,3312,1.3,2.8,3.4,0.0,-,0,0,0.000
1790438374,__proc__,0,0,0,0,-,-,-,2546.0,32503,49353,119838509,9120.433
1790438404,s1-short,890923,0,3291,3291,2.3,3.8,4.5,0.0,-,0,0,0.000
1790438404,s2-long,341,4,0,0,14.5,55.6,219.7,0.0,-,0,0,0.000
1790438404,s3-quic,8676758,3,4431053,4431053,1.8,2.2,2.6,0.0,-,0,0,0.000
1790438404,s4-mixed-kcp,226662,1,4043750,4043750,51.1,698.7,899.5,0.0,-,0,0,0.000
1790438404,s5-vmess-ws,709924,0,2621,2621,41.4,42.4,43.1,0.0,-,0,0,0.000
1790438404,s6-trojan-grpc,896753,0,3314,3314,1.3,2.8,3.4,0.0,-,0,0,0.000
1790438404,__proc__,0,0,0,0,-,-,-,2551.5,32466,49279,120060157,9136.277
1790438434,s1-short,892492,0,3295,3295,2.2,3.7,4.3,0.0,-,0,0,0.000
1790438434,s2-long,341,4,0,0,14.5,55.6,219.7,0.0,-,0,0,0.000
1790438434,s3-quic,8693237,3,4499866,4499866,1.8,2.1,2.7,0.0,-,0,0,0.000
1790438434,s4-mixed-kcp,227046,1,3903838,3903838,51.1,698.5,899.5,0.0,-,0,0,0.000
1790438434,s5-vmess-ws,711172,0,2621,2621,41.4,42.4,43.0,0.0,-,0,0,0.000
1790438434,s6-trojan-grpc,898330,0,3312,3312,1.3,2.8,3.3,0.0,-,0,0,0.000
1790438434,__proc__,0,0,0,0,-,-,-,2548.7,32486,49308,120287993,9151.983
1790438464,s1-short,894059,0,3291,3291,2.3,3.8,4.4,0.0,-,0,0,0.000
1790438464,s2-long,341,4,0,0,14.5,55.6,219.7,0.0,-,0,0,0.000
1790438464,s3-quic,8709521,3,4446618,4446618,1.8,2.2,2.6,0.0,-,0,0,0.000
1790438464,s4-mixed-kcp,227422,1,4160547,4160547,51.1,698.5,899.7,0.0,-,0,0,0.000
1790438464,s5-vmess-ws,712420,0,2621,2621,41.4,42.4,43.0,0.0,-,0,0,0.000
1790438464,s6-trojan-grpc,899907,0,3312,3312,1.3,2.8,3.3,0.0,-,0,0,0.000
1790438464,__proc__,0,0,0,0,-,-,-,2531.5,32482,49306,120511531,9167.903
1790438494,s1-short,895629,0,3297,3297,2.3,3.7,4.3,0.0,-,0,0,0.000
1790438494,s2-long,341,4,0,0,14.5,55.6,219.7,0.0,-,0,0,0.000
1790438494,s3-quic,8725972,3,4492220,4492220,1.8,2.1,2.7,0.0,-,0,0,0.000
1790438494,s4-mixed-kcp,227800,1,4075314,4075314,51.1,698.3,899.7,0.0,-,0,0,0.000
1790438494,s5-vmess-ws,713668,0,2621,2621,41.4,42.4,42.8,0.0,-,0,0,0.000
1790438494,s6-trojan-grpc,901484,0,3312,3312,1.3,2.7,3.1,0.0,-,0,0,0.000
1790438494,__proc__,0,0,0,0,-,-,-,2545.6,32471,49287,120738895,9183.754
1790438524,s1-short,897197,0,3293,3293,2.3,3.7,4.4,0.0,-,0,0,0.000
1790438524,s2-long,341,4,0,0,14.5,55.6,219.7,0.0,-,0,0,0.000
1790438524,s3-quic,8742490,3,4510515,4510515,1.8,2.1,2.7,0.0,-,0,0,0.000
1790438524,s4-mixed-kcp,228176,1,4142780,4142780,51.1,698.0,899.3,0.0,-,0,0,0.000
1790438524,s5-vmess-ws,714916,0,2621,2621,41.4,42.4,42.9,0.0,-,0,0,0.000
1790438524,s6-trojan-grpc,903064,0,3318,3318,1.3,2.7,3.2,0.0,-,0,0,0.000
1790438524,__proc__,0,0,0,0,-,-,-,2541.0,32475,49320,120965327,9199.486
1790438554,s1-short,898767,0,3297,3297,2.2,3.6,4.2,0.0,-,0,0,0.000
1790438554,s2-long,341,4,0,0,14.5,55.6,219.7,0.0,-,0,0,0.000
1790438554,s3-quic,8759101,3,4535910,4535910,1.8,2.1,2.7,0.0,-,0,0,0.000
1790438554,s4-mixed-kcp,228562,1,4089946,4089946,51.1,698.2,899.4,0.0,-,0,0,0.000
1790438554,s5-vmess-ws,716164,0,2621,2621,41.4,42.4,42.8,0.0,-,0,0,0.000
1790438554,s6-trojan-grpc,904642,0,3314,3314,1.3,2.7,3.2,0.0,-,0,0,0.000
1790438554,__proc__,0,0,0,0,-,-,-,2537.7,32513,49357,121193855,9215.131
1790438584,s1-short,900335,0,3293,3293,2.1,3.5,3.9,0.0,-,0,0,0.000
1790438584,s2-long,341,4,0,0,14.5,55.6,219.7,0.0,-,0,0,0.000
1790438584,s3-quic,8775569,3,4496862,4496862,1.8,2.1,2.6,0.0,-,0,0,0.000
1790438584,s4-mixed-kcp,228949,1,4102845,4102845,51.1,698.1,899.3,0.0,-,0,0,0.000
1790438584,s5-vmess-ws,717412,0,2621,2621,41.4,42.4,42.7,0.0,-,0,0,0.000
1790438584,s6-trojan-grpc,906221,0,3316,3316,1.3,2.7,3.2,0.0,-,0,0,0.000
1790438584,__proc__,0,0,0,0,-,-,-,2529.5,32519,49358,121422122,9230.846
1790438614,s1-short,901906,0,3299,3299,2.1,3.5,4.0,0.0,-,0,0,0.000
1790438614,s2-long,341,4,0,0,14.5,55.6,219.7,0.0,-,0,0,0.000
1790438614,s3-quic,8792012,3,4490035,4490035,1.8,2.1,2.7,0.0,-,0,0,0.000
1790438614,s4-mixed-kcp,229325,1,4148584,4148584,51.1,698.1,899.3,0.0,-,0,0,0.000
1790438614,s5-vmess-ws,718660,0,2621,2621,41.4,42.4,42.7,0.0,-,0,0,0.000
1790438614,s6-trojan-grpc,907798,0,3312,3312,1.3,2.7,3.3,0.0,-,0,0,0.000
1790438614,__proc__,0,0,0,0,-,-,-,2566.1,32505,49334,121648857,9246.663
1790438644,s1-short,903475,0,3295,3295,2.2,3.6,4.1,0.0,-,0,0,0.000
1790438644,s2-long,341,4,0,0,14.5,55.6,219.7,0.0,-,0,0,0.000
1790438644,s3-quic,8808440,3,4485939,4485939,1.8,2.1,2.7,0.0,-,0,0,0.000
1790438644,s4-mixed-kcp,229706,1,3978927,3978927,51.1,697.4,899.1,0.0,-,0,0,0.000
1790438644,s5-vmess-ws,719908,0,2621,2621,41.4,42.4,42.9,0.0,-,0,0,0.000
1790438644,s6-trojan-grpc,909374,0,3310,3310,1.3,2.8,3.2,0.0,-,0,0,0.000
1790438644,__proc__,0,0,0,0,-,-,-,2542.1,32495,49305,121876030,9262.507
1790438674,s1-short,905045,0,3297,3297,2.2,3.6,4.2,0.0,-,0,0,0.000
1790438674,s2-long,341,4,0,0,14.5,55.6,219.7,0.0,-,0,0,0.000
1790438674,s3-quic,8824955,3,4509696,4509696,1.8,2.1,2.6,0.0,-,0,0,0.000
1790438674,s4-mixed-kcp,230086,1,4159947,4159947,51.1,697.8,899.0,0.0,-,0,0,0.000
1790438674,s5-vmess-ws,721158,0,2625,2625,41.4,42.4,42.8,0.0,-,0,0,0.000
1790438674,s6-trojan-grpc,910952,0,3314,3314,1.3,2.7,3.1,0.0,-,0,0,0.000
1790438674,__proc__,0,0,0,0,-,-,-,2555.2,32488,49298,122103746,9278.240
1790438704,s1-short,906613,0,3293,3293,2.2,3.6,4.1,0.0,-,0,0,0.000
1790438704,s2-long,341,4,0,0,14.5,55.6,219.7,0.0,-,0,0,0.000
1790438704,s3-quic,8841427,3,4497954,4497954,1.8,2.1,2.6,0.0,-,0,0,0.000
1790438704,s4-mixed-kcp,230466,1,4055754,4055754,51.1,650.4,899.1,0.0,-,0,0,0.000
1790438704,s5-vmess-ws,722406,0,2621,2621,41.4,42.4,42.9,0.0,-,0,0,0.000
1790438704,s6-trojan-grpc,912531,0,3316,3316,1.3,2.7,3.1,0.0,-,0,0,0.000
1790438704,__proc__,0,0,0,0,-,-,-,2560.1,32472,49296,122331678,9294.015
1790438734,s1-short,908182,0,3295,3295,2.2,3.6,4.2,0.0,-,0,0,0.000
1790438734,s2-long,341,4,0,0,14.5,55.6,219.7,0.0,-,0,0,0.000
1790438734,s3-quic,8857938,3,4508604,4508604,1.8,2.1,2.6,0.0,-,0,0,0.000
1790438734,s4-mixed-kcp,230848,1,4045590,4045590,51.1,650.4,899.3,0.0,-,0,0,0.000
1790438734,s5-vmess-ws,723654,0,2621,2621,41.4,42.4,42.9,0.0,-,0,0,0.000
1790438734,s6-trojan-grpc,914110,0,3316,3316,1.3,2.7,3.2,0.0,-,0,0,0.000
1790438734,__proc__,0,0,0,0,-,-,-,2543.9,32498,49312,122559147,9309.798
1790438764,s1-short,909749,0,3291,3291,2.3,3.7,4.4,0.0,-,0,0,0.000
1790438764,s2-long,341,4,0,0,14.5,55.6,219.7,0.0,-,0,0,0.000
1790438764,s3-quic,8874254,3,4455356,4455356,1.8,2.4,3.1,0.0,-,0,0,0.000
1790438764,s4-mixed-kcp,231221,1,4092273,4092273,51.1,652.5,899.6,0.0,-,0,0,0.000
1790438764,s5-vmess-ws,724902,0,2621,2621,41.4,42.4,43.1,0.0,-,0,0,0.000
1790438764,s6-trojan-grpc,915686,0,3310,3310,1.3,2.8,3.3,0.0,-,0,0,0.000
1790438764,__proc__,0,0,0,0,-,-,-,2554.0,32486,49289,122778740,9325.538
1790438794,s1-short,911318,0,3295,3295,2.3,3.7,4.3,0.0,-,0,0,0.000
1790438794,s2-long,341,4,0,0,14.5,55.6,219.7,0.0,-,0,0,0.000
1790438794,s3-quic,8890857,3,4533726,4533726,1.8,2.1,2.6,0.0,-,0,0,0.000
1790438794,s4-mixed-kcp,231605,1,4126471,4126471,51.1,650.2,899.8,0.0,-,0,0,0.000
1790438794,s5-vmess-ws,726148,0,2617,2617,41.4,42.4,43.2,0.0,-,0,0,0.000
1790438794,s6-trojan-grpc,917264,0,3314,3314,1.3,2.7,3.2,0.0,-,0,0,0.000
1790438794,__proc__,0,0,0,0,-,-,-,2558.1,32506,49331,123006481,9341.114
1790438824,s1-short,912888,0,3297,3297,2.2,3.6,4.3,0.0,-,0,0,0.000
1790438824,s2-long,341,4,0,0,14.5,55.6,219.7,0.0,-,0,0,0.000
1790438824,s3-quic,8907422,3,4523349,4523349,1.8,2.1,2.5,0.0,-,0,0,0.000
1790438824,s4-mixed-kcp,231982,1,4114101,4114101,51.1,697.7,900.0,0.0,-,0,0,0.000
1790438824,s5-vmess-ws,727397,0,2623,2623,41.4,42.4,43.1,0.0,-,0,0,0.000
1790438824,s6-trojan-grpc,918842,0,3314,3314,1.3,2.7,3.2,0.0,-,0,0,0.000
1790438824,__proc__,0,0,0,0,-,-,-,2556.8,32517,49344,123234565,9356.801
1790438854,s1-short,914457,0,3295,3295,2.2,3.6,4.1,0.0,-,0,0,0.000
1790438854,s2-long,341,4,0,0,14.5,55.6,219.7,0.0,-,0,0,0.000
1790438854,s3-quic,8923924,3,4506146,4506146,1.8,2.1,2.7,0.0,-,0,0,0.000
1790438854,s4-mixed-kcp,232366,1,4107385,4107385,51.1,695.4,900.0,0.0,-,0,0,0.000
1790438854,s5-vmess-ws,728644,0,2619,2619,41.4,42.4,43.0,0.0,-,0,0,0.000
1790438854,s6-trojan-grpc,920419,0,3312,3312,1.3,2.7,3.1,0.0,-,0,0,0.000
1790438854,__proc__,0,0,0,0,-,-,-,2565.8,32496,49317,123463389,9372.532
1790438884,s1-short,916028,0,3299,3299,2.2,3.6,4.1,0.0,-,0,0,0.000
1790438884,s2-long,341,4,0,0,14.5,55.6,219.7,0.0,-,0,0,0.000
1790438884,s3-quic,8940576,3,4547106,4547106,1.8,2.1,2.6,0.0,-,0,0,0.000
1790438884,s4-mixed-kcp,232746,1,4012346,4012346,51.1,697.4,900.4,0.0,-,0,0,0.000
1790438884,s5-vmess-ws,729892,0,2621,2621,41.4,42.4,42.8,0.0,-,0,0,0.000
1790438884,s6-trojan-grpc,921998,0,3316,3316,1.3,2.7,3.1,0.0,-,0,0,0.000
1790438884,__proc__,0,0,0,0,-,-,-,2564.9,32480,49321,123693322,9388.264
1790438914,s1-short,917597,0,3295,3295,2.1,3.5,4.1,0.0,-,0,0,0.000
1790438914,s2-long,341,4,0,0,14.5,55.6,219.7,0.0,-,0,0,0.000
1790438914,s3-quic,8957260,3,4555844,4555844,1.8,2.1,2.7,0.0,-,0,0,0.000
1790438914,s4-mixed-kcp,233133,1,4050596,4050596,51.1,649.5,900.4,0.0,-,0,0,0.000
1790438914,s5-vmess-ws,731140,0,2621,2621,41.4,42.4,42.8,0.0,-,0,0,0.000
1790438914,s6-trojan-grpc,923578,0,3318,3318,1.3,2.6,3.0,0.0,-,0,0,0.000
1790438914,__proc__,0,0,0,0,-,-,-,2565.7,32500,49330,123923458,9403.870
1790438944,s1-short,919166,0,3295,3295,2.1,3.5,4.3,0.0,-,0,0,0.000
1790438944,s2-long,341,4,0,0,14.5,55.6,219.7,0.0,-,0,0,0.000
1790438944,s3-quic,8973870,3,4535637,4535637,1.8,2.1,2.8,0.0,-,0,0,0.000
1790438944,s4-mixed-kcp,233521,1,4074206,4074206,51.1,649.3,947.0,0.0,-,0,0,0.000
1790438944,s5-vmess-ws,732388,0,2621,2621,41.4,42.4,42.9,0.0,-,0,0,0.000
1790438944,s6-trojan-grpc,925157,0,3316,3316,1.2,2.6,3.2,0.0,-,0,0,0.000
1790438944,__proc__,0,0,0,0,-,-,-,2559.9,32523,49372,124150712,9419.486
1790438974,s1-short,920734,0,3293,3293,2.2,3.6,4.4,0.0,-,0,0,0.000
1790438974,s2-long,341,4,0,0,14.5,55.6,219.7,0.0,-,0,0,0.000
1790438974,s3-quic,8990439,3,4524442,4524442,1.8,2.1,2.8,0.0,-,0,0,0.000
1790438974,s4-mixed-kcp,233902,1,3998594,3998594,51.1,649.5,947.1,0.0,-,0,0,0.000
1790438974,s5-vmess-ws,733636,0,2621,2621,41.4,42.4,43.0,0.0,-,0,0,0.000
1790438974,s6-trojan-grpc,926734,0,3312,3312,1.2,2.6,3.2,0.0,-,0,0,0.000
1790438974,__proc__,0,0,0,0,-,-,-,2561.9,32509,49347,124379828,9435.096
1790439004,s1-short,922302,0,3293,3293,2.3,3.9,4.6,0.0,-,0,0,0.000
1790439004,s2-long,341,4,0,0,14.5,55.6,219.7,0.0,-,0,0,0.000
1790439004,s3-quic,9006625,3,4419857,4419857,1.8,2.2,2.7,0.0,-,0,0,0.000
1790439004,s4-mixed-kcp,234278,1,4134446,4134446,51.1,649.8,947.3,0.0,-,0,0,0.000
1790439004,s5-vmess-ws,734884,0,2621,2621,41.4,42.4,43.0,0.0,-,0,0,0.000
1790439004,s6-trojan-grpc,928312,0,3314,3314,1.3,2.8,3.3,0.0,-,0,0,0.000
1790439004,__proc__,0,0,0,0,-,-,-,2565.3,32499,49326,124602941,9450.916
1790439034,s1-short,923866,0,3284,3284,2.4,4.1,4.6,0.0,-,0,0,0.000
1790439034,s2-long,341,4,0,0,14.5,55.6,219.7,0.0,-,0,0,0.000
1790439034,s3-quic,9022561,3,4351590,4351590,1.8,2.2,2.6,0.0,-,0,0,0.000
1790439034,s4-mixed-kcp,234665,1,4002066,4002066,51.1,649.2,900.4,0.0,-,0,0,0.000
1790439034,s5-vmess-ws,736132,0,2621,2621,41.4,42.4,43.1,0.0,-,0,0,0.000
1790439034,s6-trojan-grpc,929888,0,3310,3310,1.3,2.9,3.4,0.0,-,0,0,0.000
1790439034,__proc__,0,0,0,0,-,-,-,2556.9,32477,49297,124822278,9466.950
1790439064,s1-short,925432,0,3289,3289,2.5,4.1,4.6,0.0,-,0,0,0.000
1790439064,s2-long,341,4,0,0,14.5,55.6,219.7,0.0,-,0,0,0.000
1790439064,s3-quic,9038911,3,4464640,4464640,1.8,2.1,2.6,0.0,-,0,0,0.000
1790439064,s4-mixed-kcp,235034,1,4112797,4112797,51.1,649.6,947.0,0.0,-,0,0,0.000
1790439064,s5-vmess-ws,737381,0,2623,2623,41.4,42.4,43.1,0.0,-,0,0,0.000
1790439064,s6-trojan-grpc,931464,0,3310,3310,1.4,2.9,3.4,0.0,-,0,0,0.000
1790439064,__proc__,0,0,0,0,-,-,-,2560.4,32477,49284,125046763,9482.914
1790439094,s1-short,927000,0,3293,3293,2.4,3.9,4.5,0.0,-,0,0,0.000
1790439094,s2-long,341,4,0,0,14.5,55.6,219.7,0.0,-,0,0,0.000
1790439094,s3-quic,9055460,3,4518980,4518980,1.8,2.1,2.7,0.0,-,0,0,0.000
1790439094,s4-mixed-kcp,235404,1,4190891,4190891,51.1,650.0,946.0,0.0,-,0,0,0.000
1790439094,s5-vmess-ws,738629,0,2621,2621,41.4,42.4,43.2,0.0,-,0,0,0.000
1790439094,s6-trojan-grpc,933043,0,3316,3316,1.3,2.8,3.2,0.0,-,0,0,0.000
1790439094,__proc__,0,0,0,0,-,-,-,2554.1,32477,49295,125273837,9498.739
1790439124,s1-short,928568,0,3293,3293,2.3,3.8,4.5,0.0,-,0,0,0.000
1790439124,s2-long,341,4,0,0,14.5,55.6,219.7,0.0,-,0,0,0.000
1790439124,s3-quic,9071934,3,4498500,4498500,1.8,2.2,2.9,0.0,-,0,0,0.000
1790439124,s4-mixed-kcp,235788,1,4082582,4082582,51.1,697.4,899.8,0.0,-,0,0,0.000
1790439124,s5-vmess-ws,739877,0,2621,2621,41.4,42.4,43.1,0.0,-,0,0,0.000
1790439124,s6-trojan-grpc,934621,0,3314,3314,1.3,2.7,3.2,0.0,-,0,0,0.000
1790439124,__proc__,0,0,0,0,-,-,-,2541.2,32495,49327,125497971,9514.533
1790439154,s1-short,930137,0,3295,3295,2.3,3.7,4.3,0.0,-,0,0,0.000
1790439154,s2-long,341,4,0,0,14.5,55.6,219.7,0.0,-,0,0,0.000
1790439154,s3-quic,9088498,3,4523076,4523076,1.8,2.1,2.6,0.0,-,0,0,0.000
1790439154,s4-mixed-kcp,236175,1,4081555,4081555,51.1,649.8,899.2,0.0,-,0,0,0.000
1790439154,s5-vmess-ws,741125,0,2621,2621,41.4,42.4,43.1,0.0,-,0,0,0.000
1790439154,s6-trojan-grpc,936200,0,3316,3316,1.3,2.7,3.2,0.0,-,0,0,0.000
1790439154,__proc__,0,0,0,0,-,-,-,2557.7,32525,49360,125726065,9530.324
1790439184,s1-short,931705,0,3293,3293,2.3,3.6,4.3,0.0,-,0,0,0.000
1790439184,s2-long,341,4,0,0,14.5,55.6,219.7,0.0,-,0,0,0.000
1790439184,s3-quic,9104980,3,4500685,4500685,1.8,2.1,2.7,0.0,-,0,0,0.000
1790439184,s4-mixed-kcp,236554,1,4017706,4017706,51.1,649.8,899.0,0.0,-,0,0,0.000
1790439184,s5-vmess-ws,742373,0,2621,2621,41.4,42.4,42.9,0.0,-,0,0,0.000
1790439184,s6-trojan-grpc,937777,0,3312,3312,1.3,2.7,3.2,0.0,-,0,0,0.000
1790439184,__proc__,0,0,0,0,-,-,-,2567.9,32499,49324,125952654,9546.126
1790439214,s1-short,933273,0,3293,3293,2.3,3.6,4.1,0.0,-,0,0,0.000
1790439214,s2-long,341,4,0,0,14.5,55.6,219.7,0.0,-,0,0,0.000
1790439214,s3-quic,9121424,3,4490308,4490308,1.8,2.1,2.6,0.0,-,0,0,0.000
1790439214,s4-mixed-kcp,236934,1,4123341,4123341,51.1,649.9,899.1,0.0,-,0,0,0.000
1790439214,s5-vmess-ws,743621,0,2621,2621,41.4,42.4,42.9,0.0,-,0,0,0.000
1790439214,s6-trojan-grpc,939353,0,3310,3310,1.3,2.7,3.1,0.0,-,0,0,0.000
1790439214,__proc__,0,0,0,0,-,-,-,2544.4,32472,49289,126180818,9561.946
1790439244,s1-short,934842,0,3295,3295,2.3,3.6,4.2,0.0,-,0,0,0.000
1790439244,s2-long,341,4,0,0,14.5,55.6,219.7,0.0,-,0,0,0.000
1790439244,s3-quic,9137862,3,4488670,4488670,1.8,2.1,2.6,0.0,-,0,0,0.000
1790439244,s4-mixed-kcp,237308,1,4111438,4111438,51.1,697.4,899.6,0.0,-,0,0,0.000
1790439244,s5-vmess-ws,744868,0,2619,2619,41.4,42.4,42.8,0.0,-,0,0,0.000
1790439244,s6-trojan-grpc,940931,0,3314,3314,1.3,2.7,3.1,0.0,-,0,0,0.000
1790439244,__proc__,0,0,0,0,-,-,-,2563.8,32481,49286,126406251,9577.735
1790439274,s1-short,936409,0,3291,3291,2.3,3.7,4.4,0.0,-,0,0,0.000
1790439274,s2-long,341,4,0,0,14.5,55.6,219.7,0.0,-,0,0,0.000
1790439274,s3-quic,9154264,3,4478839,4478839,1.8,2.1,2.7,0.0,-,0,0,0.000
1790439274,s4-mixed-kcp,237683,1,4049329,4049329,51.1,698.0,899.2,0.0,-,0,0,0.000
1790439274,s5-vmess-ws,746116,0,2621,2621,41.4,42.4,42.9,0.0,-,0,0,0.000
1790439274,s6-trojan-grpc,942509,0,3314,3314,1.3,2.7,3.2,0.0,-,0,0,0.000
1790439274,__proc__,0,0,0,0,-,-,-,2547.0,32476,49293,126630132,9593.632
1790439304,s1-short,937979,0,3297,3297,2.3,3.8,4.4,0.0,-,0,0,0.000
1790439304,s2-long,341,4,0,0,14.5,55.6,219.7,0.0,-,0,0,0.000
1790439304,s3-quic,9170649,3,4474197,4474197,1.8,2.1,2.5,0.0,-,0,0,0.000
1790439304,s4-mixed-kcp,238061,1,4111872,4111872,51.1,697.5,898.9,0.0,-,0,0,0.000
1790439304,s5-vmess-ws,747364,0,2621,2621,41.4,42.4,42.9,0.0,-,0,0,0.000
1790439304,s6-trojan-grpc,944088,0,3316,3316,1.3,2.8,3.3,0.0,-,0,0,0.000
1790439304,__proc__,0,0,0,0,-,-,-,2546.3,32498,49308,126855946,9609.470
1790439334,s1-short,939438,0,3064,3064,2.3,3.8,4.4,0.0,-,0,0,0.000
1790439334,s2-long,341,4,0,0,14.5,55.6,219.7,0.0,-,0,0,0.000
1790439334,s3-quic,9185783,3,4132591,4132591,1.8,2.1,2.7,0.0,-,0,0,0.000
1790439334,s4-mixed-kcp,238412,1,3857969,3857969,51.1,651.0,898.9,0.0,-,0,0,0.000
1790439334,s5-vmess-ws,748529,0,2446,2446,41.4,42.4,42.9,0.0,-,0,0,0.000
1790439334,s6-trojan-grpc,945556,0,3083,3083,1.3,2.8,3.3,0.0,-,0,0,0.000
1790439334,__proc__,0,0,0,0,-,-,-,2555.9,31984,48455,127067133,9624.205
1790439334,s1-short,939438,0,0,0,2.3,3.8,4.4,0.0,-,0,0,0.000
1790439334,s2-long,341,4,0,0,14.5,55.6,219.7,0.0,-,0,0,0.000
1790439334,s3-quic,9185783,3,0,0,1.8,2.1,2.7,0.0,-,0,0,0.000
1790439334,s4-mixed-kcp,238412,1,0,0,51.1,651.0,898.9,0.0,-,0,0,0.000
1790439334,s5-vmess-ws,748529,0,0,0,41.4,42.4,42.9,0.0,-,0,0,0.000
1790439334,s6-trojan-grpc,945556,0,0,0,1.3,2.8,3.3,0.0,-,0,0,0.000
1790439334,__drain__,0,0,0,0,-,-,-,2555.9,31981,48449,127067156,9624.206
1790439364,s1-short,939438,0,0,0,2.3,3.8,4.4,0.0,-,0,0,0.000
1790439364,s2-long,341,4,0,0,14.5,55.6,219.7,0.0,-,0,0,0.000
1790439364,s3-quic,9185783,3,0,0,1.8,2.1,2.7,0.0,-,0,0,0.000
1790439364,s4-mixed-kcp,238412,1,0,0,51.1,651.0,898.9,0.0,-,0,0,0.000
1790439364,s5-vmess-ws,748529,0,0,0,41.4,42.4,42.9,0.0,-,0,0,0.000
1790439364,s6-trojan-grpc,945556,0,0,0,1.3,2.8,3.3,0.0,-,0,0,0.000
1790439364,__drain__,0,0,0,0,-,-,-,2556.1,28208,42435,127086644,9624.568
1790439394,s1-short,939438,0,0,0,2.3,3.8,4.4,0.0,-,0,0,0.000
1790439394,s2-long,341,4,0,0,14.5,55.6,219.7,0.0,-,0,0,0.000
1790439394,s3-quic,9185783,3,0,0,1.8,2.1,2.7,0.0,-,0,0,0.000
1790439394,s4-mixed-kcp,238412,1,0,0,51.1,651.0,898.9,0.0,-,0,0,0.000
1790439394,s5-vmess-ws,748529,0,0,0,41.4,42.4,42.9,0.0,-,0,0,0.000
1790439394,s6-trojan-grpc,945556,0,0,0,1.3,2.8,3.3,0.0,-,0,0,0.000
1790439394,__drain__,0,0,0,0,-,-,-,2556.1,25047,37554,127088206,9624.613
1790439424,s1-short,939438,0,0,0,2.3,3.8,4.4,0.0,-,0,0,0.000
1790439424,s2-long,341,4,0,0,14.5,55.6,219.7,0.0,-,0,0,0.000
1790439424,s3-quic,9185783,3,0,0,1.8,2.1,2.7,0.0,-,0,0,0.000
1790439424,s4-mixed-kcp,238412,1,0,0,51.1,651.0,898.9,0.0,-,0,0,0.000
1790439424,s5-vmess-ws,748529,0,0,0,41.4,42.4,42.9,0.0,-,0,0,0.000
1790439424,s6-trojan-grpc,945556,0,0,0,1.3,2.8,3.3,0.0,-,0,0,0.000
1790439424,__drain__,0,0,0,0,-,-,-,2556.1,21892,32823,127089709,9624.660
1790439454,s1-short,939438,0,0,0,2.3,3.8,4.4,0.0,-,0,0,0.000
1790439454,s2-long,341,4,0,0,14.5,55.6,219.7,0.0,-,0,0,0.000
1790439454,s3-quic,9185783,3,0,0,1.8,2.1,2.7,0.0,-,0,0,0.000
1790439454,s4-mixed-kcp,238412,1,0,0,51.1,651.0,898.9,0.0,-,0,0,0.000
1790439454,s5-vmess-ws,748529,0,0,0,41.4,42.4,42.9,0.0,-,0,0,0.000
1790439454,s6-trojan-grpc,945556,0,0,0,1.3,2.8,3.3,0.0,-,0,0,0.000
1790439454,__drain__,0,0,0,0,-,-,-,2556.1,18736,28086,127091556,9624.720
1790439484,s1-short,939438,0,0,0,2.3,3.8,4.4,0.0,-,0,0,0.000
1790439484,s2-long,341,4,0,0,14.5,55.6,219.7,0.0,-,0,0,0.000
1790439484,s3-quic,9185783,3,0,0,1.8,2.1,2.7,0.0,-,0,0,0.000
1790439484,s4-mixed-kcp,238412,1,0,0,51.1,651.0,898.9,0.0,-,0,0,0.000
1790439484,s5-vmess-ws,748529,0,0,0,41.4,42.4,42.9,0.0,-,0,0,0.000
1790439484,s6-trojan-grpc,945556,0,0,0,1.3,2.8,3.3,0.0,-,0,0,0.000
1790439484,__drain__,0,0,0,0,-,-,-,2556.1,15582,23358,127092810,9624.757
1790439514,s1-short,939438,0,0,0,2.3,3.8,4.4,0.0,-,0,0,0.000
1790439514,s2-long,341,4,0,0,14.5,55.6,219.7,0.0,-,0,0,0.000
1790439514,s3-quic,9185783,3,0,0,1.8,2.1,2.7,0.0,-,0,0,0.000
1790439514,s4-mixed-kcp,238412,1,0,0,51.1,651.0,898.9,0.0,-,0,0,0.000
1790439514,s5-vmess-ws,748529,0,0,0,41.4,42.4,42.9,0.0,-,0,0,0.000
1790439514,s6-trojan-grpc,945556,0,0,0,1.3,2.8,3.3,0.0,-,0,0,0.000
1790439514,__drain__,0,0,0,0,-,-,-,2556.1,12430,18630,127093922,9624.791
1790439544,s1-short,939438,0,0,0,2.3,3.8,4.4,0.0,-,0,0,0.000
1790439544,s2-long,341,4,0,0,14.5,55.6,219.7,0.0,-,0,0,0.000
1790439544,s3-quic,9185783,3,0,0,1.8,2.1,2.7,0.0,-,0,0,0.000
1790439544,s4-mixed-kcp,238412,1,0,0,51.1,651.0,898.9,0.0,-,0,0,0.000
1790439544,s5-vmess-ws,748529,0,0,0,41.4,42.4,42.9,0.0,-,0,0,0.000
1790439544,s6-trojan-grpc,945556,0,0,0,1.3,2.8,3.3,0.0,-,0,0,0.000
1790439544,__drain__,0,0,0,0,-,-,-,2556.1,9274,13893,127095880,9624.848
1790439574,s1-short,939438,0,0,0,2.3,3.8,4.4,0.0,-,0,0,0.000
1790439574,s2-long,341,4,0,0,14.5,55.6,219.7,0.0,-,0,0,0.000
1790439574,s3-quic,9185783,3,0,0,1.8,2.1,2.7,0.0,-,0,0,0.000
1790439574,s4-mixed-kcp,238412,1,0,0,51.1,651.0,898.9,0.0,-,0,0,0.000
1790439574,s5-vmess-ws,748529,0,0,0,41.4,42.4,42.9,0.0,-,0,0,0.000
1790439574,s6-trojan-grpc,945556,0,0,0,1.3,2.8,3.3,0.0,-,0,0,0.000
1790439574,__drain__,0,0,0,0,-,-,-,2536.0,6118,9162,127097406,9624.896
1790439604,s1-short,939438,0,0,0,2.3,3.8,4.4,0.0,-,0,0,0.000
1790439604,s2-long,341,4,0,0,14.5,55.6,219.7,0.0,-,0,0,0.000
1790439604,s3-quic,9185783,3,0,0,1.8,2.1,2.7,0.0,-,0,0,0.000
1790439604,s4-mixed-kcp,238412,1,0,0,51.1,651.0,898.9,0.0,-,0,0,0.000
1790439604,s5-vmess-ws,748529,0,0,0,41.4,42.4,42.9,0.0,-,0,0,0.000
1790439604,s6-trojan-grpc,945556,0,0,0,1.3,2.8,3.3,0.0,-,0,0,0.000
1790439604,__drain__,0,0,0,0,-,-,-,2536.0,2960,4425,127098325,9624.923
1790439634,s1-short,939438,0,0,0,2.3,3.8,4.4,0.0,-,0,0,0.000
1790439634,s2-long,341,4,0,0,14.5,55.6,219.7,0.0,-,0,0,0.000
1790439634,s3-quic,9185783,3,0,0,1.8,2.1,2.7,0.0,-,0,0,0.000
1790439634,s4-mixed-kcp,238412,1,0,0,51.1,651.0,898.9,0.0,-,0,0,0.000
1790439634,s5-vmess-ws,748529,0,0,0,41.4,42.4,42.9,0.0,-,0,0,0.000
1790439634,s6-trojan-grpc,945556,0,0,0,1.3,2.8,3.3,0.0,-,0,0,0.000
1790439634,__drain__,0,0,0,0,-,-,-,2536.0,24,21,127099678,9624.964
1790439664,s1-short,939438,0,0,0,2.3,3.8,4.4,0.0,-,0,0,0.000
1790439664,s2-long,341,4,0,0,14.5,55.6,219.7,0.0,-,0,0,0.000
1790439664,s3-quic,9185783,3,0,0,1.8,2.1,2.7,0.0,-,0,0,0.000
1790439664,s4-mixed-kcp,238412,1,0,0,51.1,651.0,898.9,0.0,-,0,0,0.000
1790439664,s5-vmess-ws,748529,0,0,0,41.4,42.4,42.9,0.0,-,0,0,0.000
1790439664,s6-trojan-grpc,945556,0,0,0,1.3,2.8,3.3,0.0,-,0,0,0.000
1790439664,__drain__,0,0,0,0,-,-,-,2536.0,24,21,127099678,9624.964
1790439694,s1-short,939438,0,0,0,2.3,3.8,4.4,0.0,-,0,0,0.000
1790439694,s2-long,341,4,0,0,14.5,55.6,219.7,0.0,-,0,0,0.000
1790439694,s3-quic,9185783,3,0,0,1.8,2.1,2.7,0.0,-,0,0,0.000
1790439694,s4-mixed-kcp,238412,1,0,0,51.1,651.0,898.9,0.0,-,0,0,0.000
1790439694,s5-vmess-ws,748529,0,0,0,41.4,42.4,42.9,0.0,-,0,0,0.000
1790439694,s6-trojan-grpc,945556,0,0,0,1.3,2.8,3.3,0.0,-,0,0,0.000
1790439694,__drain__,0,0,0,0,-,-,-,2536.0,24,21,127099678,9624.964
