ts,scenario,conn_ok,conn_fail,tx_bps,rx_bps,p50_ms,p95_ms,p99_ms,rss_mb,fd_count,alive_tasks,worker_park,busy_s
1790421625,s7-ss-tcp,0,0,0,0,-,-,-,0.0,-,0,0,0.000
1790421625,s8-tuic,0,0,0,0,-,-,-,0.0,-,0,0,0.000
1790421625,s9-anytls,0,0,0,0,-,-,-,0.0,-,0,0,0.000
1790421625,s10-vless-xhttp,0,0,0,0,-,-,-,0.0,-,0,0,0.000
1790421625,s11-http-proxy,0,0,0,0,-,-,-,0.0,-,0,0,0.000
1790421625,s12-vmess-h3,0,0,0,0,-,-,-,0.0,-,0,0,0.000
1790421625,__proc__,0,0,0,0,-,-,-,16.0,98,125,107,0.013
1790421655,s7-ss-tcp,1062,147,2230,2230,3.0,21.2,40.9,0.0,-,0,0,0.000
1790421655,s8-tuic,1068,138,2243,2243,2.6,18.1,41.3,0.0,-,0,0,0.000
1790421655,s9-anytls,984,0,2066,2066,5.0,21.6,45.8,0.0,-,0,0,0.000
1790421655,s10-vless-xhttp,948,131,1991,1991,32.4,42.5,52.4,0.0,-,0,0,0.000
1790421655,s11-http-proxy,1052,149,2209,2209,5.4,20.9,58.0,0.0,-,0,0,0.000
1790421655,s12-vmess-h3,1047,60,2199,2199,5.7,21.6,53.3,0.0,-,0,0,0.000
1790421655,__proc__,0,0,0,0,-,-,-,395.2,3024,16656,31573,4.804
1790421685,s7-ss-tcp,2210,183,2411,2411,3.8,21.1,42.8,0.0,-,0,0,0.000
1790421685,s8-tuic,2083,170,2132,2132,3.3,19.8,38.8,0.0,-,0,0,0.000
1790421685,s9-anytls,1846,8,1810,1810,5.3,22.1,45.0,0.0,-,0,0,0.000
1790421685,s10-vless-xhttp,1828,162,1848,1848,32.8,44.1,359.3,0.0,-,0,0,0.000
1790421685,s11-http-proxy,2189,183,2388,2388,6.0,25.5,67.7,0.0,-,0,0,0.000
1790421685,s12-vmess-h3,1680,92,1329,1329,5.9,23.6,52.2,0.0,-,0,0,0.000
1790421685,__proc__,0,0,0,0,-,-,-,463.3,4351,13843,52843,12.260
1790421715,s7-ss-tcp,3118,236,1907,1907,3.8,22.2,46.3,0.0,-,0,0,0.000
1790421715,s8-tuic,2989,218,1903,1903,3.5,21.0,41.5,0.0,-,0,0,0.000
1790421715,s9-anytls,2149,16,636,636,5.5,22.6,45.1,0.0,-,0,0,0.000
1790421715,s10-vless-xhttp,2254,201,895,895,32.8,44.8,432.6,0.0,-,0,0,0.000
1790421715,s11-http-proxy,3067,243,1844,1844,7.0,28.4,71.8,0.0,-,0,0,0.000
1790421715,s12-vmess-h3,2446,141,1609,1609,6.6,29.6,241.9,0.0,-,0,0,0.000
1790421715,__proc__,0,0,0,0,-,-,-,509.5,5515,17144,66454,23.422
1790421745,s7-ss-tcp,4130,294,2125,2125,4.0,22.5,47.7,0.0,-,0,0,0.000
1790421745,s8-tuic,4013,276,2150,2150,3.7,22.2,41.6,0.0,-,0,0,0.000
1790421745,s9-anytls,2512,57,762,762,5.8,23.1,45.4,0.0,-,0,0,0.000
1790421745,s10-vless-xhttp,2848,243,1247,1247,33.1,48.3,505.1,0.0,-,0,0,0.000
1790421745,s11-http-proxy,4038,303,2039,2039,7.5,28.4,136.3,0.0,-,0,0,0.000
1790421745,s12-vmess-h3,3405,185,2014,2014,7.2,31.4,523.9,0.0,-,0,0,0.000
1790421745,__proc__,0,0,0,0,-,-,-,616.2,6790,21377,82653,35.200
1790421775,s7-ss-tcp,5127,294,2094,2094,4.9,26.0,532.1,0.0,-,0,0,0.000
1790421775,s8-tuic,5017,276,2108,2108,4.7,24.4,56.3,0.0,-,0,0,0.000
1790421775,s9-anytls,3069,61,1170,1170,6.3,24.8,79.1,0.0,-,0,0,0.000
1790421775,s10-vless-xhttp,3494,243,1357,1357,33.2,51.2,617.9,0.0,-,0,0,0.000
1790421775,s11-http-proxy,5014,303,2050,2050,8.5,31.9,453.0,0.0,-,0,0,0.000
1790421775,s12-vmess-h3,3797,190,823,823,7.4,33.6,590.6,0.0,-,0,0,0.000
1790421775,__proc__,0,0,0,0,-,-,-,637.7,7644,16036,95098,47.020
1790421805,s7-ss-tcp,6079,358,1999,1999,5.0,27.0,246.9,0.0,-,0,0,0.000
1790421805,s8-tuic,5974,335,2010,2010,5.0,25.8,59.4,0.0,-,0,0,0.000
1790421805,s9-anytls,3244,67,368,368,6.4,27.7,84.1,0.0,-,0,0,0.000
1790421805,s10-vless-xhttp,4124,292,1323,1323,33.3,51.6,546.6,0.0,-,0,0,0.000
1790421805,s11-http-proxy,5917,355,1896,1896,9.1,32.5,655.8,0.0,-,0,0,0.000
1790421805,s12-vmess-h3,4708,252,1913,1913,8.7,35.3,662.8,0.0,-,0,0,0.000
1790421805,__proc__,0,0,0,0,-,-,-,733.9,9355,24572,110075,56.193
1790421835,s7-ss-tcp,7032,423,2001,2001,5.4,28.2,638.7,0.0,-,0,0,0.000
1790421835,s8-tuic,6948,401,2045,2045,5.3,25.6,199.9,0.0,-,0,0,0.000
1790421835,s9-anytls,3463,81,460,460,6.6,27.7,85.0,0.0,-,0,0,0.000
1790421835,s10-vless-xhttp,4661,333,1128,1128,33.5,53.4,608.9,0.0,-,0,0,0.000
1790421835,s11-http-proxy,6859,408,1978,1978,9.3,33.6,727.1,0.0,-,0,0,0.000
1790421835,s12-vmess-h3,5082,267,785,785,8.8,35.4,689.1,0.0,-,0,0,0.000
1790421835,__proc__,0,0,0,0,-,-,-,756.4,9916,19309,123536,65.727
1790421865,s7-ss-tcp,7681,571,1363,1363,5.5,32.6,504.4,0.0,-,0,0,0.000
1790421865,s8-tuic,7848,482,1890,1890,5.0,32.6,305.1,0.0,-,0,0,0.000
1790421865,s9-anytls,3572,126,229,229,6.4,28.4,210.3,0.0,-,0,0,0.000
1790421865,s10-vless-xhttp,4869,340,437,437,33.6,56.2,633.2,0.0,-,0,0,0.000
1790421865,s11-http-proxy,7496,568,1338,1338,9.0,40.7,719.2,0.0,-,0,0,0.000
1790421865,s12-vmess-h3,5394,324,655,655,8.8,42.9,689.1,0.0,-,0,0,0.000
1790421865,__proc__,0,0,0,0,-,-,-,771.6,10175,19006,134899,73.149
1790421895,s7-ss-tcp,8792,645,2333,2333,4.9,28.0,262.4,0.0,-,0,0,0.000
1790421895,s8-tuic,9060,541,2545,2545,4.3,34.8,269.6,0.0,-,0,0,0.000
1790421895,s9-anytls,3572,126,0,0,6.4,28.4,210.3,0.0,-,0,0,0.000
1790421895,s10-vless-xhttp,4869,340,0,0,33.6,56.2,633.2,0.0,-,0,0,0.000
1790421895,s11-http-proxy,8632,641,2386,2386,7.5,104.0,655.5,0.0,-,0,0,0.000
1790421895,s12-vmess-h3,5749,353,746,746,8.9,66.2,689.1,0.0,-,0,0,0.000
1790421895,__proc__,0,0,0,0,-,-,-,774.4,10217,19553,147183,76.987
1790421925,s7-ss-tcp,9495,838,1476,1476,4.8,32.3,262.4,0.0,-,0,0,0.000
1790421925,s8-tuic,9869,715,1699,1699,4.0,43.7,269.6,0.0,-,0,0,0.000
1790421925,s9-anytls,3572,126,0,0,6.4,28.4,210.3,0.0,-,0,0,0.000
1790421925,s10-vless-xhttp,4869,340,0,0,33.6,56.2,633.2,0.0,-,0,0,0.000
1790421925,s11-http-proxy,9421,820,1657,1657,7.0,104.1,430.9,0.0,-,0,0,0.000
1790421925,s12-vmess-h3,5946,402,414,414,8.8,67.7,683.0,0.0,-,0,0,0.000
1790421925,__proc__,0,0,0,0,-,-,-,778.6,10076,17517,156931,81.607
1790421955,s7-ss-tcp,10556,912,2228,2228,4.9,24.1,258.0,0.0,-,0,0,0.000
1790421955,s8-tuic,11005,804,2386,2386,4.3,35.8,241.3,0.0,-,0,0,0.000
1790421955,s9-anytls,3572,126,0,0,6.4,28.4,210.3,0.0,-,0,0,0.000
1790421955,s10-vless-xhttp,4906,341,78,78,33.6,56.2,633.2,0.0,-,0,0,0.000
1790421955,s11-http-proxy,10531,905,2331,2331,6.5,52.7,322.4,0.0,-,0,0,0.000
1790421955,s12-vmess-h3,6617,449,1409,1409,8.6,66.2,662.8,0.0,-,0,0,0.000
1790421955,__proc__,0,0,0,0,-,-,-,783.6,8752,21003,170153,87.325
1790421985,s7-ss-tcp,11705,923,2413,2413,5.2,23.5,186.5,0.0,-,0,0,0.000
1790421985,s8-tuic,12249,811,2612,2612,5.0,24.3,208.2,0.0,-,0,0,0.000
1790421985,s9-anytls,3572,126,0,0,6.4,28.4,210.3,0.0,-,0,0,0.000
1790421985,s10-vless-xhttp,5041,343,284,284,33.8,57.3,633.2,0.0,-,0,0,0.000
1790421985,s11-http-proxy,11722,920,2501,2501,7.7,27.7,297.3,0.0,-,0,0,0.000
1790421985,s12-vmess-h3,7537,462,1932,1932,9.0,65.5,596.0,0.0,-,0,0,0.000
1790421985,__proc__,0,0,0,0,-,-,-,783.6,7501,21948,183768,95.815
1790422015,s7-ss-tcp,12640,956,1964,1964,5.9,26.0,198.6,0.0,-,0,0,0.000
1790422015,s8-tuic,13335,849,2281,2281,5.6,25.1,139.8,0.0,-,0,0,0.000
1790422015,s9-anytls,3572,126,0,0,6.4,28.4,210.3,0.0,-,0,0,0.000
1790422015,s10-vless-xhttp,5256,348,452,452,33.8,57.1,633.2,0.0,-,0,0,0.000
1790422015,s11-http-proxy,12736,956,2129,2129,9.7,28.7,202.0,0.0,-,0,0,0.000
1790422015,s12-vmess-h3,8545,501,2117,2117,9.8,51.1,413.7,0.0,-,0,0,0.000
1790422015,__proc__,0,0,0,0,-,-,-,784.0,7174,22427,195459,105.103
1790422045,s7-ss-tcp,13816,956,2470,2470,7.8,28.8,226.8,0.0,-,0,0,0.000
1790422045,s8-tuic,14543,849,2537,2537,7.8,29.7,220.6,0.0,-,0,0,0.000
1790422045,s9-anytls,3572,126,0,0,6.4,28.4,210.3,0.0,-,0,0,0.000
1790422045,s10-vless-xhttp,5541,348,598,598,33.8,57.2,633.2,0.0,-,0,0,0.000
1790422045,s11-http-proxy,13888,956,2419,2419,14.5,31.3,94.7,0.0,-,0,0,0.000
1790422045,s12-vmess-h3,9697,501,2419,2419,13.5,38.1,371.1,0.0,-,0,0,0.000
1790422045,__proc__,0,0,0,0,-,-,-,784.2,6729,23409,206074,114.488
1790422075,s7-ss-tcp,14907,983,2291,2291,9.2,32.0,282.8,0.0,-,0,0,0.000
1790422075,s8-tuic,15643,871,2310,2310,8.5,32.2,294.1,0.0,-,0,0,0.000
1790422075,s9-anytls,3572,126,0,0,6.4,28.4,210.3,0.0,-,0,0,0.000
1790422075,s10-vless-xhttp,5796,356,536,536,33.9,57.1,633.2,0.0,-,0,0,0.000
1790422075,s11-http-proxy,14925,977,2178,2178,17.0,32.7,57.5,0.0,-,0,0,0.000
1790422075,s12-vmess-h3,10740,523,2190,2190,16.5,35.4,369.9,0.0,-,0,0,0.000
1790422075,__proc__,0,0,0,0,-,-,-,784.2,5983,21032,216525,125.152
1790422105,s7-ss-tcp,16092,983,2488,2488,10.4,33.1,302.4,0.0,-,0,0,0.000
1790422105,s8-tuic,16832,871,2497,2497,10.2,33.0,293.8,0.0,-,0,0,0.000
1790422105,s9-anytls,3773,128,422,422,6.6,29.3,287.0,0.0,-,0,0,0.000
1790422105,s10-vless-xhttp,6071,356,578,578,34.1,57.3,625.8,0.0,-,0,0,0.000
1790422105,s11-http-proxy,16037,977,2335,2335,18.4,34.1,95.3,0.0,-,0,0,0.000
1790422105,s12-vmess-h3,11858,523,2348,2348,17.7,36.4,407.6,0.0,-,0,0,0.000
1790422105,__proc__,0,0,0,0,-,-,-,784.3,5196,20721,228272,135.681
1790422135,s7-ss-tcp,17284,983,2503,2503,10.9,34.3,312.1,0.0,-,0,0,0.000
1790422135,s8-tuic,18032,871,2520,2520,10.4,34.5,317.1,0.0,-,0,0,0.000
1790422135,s9-anytls,3832,131,124,124,6.8,29.1,287.0,0.0,-,0,0,0.000
1790422135,s10-vless-xhttp,6345,356,575,575,34.2,55.3,541.9,0.0,-,0,0,0.000
1790422135,s11-http-proxy,17149,977,2335,2335,19.0,35.6,222.0,0.0,-,0,0,0.000
1790422135,s12-vmess-h3,12987,523,2371,2371,18.3,36.4,302.4,0.0,-,0,0,0.000
1790422135,__proc__,0,0,0,0,-,-,-,783.4,4700,20110,238491,146.137
1790422165,s7-ss-tcp,18405,1020,2354,2354,10.4,34.9,333.3,0.0,-,0,0,0.000
1790422165,s8-tuic,19163,903,2375,2375,10.0,34.0,332.5,0.0,-,0,0,0.000
1790422165,s9-anytls,4150,147,668,668,7.0,29.5,301.2,0.0,-,0,0,0.000
1790422165,s10-vless-xhttp,6902,384,1170,1170,34.4,55.0,488.8,0.0,-,0,0,0.000
1790422165,s11-http-proxy,18224,1006,2258,2258,18.4,37.0,303.2,0.0,-,0,0,0.000
1790422165,s12-vmess-h3,13757,534,1617,1617,17.9,36.5,314.0,0.0,-,0,0,0.000
1790422165,__proc__,0,0,0,0,-,-,-,783.4,5079,16799,249751,154.570
1790422195,s7-ss-tcp,19605,1060,2520,2520,8.9,31.5,371.9,0.0,-,0,0,0.000
1790422195,s8-tuic,20365,941,2524,2524,8.5,30.4,343.3,0.0,-,0,0,0.000
1790422195,s9-anytls,4531,166,800,800,7.8,30.5,385.0,0.0,-,0,0,0.000
1790422195,s10-vless-xhttp,7602,413,1470,1470,34.7,53.8,421.5,0.0,-,0,0,0.000
1790422195,s11-http-proxy,19374,1044,2415,2415,15.3,37.0,377.2,0.0,-,0,0,0.000
1790422195,s12-vmess-h3,14205,574,941,941,17.1,36.6,320.2,0.0,-,0,0,0.000
1790422195,__proc__,0,0,0,0,-,-,-,783.4,6094,14390,264033,163.711
1790422225,s7-ss-tcp,20549,1134,1982,1982,8.7,29.0,371.9,0.0,-,0,0,0.000
1790422225,s8-tuic,21257,999,1873,1873,8.3,29.5,373.0,0.0,-,0,0,0.000
1790422225,s9-anytls,4840,195,649,649,8.3,30.4,385.0,0.0,-,0,0,0.000
1790422225,s10-vless-xhttp,8238,473,1336,1336,34.9,51.2,408.6,0.0,-,0,0,0.000
1790422225,s11-http-proxy,20329,1125,2006,2006,14.6,36.3,385.4,0.0,-,0,0,0.000
1790422225,s12-vmess-h3,15168,650,2022,2022,16.4,36.5,372.9,0.0,-,0,0,0.000
1790422225,__proc__,0,0,0,0,-,-,-,783.9,7818,22877,276138,171.604
1790422255,s7-ss-tcp,21614,1166,2236,2236,8.0,26.2,384.0,0.0,-,0,0,0.000
1790422255,s8-tuic,22224,1029,2031,2031,7.8,28.5,399.3,0.0,-,0,0,0.000
1790422255,s9-anytls,4971,200,275,275,8.4,30.1,385.0,0.0,-,0,0,0.000
1790422255,s10-vless-xhttp,8852,499,1289,1289,35.2,51.4,349.8,0.0,-,0,0,0.000
1790422255,s11-http-proxy,21462,1162,2379,2379,13.0,31.2,412.6,0.0,-,0,0,0.000
1790422255,s12-vmess-h3,15526,665,752,752,15.6,37.7,386.2,0.0,-,0,0,0.000
1790422255,__proc__,0,0,0,0,-,-,-,784.0,8470,16990,287400,179.717
1790422285,s7-ss-tcp,22547,1243,1959,1959,7.4,25.2,330.3,0.0,-,0,0,0.000
1790422285,s8-tuic,23268,1113,2192,2192,7.1,26.4,407.3,0.0,-,0,0,0.000
1790422285,s9-anytls,5006,208,74,74,8.4,30.1,385.0,0.0,-,0,0,0.000
1790422285,s10-vless-xhttp,9242,540,819,819,35.0,49.6,322.0,0.0,-,0,0,0.000
1790422285,s11-http-proxy,22472,1265,2121,2121,12.2,28.9,409.8,0.0,-,0,0,0.000
1790422285,s12-vmess-h3,16455,743,1951,1951,13.7,37.9,384.5,0.0,-,0,0,0.000
1790422285,__proc__,0,0,0,0,-,-,-,786.4,9555,25115,301815,186.156
1790422315,s7-ss-tcp,23548,1349,2102,2102,6.4,25.3,262.2,0.0,-,0,0,0.000
1790422315,s8-tuic,24322,1211,2213,2213,6.3,27.4,406.3,0.0,-,0,0,0.000
1790422315,s9-anytls,5054,213,101,101,8.5,30.2,385.0,0.0,-,0,0,0.000
1790422315,s10-vless-xhttp,9586,579,722,722,34.8,49.6,334.0,0.0,-,0,0,0.000
1790422315,s11-http-proxy,23490,1364,2138,2138,11.0,31.5,386.3,0.0,-,0,0,0.000
1790422315,s12-vmess-h3,17453,829,2096,2096,10.9,36.9,386.5,0.0,-,0,0,0.000
1790422315,__proc__,0,0,0,0,-,-,-,812.7,9878,26414,320238,192.770
1790422345,s7-ss-tcp,24661,1424,2337,2337,4.9,20.4,246.5,0.0,-,0,0,0.000
1790422345,s8-tuic,25411,1273,2287,2287,4.8,24.9,407.3,0.0,-,0,0,0.000
1790422345,s9-anytls,5155,219,212,212,8.6,30.3,385.0,0.0,-,0,0,0.000
1790422345,s10-vless-xhttp,9953,607,771,771,34.5,51.9,337.3,0.0,-,0,0,0.000
1790422345,s11-http-proxy,24448,1407,2012,2012,8.8,27.7,414.9,0.0,-,0,0,0.000
1790422345,s12-vmess-h3,18025,859,1201,1201,9.6,35.2,410.6,0.0,-,0,0,0.000
1790422345,__proc__,0,0,0,0,-,-,-,812.8,9555,21106,334449,198.502
1790422375,s7-ss-tcp,25766,1498,2320,2320,5.1,23.8,210.3,0.0,-,0,0,0.000
1790422375,s8-tuic,26517,1327,2323,2323,4.7,26.7,386.4,0.0,-,0,0,0.000
1790422375,s9-anytls,5155,219,0,0,8.6,30.3,385.0,0.0,-,0,0,0.000
1790422375,s10-vless-xhttp,10210,625,540,540,34.5,50.0,335.4,0.0,-,0,0,0.000
1790422375,s11-http-proxy,25487,1470,2182,2182,9.2,28.9,349.6,0.0,-,0,0,0.000
1790422375,s12-vmess-h3,18963,928,1970,1970,9.5,37.1,386.5,0.0,-,0,0,0.000
1790422375,__proc__,0,0,0,0,-,-,-,820.3,9967,25833,346466,205.482
1790422405,s7-ss-tcp,26999,1538,2589,2589,6.0,23.0,217.7,0.0,-,0,0,0.000
1790422405,s8-tuic,27443,1357,1945,1945,5.6,23.9,275.1,0.0,-,0,0,0.000
1790422405,s9-anytls,5155,219,0,0,8.6,30.3,385.0,0.0,-,0,0,0.000
1790422405,s10-vless-xhttp,10604,638,827,827,34.5,51.6,335.4,0.0,-,0,0,0.000
1790422405,s11-http-proxy,26680,1508,2505,2505,10.2,27.1,316.0,0.0,-,0,0,0.000
1790422405,s12-vmess-h3,19275,937,655,655,9.5,36.8,386.5,0.0,-,0,0,0.000
1790422405,__proc__,0,0,0,0,-,-,-,820.5,9602,18156,356547,212.364
1790422435,s7-ss-tcp,28069,1628,2247,2247,7.7,23.8,211.6,0.0,-,0,0,0.000
1790422435,s8-tuic,28505,1435,2230,2230,6.8,24.0,272.1,0.0,-,0,0,0.000
1790422435,s9-anytls,5155,219,0,0,8.6,30.3,385.0,0.0,-,0,0,0.000
1790422435,s10-vless-xhttp,10969,673,766,766,34.4,50.0,320.7,0.0,-,0,0,0.000
1790422435,s11-http-proxy,27692,1590,2125,2125,11.6,27.4,243.8,0.0,-,0,0,0.000
1790422435,s12-vmess-h3,19767,991,1033,1033,9.5,36.7,335.0,0.0,-,0,0,0.000
1790422435,__proc__,0,0,0,0,-,-,-,820.5,9946,20760,367298,218.801
1790422465,s7-ss-tcp,29118,1715,2203,2203,8.8,25.2,209.4,0.0,-,0,0,0.000
1790422465,s8-tuic,29340,1495,1754,1754,8.1,28.1,272.1,0.0,-,0,0,0.000
1790422465,s9-anytls,5177,220,46,46,8.6,30.3,385.0,0.0,-,0,0,0.000
1790422465,s10-vless-xhttp,11406,720,918,918,34.3,48.5,269.5,0.0,-,0,0,0.000
1790422465,s11-http-proxy,28673,1678,2060,2060,14.3,31.0,213.9,0.0,-,0,0,0.000
1790422465,s12-vmess-h3,20334,1045,1191,1191,10.4,38.5,336.8,0.0,-,0,0,0.000
1790422465,__proc__,0,0,0,0,-,-,-,823.4,9839,21435,377894,225.448
1790422495,s7-ss-tcp,30276,1777,2432,2432,8.9,25.0,210.1,0.0,-,0,0,0.000
1790422495,s8-tuic,30052,1525,1495,1495,8.8,27.6,243.4,0.0,-,0,0,0.000
1790422495,s9-anytls,5177,220,0,0,8.6,30.3,385.0,0.0,-,0,0,0.000
1790422495,s10-vless-xhttp,11831,748,892,892,34.3,50.0,272.3,0.0,-,0,0,0.000
1790422495,s11-http-proxy,29791,1732,2348,2348,13.9,31.5,212.8,0.0,-,0,0,0.000
1790422495,s12-vmess-h3,20838,1069,1058,1058,11.4,38.5,218.9,0.0,-,0,0,0.000
1790422495,__proc__,0,0,0,0,-,-,-,823.4,9155,19703,389371,232.076
1790422525,s7-ss-tcp,31321,1870,2194,2194,9.7,28.4,192.4,0.0,-,0,0,0.000
1790422525,s8-tuic,31106,1611,2213,2213,9.2,31.4,209.4,0.0,-,0,0,0.000
1790422525,s9-anytls,5286,236,229,229,8.7,30.2,385.0,0.0,-,0,0,0.000
1790422525,s10-vless-xhttp,12145,779,659,659,34.3,51.4,272.8,0.0,-,0,0,0.000
1790422525,s11-http-proxy,30807,1825,2134,2134,15.4,33.3,213.7,0.0,-,0,0,0.000
1790422525,s12-vmess-h3,21516,1119,1424,1424,13.2,38.9,214.0,0.0,-,0,0,0.000
1790422525,__proc__,0,0,0,0,-,-,-,823.4,8700,21018,401318,238.686
1790422555,s7-ss-tcp,32489,1924,2453,2453,10.5,29.6,194.7,0.0,-,0,0,0.000
1790422555,s8-tuic,32189,1643,2274,2274,10.4,33.0,205.2,0.0,-,0,0,0.000
1790422555,s9-anytls,5497,251,443,443,8.9,30.7,384.6,0.0,-,0,0,0.000
1790422555,s10-vless-xhttp,12518,799,783,783,34.4,49.8,270.2,0.0,-,0,0,0.000
1790422555,s11-http-proxy,31935,1881,2369,2369,16.0,33.8,213.4,0.0,-,0,0,0.000
1790422555,s12-vmess-h3,21979,1156,972,972,14.7,39.5,213.4,0.0,-,0,0,0.000
1790422555,__proc__,0,0,0,0,-,-,-,823.4,8019,17466,412459,245.424
1790422585,s7-ss-tcp,33643,1981,2423,2423,10.1,30.3,197.4,0.0,-,0,0,0.000
1790422585,s8-tuic,32962,1680,1623,1623,9.9,32.3,196.7,0.0,-,0,0,0.000
1790422585,s9-anytls,5681,267,386,386,9.1,30.7,384.6,0.0,-,0,0,0.000
1790422585,s10-vless-xhttp,12972,834,953,953,34.4,48.6,256.5,0.0,-,0,0,0.000
1790422585,s11-http-proxy,33028,1940,2295,2295,15.2,33.8,217.1,0.0,-,0,0,0.000
1790422585,s12-vmess-h3,22773,1188,1667,1667,15.2,39.5,216.0,0.0,-,0,0,0.000
1790422585,__proc__,0,0,0,0,-,-,-,823.4,8469,21955,426183,253.343
1790422615,s7-ss-tcp,34722,2045,2266,2266,10.2,31.0,214.6,0.0,-,0,0,0.000
1790422615,s8-tuic,34037,1742,2258,2258,10.9,32.9,202.3,0.0,-,0,0,0.000
1790422615,s9-anytls,5868,278,393,393,9.7,31.3,384.6,0.0,-,0,0,0.000
1790422615,s10-vless-xhttp,13466,867,1037,1037,34.6,48.2,249.7,0.0,-,0,0,0.000
1790422615,s11-http-proxy,34046,2016,2138,2138,15.9,34.2,217.2,0.0,-,0,0,0.000
1790422615,s12-vmess-h3,23260,1221,1023,1023,15.4,39.5,218.9,0.0,-,0,0,0.000
1790422615,__proc__,0,0,0,0,-,-,-,823.4,8386,18363,435972,260.913
1790422645,s7-ss-tcp,35878,2076,2428,2428,10.4,31.4,223.0,0.0,-,0,0,0.000
1790422645,s8-tuic,35202,1769,2446,2446,10.8,31.0,228.6,0.0,-,0,0,0.000
1790422645,s9-anytls,6020,289,319,319,10.2,32.2,384.6,0.0,-,0,0,0.000
1790422645,s10-vless-xhttp,13865,884,838,838,35.0,47.4,206.7,0.0,-,0,0,0.000
1790422645,s11-http-proxy,35160,2050,2339,2339,16.1,34.1,215.5,0.0,-,0,0,0.000
1790422645,s12-vmess-h3,23858,1247,1256,1256,15.8,39.3,225.8,0.0,-,0,0,0.000
1790422645,__proc__,0,0,0,0,-,-,-,821.8,8649,19965,446471,268.924
1790422675,s7-ss-tcp,36933,2147,2216,2216,10.3,33.2,229.7,0.0,-,0,0,0.000
1790422675,s8-tuic,36255,1835,2211,2211,10.9,35.3,249.9,0.0,-,0,0,0.000
1790422675,s9-anytls,6308,312,605,605,10.5,32.8,375.3,0.0,-,0,0,0.000
1790422675,s10-vless-xhttp,14149,909,596,596,35.2,47.1,201.6,0.0,-,0,0,0.000
1790422675,s11-http-proxy,36108,2106,1991,1991,15.8,33.8,218.0,0.0,-,0,0,0.000
1790422675,s12-vmess-h3,24521,1292,1392,1392,15.4,37.2,218.9,0.0,-,0,0,0.000
1790422675,__proc__,0,0,0,0,-,-,-,821.8,8733,20863,456684,276.335
1790422705,s7-ss-tcp,38049,2210,2344,2344,11.4,32.3,229.7,0.0,-,0,0,0.000
1790422705,s8-tuic,37391,1886,2386,2386,11.3,33.5,250.7,0.0,-,0,0,0.000
1790422705,s9-anytls,6518,326,441,441,10.7,32.8,361.3,0.0,-,0,0,0.000
1790422705,s10-vless-xhttp,14475,926,685,685,35.3,46.8,201.6,0.0,-,0,0,0.000
1790422705,s11-http-proxy,37117,2141,2119,2119,16.3,33.6,224.9,0.0,-,0,0,0.000
1790422705,s12-vmess-h3,25097,1326,1210,1210,15.8,38.1,234.2,0.0,-,0,0,0.000
1790422705,__proc__,0,0,0,0,-,-,-,819.9,8645,19700,467684,284.213
1790422735,s7-ss-tcp,39116,2293,2241,2241,10.4,31.1,250.2,0.0,-,0,0,0.000
1790422735,s8-tuic,38460,1963,2245,2245,10.2,31.8,257.9,0.0,-,0,0,0.000
1790422735,s9-anytls,6691,337,363,363,10.9,32.8,310.7,0.0,-,0,0,0.000
1790422735,s10-vless-xhttp,14900,960,892,892,35.3,46.5,203.1,0.0,-,0,0,0.000
1790422735,s11-http-proxy,38155,2209,2180,2180,14.9,32.6,345.9,0.0,-,0,0,0.000
1790422735,s12-vmess-h3,25669,1374,1201,1201,15.4,38.1,255.5,0.0,-,0,0,0.000
1790422735,__proc__,0,0,0,0,-,-,-,819.9,8676,19776,481615,291.738
1790422765,s7-ss-tcp,40266,2343,2415,2415,9.2,27.8,250.1,0.0,-,0,0,0.000
1790422765,s8-tuic,39616,2013,2428,2428,8.9,28.6,252.3,0.0,-,0,0,0.000
1790422765,s9-anytls,6731,339,84,84,10.9,32.5,291.0,0.0,-,0,0,0.000
1790422765,s10-vless-xhttp,15397,990,1044,1044,35.3,46.8,226.8,0.0,-,0,0,0.000
1790422765,s11-http-proxy,39270,2257,2342,2342,13.0,30.5,412.6,0.0,-,0,0,0.000
1790422765,s12-vmess-h3,25982,1390,657,657,15.1,39.1,270.1,0.0,-,0,0,0.000
1790422765,__proc__,0,0,0,0,-,-,-,819.9,8568,16628,493782,299.623
1790422795,s7-ss-tcp,41167,2424,1892,1892,9.2,25.8,224.5,0.0,-,0,0,0.000
1790422795,s8-tuic,40638,2101,2146,2146,9.0,26.3,222.6,0.0,-,0,0,0.000
1790422795,s9-anytls,6783,347,109,109,11.0,32.5,291.0,0.0,-,0,0,0.000
1790422795,s10-vless-xhttp,15939,1050,1138,1138,35.4,46.0,226.0,0.0,-,0,0,0.000
1790422795,s11-http-proxy,40232,2337,2020,2020,13.4,29.5,432.9,0.0,-,0,0,0.000
1790422795,s12-vmess-h3,26816,1470,1751,1751,15.3,36.6,255.1,0.0,-,0,0,0.000
1790422795,__proc__,0,0,0,0,-,-,-,820.3,9357,23759,504991,307.318
1790422825,s7-ss-tcp,42146,2499,2056,2056,9.5,26.1,224.9,0.0,-,0,0,0.000
1790422825,s8-tuic,41561,2177,1938,1938,8.8,27.3,246.7,0.0,-,0,0,0.000
1790422825,s9-anytls,6823,352,84,84,11.0,32.6,291.0,0.0,-,0,0,0.000
1790422825,s10-vless-xhttp,16478,1105,1132,1132,35.5,46.2,226.0,0.0,-,0,0,0.000
1790422825,s11-http-proxy,41194,2430,2020,2020,13.9,30.1,356.3,0.0,-,0,0,0.000
1790422825,s12-vmess-h3,27474,1532,1382,1382,15.3,35.9,277.7,0.0,-,0,0,0.000
1790422825,__proc__,0,0,0,0,-,-,-,820.5,9587,22109,516859,314.926
1790422855,s7-ss-tcp,43204,2585,2222,2222,9.5,25.7,219.6,0.0,-,0,0,0.000
1790422855,s8-tuic,42565,2246,2108,2108,8.8,27.2,228.3,0.0,-,0,0,0.000
1790422855,s9-anytls,6927,359,218,218,11.2,32.5,288.7,0.0,-,0,0,0.000
1790422855,s10-vless-xhttp,16925,1150,939,939,35.5,46.0,215.9,0.0,-,0,0,0.000
1790422855,s11-http-proxy,42198,2519,2108,2108,14.4,29.9,295.2,0.0,-,0,0,0.000
1790422855,s12-vmess-h3,28085,1584,1283,1283,15.0,36.2,325.6,0.0,-,0,0,0.000
1790422855,__proc__,0,0,0,0,-,-,-,820.5,9707,21774,529024,322.706
1790422885,s7-ss-tcp,44162,2636,2012,2012,10.6,26.6,277.4,0.0,-,0,0,0.000
1790422885,s8-tuic,43368,2288,1686,1686,9.9,27.7,291.9,0.0,-,0,0,0.000
1790422885,s9-anytls,7088,373,338,338,11.3,32.0,289.5,0.0,-,0,0,0.000
1790422885,s10-vless-xhttp,17412,1184,1023,1023,35.5,45.8,224.3,0.0,-,0,0,0.000
1790422885,s11-http-proxy,43206,2590,2117,2117,16.3,29.9,229.2,0.0,-,0,0,0.000
1790422885,s12-vmess-h3,28775,1628,1449,1449,15.0,34.1,332.1,0.0,-,0,0,0.000
1790422885,__proc__,0,0,0,0,-,-,-,820.5,9827,22825,540121,330.801
1790422915,s7-ss-tcp,45189,2693,2157,2157,9.6,26.4,284.4,0.0,-,0,0,0.000
1790422915,s8-tuic,44157,2325,1657,1657,9.5,29.3,326.7,0.0,-,0,0,0.000
1790422915,s9-anytls,7184,380,202,202,11.4,32.0,289.5,0.0,-,0,0,0.000
1790422915,s10-vless-xhttp,17892,1223,1008,1008,35.5,47.9,236.2,0.0,-,0,0,0.000
1790422915,s11-http-proxy,44240,2649,2171,2171,15.0,29.4,214.5,0.0,-,0,0,0.000
1790422915,s12-vmess-h3,29237,1660,970,970,14.9,34.1,357.4,0.0,-,0,0,0.000
1790422915,__proc__,0,0,0,0,-,-,-,820.9,9579,19903,551074,339.839
1790422945,s7-ss-tcp,46291,2758,2314,2314,8.6,27.0,283.0,0.0,-,0,0,0.000
1790422945,s8-tuic,45121,2375,2024,2024,8.8,31.9,346.6,0.0,-,0,0,0.000
1790422945,s9-anytls,7270,391,181,181,11.4,30.8,280.5,0.0,-,0,0,0.000
1790422945,s10-vless-xhttp,18308,1269,874,874,35.5,48.6,236.2,0.0,-,0,0,0.000
1790422945,s11-http-proxy,45257,2756,2136,2136,13.7,29.0,248.3,0.0,-,0,0,0.000
1790422945,s12-vmess-h3,29588,1703,737,737,15.2,34.1,363.5,0.0,-,0,0,0.000
1790422945,__proc__,0,0,0,0,-,-,-,820.9,9476,18384,561831,346.558
1790422975,s7-ss-tcp,47150,2824,1804,1804,8.4,28.6,299.6,0.0,-,0,0,0.000
1790422975,s8-tuic,46088,2434,2031,2031,8.4,32.3,318.7,0.0,-,0,0,0.000
1790422975,s9-anytls,7341,398,149,149,11.5,30.8,280.5,0.0,-,0,0,0.000
1790422975,s10-vless-xhttp,18670,1302,760,760,35.5,48.9,243.5,0.0,-,0,0,0.000
1790422975,s11-http-proxy,46246,2828,2077,2077,13.7,30.4,251.4,0.0,-,0,0,0.000
1790422975,s12-vmess-h3,30455,1756,1821,1821,15.1,38.7,359.1,0.0,-,0,0,0.000
1790422975,__proc__,0,0,0,0,-,-,-,823.7,10124,25300,575841,354.278
1790423005,s7-ss-tcp,48105,2843,2006,2006,8.0,28.4,202.7,0.0,-,0,0,0.000
1790423005,s8-tuic,47274,2457,2491,2491,8.0,30.5,269.6,0.0,-,0,0,0.000
1790423005,s9-anytls,7341,398,0,0,11.5,30.8,280.5,0.0,-,0,0,0.000
1790423005,s10-vless-xhttp,18811,1305,296,296,35.5,49.3,236.2,0.0,-,0,0,0.000
1790423005,s11-http-proxy,47361,2838,2342,2342,14.1,33.4,253.9,0.0,-,0,0,0.000
1790423005,s12-vmess-h3,31511,1779,2218,2218,15.4,39.7,343.5,0.0,-,0,0,0.000
1790423005,__proc__,0,0,0,0,-,-,-,829.4,9917,27139,586999,361.981
1790423035,s7-ss-tcp,49263,2892,2432,2432,8.5,30.5,208.9,0.0,-,0,0,0.000
1790423035,s8-tuic,48442,2499,2453,2453,8.6,31.1,225.1,0.0,-,0,0,0.000
1790423035,s9-anytls,7414,399,153,153,11.6,31.0,280.5,0.0,-,0,0,0.000
1790423035,s10-vless-xhttp,18943,1310,277,277,35.5,49.4,228.9,0.0,-,0,0,0.000
1790423035,s11-http-proxy,48326,2873,2026,2026,15.0,34.6,340.4,0.0,-,0,0,0.000
1790423035,s12-vmess-h3,32600,1822,2287,2287,16.4,41.1,294.6,0.0,-,0,0,0.000
1790423035,__proc__,0,0,0,0,-,-,-,830.1,9394,26750,597842,370.276
1790423065,s7-ss-tcp,50384,2950,2354,2354,9.0,31.0,211.3,0.0,-,0,0,0.000
1790423065,s8-tuic,49574,2546,2377,2377,8.9,31.2,219.9,0.0,-,0,0,0.000
1790423065,s9-anytls,7574,414,336,336,12.0,31.3,270.1,0.0,-,0,0,0.000
1790423065,s10-vless-xhttp,19074,1317,275,275,35.5,49.4,227.1,0.0,-,0,0,0.000
1790423065,s11-http-proxy,49372,2948,2197,2197,16.5,34.1,275.0,0.0,-,0,0,0.000
1790423065,s12-vmess-h3,33561,1875,2018,2018,16.6,41.1,267.7,0.0,-,0,0,0.000
1790423065,__proc__,0,0,0,0,-,-,-,830.1,8535,23963,610527,378.557
1790423095,s7-ss-tcp,51461,3020,2262,2262,9.8,32.1,206.3,0.0,-,0,0,0.000
1790423095,s8-tuic,50660,2617,2281,2281,9.5,31.7,208.2,0.0,-,0,0,0.000
1790423095,s9-anytls,7782,428,437,437,12.1,31.0,251.6,0.0,-,0,0,0.000
1790423095,s10-vless-xhttp,19231,1329,330,330,35.5,49.3,224.3,0.0,-,0,0,0.000
1790423095,s11-http-proxy,50405,3012,2169,2169,16.9,34.0,227.7,0.0,-,0,0,0.000
1790423095,s12-vmess-h3,34352,1939,1661,1661,16.9,37.5,219.0,0.0,-,0,0,0.000
1790423095,__proc__,0,0,0,0,-,-,-,830.1,7630,20734,620451,386.284
1790423125,s7-ss-tcp,52602,3064,2396,2396,10.6,33.5,221.0,0.0,-,0,0,0.000
1790423125,s8-tuic,51811,2649,2417,2417,10.4,32.8,227.4,0.0,-,0,0,0.000
1790423125,s9-anytls,7976,439,407,407,12.3,31.3,250.7,0.0,-,0,0,0.000
1790423125,s10-vless-xhttp,19478,1337,519,519,35.6,49.3,223.3,0.0,-,0,0,0.000
1790423125,s11-http-proxy,51509,3052,2318,2318,16.8,32.8,192.9,0.0,-,0,0,0.000
1790423125,s12-vmess-h3,35107,1975,1586,1586,17.5,38.0,224.0,0.0,-,0,0,0.000
1790423125,__proc__,0,0,0,0,-,-,-,830.1,6976,19312,630206,394.870
1790423155,s7-ss-tcp,53745,3100,2400,2400,10.7,32.4,224.3,0.0,-,0,0,0.000
1790423155,s8-tuic,52958,2688,2409,2409,10.5,31.9,209.4,0.0,-,0,0,0.000
1790423155,s9-anytls,8085,440,229,229,12.3,31.5,250.7,0.0,-,0,0,0.000
1790423155,s10-vless-xhttp,19699,1348,464,464,35.6,49.2,223.3,0.0,-,0,0,0.000
1790423155,s11-http-proxy,52589,3092,2268,2268,16.9,33.1,44.8,0.0,-,0,0,0.000
1790423155,s12-vmess-h3,36135,1995,2159,2159,17.0,37.4,221.4,0.0,-,0,0,0.000
1790423155,__proc__,0,0,0,0,-,-,-,830.1,6846,22361,641164,403.892
1790423185,s7-ss-tcp,55017,3116,2671,2671,10.1,30.1,228.8,0.0,-,0,0,0.000
1790423185,s8-tuic,54227,2704,2665,2665,10.1,29.7,229.0,0.0,-,0,0,0.000
1790423185,s9-anytls,8152,441,141,141,12.4,31.6,250.7,0.0,-,0,0,0.000
1790423185,s10-vless-xhttp,20036,1355,708,708,35.5,49.6,229.4,0.0,-,0,0,0.000
1790423185,s11-http-proxy,53773,3108,2486,2486,16.7,34.5,261.6,0.0,-,0,0,0.000
1790423185,s12-vmess-h3,36953,2014,1718,1718,16.9,37.5,238.1,0.0,-,0,0,0.000
1790423185,__proc__,0,0,0,0,-,-,-,830.1,6231,18945,651887,412.184
1790423215,s7-ss-tcp,56174,3134,2430,2430,10.0,30.2,268.1,0.0,-,0,0,0.000
1790423215,s8-tuic,55396,2720,2455,2455,10.2,30.2,266.8,0.0,-,0,0,0.000
1790423215,s9-anytls,8318,447,349,349,12.8,31.6,243.2,0.0,-,0,0,0.000
1790423215,s10-vless-xhttp,20328,1363,613,613,35.4,49.6,227.1,0.0,-,0,0,0.000
1790423215,s11-http-proxy,54860,3127,2283,2283,16.9,35.1,282.1,0.0,-,0,0,0.000
1790423215,s12-vmess-h3,37942,2028,2077,2077,16.8,37.7,294.7,0.0,-,0,0,0.000
1790423215,__proc__,0,0,0,0,-,-,-,830.1,6210,20779,662406,421.719
1790423245,s7-ss-tcp,57353,3160,2476,2476,9.4,29.4,268.1,0.0,-,0,0,0.000
1790423245,s8-tuic,56582,2747,2491,2491,9.4,29.7,272.9,0.0,-,0,0,0.000
1790423245,s9-anytls,8469,455,317,317,13.0,31.3,226.2,0.0,-,0,0,0.000
1790423245,s10-vless-xhttp,20666,1372,710,710,35.4,49.0,231.8,0.0,-,0,0,0.000
1790423245,s11-http-proxy,55969,3155,2329,2329,17.0,33.6,282.3,0.0,-,0,0,0.000
1790423245,s12-vmess-h3,39032,2053,2289,2289,16.8,36.2,285.0,0.0,-,0,0,0.000
1790423245,__proc__,0,0,0,0,-,-,-,830.1,6076,21794,674102,430.903
1790423275,s7-ss-tcp,58436,3196,2274,2274,10.2,28.8,303.9,0.0,-,0,0,0.000
1790423275,s8-tuic,57670,2786,2285,2285,10.0,28.7,308.6,0.0,-,0,0,0.000
1790423275,s9-anytls,8818,469,733,733,13.4,31.4,223.3,0.0,-,0,0,0.000
1790423275,s10-vless-xhttp,21123,1409,960,960,35.4,49.2,229.4,0.0,-,0,0,0.000
1790423275,s11-http-proxy,56980,3194,2123,2123,18.3,32.6,282.1,0.0,-,0,0,0.000
1790423275,s12-vmess-h3,39968,2086,1966,1966,17.1,35.5,295.3,0.0,-,0,0,0.000
1790423275,__proc__,0,0,0,0,-,-,-,830.1,6154,20259,685621,440.553
1790423305,s7-ss-tcp,59456,3247,2142,2142,10.6,27.3,307.2,0.0,-,0,0,0.000
1790423305,s8-tuic,58724,2822,2213,2213,10.3,27.6,328.2,0.0,-,0,0,0.000
1790423305,s9-anytls,9079,496,548,548,13.8,31.8,243.2,0.0,-,0,0,0.000
1790423305,s10-vless-xhttp,21812,1441,1447,1447,35.5,48.8,253.3,0.0,-,0,0,0.000
1790423305,s11-http-proxy,57954,3248,2045,2045,18.7,31.4,294.5,0.0,-,0,0,0.000
1790423305,s12-vmess-h3,40845,2130,1842,1842,17.8,33.0,327.8,0.0,-,0,0,0.000
1790423305,__proc__,0,0,0,0,-,-,-,830.1,7109,20890,697955,450.953
1790423335,s7-ss-tcp,60217,3277,1598,1598,10.6,27.0,317.4,0.0,-,0,0,0.000
1790423335,s8-tuic,59814,2858,2289,2289,10.1,27.2,339.8,0.0,-,0,0,0.000
1790423335,s9-anytls,9443,515,764,764,14.4,31.5,243.2,0.0,-,0,0,0.000
1790423335,s10-vless-xhttp,22312,1462,1050,1050,35.5,47.5,257.8,0.0,-,0,0,0.000
1790423335,s11-http-proxy,58986,3288,2167,2167,19.0,30.7,162.4,0.0,-,0,0,0.000
1790423335,s12-vmess-h3,41813,2172,2033,2033,18.1,30.5,354.2,0.0,-,0,0,0.000
1790423335,__proc__,0,0,0,0,-,-,-,828.9,8008,23317,709735,460.124
1790423365,s7-ss-tcp,60989,3318,1621,1621,10.8,26.7,317.4,0.0,-,0,0,0.000
1790423365,s8-tuic,60886,2919,2251,2251,10.9,27.4,321.5,0.0,-,0,0,0.000
1790423365,s9-anytls,9687,531,512,512,14.6,30.9,247.1,0.0,-,0,0,0.000
1790423365,s10-vless-xhttp,22896,1504,1226,1226,35.4,47.5,254.4,0.0,-,0,0,0.000
1790423365,s11-http-proxy,59980,3338,2087,2087,19.1,30.3,298.5,0.0,-,0,0,0.000
1790423365,s12-vmess-h3,42744,2218,1955,1955,18.5,30.4,348.8,0.0,-,0,0,0.000
1790423365,__proc__,0,0,0,0,-,-,-,829.4,8888,24213,721837,469.616
1790423395,s7-ss-tcp,62186,3364,2514,2514,9.6,25.3,317.4,0.0,-,0,0,0.000
1790423395,s8-tuic,62088,2958,2524,2524,8.9,26.6,321.5,0.0,-,0,0,0.000
1790423395,s9-anytls,9935,550,521,521,14.2,30.5,247.1,0.0,-,0,0,0.000
1790423395,s10-vless-xhttp,23343,1538,939,939,35.4,48.1,264.5,0.0,-,0,0,0.000
1790423395,s11-http-proxy,61020,3395,2184,2184,16.5,29.7,298.4,0.0,-,0,0,0.000
1790423395,s12-vmess-h3,42970,2232,475,475,18.3,30.6,349.8,0.0,-,0,0,0.000
1790423395,__proc__,0,0,0,0,-,-,-,829.4,8693,15883,731264,476.607
1790423425,s7-ss-tcp,63202,3470,2134,2134,8.4,25.3,239.8,0.0,-,0,0,0.000
1790423425,s8-tuic,63108,3052,2142,2142,8.2,26.2,281.3,0.0,-,0,0,0.000
1790423425,s9-anytls,10278,592,720,720,13.8,29.7,241.3,0.0,-,0,0,0.000
1790423425,s10-vless-xhttp,23668,1572,682,682,35.3,47.7,264.5,0.0,-,0,0,0.000
1790423425,s11-http-proxy,61943,3496,1938,1938,15.4,29.2,178.9,0.0,-,0,0,0.000
1790423425,s12-vmess-h3,43716,2314,1567,1567,17.2,31.0,382.1,0.0,-,0,0,0.000
1790423425,__proc__,0,0,0,0,-,-,-,829.4,9357,22745,744859,484.356
1790423455,s7-ss-tcp,64333,3539,2375,2375,7.9,24.6,238.1,0.0,-,0,0,0.000
1790423455,s8-tuic,64100,3112,2083,2083,7.7,25.9,240.5,0.0,-,0,0,0.000
1790423455,s9-anytls,10641,614,762,762,13.7,29.7,240.3,0.0,-,0,0,0.000
1790423455,s10-vless-xhttp,23916,1589,521,521,35.3,47.6,278.2,0.0,-,0,0,0.000
1790423455,s11-http-proxy,63032,3549,2287,2287,13.8,29.2,231.1,0.0,-,0,0,0.000
1790423455,s12-vmess-h3,44292,2343,1210,1210,16.1,31.8,381.8,0.0,-,0,0,0.000
1790423455,__proc__,0,0,0,0,-,-,-,829.4,9201,20619,756034,491.582
1790423485,s7-ss-tcp,65436,3625,2316,2316,7.5,23.0,216.0,0.0,-,0,0,0.000
1790423485,s8-tuic,65100,3183,2100,2100,7.2,23.4,234.7,0.0,-,0,0,0.000
1790423485,s9-anytls,10837,635,412,412,13.5,29.6,240.3,0.0,-,0,0,0.000
1790423485,s10-vless-xhttp,24251,1619,704,704,35.2,47.5,281.6,0.0,-,0,0,0.000
1790423485,s11-http-proxy,64062,3629,2163,2163,12.6,28.9,231.1,0.0,-,0,0,0.000
1790423485,s12-vmess-h3,45035,2406,1560,1560,15.4,30.9,285.6,0.0,-,0,0,0.000
1790423485,__proc__,0,0,0,0,-,-,-,829.4,9384,22754,768697,498.977
1790423515,s7-ss-tcp,66404,3706,2033,2033,8.2,24.9,215.8,0.0,-,0,0,0.000
1790423515,s8-tuic,66058,3245,2012,2012,7.8,26.1,294.7,0.0,-,0,0,0.000
1790423515,s9-anytls,10934,650,204,204,13.5,29.7,240.3,0.0,-,0,0,0.000
1790423515,s10-vless-xhttp,24546,1652,620,620,35.2,47.7,278.2,0.0,-,0,0,0.000
1790423515,s11-http-proxy,65039,3713,2052,2052,13.6,30.4,236.1,0.0,-,0,0,0.000
1790423515,s12-vmess-h3,45731,2467,1462,1462,14.9,32.0,285.6,0.0,-,0,0,0.000
1790423515,__proc__,0,0,0,0,-,-,-,829.6,9352,22227,778468,506.531
1790423545,s7-ss-tcp,67430,3758,2155,2155,8.1,23.9,195.9,0.0,-,0,0,0.000
1790423545,s8-tuic,67243,3299,2488,2488,7.8,24.7,234.7,0.0,-,0,0,0.000
1790423545,s9-anytls,11121,664,393,393,13.3,29.6,231.3,0.0,-,0,0,0.000
1790423545,s10-vless-xhttp,24743,1662,414,414,35.3,47.7,278.2,0.0,-,0,0,0.000
1790423545,s11-http-proxy,66142,3774,2316,2316,13.4,31.2,231.1,0.0,-,0,0,0.000
1790423545,s12-vmess-h3,46319,2505,1235,1235,13.9,34.3,285.6,0.0,-,0,0,0.000
1790423545,__proc__,0,0,0,0,-,-,-,829.6,8964,20408,790162,513.239
1790423575,s7-ss-tcp,68474,3779,2192,2192,9.2,27.0,194.6,0.0,-,0,0,0.000
1790423575,s8-tuic,68451,3325,2537,2537,9.1,29.3,227.5,0.0,-,0,0,0.000
1790423575,s9-anytls,11293,676,361,361,13.4,30.0,231.3,0.0,-,0,0,0.000
1790423575,s10-vless-xhttp,24882,1667,292,292,35.2,47.7,278.2,0.0,-,0,0,0.000
1790423575,s11-http-proxy,67295,3807,2421,2421,14.9,32.7,225.2,0.0,-,0,0,0.000
1790423575,s12-vmess-h3,47210,2533,1871,1871,14.3,35.5,344.9,0.0,-,0,0,0.000
1790423575,__proc__,0,0,0,0,-,-,-,829.6,8696,23452,800199,520.908
1790423605,s7-ss-tcp,69603,3830,2371,2371,10.7,33.6,215.9,0.0,-,0,0,0.000
1790423605,s8-tuic,69588,3367,2388,2388,10.3,38.2,227.5,0.0,-,0,0,0.000
1790423605,s9-anytls,11447,686,323,323,13.7,30.9,231.3,0.0,-,0,0,0.000
1790423605,s10-vless-xhttp,25001,1674,250,250,35.3,47.7,278.2,0.0,-,0,0,0.000
1790423605,s11-http-proxy,68356,3861,2228,2228,16.9,35.9,217.3,0.0,-,0,0,0.000
1790423605,s12-vmess-h3,48299,2579,2287,2287,16.1,39.7,277.6,0.0,-,0,0,0.000
1790423605,__proc__,0,0,0,0,-,-,-,829.8,7637,24130,810292,529.746
1790423635,s7-ss-tcp,70817,3847,2549,2549,11.6,35.2,210.7,0.0,-,0,0,0.000
1790423635,s8-tuic,70798,3384,2541,2541,12.1,40.4,216.8,0.0,-,0,0,0.000
1790423635,s9-anytls,11577,690,273,273,13.8,31.3,231.3,0.0,-,0,0,0.000
1790423635,s10-vless-xhttp,25140,1677,292,292,35.4,47.7,278.2,0.0,-,0,0,0.000
1790423635,s11-http-proxy,69491,3893,2384,2384,17.9,37.3,216.1,0.0,-,0,0,0.000
1790423635,s12-vmess-h3,49212,2598,1917,1917,17.5,39.1,247.9,0.0,-,0,0,0.000
1790423635,__proc__,0,0,0,0,-,-,-,829.8,6776,20837,819999,538.332
1790423665,s7-ss-tcp,72089,3855,2671,2671,12.1,35.2,214.6,0.0,-,0,0,0.000
1790423665,s8-tuic,72068,3392,2667,2667,11.9,37.6,216.6,0.0,-,0,0,0.000
1790423665,s9-anytls,11720,692,300,300,13.8,31.4,231.3,0.0,-,0,0,0.000
1790423665,s10-vless-xhttp,25284,1678,302,302,35.4,47.6,254.4,0.0,-,0,0,0.000
1790423665,s11-http-proxy,70709,3901,2558,2558,19.2,37.7,214.9,0.0,-,0,0,0.000
1790423665,s12-vmess-h3,50210,2606,2096,2096,18.8,38.9,225.6,0.0,-,0,0,0.000
1790423665,__proc__,0,0,0,0,-,-,-,829.8,6007,20623,830799,546.797
1790423695,s7-ss-tcp,73302,3873,2547,2547,11.8,33.6,211.9,0.0,-,0,0,0.000
1790423695,s8-tuic,73279,3414,2543,2543,11.5,33.8,210.7,0.0,-,0,0,0.000
1790423695,s9-anytls,11884,697,344,344,14.0,31.7,231.2,0.0,-,0,0,0.000
1790423695,s10-vless-xhttp,25522,1687,500,500,35.4,47.6,254.4,0.0,-,0,0,0.000
1790423695,s11-http-proxy,71774,3925,2236,2236,19.0,36.8,203.3,0.0,-,0,0,0.000
1790423695,s12-vmess-h3,50962,2619,1579,1579,19.2,39.3,218.1,0.0,-,0,0,0.000
1790423695,__proc__,0,0,0,0,-,-,-,829.8,5349,16890,840594,554.820
1790423725,s7-ss-tcp,74566,3873,2654,2654,11.8,33.2,217.2,0.0,-,0,0,0.000
1790423725,s8-tuic,74534,3414,2636,2636,11.5,34.5,216.9,0.0,-,0,0,0.000
1790423725,s9-anytls,12092,700,437,437,13.8,31.8,231.2,0.0,-,0,0,0.000
1790423725,s10-vless-xhttp,25845,1688,678,678,35.4,47.6,245.2,0.0,-,0,0,0.000
1790423725,s11-http-proxy,72905,3925,2375,2375,18.5,37.0,194.3,0.0,-,0,0,0.000
1790423725,s12-vmess-h3,51834,2624,1831,1831,19.1,37.3,204.0,0.0,-,0,0,0.000
1790423725,__proc__,0,0,0,0,-,-,-,829.8,5478,18414,850801,563.196
1790423755,s7-ss-tcp,75719,3921,2421,2421,11.5,33.7,220.8,0.0,-,0,0,0.000
1790423755,s8-tuic,75617,3459,2274,2274,11.2,34.6,219.6,0.0,-,0,0,0.000
1790423755,s9-anytls,12211,705,250,250,13.8,31.8,231.2,0.0,-,0,0,0.000
1790423755,s10-vless-xhttp,26242,1709,834,834,35.4,47.5,239.0,0.0,-,0,0,0.000
1790423755,s11-http-proxy,73984,3980,2266,2266,19.5,36.1,170.0,0.0,-,0,0,0.000
1790423755,s12-vmess-h3,52926,2669,2293,2293,19.0,37.2,204.9,0.0,-,0,0,0.000
1790423755,__proc__,0,0,0,0,-,-,-,829.8,6036,21845,861869,572.331
1790423785,s7-ss-tcp,76827,3985,2327,2327,10.9,32.2,228.4,0.0,-,0,0,0.000
1790423785,s8-tuic,76633,3514,2134,2134,10.9,33.9,230.6,0.0,-,0,0,0.000
1790423785,s9-anytls,12412,723,422,422,13.7,31.9,231.1,0.0,-,0,0,0.000
1790423785,s10-vless-xhttp,26709,1741,981,981,35.3,46.8,227.4,0.0,-,0,0,0.000
1790423785,s11-http-proxy,75035,4040,2207,2207,19.2,35.6,191.0,0.0,-,0,0,0.000
1790423785,s12-vmess-h3,53989,2719,2232,2232,19.2,36.8,209.0,0.0,-,0,0,0.000
1790423785,__proc__,0,0,0,0,-,-,-,829.8,6290,21785,874822,581.293
1790423815,s7-ss-tcp,77907,4040,2268,2268,11.1,32.9,237.9,0.0,-,0,0,0.000
1790423815,s8-tuic,77722,3561,2287,2287,11.1,35.3,250.3,0.0,-,0,0,0.000
1790423815,s9-anytls,12730,743,668,668,13.8,32.3,218.8,0.0,-,0,0,0.000
1790423815,s10-vless-xhttp,27322,1787,1287,1287,35.5,46.3,200.4,0.0,-,0,0,0.000
1790423815,s11-http-proxy,75977,4090,1978,1978,20.0,35.8,169.2,0.0,-,0,0,0.000
1790423815,s12-vmess-h3,54796,2747,1695,1695,19.4,36.3,210.9,0.0,-,0,0,0.000
1790423815,__proc__,0,0,0,0,-,-,-,829.9,6665,19522,885050,589.981
1790423845,s7-ss-tcp,79021,4091,2339,2339,11.0,32.9,245.4,0.0,-,0,0,0.000
1790423845,s8-tuic,78816,3607,2297,2297,10.8,35.9,262.1,0.0,-,0,0,0.000
1790423845,s9-anytls,13033,751,636,636,13.8,32.4,219.0,0.0,-,0,0,0.000
1790423845,s10-vless-xhttp,28005,1829,1434,1434,35.7,46.4,192.3,0.0,-,0,0,0.000
1790423845,s11-http-proxy,76813,4130,1756,1756,19.6,34.9,210.6,0.0,-,0,0,0.000
1790423845,s12-vmess-h3,55365,2782,1195,1195,19.5,36.6,264.9,0.0,-,0,0,0.000
1790423845,__proc__,0,0,0,0,-,-,-,829.9,7405,17829,897177,598.909
1790423875,s7-ss-tcp,80099,4163,2264,2264,11.1,33.0,237.9,0.0,-,0,0,0.000
1790423875,s8-tuic,79780,3657,2024,2024,11.0,36.7,307.4,0.0,-,0,0,0.000
1790423875,s9-anytls,13256,773,468,468,13.5,32.4,214.6,0.0,-,0,0,0.000
1790423875,s10-vless-xhttp,28569,1878,1184,1184,35.8,46.3,207.6,0.0,-,0,0,0.000
1790423875,s11-http-proxy,77833,4217,2142,2142,18.3,35.3,230.8,0.0,-,0,0,0.000
1790423875,s12-vmess-h3,56147,2838,1642,1642,18.7,36.3,306.5,0.0,-,0,0,0.000
1790423875,__proc__,0,0,0,0,-,-,-,830.2,8420,21832,910116,607.122
1790423905,s7-ss-tcp,81231,4213,2377,2377,11.7,33.0,235.1,0.0,-,0,0,0.000
1790423905,s8-tuic,80913,3710,2379,2379,11.2,34.3,261.0,0.0,-,0,0,0.000
1790423905,s9-anytls,13446,792,399,399,13.6,32.8,216.2,0.0,-,0,0,0.000
1790423905,s10-vless-xhttp,28985,1909,874,874,35.7,46.2,207.6,0.0,-,0,0,0.000
1790423905,s11-http-proxy,78906,4277,2253,2253,17.1,34.9,234.8,0.0,-,0,0,0.000
1790423905,s12-vmess-h3,56691,2861,1142,1142,18.1,36.4,306.7,0.0,-,0,0,0.000
1790423905,__proc__,0,0,0,0,-,-,-,830.2,8770,19675,920312,615.299
1790423935,s7-ss-tcp,82269,4303,2180,2180,10.1,31.3,233.0,0.0,-,0,0,0.000
1790423935,s8-tuic,81941,3800,2159,2159,10.4,31.9,234.8,0.0,-,0,0,0.000
1790423935,s9-anytls,13590,807,302,302,13.4,32.8,215.9,0.0,-,0,0,0.000
1790423935,s10-vless-xhttp,29439,1959,953,953,35.5,46.1,225.0,0.0,-,0,0,0.000
1790423935,s11-http-proxy,79861,4367,2006,2006,16.6,34.8,248.8,0.0,-,0,0,0.000
1790423935,s12-vmess-h3,57564,2938,1833,1833,17.4,39.8,438.5,0.0,-,0,0,0.000
1790423935,__proc__,0,0,0,0,-,-,-,830.8,9761,24880,932478,623.911
1790423965,s7-ss-tcp,83237,4382,2033,2033,9.5,31.7,233.6,0.0,-,0,0,0.000
1790423965,s8-tuic,82891,3863,1995,1995,9.6,40.9,234.7,0.0,-,0,0,0.000
1790423965,s9-anytls,13634,809,92,92,13.3,32.8,215.9,0.0,-,0,0,0.000
1790423965,s10-vless-xhttp,29778,2002,712,712,35.6,46.2,226.4,0.0,-,0,0,0.000
1790423965,s11-http-proxy,80851,4443,2079,2079,17.0,37.1,233.7,0.0,-,0,0,0.000
1790423965,s12-vmess-h3,58344,3005,1638,1638,17.6,63.2,438.5,0.0,-,0,0,0.000
1790423965,__proc__,0,0,0,0,-,-,-,831.1,9994,24190,944220,631.765
1790423995,s7-ss-tcp,84247,4394,2121,2121,9.5,30.8,230.3,0.0,-,0,0,0.000
1790423995,s8-tuic,83973,3874,2272,2272,9.6,33.2,229.2,0.0,-,0,0,0.000
1790423995,s9-anytls,13634,809,0,0,13.3,32.8,215.9,0.0,-,0,0,0.000
1790423995,s10-vless-xhttp,29923,2004,304,304,35.6,46.3,226.4,0.0,-,0,0,0.000
1790423995,s11-http-proxy,82091,4452,2604,2604,17.3,37.5,234.2,0.0,-,0,0,0.000
1790423995,s12-vmess-h3,59148,3013,1688,1688,16.8,66.6,403.1,0.0,-,0,0,0.000
1790423995,__proc__,0,0,0,0,-,-,-,831.0,9864,24210,953747,638.742
1790424025,s7-ss-tcp,85448,4431,2522,2522,10.1,29.1,208.2,0.0,-,0,0,0.000
1790424025,s8-tuic,85171,3904,2516,2516,10.1,32.4,216.0,0.0,-,0,0,0.000
1790424025,s9-anytls,13634,809,0,0,13.3,32.8,215.9,0.0,-,0,0,0.000
1790424025,s10-vless-xhttp,29924,2004,2,2,35.6,46.3,226.4,0.0,-,0,0,0.000
1790424025,s11-http-proxy,83227,4504,2386,2386,17.3,36.3,224.3,0.0,-,0,0,0.000
1790424025,s12-vmess-h3,59766,3032,1298,1298,17.0,51.3,252.1,0.0,-,0,0,0.000
1790424025,__proc__,0,0,0,0,-,-,-,831.0,8997,20887,961533,645.468
1790424055,s7-ss-tcp,86667,4457,2560,2560,11.1,31.6,200.1,0.0,-,0,0,0.000
1790424055,s8-tuic,86396,3931,2572,2572,10.6,33.2,200.2,0.0,-,0,0,0.000
1790424055,s9-anytls,13634,809,0,0,13.3,32.8,215.9,0.0,-,0,0,0.000
1790424055,s10-vless-xhttp,29924,2004,0,0,35.6,46.3,226.4,0.0,-,0,0,0.000
1790424055,s11-http-proxy,84378,4537,2417,2417,17.4,38.7,211.4,0.0,-,0,0,0.000
1790424055,s12-vmess-h3,60732,3067,2029,2029,17.7,53.7,232.2,0.0,-,0,0,0.000
1790424055,__proc__,0,0,0,0,-,-,-,831.0,8546,24081,969852,653.147
1790424085,s7-ss-tcp,87919,4473,2629,2629,12.0,31.5,187.9,0.0,-,0,0,0.000
1790424085,s8-tuic,87655,3947,2644,2644,11.5,31.7,187.8,0.0,-,0,0,0.000
1790424085,s9-anytls,13634,809,0,0,13.3,32.8,215.9,0.0,-,0,0,0.000
1790424085,s10-vless-xhttp,29924,2004,0,0,35.6,46.3,226.4,0.0,-,0,0,0.000
1790424085,s11-http-proxy,85567,4540,2497,2497,18.4,36.1,184.2,0.0,-,0,0,0.000
1790424085,s12-vmess-h3,61655,3077,1938,1938,18.3,45.3,216.2,0.0,-,0,0,0.000
1790424085,__proc__,0,0,0,0,-,-,-,831.0,7584,22166,978183,661.589
1790424115,s7-ss-tcp,89184,4473,2656,2656,12.6,34.6,197.2,0.0,-,0,0,0.000
1790424115,s8-tuic,88924,3947,2665,2665,11.8,33.8,190.1,0.0,-,0,0,0.000
1790424115,s9-anytls,13634,809,0,0,13.3,32.8,215.9,0.0,-,0,0,0.000
1790424115,s10-vless-xhttp,29970,2005,97,97,35.6,46.3,225.6,0.0,-,0,0,0.000
1790424115,s11-http-proxy,86799,4540,2587,2587,19.3,36.7,184.2,0.0,-,0,0,0.000
1790424115,s12-vmess-h3,62844,3079,2497,2497,18.5,35.8,171.8,0.0,-,0,0,0.000
1790424115,__proc__,0,0,0,0,-,-,-,831.0,6754,23976,986702,670.078
1790424145,s7-ss-tcp,90387,4489,2526,2526,13.1,35.6,208.6,0.0,-,0,0,0.000
1790424145,s8-tuic,90138,3964,2549,2549,12.0,32.6,202.1,0.0,-,0,0,0.000
1790424145,s9-anytls,13634,809,0,0,13.3,32.8,215.9,0.0,-,0,0,0.000
1790424145,s10-vless-xhttp,30114,2009,302,302,35.7,46.5,226.6,0.0,-,0,0,0.000
1790424145,s11-http-proxy,87971,4548,2461,2461,19.2,35.6,188.4,0.0,-,0,0,0.000
1790424145,s12-vmess-h3,63596,3089,1579,1579,18.5,36.0,182.4,0.0,-,0,0,0.000
1790424145,__proc__,0,0,0,0,-,-,-,831.1,5328,16871,996197,678.277
1790424175,s7-ss-tcp,91637,4505,2625,2625,13.1,33.8,212.4,0.0,-,0,0,0.000
1790424175,s8-tuic,91378,3980,2604,2604,12.1,33.2,210.4,0.0,-,0,0,0.000
1790424175,s9-anytls,13876,816,508,508,13.4,33.1,215.9,0.0,-,0,0,0.000
1790424175,s10-vless-xhttp,30294,2012,378,378,35.7,46.4,226.6,0.0,-,0,0,0.000
1790424175,s11-http-proxy,89147,4564,2470,2470,19.6,34.7,162.9,0.0,-,0,0,0.000
1790424175,s12-vmess-h3,64747,3108,2417,2417,19.1,35.3,188.6,0.0,-,0,0,0.000
1790424175,__proc__,0,0,0,0,-,-,-,831.1,4835,20661,1006738,686.615
1790424205,s7-ss-tcp,92896,4517,2644,2644,11.3,32.3,216.0,0.0,-,0,0,0.000
1790424205,s8-tuic,92631,3994,2631,2631,11.0,32.3,214.9,0.0,-,0,0,0.000
1790424205,s9-anytls,14195,828,670,670,13.9,33.6,216.3,0.0,-,0,0,0.000
1790424205,s10-vless-xhttp,30570,2018,580,580,35.7,46.4,228.9,0.0,-,0,0,0.000
1790424205,s11-http-proxy,90307,4585,2436,2436,19.4,34.5,174.8,0.0,-,0,0,0.000
1790424205,s12-vmess-h3,65916,3110,2455,2455,19.1,35.3,203.4,0.0,-,0,0,0.000
1790424205,__proc__,0,0,0,0,-,-,-,831.1,4610,20536,1019801,696.428
1790424235,s7-ss-tcp,94091,4546,2510,2510,10.2,33.5,239.9,0.0,-,0,0,0.000
1790424235,s8-tuic,93720,4015,2287,2287,10.1,33.1,232.6,0.0,-,0,0,0.000
1790424235,s9-anytls,14609,846,869,869,14.6,34.4,216.3,0.0,-,0,0,0.000
1790424235,s10-vless-xhttp,30965,2031,830,830,35.6,46.4,226.4,0.0,-,0,0,0.000
1790424235,s11-http-proxy,91435,4617,2369,2369,19.8,35.6,199.7,0.0,-,0,0,0.000
1790424235,s12-vmess-h3,67046,3142,2373,2373,19.4,35.5,209.4,0.0,-,0,0,0.000
1790424235,__proc__,0,0,0,0,-,-,-,831.1,4481,19880,1031633,705.900
1790424265,s7-ss-tcp,95268,4589,2472,2472,9.6,32.6,224.8,0.0,-,0,0,0.000
1790424265,s8-tuic,94844,4048,2360,2360,9.5,32.4,224.3,0.0,-,0,0,0.000
1790424265,s9-anytls,14990,868,800,800,15.3,35.0,213.6,0.0,-,0,0,0.000
1790424265,s10-vless-xhttp,31477,2061,1075,1075,35.5,46.4,226.4,0.0,-,0,0,0.000
1790424265,s11-http-proxy,92526,4663,2291,2291,19.7,36.1,197.4,0.0,-,0,0,0.000
1790424265,s12-vmess-h3,67958,3182,1915,1915,19.5,36.8,213.9,0.0,-,0,0,0.000
1790424265,__proc__,0,0,0,0,-,-,-,831.1,4466,17377,1044300,715.230
1790424295,s7-ss-tcp,96429,4623,2438,2438,9.8,32.4,246.8,0.0,-,0,0,0.000
1790424295,s8-tuic,95715,4071,1829,1829,9.5,32.4,243.0,0.0,-,0,0,0.000
1790424295,s9-anytls,15385,897,830,830,15.5,35.2,228.5,0.0,-,0,0,0.000
1790424295,s10-vless-xhttp,32169,2088,1453,1453,35.5,46.9,226.4,0.0,-,0,0,0.000
1790424295,s11-http-proxy,93582,4703,2218,2218,19.6,36.2,185.7,0.0,-,0,0,0.000
1790424295,s12-vmess-h3,68925,3222,2031,2031,19.3,36.9,247.5,0.0,-,0,0,0.000
1790424295,__proc__,0,0,0,0,-,-,-,831.1,5817,19991,1056738,725.006
1790424325,s7-ss-tcp,97535,4671,2323,2323,10.0,31.3,249.4,0.0,-,0,0,0.000
1790424325,s8-tuic,96782,4116,2241,2241,9.9,32.3,247.3,0.0,-,0,0,0.000
1790424325,s9-anytls,15620,916,494,494,15.5,35.2,232.1,0.0,-,0,0,0.000
1790424325,s10-vless-xhttp,32928,2130,1594,1594,35.5,46.9,232.2,0.0,-,0,0,0.000
1790424325,s11-http-proxy,94424,4734,1768,1768,19.1,36.6,230.1,0.0,-,0,0,0.000
1790424325,s12-vmess-h3,69663,3252,1550,1550,19.2,36.8,248.6,0.0,-,0,0,0.000
1790424325,__proc__,0,0,0,0,-,-,-,831.1,7073,19332,1066969,734.127
1790424355,s7-ss-tcp,98607,4739,2251,2251,10.2,29.6,254.2,0.0,-,0,0,0.000
1790424355,s8-tuic,97804,4175,2146,2146,9.6,30.2,254.4,0.0,-,0,0,0.000
1790424355,s9-anytls,15943,944,678,678,15.0,34.6,232.1,0.0,-,0,0,0.000
1790424355,s10-vless-xhttp,33598,2189,1407,1407,35.7,47.0,232.4,0.0,-,0,0,0.000
1790424355,s11-http-proxy,95313,4810,1867,1867,18.1,35.9,228.2,0.0,-,0,0,0.000
1790424355,s12-vmess-h3,70298,3310,1334,1334,18.2,36.3,245.2,0.0,-,0,0,0.000
1790424355,__proc__,0,0,0,0,-,-,-,831.2,8286,19962,1077937,742.368
1790424385,s7-ss-tcp,99681,4815,2255,2255,10.4,29.9,256.9,0.0,-,0,0,0.000
1790424385,s8-tuic,98778,4233,2045,2045,9.6,29.2,256.9,0.0,-,0,0,0.000
1790424385,s9-anytls,16161,967,458,458,14.9,34.7,235.4,0.0,-,0,0,0.000
1790424385,s10-vless-xhttp,34120,2230,1096,1096,35.5,46.7,238.6,0.0,-,0,0,0.000
1790424385,s11-http-proxy,96332,4893,2140,2140,17.4,33.5,227.8,0.0,-,0,0,0.000
1790424385,s12-vmess-h3,70793,3335,1040,1040,17.6,37.0,248.6,0.0,-,0,0,0.000
1790424385,__proc__,0,0,0,0,-,-,-,831.3,9112,19597,1089193,750.677
1790424415,s7-ss-tcp,100680,4884,2098,2098,10.7,29.1,250.4,0.0,-,0,0,0.000
1790424415,s8-tuic,99703,4288,1942,1942,9.8,28.9,250.6,0.0,-,0,0,0.000
1790424415,s9-anytls,16364,981,426,426,15.1,34.3,234.8,0.0,-,0,0,0.000
1790424415,s10-vless-xhttp,34568,2266,941,941,35.4,46.2,233.1,0.0,-,0,0,0.000
1790424415,s11-http-proxy,97355,4969,2148,2148,17.5,32.7,220.3,0.0,-,0,0,0.000
1790424415,s12-vmess-h3,71422,3382,1321,1321,17.5,36.6,262.9,0.0,-,0,0,0.000
1790424415,__proc__,0,0,0,0,-,-,-,832.1,10157,22728,1100409,757.532
1790424445,s7-ss-tcp,101548,4915,1823,1823,9.5,28.1,240.4,0.0,-,0,0,0.000
1790424445,s8-tuic,100734,4306,2165,2165,8.7,28.8,242.1,0.0,-,0,0,0.000
1790424445,s9-anytls,16482,991,248,248,14.9,34.4,234.4,0.0,-,0,0,0.000
1790424445,s10-vless-xhttp,34911,2285,720,720,35.4,46.9,234.2,0.0,-,0,0,0.000
1790424445,s11-http-proxy,98555,5005,2520,2520,15.4,33.0,196.9,0.0,-,0,0,0.000
1790424445,s12-vmess-h3,71749,3400,687,687,17.2,37.9,261.2,0.0,-,0,0,0.000
1790424445,__proc__,0,0,0,0,-,-,-,832.6,10239,19324,1111898,763.701
1790424475,s7-ss-tcp,102401,4972,1791,1791,8.8,28.3,220.1,0.0,-,0,0,0.000
1790424475,s8-tuic,101820,4350,2281,2281,8.1,30.5,233.3,0.0,-,0,0,0.000
1790424475,s9-anytls,16513,997,65,65,14.9,34.5,234.1,0.0,-,0,0,0.000
1790424475,s10-vless-xhttp,34969,2301,122,122,35.4,47.1,242.3,0.0,-,0,0,0.000
1790424475,s11-http-proxy,99480,5066,1942,1942,14.2,112.7,222.2,0.0,-,0,0,0.000
1790424475,s12-vmess-h3,71999,3427,525,525,17.0,68.9,271.3,0.0,-,0,0,0.000
1790424475,__proc__,0,0,0,0,-,-,-,832.7,9839,17911,1121644,768.598
1790424505,s7-ss-tcp,103460,4990,2224,2224,8.7,47.5,217.8,0.0,-,0,0,0.000
1790424505,s8-tuic,103141,4370,2774,2774,7.5,40.4,212.1,0.0,-,0,0,0.000
1790424505,s9-anytls,16513,997,0,0,14.9,34.5,234.1,0.0,-,0,0,0.000
1790424505,s10-vless-xhttp,35098,2303,271,271,35.5,47.5,242.3,0.0,-,0,0,0.000
1790424505,s11-http-proxy,100524,5080,2192,2192,14.3,112.7,212.0,0.0,-,0,0,0.000
1790424505,s12-vmess-h3,72822,3446,1728,1728,16.8,96.4,264.1,0.0,-,0,0,0.000
1790424505,__proc__,0,0,0,0,-,-,-,833.5,10108,24859,1132611,774.491
1790424535,s7-ss-tcp,104714,5004,2633,2633,9.1,58.5,180.3,0.0,-,0,0,0.000
1790424535,s8-tuic,104410,4383,2665,2665,8.8,35.8,189.3,0.0,-,0,0,0.000
1790424535,s9-anytls,16513,997,0,0,14.9,34.5,234.1,0.0,-,0,0,0.000
1790424535,s10-vless-xhttp,35098,2303,0,0,35.5,47.5,242.3,0.0,-,0,0,0.000
1790424535,s11-http-proxy,101763,5097,2602,2602,14.0,105.9,210.4,0.0,-,0,0,0.000
1790424535,s12-vmess-h3,73288,3454,979,979,16.2,103.4,263.3,0.0,-,0,0,0.000
1790424535,__proc__,0,0,0,0,-,-,-,833.6,8974,19033,1140089,781.122
1790424565,s7-ss-tcp,105890,5028,2470,2470,10.8,28.6,172.0,0.0,-,0,0,0.000
1790424565,s8-tuic,105604,4399,2507,2507,10.4,28.2,164.5,0.0,-,0,0,0.000
1790424565,s9-anytls,16593,998,168,168,14.9,34.5,234.1,0.0,-,0,0,0.000
1790424565,s10-vless-xhttp,35098,2303,0,0,35.5,47.5,242.3,0.0,-,0,0,0.000
1790424565,s11-http-proxy,102893,5120,2373,2373,15.6,33.2,144.5,0.0,-,0,0,0.000
1790424565,s12-vmess-h3,74228,3473,1974,1974,16.3,61.2,225.5,0.0,-,0,0,0.000
1790424565,__proc__,0,0,0,0,-,-,-,833.8,8407,23656,1147366,789.216
1790424595,s7-ss-tcp,107037,5052,2409,2409,11.0,28.9,185.8,0.0,-,0,0,0.000
1790424595,s8-tuic,106788,4426,2486,2486,10.8,29.0,180.0,0.0,-,0,0,0.000
1790424595,s9-anytls,16692,1002,208,208,14.8,34.6,234.1,0.0,-,0,0,0.000
1790424595,s10-vless-xhttp,35177,2306,166,166,35.5,47.7,242.3,0.0,-,0,0,0.000
1790424595,s11-http-proxy,104085,5152,2503,2503,16.3,30.9,177.9,0.0,-,0,0,0.000
1790424595,s12-vmess-h3,74996,3490,1613,1613,16.1,45.2,220.0,0.0,-,0,0,0.000
1790424595,__proc__,0,0,0,0,-,-,-,834.0,7085,19639,1156032,796.116
1790424625,s7-ss-tcp,108196,5060,2434,2434,10.0,27.4,180.1,0.0,-,0,0,0.000
1790424625,s8-tuic,107909,4435,2354,2354,9.9,27.6,180.2,0.0,-,0,0,0.000
1790424625,s9-anytls,16898,1005,433,433,14.6,34.6,231.7,0.0,-,0,0,0.000
1790424625,s10-vless-xhttp,35310,2308,279,279,35.6,47.9,244.9,0.0,-,0,0,0.000
1790424625,s11-http-proxy,105240,5162,2426,2426,15.8,30.3,194.4,0.0,-,0,0,0.000
1790424625,s12-vmess-h3,75893,3501,1884,1884,15.8,37.2,197.3,0.0,-,0,0,0.000
1790424625,__proc__,0,0,0,0,-,-,-,834.0,6084,19794,1166649,803.457
1790424655,s7-ss-tcp,109404,5060,2537,2537,9.3,27.3,203.6,0.0,-,0,0,0.000
1790424655,s8-tuic,109111,4435,2524,2524,9.3,27.8,219.5,0.0,-,0,0,0.000
1790424655,s9-anytls,17126,1006,479,479,14.5,34.7,231.7,0.0,-,0,0,0.000
1790424655,s10-vless-xhttp,35489,2309,376,376,35.7,48.3,245.5,0.0,-,0,0,0.000
1790424655,s11-http-proxy,106353,5162,2337,2337,16.4,31.0,199.3,0.0,-,0,0,0.000
1790424655,s12-vmess-h3,76930,3502,2178,2178,16.2,31.7,203.8,0.0,-,0,0,0.000
1790424655,__proc__,0,0,0,0,-,-,-,834.3,5123,19809,1177600,814.445
1790424685,s7-ss-tcp,110452,5060,2201,2201,9.4,28.1,319.0,0.0,-,0,0,0.000
1790424685,s8-tuic,110160,4435,2203,2203,9.5,27.9,294.7,0.0,-,0,0,0.000
1790424685,s9-anytls,17348,1011,466,466,14.9,35.2,236.9,0.0,-,0,0,0.000
1790424685,s10-vless-xhttp,35739,2309,525,525,35.7,48.2,245.5,0.0,-,0,0,0.000
1790424685,s11-http-proxy,107377,5162,2150,2150,16.6,30.4,199.3,0.0,-,0,0,0.000
1790424685,s12-vmess-h3,77954,3502,2150,2150,16.4,32.7,222.4,0.0,-,0,0,0.000
1790424685,__proc__,0,0,0,0,-,-,-,834.7,4570,18743,1187458,826.916
1790424715,s7-ss-tcp,111611,5060,2434,2434,11.1,28.7,361.1,0.0,-,0,0,0.000
1790424715,s8-tuic,111320,4435,2436,2436,10.8,28.9,357.4,0.0,-,0,0,0.000
1790424715,s9-anytls,17590,1015,508,508,14.9,34.7,242.8,0.0,-,0,0,0.000
1790424715,s10-vless-xhttp,36010,2309,569,569,35.6,48.5,250.6,0.0,-,0,0,0.000
1790424715,s11-http-proxy,108481,5162,2318,2318,17.5,30.4,193.1,0.0,-,0,0,0.000
1790424715,s12-vmess-h3,79059,3502,2320,2320,17.0,32.7,288.4,0.0,-,0,0,0.000
1790424715,__proc__,0,0,0,0,-,-,-,834.8,4245,19277,1197974,836.548
1790424745,s7-ss-tcp,112698,5068,2283,2283,12.1,31.7,369.6,0.0,-,0,0,0.000
1790424745,s8-tuic,112415,4443,2300,2300,11.5,31.6,369.7,0.0,-,0,0,0.000
1790424745,s9-anytls,18017,1024,897,897,15.4,34.6,252.2,0.0,-,0,0,0.000
1790424745,s10-vless-xhttp,36547,2317,1128,1128,35.7,48.9,245.2,0.0,-,0,0,0.000
1790424745,s11-http-proxy,109521,5162,2184,2184,18.6,30.9,217.7,0.0,-,0,0,0.000
1790424745,s12-vmess-h3,80107,3510,2201,2201,18.2,32.2,301.6,0.0,-,0,0,0.000
1790424745,__proc__,0,0,0,0,-,-,-,835.0,4785,19360,1209799,848.188
1790424775,s7-ss-tcp,113738,5092,2184,2184,12.3,33.1,424.2,0.0,-,0,0,0.000
1790424775,s8-tuic,113455,4467,2184,2184,11.3,32.6,427.7,0.0,-,0,0,0.000
1790424775,s9-anytls,18346,1033,691,691,15.5,34.8,256.5,0.0,-,0,0,0.000
1790424775,s10-vless-xhttp,37294,2332,1569,1569,35.6,50.9,292.7,0.0,-,0,0,0.000
1790424775,s11-http-proxy,110514,5184,2085,2085,19.4,33.1,221.6,0.0,-,0,0,0.000
1790424775,s12-vmess-h3,81107,3534,2100,2100,19.3,34.0,353.1,0.0,-,0,0,0.000
1790424775,__proc__,0,0,0,0,-,-,-,835.3,5967,20658,1221573,860.045
1790424805,s7-ss-tcp,114744,5176,2113,2113,11.1,31.8,394.7,0.0,-,0,0,0.000
1790424805,s8-tuic,114468,4541,2127,2127,10.2,31.3,403.3,0.0,-,0,0,0.000
1790424805,s9-anytls,18607,1067,548,548,15.2,34.2,256.5,0.0,-,0,0,0.000
1790424805,s10-vless-xhttp,38097,2404,1686,1686,35.7,52.9,318.7,0.0,-,0,0,0.000
1790424805,s11-http-proxy,111470,5248,2008,2008,19.3,34.5,248.0,0.0,-,0,0,0.000
1790424805,s12-vmess-h3,81936,3588,1741,1741,19.0,36.4,308.0,0.0,-,0,0,0.000
1790424805,__proc__,0,0,0,0,-,-,-,835.5,7272,20778,1235374,869.459
1790424835,s7-ss-tcp,115781,5215,2178,2178,11.0,32.1,408.3,0.0,-,0,0,0.000
1790424835,s8-tuic,115498,4569,2163,2163,10.2,31.7,452.7,0.0,-,0,0,0.000
1790424835,s9-anytls,18839,1076,487,487,15.1,33.7,258.6,0.0,-,0,0,0.000
1790424835,s10-vless-xhttp,38802,2432,1480,1480,35.8,53.0,390.7,0.0,-,0,0,0.000
1790424835,s11-http-proxy,112424,5282,2003,2003,19.6,35.1,452.7,0.0,-,0,0,0.000
1790424835,s12-vmess-h3,82571,3611,1334,1334,19.1,36.4,353.1,0.0,-,0,0,0.000
1790424835,__proc__,0,0,0,0,-,-,-,835.7,8343,20049,1246061,880.943
1790424865,s7-ss-tcp,116717,5259,1966,1966,11.7,30.8,374.5,0.0,-,0,0,0.000
1790424865,s8-tuic,116329,4610,1745,1745,11.1,31.3,494.0,0.0,-,0,0,0.000
1790424865,s9-anytls,18914,1079,158,158,15.1,33.1,258.6,0.0,-,0,0,0.000
1790424865,s10-vless-xhttp,39450,2474,1361,1361,35.8,51.7,376.1,0.0,-,0,0,0.000
1790424865,s11-http-proxy,113334,5327,1911,1911,19.1,34.7,531.9,0.0,-,0,0,0.000
1790424865,s12-vmess-h3,83129,3634,1172,1172,19.3,36.9,357.1,0.0,-,0,0,0.000
1790424865,__proc__,0,0,0,0,-,-,-,836.1,9595,21093,1255116,892.593
1790424895,s7-ss-tcp,117601,5364,1856,1856,11.3,30.3,366.5,0.0,-,0,0,0.000
1790424895,s8-tuic,117317,4681,2075,2075,10.8,35.3,461.2,0.0,-,0,0,0.000
1790424895,s9-anytls,18988,1098,155,155,15.0,33.2,258.8,0.0,-,0,0,0.000
1790424895,s10-vless-xhttp,39924,2514,995,995,35.8,52.7,410.5,0.0,-,0,0,0.000
1790424895,s11-http-proxy,113963,5394,1321,1321,18.0,37.1,524.9,0.0,-,0,0,0.000
1790424895,s12-vmess-h3,83537,3670,857,857,18.4,39.1,370.3,0.0,-,0,0,0.000
1790424895,__proc__,0,0,0,0,-,-,-,836.2,10163,20283,1266532,900.102
1790424925,s7-ss-tcp,118642,5386,2186,2186,10.2,30.3,341.3,0.0,-,0,0,0.000
1790424925,s8-tuic,118470,4685,2421,2421,9.5,105.2,409.8,0.0,-,0,0,0.000
1790424925,s9-anytls,18999,1100,23,23,15.0,33.2,258.8,0.0,-,0,0,0.000
1790424925,s10-vless-xhttp,39974,2515,105,105,35.9,52.9,410.5,0.0,-,0,0,0.000
1790424925,s11-http-proxy,114967,5413,2108,2108,15.8,37.6,526.4,0.0,-,0,0,0.000
1790424925,s12-vmess-h3,84068,3684,1115,1115,17.3,43.1,338.5,0.0,-,0,0,0.000
1790424925,__proc__,0,0,0,0,-,-,-,836.2,10103,21502,1278430,906.051
1790424955,s7-ss-tcp,119666,5386,2150,2150,10.2,30.6,301.0,0.0,-,0,0,0.000
1790424955,s8-tuic,119780,4685,2751,2751,8.9,63.9,306.2,0.0,-,0,0,0.000
1790424955,s9-anytls,18999,1100,0,0,15.0,33.2,258.8,0.0,-,0,0,0.000
1790424955,s10-vless-xhttp,39974,2515,0,0,35.9,52.9,410.5,0.0,-,0,0,0.000
1790424955,s11-http-proxy,116174,5413,2535,2535,15.9,38.9,309.4,0.0,-,0,0,0.000
1790424955,s12-vmess-h3,84928,3687,1806,1806,16.7,45.1,308.0,0.0,-,0,0,0.000
1790424955,__proc__,0,0,0,0,-,-,-,836.7,10098,25251,1286944,914.239
1790424985,s7-ss-tcp,120645,5410,2056,2056,9.4,31.3,288.0,0.0,-,0,0,0.000
1790424985,s8-tuic,120902,4722,2356,2356,8.8,57.7,233.1,0.0,-,0,0,0.000
1790424985,s9-anytls,18999,1100,0,0,15.0,33.2,258.8,0.0,-,0,0,0.000
1790424985,s10-vless-xhttp,39974,2515,0,0,35.9,52.9,410.5,0.0,-,0,0,0.000
1790424985,s11-http-proxy,117222,5453,2201,2201,16.7,36.2,286.1,0.0,-,0,0,0.000
1790424985,s12-vmess-h3,85981,3727,2211,2211,17.3,43.4,299.8,0.0,-,0,0,0.000
1790424985,__proc__,0,0,0,0,-,-,-,838.8,9773,27047,1295107,923.175
1790425015,s7-ss-tcp,121771,5421,2365,2365,11.3,31.2,206.7,0.0,-,0,0,0.000
1790425015,s8-tuic,122071,4732,2455,2455,11.5,30.5,224.6,0.0,-,0,0,0.000
1790425015,s9-anytls,18999,1100,0,0,15.0,33.2,258.8,0.0,-,0,0,0.000
1790425015,s10-vless-xhttp,39974,2515,0,0,35.9,52.9,410.5,0.0,-,0,0,0.000
1790425015,s11-http-proxy,118342,5465,2352,2352,19.0,34.3,238.5,0.0,-,0,0,0.000
1790425015,s12-vmess-h3,87109,3734,2369,2369,18.3,42.4,256.9,0.0,-,0,0,0.000
1790425015,__proc__,0,0,0,0,-,-,-,841.0,9300,27137,1302831,932.699
1790425045,s7-ss-tcp,122933,5421,2440,2440,13.8,31.3,230.0,0.0,-,0,0,0.000
1790425045,s8-tuic,123230,4732,2434,2434,13.9,31.8,244.6,0.0,-,0,0,0.000
1790425045,s9-anytls,18999,1100,0,0,15.0,33.2,258.8,0.0,-,0,0,0.000
1790425045,s10-vless-xhttp,39974,2515,0,0,35.9,52.9,410.5,0.0,-,0,0,0.000
1790425045,s11-http-proxy,119470,5465,2369,2369,20.7,33.8,199.5,0.0,-,0,0,0.000
1790425045,s12-vmess-h3,88237,3734,2369,2369,20.1,34.2,232.4,0.0,-,0,0,0.000
1790425045,__proc__,0,0,0,0,-,-,-,841.0,8245,25558,1310706,942.283
1790425075,s7-ss-tcp,124052,5421,2350,2350,16.3,32.5,278.2,0.0,-,0,0,0.000
1790425075,s8-tuic,124349,4732,2350,2350,16.2,32.7,273.3,0.0,-,0,0,0.000
1790425075,s9-anytls,18999,1100,0,0,15.0,33.2,258.8,0.0,-,0,0,0.000
1790425075,s10-vless-xhttp,39974,2515,0,0,35.9,52.9,410.5,0.0,-,0,0,0.000
1790425075,s11-http-proxy,120566,5465,2302,2302,21.9,34.2,41.1,0.0,-,0,0,0.000
1790425075,s12-vmess-h3,89335,3734,2306,2306,21.6,34.5,206.4,0.0,-,0,0,0.000
1790425075,__proc__,0,0,0,0,-,-,-,841.1,6718,22918,1318488,952.911
1790425105,s7-ss-tcp,125243,5421,2501,2501,17.2,33.1,280.0,0.0,-,0,0,0.000
1790425105,s8-tuic,125540,4732,2501,2501,17.0,33.5,277.0,0.0,-,0,0,0.000
1790425105,s9-anytls,19090,1102,191,191,15.2,33.5,258.8,0.0,-,0,0,0.000
1790425105,s10-vless-xhttp,39974,2515,0,0,35.9,52.9,410.5,0.0,-,0,0,0.000
1790425105,s11-http-proxy,121710,5465,2402,2402,22.2,34.5,41.6,0.0,-,0,0,0.000
1790425105,s12-vmess-h3,90481,3734,2407,2407,21.8,34.7,216.0,0.0,-,0,0,0.000
1790425105,__proc__,0,0,0,0,-,-,-,838.5,5158,21131,1327091,962.786
1790425135,s7-ss-tcp,126339,5421,2302,2302,16.6,36.5,350.5,0.0,-,0,0,0.000
1790425135,s8-tuic,126639,4732,2308,2308,16.4,35.5,325.1,0.0,-,0,0,0.000
1790425135,s9-anytls,19270,1107,378,378,15.4,34.3,258.6,0.0,-,0,0,0.000
1790425135,s10-vless-xhttp,40228,2517,533,533,35.9,53.6,416.2,0.0,-,0,0,0.000
1790425135,s11-http-proxy,122783,5465,2253,2253,22.0,36.4,80.3,0.0,-,0,0,0.000
1790425135,s12-vmess-h3,91554,3734,2253,2253,21.8,35.7,112.1,0.0,-,0,0,0.000
1790425135,__proc__,0,0,0,0,-,-,-,838.5,4225,18919,1338102,974.915
1790425165,s7-ss-tcp,127457,5421,2348,2348,16.3,40.5,364.1,0.0,-,0,0,0.000
1790425165,s8-tuic,127759,4732,2352,2352,15.9,39.7,336.6,0.0,-,0,0,0.000
1790425165,s9-anytls,19624,1113,743,743,16.0,34.7,254.8,0.0,-,0,0,0.000
1790425165,s10-vless-xhttp,40496,2517,563,563,36.1,54.5,416.3,0.0,-,0,0,0.000
1790425165,s11-http-proxy,123871,5465,2285,2285,22.4,39.4,79.2,0.0,-,0,0,0.000
1790425165,s12-vmess-h3,92643,3734,2287,2287,22.4,38.9,194.5,0.0,-,0,0,0.000
1790425165,__proc__,0,0,0,0,-,-,-,838.5,3482,18054,1348178,986.462
1790425195,s7-ss-tcp,128562,5421,2320,2320,15.6,41.6,359.4,0.0,-,0,0,0.000
1790425195,s8-tuic,128863,4732,2318,2318,15.2,41.2,349.6,0.0,-,0,0,0.000
1790425195,s9-anytls,20068,1119,932,932,16.8,36.1,258.4,0.0,-,0,0,0.000
1790425195,s10-vless-xhttp,40980,2522,1016,1016,36.1,54.5,370.3,0.0,-,0,0,0.000
1790425195,s11-http-proxy,124919,5465,2201,2201,22.5,41.0,107.3,0.0,-,0,0,0.000
1790425195,s12-vmess-h3,93692,3734,2203,2203,22.2,41.5,233.9,0.0,-,0,0,0.000
1790425195,__proc__,0,0,0,0,-,-,-,837.4,3500,17601,1359379,998.372
1790425225,s7-ss-tcp,129547,5421,2068,2068,15.4,44.4,365.9,0.0,-,0,0,0.000
1790425225,s8-tuic,129853,4732,2079,2079,15.0,43.2,372.4,0.0,-,0,0,0.000
1790425225,s9-anytls,20569,1127,1052,1052,17.5,38.7,300.7,0.0,-,0,0,0.000
1790425225,s10-vless-xhttp,41838,2523,1802,1802,36.1,57.9,460.8,0.0,-,0,0,0.000
1790425225,s11-http-proxy,125863,5465,1982,1982,22.3,41.8,90.6,0.0,-,0,0,0.000
1790425225,s12-vmess-h3,94637,3734,1984,1984,21.9,41.9,258.8,0.0,-,0,0,0.000
1790425225,__proc__,0,0,0,0,-,-,-,837.4,5158,19020,1370513,1013.029
1790425255,s7-ss-tcp,130606,5455,2224,2224,14.4,43.3,368.1,0.0,-,0,0,0.000
1790425255,s8-tuic,130918,4764,2236,2236,13.8,43.2,374.1,0.0,-,0,0,0.000
1790425255,s9-anytls,20823,1145,533,533,17.9,38.1,340.1,0.0,-,0,0,0.000
1790425255,s10-vless-xhttp,42372,2545,1121,1121,36.1,60.3,484.8,0.0,-,0,0,0.000
1790425255,s11-http-proxy,126890,5488,2157,2157,22.4,42.0,95.1,0.0,-,0,0,0.000
1790425255,s12-vmess-h3,95671,3760,2171,2171,21.9,43.1,345.6,0.0,-,0,0,0.000
1790425255,__proc__,0,0,0,0,-,-,-,837.4,6094,21258,1382358,1023.399
1790425285,s7-ss-tcp,131663,5518,2220,2220,11.8,35.7,361.4,0.0,-,0,0,0.000
1790425285,s8-tuic,131980,4821,2230,2230,11.6,41.0,365.4,0.0,-,0,0,0.000
1790425285,s9-anytls,21126,1168,636,636,18.0,38.1,342.5,0.0,-,0,0,0.000
1790425285,s10-vless-xhttp,42871,2582,1048,1048,36.1,60.9,490.4,0.0,-,0,0,0.000
1790425285,s11-http-proxy,127910,5540,2142,2142,20.3,39.6,343.3,0.0,-,0,0,0.000
1790425285,s12-vmess-h3,96628,3804,2010,2010,20.2,41.1,363.2,0.0,-,0,0,0.000
1790425285,__proc__,0,0,0,0,-,-,-,837.4,7083,21916,1394797,1033.691
1790425315,s7-ss-tcp,132702,5600,2182,2182,11.0,32.9,361.4,0.0,-,0,0,0.000
1790425315,s8-tuic,133038,4897,2222,2222,10.4,34.4,364.5,0.0,-,0,0,0.000
1790425315,s9-anytls,21586,1205,966,966,18.1,38.1,302.3,0.0,-,0,0,0.000
1790425315,s10-vless-xhttp,43391,2620,1092,1092,35.9,60.3,490.5,0.0,-,0,0,0.000
1790425315,s11-http-proxy,128909,5619,2098,2098,18.9,36.3,241.5,0.0,-,0,0,0.000
1790425315,s12-vmess-h3,97308,3862,1428,1428,19.4,37.8,361.9,0.0,-,0,0,0.000
1790425315,__proc__,0,0,0,0,-,-,-,837.4,7806,19760,1405379,1041.835
1790425345,s7-ss-tcp,133814,5664,2335,2335,11.6,29.7,263.4,0.0,-,0,0,0.000
1790425345,s8-tuic,134150,4960,2335,2335,10.8,30.0,284.8,0.0,-,0,0,0.000
1790425345,s9-anytls,21754,1215,353,353,17.9,38.1,300.7,0.0,-,0,0,0.000
1790425345,s10-vless-xhttp,43763,2638,781,781,35.9,60.9,491.4,0.0,-,0,0,0.000
1790425345,s11-http-proxy,129990,5669,2270,2270,18.1,33.2,352.2,0.0,-,0,0,0.000
1790425345,s12-vmess-h3,98142,3896,1751,1751,18.5,35.0,357.6,0.0,-,0,0,0.000
1790425345,__proc__,0,0,0,0,-,-,-,837.7,8701,22913,1414932,1049.067
1790425375,s7-ss-tcp,134871,5720,2220,2220,10.2,27.5,225.1,0.0,-,0,0,0.000
1790425375,s8-tuic,135165,5005,2132,2132,9.5,28.1,246.8,0.0,-,0,0,0.000
1790425375,s9-anytls,21954,1227,420,420,17.4,37.4,287.5,0.0,-,0,0,0.000
1790425375,s10-vless-xhttp,44026,2654,552,552,35.8,57.5,490.4,0.0,-,0,0,0.000
1790425375,s11-http-proxy,130996,5722,2113,2113,17.0,30.9,263.6,0.0,-,0,0,0.000
1790425375,s12-vmess-h3,98942,3942,1680,1680,17.4,33.1,373.5,0.0,-,0,0,0.000
1790425375,__proc__,0,0,0,0,-,-,-,837.8,9309,23481,1424581,1058.355
1790425405,s7-ss-tcp,135971,5762,2310,2310,10.1,28.9,217.1,0.0,-,0,0,0.000
1790425405,s8-tuic,135993,5037,1739,1739,9.5,28.5,234.7,0.0,-,0,0,0.000
1790425405,s9-anytls,22073,1231,250,250,17.2,38.0,265.3,0.0,-,0,0,0.000
1790425405,s10-vless-xhttp,44428,2677,844,844,35.7,56.2,473.0,0.0,-,0,0,0.000
1790425405,s11-http-proxy,132118,5770,2356,2356,16.0,31.0,248.4,0.0,-,0,0,0.000
1790425405,s12-vmess-h3,99676,3954,1541,1541,15.9,32.3,361.9,0.0,-,0,0,0.000
1790425405,__proc__,0,0,0,0,-,-,-,838.2,9875,23659,1436312,1066.082
1790425435,s7-ss-tcp,137066,5765,2300,2300,8.6,26.9,223.8,0.0,-,0,0,0.000
1790425435,s8-tuic,137087,5043,2297,2297,8.7,28.5,265.5,0.0,-,0,0,0.000
1790425435,s9-anytls,22197,1235,260,260,17.0,38.1,287.5,0.0,-,0,0,0.000
1790425435,s10-vless-xhttp,44822,2680,827,827,35.6,56.4,490.4,0.0,-,0,0,0.000
1790425435,s11-http-proxy,133277,5771,2434,2434,13.9,31.2,321.0,0.0,-,0,0,0.000
1790425435,s12-vmess-h3,100152,3961,1000,1000,15.4,32.2,362.6,0.0,-,0,0,0.000
1790425435,__proc__,0,0,0,0,-,-,-,838.2,9969,20698,1447812,1075.812
1790425465,s7-ss-tcp,138081,5859,2132,2132,7.7,26.8,281.9,0.0,-,0,0,0.000
1790425465,s8-tuic,138200,5097,2337,2337,7.4,30.5,320.8,0.0,-,0,0,0.000
1790425465,s9-anytls,22205,1240,17,17,16.9,38.1,287.5,0.0,-,0,0,0.000
1790425465,s10-vless-xhttp,45071,2719,523,523,35.5,58.6,490.4,0.0,-,0,0,0.000
1790425465,s11-http-proxy,134225,5860,1991,1991,13.1,55.1,321.0,0.0,-,0,0,0.000
1790425465,s12-vmess-h3,100716,4031,1184,1184,15.2,37.1,378.9,0.0,-,0,0,0.000
1790425465,__proc__,0,0,0,0,-,-,-,838.2,9990,21802,1459667,1083.234
1790425495,s7-ss-tcp,139198,5929,2346,2346,7.8,27.8,237.3,0.0,-,0,0,0.000
1790425495,s8-tuic,139323,5155,2358,2358,7.6,32.4,315.8,0.0,-,0,0,0.000
1790425495,s9-anytls,22205,1240,0,0,16.9,38.1,287.5,0.0,-,0,0,0.000
1790425495,s10-vless-xhttp,45321,2737,525,525,35.4,55.7,429.5,0.0,-,0,0,0.000
1790425495,s11-http-proxy,135294,5915,2245,2245,13.0,83.4,320.9,0.0,-,0,0,0.000
1790425495,s12-vmess-h3,101359,4060,1350,1350,14.9,42.1,379.0,0.0,-,0,0,0.000
1790425495,__proc__,0,0,0,0,-,-,-,840.2,9676,22160,1470191,1090.680
1790425525,s7-ss-tcp,140322,5984,2360,2360,8.6,27.1,220.6,0.0,-,0,0,0.000
1790425525,s8-tuic,140357,5194,2171,2171,8.4,32.4,280.5,0.0,-,0,0,0.000
1790425525,s9-anytls,22205,1240,0,0,16.9,38.1,287.5,0.0,-,0,0,0.000
1790425525,s10-vless-xhttp,45489,2750,353,353,35.5,53.9,426.3,0.0,-,0,0,0.000
1790425525,s11-http-proxy,136359,5979,2236,2236,14.3,39.8,276.4,0.0,-,0,0,0.000
1790425525,s12-vmess-h3,102094,4093,1544,1544,15.1,45.8,378.9,0.0,-,0,0,0.000
1790425525,__proc__,0,0,0,0,-,-,-,840.2,8328,21292,1479157,1097.811
1790425555,s7-ss-tcp,141451,6034,2371,2371,9.1,29.9,212.5,0.0,-,0,0,0.000
1790425555,s8-tuic,141284,5235,1947,1947,8.9,32.2,259.4,0.0,-,0,0,0.000
1790425555,s9-anytls,22205,1240,0,0,16.9,38.1,287.5,0.0,-,0,0,0.000
1790425555,s10-vless-xhttp,45781,2772,613,613,35.5,52.2,382.8,0.0,-,0,0,0.000
1790425555,s11-http-proxy,137413,6015,2213,2213,15.8,37.5,225.7,0.0,-,0,0,0.000
1790425555,s12-vmess-h3,103097,4143,2106,2106,15.1,44.2,288.7,0.0,-,0,0,0.000
1790425555,__proc__,0,0,0,0,-,-,-,840.2,8205,24132,1490476,1106.283
1790425585,s7-ss-tcp,142628,6071,2472,2472,10.4,28.3,205.7,0.0,-,0,0,0.000
1790425585,s8-tuic,142243,5268,2014,2014,9.7,28.9,248.1,0.0,-,0,0,0.000
1790425585,s9-anytls,22226,1241,44,44,16.8,38.1,287.5,0.0,-,0,0,0.000
1790425585,s10-vless-xhttp,46175,2790,827,827,35.4,49.9,353.7,0.0,-,0,0,0.000
1790425585,s11-http-proxy,138365,6046,1999,1999,16.4,32.1,241.2,0.0,-,0,0,0.000
1790425585,s12-vmess-h3,104039,4167,1978,1978,16.0,38.2,261.7,0.0,-,0,0,0.000
1790425585,__proc__,0,0,0,0,-,-,-,840.4,7820,22804,1501357,1114.510
1790425615,s7-ss-tcp,143841,6087,2547,2547,10.6,27.2,212.6,0.0,-,0,0,0.000
1790425615,s8-tuic,143459,5284,2554,2554,10.5,27.8,259.3,0.0,-,0,0,0.000
1790425615,s9-anytls,22301,1244,158,158,16.8,38.5,287.5,0.0,-,0,0,0.000
1790425615,s10-vless-xhttp,46585,2798,861,861,35.3,49.2,308.4,0.0,-,0,0,0.000
1790425615,s11-http-proxy,139510,6070,2404,2404,16.7,30.1,241.2,0.0,-,0,0,0.000
1790425615,s12-vmess-h3,104644,4172,1270,1270,16.5,35.8,256.9,0.0,-,0,0,0.000
1790425615,__proc__,0,0,0,0,-,-,-,840.4,7326,18290,1511792,1123.005
1790425645,s7-ss-tcp,145021,6148,2478,2478,9.3,24.3,238.4,0.0,-,0,0,0.000
1790425645,s8-tuic,144644,5344,2488,2488,8.8,25.5,259.7,0.0,-,0,0,0.000
1790425645,s9-anytls,22687,1268,811,811,16.1,37.4,290.0,0.0,-,0,0,0.000
1790425645,s10-vless-xhttp,47037,2826,949,949,35.4,52.1,303.2,0.0,-,0,0,0.000
1790425645,s11-http-proxy,140682,6126,2461,2461,14.6,29.4,272.6,0.0,-,0,0,0.000
1790425645,s12-vmess-h3,104894,4215,525,525,16.5,33.5,256.3,0.0,-,0,0,0.000
1790425645,__proc__,0,0,0,0,-,-,-,840.4,7098,13796,1522828,1129.757
1790425675,s7-ss-tcp,146050,6189,2161,2161,9.2,24.8,273.4,0.0,-,0,0,0.000
1790425675,s8-tuic,145673,5380,2161,2161,8.7,24.7,272.7,0.0,-,0,0,0.000
1790425675,s9-anytls,22974,1293,603,603,15.8,37.0,274.4,0.0,-,0,0,0.000
1790425675,s10-vless-xhttp,47523,2856,1021,1021,35.4,53.2,327.8,0.0,-,0,0,0.000
1790425675,s11-http-proxy,141654,6184,2041,2041,14.1,28.2,272.9,0.0,-,0,0,0.000
1790425675,s12-vmess-h3,105678,4257,1646,1646,16.2,31.9,256.6,0.0,-,0,0,0.000
1790425675,__proc__,0,0,0,0,-,-,-,840.4,8191,21620,1534636,1141.051
1790425705,s7-ss-tcp,147066,6253,2134,2134,8.7,25.8,273.3,0.0,-,0,0,0.000
1790425705,s8-tuic,146737,5437,2234,2234,8.7,26.5,273.8,0.0,-,0,0,0.000
1790425705,s9-anytls,23212,1306,500,500,15.6,36.6,276.1,0.0,-,0,0,0.000
1790425705,s10-vless-xhttp,48001,2898,1004,1004,35.3,51.5,319.2,0.0,-,0,0,0.000
1790425705,s11-http-proxy,142560,6243,1903,1903,13.8,28.8,272.6,0.0,-,0,0,0.000
1790425705,s12-vmess-h3,106417,4300,1552,1552,15.9,31.8,272.2,0.0,-,0,0,0.000
1790425705,__proc__,0,0,0,0,-,-,-,840.4,8230,21175,1546666,1149.259
1790425735,s7-ss-tcp,148022,6302,2008,2008,8.6,26.5,274.6,0.0,-,0,0,0.000
1790425735,s8-tuic,147825,5495,2285,2285,8.8,27.9,275.8,0.0,-,0,0,0.000
1790425735,s9-anytls,23359,1323,309,309,15.5,35.9,276.0,0.0,-,0,0,0.000
1790425735,s10-vless-xhttp,48492,2930,1031,1031,35.4,51.0,316.3,0.0,-,0,0,0.000
1790425735,s11-http-proxy,143522,6283,2020,2020,14.9,30.2,408.6,0.0,-,0,0,0.000
1790425735,s12-vmess-h3,107241,4345,1730,1730,16.5,31.8,280.2,0.0,-,0,0,0.000
1790425735,__proc__,0,0,0,0,-,-,-,840.4,8432,22361,1557651,1158.722
1790425765,s7-ss-tcp,149071,6379,2203,2203,9.4,28.9,256.8,0.0,-,0,0,0.000
1790425765,s8-tuic,148890,5565,2236,2236,9.6,29.1,242.1,0.0,-,0,0,0.000
1790425765,s9-anytls,23714,1348,746,746,14.9,35.1,251.1,0.0,-,0,0,0.000
1790425765,s10-vless-xhttp,48793,2957,632,632,35.4,49.2,265.2,0.0,-,0,0,0.000
1790425765,s11-http-proxy,144492,6347,2037,2037,16.7,31.2,464.9,0.0,-,0,0,0.000
1790425765,s12-vmess-h3,107988,4399,1569,1569,16.3,32.7,290.1,0.0,-,0,0,0.000
1790425765,__proc__,0,0,0,0,-,-,-,840.7,8510,21672,1568765,1167.224
1790425795,s7-ss-tcp,150132,6446,2228,2228,10.0,29.1,274.6,0.0,-,0,0,0.000
1790425795,s8-tuic,149962,5637,2251,2251,10.2,29.2,220.7,0.0,-,0,0,0.000
1790425795,s9-anytls,23967,1368,531,531,14.6,33.2,244.9,0.0,-,0,0,0.000
1790425795,s10-vless-xhttp,49092,2976,628,628,35.4,48.6,263.2,0.0,-,0,0,0.000
1790425795,s11-http-proxy,145490,6429,2096,2096,17.1,33.8,460.0,0.0,-,0,0,0.000
1790425795,s12-vmess-h3,108644,4462,1378,1378,16.1,33.3,264.2,0.0,-,0,0,0.000
1790425795,__proc__,0,0,0,0,-,-,-,840.7,8491,20554,1580252,1175.381
1790425825,s7-ss-tcp,151267,6480,2384,2384,10.2,29.7,361.7,0.0,-,0,0,0.000
1790425825,s8-tuic,151107,5670,2404,2404,10.1,29.3,224.2,0.0,-,0,0,0.000
1790425825,s9-anytls,24208,1380,506,506,14.1,32.3,241.0,0.0,-,0,0,0.000
1790425825,s10-vless-xhttp,49344,2992,529,529,35.4,48.3,276.6,0.0,-,0,0,0.000
1790425825,s11-http-proxy,146574,6469,2276,2276,17.8,32.5,275.1,0.0,-,0,0,0.000
1790425825,s12-vmess-h3,109491,4497,1779,1779,16.5,33.4,303.9,0.0,-,0,0,0.000
1790425825,__proc__,0,0,0,0,-,-,-,840.7,8934,23415,1591253,1184.303
1790425855,s7-ss-tcp,152361,6550,2297,2297,9.8,30.5,341.5,0.0,-,0,0,0.000
1790425855,s8-tuic,152214,5732,2325,2325,9.3,30.9,239.1,0.0,-,0,0,0.000
1790425855,s9-anytls,24500,1402,613,613,13.7,31.5,239.2,0.0,-,0,0,0.000
1790425855,s10-vless-xhttp,49600,3011,538,538,35.4,48.1,276.6,0.0,-,0,0,0.000
1790425855,s11-http-proxy,147591,6539,2136,2136,16.9,34.5,215.5,0.0,-,0,0,0.000
1790425855,s12-vmess-h3,110309,4562,1718,1718,16.7,34.0,248.8,0.0,-,0,0,0.000
1790425855,__proc__,0,0,0,0,-,-,-,840.9,8710,22879,1602019,1192.474
1790425885,s7-ss-tcp,153572,6570,2543,2543,9.9,30.6,361.7,0.0,-,0,0,0.000
1790425885,s8-tuic,153422,5747,2537,2537,9.5,31.8,341.7,0.0,-,0,0,0.000
1790425885,s9-anytls,24578,1405,164,164,13.6,31.5,239.2,0.0,-,0,0,0.000
1790425885,s10-vless-xhttp,49848,3014,521,521,35.4,48.5,280.2,0.0,-,0,0,0.000
1790425885,s11-http-proxy,148745,6557,2423,2423,16.6,34.6,302.6,0.0,-,0,0,0.000
1790425885,s12-vmess-h3,110977,4574,1403,1403,16.5,34.1,232.1,0.0,-,0,0,0.000
1790425885,__proc__,0,0,0,0,-,-,-,840.9,8356,20485,1611908,1200.285
1790425915,s7-ss-tcp,154777,6608,2530,2530,9.6,29.2,237.1,0.0,-,0,0,0.000
1790425915,s8-tuic,154073,5765,1367,1367,9.4,30.9,341.5,0.0,-,0,0,0.000
1790425915,s9-anytls,24722,1409,302,302,13.3,31.0,239.1,0.0,-,0,0,0.000
1790425915,s10-vless-xhttp,50120,3024,571,571,35.4,48.8,276.4,0.0,-,0,0,0.000
1790425915,s11-http-proxy,149792,6588,2199,2199,15.9,33.6,280.0,0.0,-,0,0,0.000
1790425915,s12-vmess-h3,111681,4602,1478,1478,15.1,33.9,248.9,0.0,-,0,0,0.000
1790425915,__proc__,0,0,0,0,-,-,-,840.9,8100,20647,1622175,1207.808
1790425945,s7-ss-tcp,155856,6639,2266,2266,10.2,28.2,207.6,0.0,-,0,0,0.000
1790425945,s8-tuic,154975,5792,1894,1894,9.2,30.8,337.5,0.0,-,0,0,0.000
1790425945,s9-anytls,24787,1409,136,136,13.3,30.8,239.1,0.0,-,0,0,0.000
1790425945,s10-vless-xhttp,50532,3037,865,865,35.3,47.8,244.7,0.0,-,0,0,0.000
1790425945,s11-http-proxy,150878,6615,2281,2281,15.1,34.0,359.1,0.0,-,0,0,0.000
1790425945,s12-vmess-h3,112672,4639,2081,2081,15.5,33.8,278.8,0.0,-,0,0,0.000
1790425945,__proc__,0,0,0,0,-,-,-,841.0,8331,24164,1634649,1216.304
1790425975,s7-ss-tcp,156746,6672,1869,1869,9.9,28.1,208.4,0.0,-,0,0,0.000
1790425975,s8-tuic,155893,5819,1928,1928,9.9,30.5,297.1,0.0,-,0,0,0.000
1790425975,s9-anytls,24787,1409,0,0,13.3,30.8,239.1,0.0,-,0,0,0.000
1790425975,s10-vless-xhttp,50969,3061,918,918,35.4,46.7,244.7,0.0,-,0,0,0.000
1790425975,s11-http-proxy,151934,6663,2218,2218,16.3,33.6,260.3,0.0,-,0,0,0.000
1790425975,s12-vmess-h3,113743,4679,2249,2249,16.1,36.0,257.2,0.0,-,0,0,0.000
1790425975,__proc__,0,0,0,0,-,-,-,841.4,8326,25009,1646603,1225.145
1790426005,s7-ss-tcp,157651,6672,1900,1900,10.3,28.0,197.8,0.0,-,0,0,0.000
1790426005,s8-tuic,156953,5819,2226,2226,10.1,28.9,237.3,0.0,-,0,0,0.000
1790426005,s9-anytls,24877,1410,189,189,13.2,30.2,239.1,0.0,-,0,0,0.000
1790426005,s10-vless-xhttp,51409,3061,924,924,35.4,46.7,223.6,0.0,-,0,0,0.000
1790426005,s11-http-proxy,153062,6663,2369,2369,17.3,32.8,220.3,0.0,-,0,0,0.000
1790426005,s12-vmess-h3,114873,4679,2373,2373,17.3,33.4,257.3,0.0,-,0,0,0.000
1790426005,__proc__,0,0,0,0,-,-,-,841.4,8330,25773,1657516,1235.372
1790426035,s7-ss-tcp,158599,6734,1991,1991,10.9,29.0,226.0,0.0,-,0,0,0.000
1790426035,s8-tuic,157977,5886,2150,2150,10.7,29.1,245.3,0.0,-,0,0,0.000
1790426035,s9-anytls,24996,1419,250,250,13.2,30.0,239.1,0.0,-,0,0,0.000
1790426035,s10-vless-xhttp,51841,3097,907,907,35.6,46.8,216.8,0.0,-,0,0,0.000
1790426035,s11-http-proxy,154039,6729,2052,2052,18.9,32.7,181.7,0.0,-,0,0,0.000
1790426035,s12-vmess-h3,115770,4739,1884,1884,18.4,33.8,260.0,0.0,-,0,0,0.000
1790426035,__proc__,0,0,0,0,-,-,-,841.4,7933,22522,1668211,1244.017
1790426065,s7-ss-tcp,159586,6789,2073,2073,10.7,29.3,254.1,0.0,-,0,0,0.000
1790426065,s8-tuic,158972,5930,2090,2090,10.8,29.4,269.9,0.0,-,0,0,0.000
1790426065,s9-anytls,25054,1426,122,122,13.2,30.0,239.1,0.0,-,0,0,0.000
1790426065,s10-vless-xhttp,52443,3135,1264,1264,35.5,47.5,225.4,0.0,-,0,0,0.000
1790426065,s11-http-proxy,155041,6789,2104,2104,18.8,32.5,238.3,0.0,-,0,0,0.000
1790426065,s12-vmess-h3,116556,4790,1651,1651,18.5,33.9,269.8,0.0,-,0,0,0.000
1790426065,__proc__,0,0,0,0,-,-,-,841.4,8443,21998,1680526,1253.204
1790426095,s7-ss-tcp,160608,6861,2146,2146,10.7,28.6,277.6,0.0,-,0,0,0.000
1790426095,s8-tuic,159925,5996,2001,2001,10.6,28.1,277.1,0.0,-,0,0,0.000
1790426095,s9-anytls,25232,1439,374,374,13.3,30.0,239.1,0.0,-,0,0,0.000
1790426095,s10-vless-xhttp,52937,3180,1037,1037,35.5,47.2,230.6,0.0,-,0,0,0.000
1790426095,s11-http-proxy,156007,6849,2029,2029,18.6,31.5,241.9,0.0,-,0,0,0.000
1790426095,s12-vmess-h3,117348,4836,1663,1663,18.3,33.5,282.8,0.0,-,0,0,0.000
1790426095,__proc__,0,0,0,0,-,-,-,841.5,8838,22711,1691859,1261.606
1790426125,s7-ss-tcp,161654,6918,2197,2197,10.5,27.7,277.8,0.0,-,0,0,0.000
1790426125,s8-tuic,160978,6048,2211,2211,10.5,28.0,277.1,0.0,-,0,0,0.000
1790426125,s9-anytls,25366,1454,281,281,13.2,29.9,236.7,0.0,-,0,0,0.000
1790426125,s10-vless-xhttp,53463,3212,1105,1105,35.5,48.3,238.9,0.0,-,0,0,0.000
1790426125,s11-http-proxy,157003,6912,2092,2092,17.2,31.1,281.1,0.0,-,0,0,0.000
1790426125,s12-vmess-h3,117912,4887,1184,1184,17.8,33.3,295.3,0.0,-,0,0,0.000
1790426125,__proc__,0,0,0,0,-,-,-,841.5,9117,20437,1702719,1269.843
1790426155,s7-ss-tcp,162639,7004,2068,2068,9.5,27.7,279.9,0.0,-,0,0,0.000
1790426155,s8-tuic,161854,6114,1840,1840,9.4,27.6,311.0,0.0,-,0,0,0.000
1790426155,s9-anytls,25576,1476,441,441,13.2,30.0,239.1,0.0,-,0,0,0.000
1790426155,s10-vless-xhttp,54025,3263,1180,1180,35.6,48.5,246.3,0.0,-,0,0,0.000
1790426155,s11-http-proxy,157917,6991,1919,1919,17.1,30.5,282.8,0.0,-,0,0,0.000
1790426155,s12-vmess-h3,118778,4954,1819,1819,17.7,34.5,317.5,0.0,-,0,0,0.000
1790426155,__proc__,0,0,0,0,-,-,-,842.0,10035,25278,1714918,1279.308
1790426185,s7-ss-tcp,163542,7089,1896,1896,9.0,28.1,279.0,0.0,-,0,0,0.000
1790426185,s8-tuic,162865,6182,2123,2123,8.8,28.2,289.9,0.0,-,0,0,0.000
1790426185,s9-anytls,25796,1499,462,462,12.8,30.0,241.0,0.0,-,0,0,0.000
1790426185,s10-vless-xhttp,54480,3316,956,956,35.7,48.6,255.2,0.0,-,0,0,0.000
1790426185,s11-http-proxy,158906,7081,2077,2077,15.8,30.3,282.3,0.0,-,0,0,0.000
1790426185,s12-vmess-h3,119141,4989,762,762,16.9,36.2,315.3,0.0,-,0,0,0.000
1790426185,__proc__,0,0,0,0,-,-,-,842.0,9996,19565,1726186,1287.138
1790426215,s7-ss-tcp,164473,7162,1955,1955,9.0,28.4,252.3,0.0,-,0,0,0.000
1790426215,s8-tuic,163932,6247,2241,2241,8.6,30.3,288.4,0.0,-,0,0,0.000
1790426215,s9-anytls,25904,1512,227,227,12.7,30.1,241.6,0.0,-,0,0,0.000
1790426215,s10-vless-xhttp,54842,3350,760,760,35.6,49.3,304.9,0.0,-,0,0,0.000
1790426215,s11-http-proxy,159914,7170,2117,2117,14.5,32.2,242.4,0.0,-,0,0,0.000
1790426215,s12-vmess-h3,119568,5022,897,897,16.2,46.6,333.9,0.0,-,0,0,0.000
1790426215,__proc__,0,0,0,0,-,-,-,842.0,10164,20482,1736185,1294.658
1790426245,s7-ss-tcp,165330,7180,1800,1800,8.2,26.9,246.2,0.0,-,0,0,0.000
1790426245,s8-tuic,165163,6262,2585,2585,7.4,27.5,258.5,0.0,-,0,0,0.000
1790426245,s9-anytls,26075,1515,359,359,12.5,30.0,241.6,0.0,-,0,0,0.000
1790426245,s10-vless-xhttp,55004,3356,340,340,35.6,49.8,289.0,0.0,-,0,0,0.000
1790426245,s11-http-proxy,161063,7190,2413,2413,13.5,35.3,241.8,0.0,-,0,0,0.000
1790426245,s12-vmess-h3,119980,5027,865,865,15.5,54.7,326.9,0.0,-,0,0,0.000
1790426245,__proc__,0,0,0,0,-,-,-,842.0,9680,19559,1748197,1300.157
1790426275,s7-ss-tcp,166362,7227,2167,2167,7.9,26.8,225.4,0.0,-,0,0,0.000
1790426275,s8-tuic,166250,6306,2283,2283,7.6,26.8,230.1,0.0,-,0,0,0.000
1790426275,s9-anytls,26205,1523,273,273,12.7,30.2,239.5,0.0,-,0,0,0.000
1790426275,s10-vless-xhttp,55132,3363,269,269,35.6,49.7,289.0,0.0,-,0,0,0.000
1790426275,s11-http-proxy,162082,7220,2140,2140,13.6,47.4,247.2,0.0,-,0,0,0.000
1790426275,s12-vmess-h3,120959,5049,2056,2056,16.0,54.2,338.4,0.0,-,0,0,0.000
1790426275,__proc__,0,0,0,0,-,-,-,844.2,9638,26042,1758640,1308.030
1790426305,s7-ss-tcp,167335,7242,2043,2043,8.4,26.3,220.4,0.0,-,0,0,0.000
1790426305,s8-tuic,167522,6329,2671,2671,8.1,26.6,230.7,0.0,-,0,0,0.000
1790426305,s9-anytls,26304,1525,208,208,12.8,30.2,239.5,0.0,-,0,0,0.000
1790426305,s10-vless-xhttp,55258,3365,265,265,35.6,49.8,304.9,0.0,-,0,0,0.000
1790426305,s11-http-proxy,163274,7244,2503,2503,15.2,35.3,251.4,0.0,-,0,0,0.000
1790426305,s12-vmess-h3,121824,5070,1816,1816,16.0,39.4,301.7,0.0,-,0,0,0.000
1790426305,__proc__,0,0,0,0,-,-,-,844.2,8865,23515,1768970,1315.995
1790426335,s7-ss-tcp,168426,7285,2291,2291,9.2,31.1,218.0,0.0,-,0,0,0.000
1790426335,s8-tuic,168672,6363,2415,2415,9.0,30.2,220.1,0.0,-,0,0,0.000
1790426335,s9-anytls,26427,1530,258,258,13.0,30.7,239.1,0.0,-,0,0,0.000
1790426335,s10-vless-xhttp,55300,3370,88,88,35.6,49.8,305.4,0.0,-,0,0,0.000
1790426335,s11-http-proxy,164374,7269,2310,2310,17.3,35.3,277.3,0.0,-,0,0,0.000
1790426335,s12-vmess-h3,122939,5098,2342,2342,16.6,37.7,241.7,0.0,-,0,0,0.000
1790426335,__proc__,0,0,0,0,-,-,-,844.2,8347,25629,1778986,1324.493
1790426365,s7-ss-tcp,169636,7307,2541,2541,10.0,31.0,214.7,0.0,-,0,0,0.000
1790426365,s8-tuic,169678,6380,2113,2113,9.6,31.5,221.1,0.0,-,0,0,0.000
1790426365,s9-anytls,26500,1531,153,153,13.1,30.8,239.1,0.0,-,0,0,0.000
1790426365,s10-vless-xhttp,55439,3373,292,292,35.7,49.9,304.9,0.0,-,0,0,0.000
1790426365,s11-http-proxy,165518,7293,2402,2402,18.4,33.9,277.1,0.0,-,0,0,0.000
1790426365,s12-vmess-h3,124092,5114,2421,2421,18.1,34.7,224.6,0.0,-,0,0,0.000
1790426365,__proc__,0,0,0,0,-,-,-,844.2,7444,24709,1789345,1333.058
1790426395,s7-ss-tcp,170821,7325,2488,2488,11.2,31.6,219.9,0.0,-,0,0,0.000
1790426395,s8-tuic,170713,6396,2174,2174,10.6,31.7,227.0,0.0,-,0,0,0.000
1790426395,s9-anytls,26564,1531,134,134,13.3,31.0,239.1,0.0,-,0,0,0.000
1790426395,s10-vless-xhttp,55576,3376,288,288,35.7,49.8,304.9,0.0,-,0,0,0.000
1790426395,s11-http-proxy,166654,7317,2386,2386,19.0,34.2,161.0,0.0,-,0,0,0.000
1790426395,s12-vmess-h3,125236,5133,2402,2402,18.2,34.6,203.4,0.0,-,0,0,0.000
1790426395,__proc__,0,0,0,0,-,-,-,844.2,6770,23595,1799081,1341.610
1790426425,s7-ss-tcp,172047,7341,2575,2575,11.4,30.2,211.4,0.0,-,0,0,0.000
1790426425,s8-tuic,171896,6408,2484,2484,11.3,31.5,241.3,0.0,-,0,0,0.000
1790426425,s9-anytls,26564,1531,0,0,13.3,31.0,239.1,0.0,-,0,0,0.000
1790426425,s10-vless-xhttp,55713,3378,288,288,35.7,50.1,287.0,0.0,-,0,0,0.000
1790426425,s11-http-proxy,167807,7333,2421,2421,19.3,33.9,202.5,0.0,-,0,0,0.000
1790426425,s12-vmess-h3,126348,5147,2335,2335,18.8,34.6,229.2,0.0,-,0,0,0.000
1790426425,__proc__,0,0,0,0,-,-,-,851.0,5929,21980,1809283,1350.174
1790426455,s7-ss-tcp,173336,7341,2707,2707,11.4,29.2,214.7,0.0,-,0,0,0.000
1790426455,s8-tuic,173047,6408,2417,2417,11.1,29.8,217.6,0.0,-,0,0,0.000
1790426455,s9-anytls,26564,1531,0,0,13.3,31.0,239.1,0.0,-,0,0,0.000
1790426455,s10-vless-xhttp,55865,3379,319,319,35.8,50.3,283.5,0.0,-,0,0,0.000
1790426455,s11-http-proxy,169023,7333,2554,2554,18.9,32.9,202.4,0.0,-,0,0,0.000
1790426455,s12-vmess-h3,127461,5148,2337,2337,18.7,35.0,227.4,0.0,-,0,0,0.000
1790426455,__proc__,0,0,0,0,-,-,-,867.7,5133,20793,1819703,1358.758
1790426485,s7-ss-tcp,174538,7365,2524,2524,10.9,28.9,220.4,0.0,-,0,0,0.000
1790426485,s8-tuic,174165,6429,2348,2348,10.7,29.4,238.9,0.0,-,0,0,0.000
1790426485,s9-anytls,26740,1537,370,370,13.6,31.1,241.6,0.0,-,0,0,0.000
1790426485,s10-vless-xhttp,56220,3387,746,746,35.8,49.7,296.4,0.0,-,0,0,0.000
1790426485,s11-http-proxy,170135,7350,2335,2335,18.3,31.5,230.5,0.0,-,0,0,0.000
1790426485,s12-vmess-h3,128431,5160,2037,2037,17.7,35.4,254.9,0.0,-,0,0,0.000
1790426485,__proc__,0,0,0,0,-,-,-,874.5,4801,18706,1831628,1368.053
1790426515,s7-ss-tcp,175754,7373,2554,2554,10.7,28.3,239.1,0.0,-,0,0,0.000
1790426515,s8-tuic,175287,6437,2356,2356,10.4,28.2,239.9,0.0,-,0,0,0.000
1790426515,s9-anytls,26874,1540,281,281,13.7,31.4,244.9,0.0,-,0,0,0.000
1790426515,s10-vless-xhttp,56725,3396,1060,1060,35.8,49.4,282.3,0.0,-,0,0,0.000
1790426515,s11-http-proxy,171263,7366,2369,2369,18.0,29.7,218.4,0.0,-,0,0,0.000
1790426515,s12-vmess-h3,129417,5162,2071,2071,17.6,33.1,271.6,0.0,-,0,0,0.000
1790426515,__proc__,0,0,0,0,-,-,-,888.0,5128,19361,1843381,1377.170
1790426545,s7-ss-tcp,176863,7394,2329,2329,10.5,27.6,247.7,0.0,-,0,0,0.000
1790426545,s8-tuic,176397,6458,2331,2331,10.6,27.7,254.4,0.0,-,0,0,0.000
1790426545,s9-anytls,27040,1544,349,349,13.6,31.6,251.1,0.0,-,0,0,0.000
1790426545,s10-vless-xhttp,57375,3413,1365,1365,35.9,49.1,282.3,0.0,-,0,0,0.000
1790426545,s11-http-proxy,172328,7380,2236,2236,16.9,30.9,261.2,0.0,-,0,0,0.000
1790426545,s12-vmess-h3,130135,5170,1508,1508,17.0,34.8,288.0,0.0,-,0,0,0.000
1790426545,__proc__,0,0,0,0,-,-,-,898.0,5854,17430,1854426,1386.336
1790426575,s7-ss-tcp,177880,7440,2136,2136,10.5,27.2,276.3,0.0,-,0,0,0.000
1790426575,s8-tuic,177468,6507,2249,2249,10.5,27.1,277.5,0.0,-,0,0,0.000
1790426575,s9-anytls,27218,1562,374,374,13.7,31.6,257.4,0.0,-,0,0,0.000
1790426575,s10-vless-xhttp,58109,3459,1541,1541,35.8,48.7,296.4,0.0,-,0,0,0.000
1790426575,s11-http-proxy,173336,7431,2117,2117,16.5,30.7,316.4,0.0,-,0,0,0.000
1790426575,s12-vmess-h3,130858,5214,1518,1518,16.6,36.6,354.2,0.0,-,0,0,0.000
1790426575,__proc__,0,0,0,0,-,-,-,914.0,7069,19261,1865891,1396.310
1790426605,s7-ss-tcp,178849,7487,2035,2035,10.7,26.7,277.4,0.0,-,0,0,0.000
1790426605,s8-tuic,178541,6554,2253,2253,10.4,26.6,310.4,0.0,-,0,0,0.000
1790426605,s9-anytls,27480,1578,550,550,13.7,31.2,267.7,0.0,-,0,0,0.000
1790426605,s10-vless-xhttp,58684,3489,1208,1208,35.9,48.4,296.4,0.0,-,0,0,0.000
1790426605,s11-http-proxy,174338,7487,2104,2104,16.3,30.5,317.7,0.0,-,0,0,0.000
1790426605,s12-vmess-h3,131576,5255,1508,1508,16.2,36.2,357.9,0.0,-,0,0,0.000
1790426605,__proc__,0,0,0,0,-,-,-,927.9,7888,20422,1877065,1405.162
1790426635,s7-ss-tcp,179799,7584,1995,1995,10.5,25.8,285.2,0.0,-,0,0,0.000
1790426635,s8-tuic,179480,6646,1972,1972,10.0,26.4,344.3,0.0,-,0,0,0.000
1790426635,s9-anytls,27724,1626,512,512,13.5,30.7,271.2,0.0,-,0,0,0.000
1790426635,s10-vless-xhttp,59280,3547,1252,1252,35.8,47.7,340.8,0.0,-,0,0,0.000
1790426635,s11-http-proxy,175249,7581,1913,1913,15.8,30.9,340.5,0.0,-,0,0,0.000
1790426635,s12-vmess-h3,132156,5317,1218,1218,15.9,36.2,394.1,0.0,-,0,0,0.000
1790426635,__proc__,0,0,0,0,-,-,-,938.7,8852,20275,1890005,1414.741
1790426665,s7-ss-tcp,180934,7648,2384,2384,9.4,24.0,303.1,0.0,-,0,0,0.000
1790426665,s8-tuic,180339,6691,1804,1804,8.8,24.1,314.6,0.0,-,0,0,0.000
1790426665,s9-anytls,27941,1646,456,456,13.0,30.3,271.2,0.0,-,0,0,0.000
1790426665,s10-vless-xhttp,59733,3583,951,951,35.6,47.0,341.2,0.0,-,0,0,0.000
1790426665,s11-http-proxy,176314,7639,2236,2236,14.7,28.6,356.6,0.0,-,0,0,0.000
1790426665,s12-vmess-h3,132829,5356,1413,1413,15.3,47.1,465.4,0.0,-,0,0,0.000
1790426665,__proc__,0,0,0,0,-,-,-,954.6,9632,22510,1904087,1423.336
1790426695,s7-ss-tcp,182002,7688,2243,2243,8.7,23.8,288.9,0.0,-,0,0,0.000
1790426695,s8-tuic,181418,6729,2266,2266,8.2,24.7,319.3,0.0,-,0,0,0.000
1790426695,s9-anytls,28161,1657,462,462,13.0,30.4,280.0,0.0,-,0,0,0.000
1790426695,s10-vless-xhttp,59952,3591,460,460,35.5,46.7,341.3,0.0,-,0,0,0.000
1790426695,s11-http-proxy,177345,7680,2165,2165,14.9,28.8,356.5,0.0,-,0,0,0.000
1790426695,s12-vmess-h3,133514,5375,1438,1438,14.9,48.6,447.3,0.0,-,0,0,0.000
1790426695,__proc__,0,0,0,0,-,-,-,959.7,9706,22807,1913479,1432.196
1790426725,s7-ss-tcp,182989,7694,2073,2073,8.1,23.0,249.7,0.0,-,0,0,0.000
1790426725,s8-tuic,182402,6735,2066,2066,7.9,23.6,282.3,0.0,-,0,0,0.000
1790426725,s9-anytls,28507,1664,727,727,12.7,29.9,279.3,0.0,-,0,0,0.000
1790426725,s10-vless-xhttp,60323,3591,779,779,35.5,47.8,341.3,0.0,-,0,0,0.000
1790426725,s11-http-proxy,178657,7684,2755,2755,13.3,28.8,343.4,0.0,-,0,0,0.000
1790426725,s12-vmess-h3,133822,5383,647,647,14.6,48.5,447.3,0.0,-,0,0,0.000
1790426725,__proc__,0,0,0,0,-,-,-,961.6,9902,18705,1923765,1438.296
1790426755,s7-ss-tcp,183917,7768,1949,1949,7.3,22.6,255.1,0.0,-,0,0,0.000
1790426755,s8-tuic,183376,6780,2045,2045,7.1,24.8,286.9,0.0,-,0,0,0.000
1790426755,s9-anytls,28729,1686,466,466,12.2,29.8,274.2,0.0,-,0,0,0.000
1790426755,s10-vless-xhttp,60519,3607,412,412,35.4,48.3,341.3,0.0,-,0,0,0.000
1790426755,s11-http-proxy,179715,7751,2222,2222,12.3,30.2,310.1,0.0,-,0,0,0.000
1790426755,s12-vmess-h3,134223,5420,842,842,14.1,56.2,447.1,0.0,-,0,0,0.000
1790426755,__proc__,0,0,0,0,-,-,-,963.6,10024,20013,1936354,1445.080
1790426785,s7-ss-tcp,184543,7785,1315,1315,7.2,24.0,280.4,0.0,-,0,0,0.000
1790426785,s8-tuic,184560,6803,2486,2486,7.2,37.1,286.8,0.0,-,0,0,0.000
1790426785,s9-anytls,28914,1694,388,388,11.9,29.8,274.2,0.0,-,0,0,0.000
1790426785,s10-vless-xhttp,60752,3613,489,489,35.5,48.9,341.3,0.0,-,0,0,0.000
1790426785,s11-http-proxy,180864,7793,2413,2413,11.5,37.5,288.9,0.0,-,0,0,0.000
1790426785,s12-vmess-h3,134991,5436,1613,1613,13.7,98.1,371.3,0.0,-,0,0,0.000
1790426785,__proc__,0,0,0,0,-,-,-,967.6,10222,24543,1948897,1451.469
1790426815,s7-ss-tcp,185532,7790,2077,2077,7.1,25.6,237.6,0.0,-,0,0,0.000
1790426815,s8-tuic,185898,6806,2810,2810,7.1,96.1,286.9,0.0,-,0,0,0.000
1790426815,s9-anytls,29052,1695,290,290,11.6,29.6,272.3,0.0,-,0,0,0.000
1790426815,s10-vless-xhttp,60893,3615,296,296,35.6,49.4,341.3,0.0,-,0,0,0.000
1790426815,s11-http-proxy,182145,7800,2690,2690,11.7,108.6,271.1,0.0,-,0,0,0.000
1790426815,s12-vmess-h3,135502,5440,1073,1073,13.4,107.4,372.2,0.0,-,0,0,0.000
1790426815,__proc__,0,0,0,0,-,-,-,967.6,9155,19956,1958809,1458.015
1790426845,s7-ss-tcp,186639,7830,2325,2325,7.5,27.8,234.4,0.0,-,0,0,0.000
1790426845,s8-tuic,187105,6838,2535,2535,7.7,42.9,221.9,0.0,-,0,0,0.000
1790426845,s9-anytls,29052,1695,0,0,11.6,29.6,272.3,0.0,-,0,0,0.000
1790426845,s10-vless-xhttp,61024,3620,275,275,35.6,49.4,335.9,0.0,-,0,0,0.000
1790426845,s11-http-proxy,183272,7833,2367,2367,12.4,33.7,226.8,0.0,-,0,0,0.000
1790426845,s12-vmess-h3,136483,5468,2060,2060,13.7,71.4,308.7,0.0,-,0,0,0.000
1790426845,__proc__,0,0,0,0,-,-,-,967.6,8621,24536,1969925,1465.161
1790426875,s7-ss-tcp,187813,7883,2465,2465,8.9,28.1,217.5,0.0,-,0,0,0.000
1790426875,s8-tuic,188285,6887,2478,2478,8.6,28.8,204.1,0.0,-,0,0,0.000
1790426875,s9-anytls,29052,1695,0,0,11.6,29.6,272.3,0.0,-,0,0,0.000
1790426875,s10-vless-xhttp,61155,3626,275,275,35.6,50.3,338.0,0.0,-,0,0,0.000
1790426875,s11-http-proxy,184377,7882,2320,2320,14.2,33.8,223.0,0.0,-,0,0,0.000
1790426875,s12-vmess-h3,137366,5504,1854,1854,13.9,98.1,264.8,0.0,-,0,0,0.000
1790426875,__proc__,0,0,0,0,-,-,-,967.6,7327,21494,1980474,1472.425
1790426905,s7-ss-tcp,189059,7907,2617,2617,9.5,28.2,207.6,0.0,-,0,0,0.000
1790426905,s8-tuic,189524,6912,2602,2602,9.3,29.0,209.1,0.0,-,0,0,0.000
1790426905,s9-anytls,29052,1695,0,0,11.6,29.6,272.3,0.0,-,0,0,0.000
1790426905,s10-vless-xhttp,61350,3631,410,410,35.6,49.4,335.9,0.0,-,0,0,0.000
1790426905,s11-http-proxy,185522,7914,2404,2404,15.5,32.3,207.1,0.0,-,0,0,0.000
1790426905,s12-vmess-h3,138338,5528,2041,2041,15.0,53.0,226.5,0.0,-,0,0,0.000
1790426905,__proc__,0,0,0,0,-,-,-,967.6,6703,21527,1991954,1480.803
1790426935,s7-ss-tcp,190274,7928,2552,2552,9.9,27.7,207.8,0.0,-,0,0,0.000
1790426935,s8-tuic,190649,6922,2362,2362,9.5,28.1,213.0,0.0,-,0,0,0.000
1790426935,s9-anytls,29052,1695,0,0,11.6,29.6,272.3,0.0,-,0,0,0.000
1790426935,s10-vless-xhttp,61660,3638,651,651,35.5,49.4,322.0,0.0,-,0,0,0.000
1790426935,s11-http-proxy,186665,7936,2400,2400,16.7,32.0,212.9,0.0,-,0,0,0.000
1790426935,s12-vmess-h3,139156,5537,1718,1718,15.9,37.2,215.2,0.0,-,0,0,0.000
1790426935,__proc__,0,0,0,0,-,-,-,967.6,6043,18851,2002481,1489.575
1790426965,s7-ss-tcp,191507,7954,2589,2589,9.7,29.1,212.8,0.0,-,0,0,0.000
1790426965,s8-tuic,191803,6944,2423,2423,9.8,30.1,216.0,0.0,-,0,0,0.000
1790426965,s9-anytls,29052,1695,0,0,11.6,29.6,272.3,0.0,-,0,0,0.000
1790426965,s10-vless-xhttp,62098,3656,920,920,35.4,49.6,302.9,0.0,-,0,0,0.000
1790426965,s11-http-proxy,187793,7975,2369,2369,17.3,33.1,215.4,0.0,-,0,0,0.000
1790426965,s12-vmess-h3,140095,5566,1972,1972,16.5,41.7,218.3,0.0,-,0,0,0.000
1790426965,__proc__,0,0,0,0,-,-,-,967.6,6093,20290,2015009,1498.483
1790426995,s7-ss-tcp,192701,7992,2507,2507,9.7,27.5,218.8,0.0,-,0,0,0.000
1790426995,s8-tuic,193003,6982,2520,2520,9.8,28.8,229.6,0.0,-,0,0,0.000
1790426995,s9-anytls,29073,1699,44,44,11.6,29.4,272.3,0.0,-,0,0,0.000
1790426995,s10-vless-xhttp,62669,3680,1199,1199,35.5,48.2,282.7,0.0,-,0,0,0.000
1790426995,s11-http-proxy,188897,8015,2318,2318,17.7,32.1,216.8,0.0,-,0,0,0.000
1790426995,s12-vmess-h3,140935,5596,1764,1764,16.9,42.5,227.0,0.0,-,0,0,0.000
1790426995,__proc__,0,0,0,0,-,-,-,967.6,6673,20092,2027557,1507.340
1790427025,s7-ss-tcp,193975,8010,2675,2675,9.0,25.6,229.8,0.0,-,0,0,0.000
1790427025,s8-tuic,194278,6995,2678,2678,9.1,25.2,229.4,0.0,-,0,0,0.000
1790427025,s9-anytls,29151,1701,164,164,11.4,29.4,271.2,0.0,-,0,0,0.000
1790427025,s10-vless-xhttp,63241,3686,1201,1201,35.5,49.0,254.1,0.0,-,0,0,0.000
1790427025,s11-http-proxy,190003,8022,2323,2323,15.5,30.2,221.8,0.0,-,0,0,0.000
1790427025,s12-vmess-h3,141101,5599,349,349,16.5,43.9,227.0,0.0,-,0,0,0.000
1790427025,__proc__,0,0,0,0,-,-,-,967.6,6398,11923,2038666,1514.735
1790427055,s7-ss-tcp,195100,8073,2362,2362,8.5,24.1,226.3,0.0,-,0,0,0.000
1790427055,s8-tuic,195306,7038,2159,2159,8.7,24.0,226.8,0.0,-,0,0,0.000
1790427055,s9-anytls,29262,1709,233,233,11.4,29.4,265.2,0.0,-,0,0,0.000
1790427055,s10-vless-xhttp,63810,3723,1195,1195,35.6,50.3,251.0,0.0,-,0,0,0.000
1790427055,s11-http-proxy,191065,8076,2230,2230,14.8,29.2,220.5,0.0,-,0,0,0.000
1790427055,s12-vmess-h3,141638,5636,1128,1128,16.3,41.7,227.7,0.0,-,0,0,0.000
1790427055,__proc__,0,0,0,0,-,-,-,967.6,7408,17649,2049030,1522.202
1790427085,s7-ss-tcp,196224,8129,2360,2360,9.1,25.9,226.0,0.0,-,0,0,0.000
1790427085,s8-tuic,196366,7074,2226,2226,9.3,25.8,238.8,0.0,-,0,0,0.000
1790427085,s9-anytls,29523,1727,548,548,11.3,29.4,260.8,0.0,-,0,0,0.000
1790427085,s10-vless-xhttp,64211,3748,842,842,35.5,47.9,250.1,0.0,-,0,0,0.000
1790427085,s11-http-proxy,192127,8137,2230,2230,14.6,29.2,221.0,0.0,-,0,0,0.000
1790427085,s12-vmess-h3,142258,5660,1302,1302,16.0,38.1,227.8,0.0,-,0,0,0.000
1790427085,__proc__,0,0,0,0,-,-,-,967.6,7925,19446,2059863,1530.480
1790427115,s7-ss-tcp,197337,8209,2337,2337,9.2,25.6,222.3,0.0,-,0,0,0.000
1790427115,s8-tuic,197477,7140,2333,2333,9.5,26.2,231.6,0.0,-,0,0,0.000
1790427115,s9-anytls,29879,1755,748,748,11.5,28.8,249.4,0.0,-,0,0,0.000
1790427115,s10-vless-xhttp,64627,3775,874,874,35.5,46.7,243.7,0.0,-,0,0,0.000
1790427115,s11-http-proxy,193170,8210,2190,2190,14.0,30.6,220.5,0.0,-,0,0,0.000
1790427115,s12-vmess-h3,142742,5712,1016,1016,15.5,44.9,229.0,0.0,-,0,0,0.000
1790427115,__proc__,0,0,0,0,-,-,-,967.6,8236,18270,2072157,1538.152
1790427145,s7-ss-tcp,198501,8255,2444,2444,9.8,27.5,217.8,0.0,-,0,0,0.000
1790427145,s8-tuic,198644,7183,2451,2451,9.9,28.0,229.9,0.0,-,0,0,0.000
1790427145,s9-anytls,30206,1776,687,687,12.0,29.5,255.6,0.0,-,0,0,0.000
1790427145,s10-vless-xhttp,64821,3786,407,407,35.5,46.3,238.3,0.0,-,0,0,0.000
1790427145,s11-http-proxy,194257,8255,2283,2283,15.3,32.0,215.3,0.0,-,0,0,0.000
1790427145,s12-vmess-h3,143539,5742,1674,1674,15.5,37.9,237.2,0.0,-,0,0,0.000
1790427145,__proc__,0,0,0,0,-,-,-,968.0,8789,22641,2083048,1545.813
1790427175,s7-ss-tcp,199670,8301,2455,2455,9.9,27.9,221.6,0.0,-,0,0,0.000
1790427175,s8-tuic,199818,7219,2465,2465,9.7,28.8,229.7,0.0,-,0,0,0.000
1790427175,s9-anytls,30522,1791,664,664,11.8,28.5,249.4,0.0,-,0,0,0.000
1790427175,s10-vless-xhttp,64956,3791,284,284,35.4,46.2,237.7,0.0,-,0,0,0.000
1790427175,s11-http-proxy,195309,8299,2209,2209,15.5,32.3,212.5,0.0,-,0,0,0.000
1790427175,s12-vmess-h3,143977,5757,920,920,15.2,35.8,244.0,0.0,-,0,0,0.000
1790427175,__proc__,0,0,0,0,-,-,-,968.1,8358,18051,2092183,1553.355
1790427205,s7-ss-tcp,200932,8325,2650,2650,10.1,27.9,200.0,0.0,-,0,0,0.000
1790427205,s8-tuic,201081,7241,2652,2652,9.8,28.6,198.8,0.0,-,0,0,0.000
1790427205,s9-anytls,30733,1802,443,443,11.7,28.4,242.6,0.0,-,0,0,0.000
1790427205,s10-vless-xhttp,65098,3795,298,298,35.4,46.3,235.1,0.0,-,0,0,0.000
1790427205,s11-http-proxy,196424,8326,2342,2342,15.6,32.6,196.7,0.0,-,0,0,0.000
1790427205,s12-vmess-h3,144519,5775,1138,1138,15.3,35.3,237.2,0.0,-,0,0,0.000
1790427205,__proc__,0,0,0,0,-,-,-,968.1,8374,19184,2100547,1559.444
1790427235,s7-ss-tcp,202121,8347,2497,2497,11.4,29.4,196.5,0.0,-,0,0,0.000
1790427235,s8-tuic,202276,7266,2510,2510,10.8,30.5,195.4,0.0,-,0,0,0.000
1790427235,s9-anytls,30988,1809,536,536,11.6,28.4,232.9,0.0,-,0,0,0.000
1790427235,s10-vless-xhttp,65229,3797,275,275,35.5,46.5,231.3,0.0,-,0,0,0.000
1790427235,s11-http-proxy,197572,8362,2411,2411,16.3,32.6,174.1,0.0,-,0,0,0.000
1790427235,s12-vmess-h3,145068,5801,1153,1153,15.2,35.2,223.3,0.0,-,0,0,0.000
1790427235,__proc__,0,0,0,0,-,-,-,968.1,8019,18673,2109909,1567.199
1790427265,s7-ss-tcp,203383,8371,2650,2650,11.2,29.5,209.4,0.0,-,0,0,0.000
1790427265,s8-tuic,203536,7292,2646,2646,10.7,30.7,189.9,0.0,-,0,0,0.000
1790427265,s9-anytls,31183,1822,410,410,11.6,28.5,226.4,0.0,-,0,0,0.000
1790427265,s10-vless-xhttp,65229,3797,0,0,35.5,46.5,231.3,0.0,-,0,0,0.000
1790427265,s11-http-proxy,198751,8381,2476,2476,16.5,33.1,175.2,0.0,-,0,0,0.000
1790427265,s12-vmess-h3,146139,5825,2249,2249,16.0,34.0,213.7,0.0,-,0,0,0.000
1790427265,__proc__,0,0,0,0,-,-,-,968.4,7636,24122,2119394,1574.708
1790427295,s7-ss-tcp,204597,8392,2549,2549,11.7,30.6,205.7,0.0,-,0,0,0.000
1790427295,s8-tuic,204751,7318,2552,2552,11.5,32.0,206.3,0.0,-,0,0,0.000
1790427295,s9-anytls,31425,1833,508,508,11.6,29.3,219.7,0.0,-,0,0,0.000
1790427295,s10-vless-xhttp,65229,3797,0,0,35.5,46.5,231.3,0.0,-,0,0,0.000
1790427295,s11-http-proxy,199897,8405,2407,2407,18.0,33.6,184.8,0.0,-,0,0,0.000
1790427295,s12-vmess-h3,147149,5847,2121,2121,17.2,33.5,200.9,0.0,-,0,0,0.000
1790427295,__proc__,0,0,0,0,-,-,-,968.9,6450,21628,2128073,1583.351
1790427325,s7-ss-tcp,205815,8406,2558,2558,11.3,32.0,221.1,0.0,-,0,0,0.000
1790427325,s8-tuic,205751,7326,2100,2100,10.9,32.3,208.1,0.0,-,0,0,0.000
1790427325,s9-anytls,31686,1837,548,548,11.7,31.1,222.4,0.0,-,0,0,0.000
1790427325,s10-vless-xhttp,65229,3798,0,0,35.5,46.5,231.3,0.0,-,0,0,0.000
1790427325,s11-http-proxy,201047,8423,2415,2415,18.6,34.7,209.1,0.0,-,0,0,0.000
1790427325,s12-vmess-h3,148239,5864,2289,2289,18.0,35.6,204.7,0.0,-,0,0,0.000
1790427325,__proc__,0,0,0,0,-,-,-,968.9,5395,20952,2136567,1592.016
1790427355,s7-ss-tcp,207080,8406,2656,2656,11.0,35.0,210.6,0.0,-,0,0,0.000
1790427355,s8-tuic,206871,7326,2352,2352,10.8,33.6,208.3,0.0,-,0,0,0.000
1790427355,s9-anytls,32023,1840,708,708,12.7,33.4,222.5,0.0,-,0,0,0.000
1790427355,s10-vless-xhttp,65453,3801,470,470,35.5,46.6,230.9,0.0,-,0,0,0.000
1790427355,s11-http-proxy,202265,8423,2558,2558,18.9,36.5,229.9,0.0,-,0,0,0.000
1790427355,s12-vmess-h3,149464,5864,2572,2572,18.5,36.7,208.0,0.0,-,0,0,0.000
1790427355,__proc__,0,0,0,0,-,-,-,970.9,4884,21744,2148220,1600.530
1790427385,s7-ss-tcp,208218,8439,2390,2390,10.0,33.5,213.6,0.0,-,0,0,0.000
1790427385,s8-tuic,208014,7359,2400,2400,10.1,33.5,213.7,0.0,-,0,0,0.000
1790427385,s9-anytls,32403,1850,798,798,12.7,33.5,228.1,0.0,-,0,0,0.000
1790427385,s10-vless-xhttp,65835,3814,802,802,35.5,47.2,243.9,0.0,-,0,0,0.000
1790427385,s11-http-proxy,203255,8446,2079,2079,18.1,37.0,242.6,0.0,-,0,0,0.000
1790427385,s12-vmess-h3,149849,5873,808,808,18.3,37.5,214.2,0.0,-,0,0,0.000
1790427385,__proc__,0,0,0,0,-,-,-,971.2,4054,11090,2158611,1609.267
1790427415,s7-ss-tcp,209439,8448,2564,2564,9.1,35.2,241.1,0.0,-,0,0,0.000
1790427415,s8-tuic,209229,7368,2552,2552,9.1,33.7,236.0,0.0,-,0,0,0.000
1790427415,s9-anytls,32737,1855,701,701,13.1,33.3,228.1,0.0,-,0,0,0.000
1790427415,s10-vless-xhttp,66431,3831,1252,1252,35.6,47.3,273.2,0.0,-,0,0,0.000
1790427415,s11-http-proxy,204336,8454,2270,2270,16.7,37.5,254.0,0.0,-,0,0,0.000
1790427415,s12-vmess-h3,150591,5880,1558,1558,18.1,37.8,241.9,0.0,-,0,0,0.000
1790427415,__proc__,0,0,0,0,-,-,-,971.2,4714,16046,2170957,1618.306
1790427445,s7-ss-tcp,210656,8465,2556,2556,8.5,28.3,283.8,0.0,-,0,0,0.000
1790427445,s8-tuic,210295,7382,2239,2239,8.3,29.1,262.0,0.0,-,0,0,0.000
1790427445,s9-anytls,33002,1859,556,556,13.2,32.7,229.0,0.0,-,0,0,0.000
1790427445,s10-vless-xhttp,67050,3841,1300,1300,35.7,48.1,292.2,0.0,-,0,0,0.000
1790427445,s11-http-proxy,205520,8470,2486,2486,13.6,38.1,325.6,0.0,-,0,0,0.000
1790427445,s12-vmess-h3,150682,5887,191,191,18.0,38.3,242.0,0.0,-,0,0,0.000
1790427445,__proc__,0,0,0,0,-,-,-,971.2,5112,9028,2180537,1626.520
1790427475,s7-ss-tcp,211676,8563,2142,2142,7.9,24.6,283.8,0.0,-,0,0,0.000
1790427475,s8-tuic,211302,7468,2115,2115,7.6,24.7,286.0,0.0,-,0,0,0.000
1790427475,s9-anytls,33258,1892,538,538,13.5,32.1,228.5,0.0,-,0,0,0.000
1790427475,s10-vless-xhttp,67751,3935,1472,1472,35.6,47.3,292.6,0.0,-,0,0,0.000
1790427475,s11-http-proxy,206477,8559,2010,2010,12.6,32.9,358.1,0.0,-,0,0,0.000
1790427475,s12-vmess-h3,151389,5938,1485,1485,17.1,39.5,282.1,0.0,-,0,0,0.000
1790427475,__proc__,0,0,0,0,-,-,-,971.4,6825,18737,2196752,1636.392
1790427505,s7-ss-tcp,212733,8629,2220,2220,8.3,25.4,352.0,0.0,-,0,0,0.000
1790427505,s8-tuic,212333,7526,2165,2165,7.9,25.5,332.3,0.0,-,0,0,0.000
1790427505,s9-anytls,33537,1924,586,586,13.3,31.9,232.5,0.0,-,0,0,0.000
1790427505,s10-vless-xhttp,68477,3988,1525,1525,35.7,47.5,324.1,0.0,-,0,0,0.000
1790427505,s11-http-proxy,207510,8636,2169,2169,13.0,30.5,331.6,0.0,-,0,0,0.000
1790427505,s12-vmess-h3,151997,6001,1277,1277,16.5,39.5,314.8,0.0,-,0,0,0.000
1790427505,__proc__,0,0,0,0,-,-,-,971.5,7685,18880,2209489,1644.843
1790427535,s7-ss-tcp,213790,8699,2220,2220,8.6,27.0,331.3,0.0,-,0,0,0.000
1790427535,s8-tuic,213152,7580,1720,1720,8.2,28.1,332.3,0.0,-,0,0,0.000
1790427535,s9-anytls,33906,1954,775,775,13.4,32.3,236.2,0.0,-,0,0,0.000
1790427535,s10-vless-xhttp,68968,4028,1031,1031,35.6,47.3,324.1,0.0,-,0,0,0.000
1790427535,s11-http-proxy,208499,8705,2077,2077,14.0,31.4,331.6,0.0,-,0,0,0.000
1790427535,s12-vmess-h3,152949,6049,1999,1999,15.9,35.2,315.8,0.0,-,0,0,0.000
1790427535,__proc__,0,0,0,0,-,-,-,971.8,8826,24636,2221565,1653.927
1790427565,s7-ss-tcp,214865,8740,2258,2258,7.9,25.5,330.6,0.0,-,0,0,0.000
1790427565,s8-tuic,214195,7617,2190,2190,7.7,26.5,331.1,0.0,-,0,0,0.000
1790427565,s9-anytls,34225,1987,670,670,12.6,32.0,241.7,0.0,-,0,0,0.000
1790427565,s10-vless-xhttp,69620,4050,1369,1369,35.5,46.8,329.3,0.0,-,0,0,0.000
1790427565,s11-http-proxy,209684,8743,2488,2488,13.1,30.0,252.0,0.0,-,0,0,0.000
1790427565,s12-vmess-h3,152990,6057,86,86,15.8,35.6,315.8,0.0,-,0,0,0.000
1790427565,__proc__,0,0,0,0,-,-,-,971.8,9289,14806,2231921,1660.682
1790427595,s7-ss-tcp,215905,8816,2184,2184,7.7,25.4,328.6,0.0,-,0,0,0.000
1790427595,s8-tuic,215164,7668,2035,2035,7.6,27.3,331.5,0.0,-,0,0,0.000
1790427595,s9-anytls,34443,1998,458,458,12.0,32.0,241.7,0.0,-,0,0,0.000
1790427595,s10-vless-xhttp,70083,4093,972,972,35.4,47.4,324.1,0.0,-,0,0,0.000
1790427595,s11-http-proxy,210610,8808,1945,1945,12.4,30.3,238.8,0.0,-,0,0,0.000
1790427595,s12-vmess-h3,153101,6064,233,233,15.4,34.3,316.2,0.0,-,0,0,0.000
1790427595,__proc__,0,0,0,0,-,-,-,971.8,10180,16992,2242535,1667.692
1790427625,s7-ss-tcp,216484,8935,1216,1216,6.9,28.4,332.6,0.0,-,0,0,0.000
1790427625,s8-tuic,216033,7767,1825,1825,6.1,36.7,334.0,0.0,-,0,0,0.000
1790427625,s9-anytls,34482,2016,82,82,11.9,32.3,241.7,0.0,-,0,0,0.000
1790427625,s10-vless-xhttp,70130,4136,99,99,35.4,47.9,324.1,0.0,-,0,0,0.000
1790427625,s11-http-proxy,211298,8971,1445,1445,11.0,32.4,323.1,0.0,-,0,0,0.000
1790427625,s12-vmess-h3,153173,6090,151,151,15.2,35.9,316.5,0.0,-,0,0,0.000
1790427625,__proc__,0,0,0,0,-,-,-,971.8,10211,16556,2254235,1671.689
1790427655,s7-ss-tcp,217353,9017,1825,1825,5.8,28.2,332.5,0.0,-,0,0,0.000
1790427655,s8-tuic,217072,7840,2182,2182,5.2,58.9,334.0,0.0,-,0,0,0.000
1790427655,s9-anytls,34482,2016,0,0,11.9,32.3,241.7,0.0,-,0,0,0.000
1790427655,s10-vless-xhttp,70130,4136,0,0,35.4,47.9,324.1,0.0,-,0,0,0.000
1790427655,s11-http-proxy,212347,9055,2203,2203,9.0,51.2,323.2,0.0,-,0,0,0.000
1790427655,s12-vmess-h3,153519,6125,727,727,14.3,41.5,318.6,0.0,-,0,0,0.000
1790427655,__proc__,0,0,0,0,-,-,-,971.8,10037,19468,2268781,1675.779
1790427685,s7-ss-tcp,218466,9017,2337,2337,5.9,25.5,332.5,0.0,-,0,0,0.000
1790427685,s8-tuic,218361,7840,2707,2707,5.2,61.3,335.9,0.0,-,0,0,0.000
1790427685,s9-anytls,34482,2016,0,0,11.9,32.3,241.7,0.0,-,0,0,0.000
1790427685,s10-vless-xhttp,70130,4136,0,0,35.4,47.9,324.1,0.0,-,0,0,0.000
1790427685,s11-http-proxy,213567,9064,2562,2562,9.3,67.7,322.6,0.0,-,0,0,0.000
1790427685,s12-vmess-h3,154330,6138,1703,1703,14.1,47.8,316.5,0.0,-,0,0,0.000
1790427685,__proc__,0,0,0,0,-,-,-,971.9,9738,24290,2279370,1682.743
1790427715,s7-ss-tcp,219411,9039,1984,1984,5.9,29.6,315.4,0.0,-,0,0,0.000
1790427715,s8-tuic,219599,7869,2600,2600,5.8,28.8,270.5,0.0,-,0,0,0.000
1790427715,s9-anytls,34490,2017,17,17,11.9,32.4,241.7,0.0,-,0,0,0.000
1790427715,s10-vless-xhttp,70130,4136,0,0,35.4,47.9,324.1,0.0,-,0,0,0.000
1790427715,s11-http-proxy,214713,9088,2407,2407,10.3,53.7,319.6,0.0,-,0,0,0.000
1790427715,s12-vmess-h3,155169,6157,1762,1762,13.8,41.7,311.6,0.0,-,0,0,0.000
1790427715,__proc__,0,0,0,0,-,-,-,972.0,8577,22884,2288331,1689.988
1790427745,s7-ss-tcp,220575,9047,2444,2444,7.4,27.0,264.3,0.0,-,0,0,0.000
1790427745,s8-tuic,220872,7877,2673,2673,7.8,24.9,236.3,0.0,-,0,0,0.000
1790427745,s9-anytls,34586,2018,202,202,11.9,32.3,249.6,0.0,-,0,0,0.000
1790427745,s10-vless-xhttp,70130,4136,0,0,35.4,47.9,324.1,0.0,-,0,0,0.000
1790427745,s11-http-proxy,215894,9096,2480,2480,14.4,31.7,215.5,0.0,-,0,0,0.000
1790427745,s12-vmess-h3,156281,6167,2335,2335,15.0,42.5,260.2,0.0,-,0,0,0.000
1790427745,__proc__,0,0,0,0,-,-,-,972.0,7612,24560,2297979,1698.786
1790427775,s7-ss-tcp,221644,9058,2245,2245,8.9,28.0,258.7,0.0,-,0,0,0.000
1790427775,s8-tuic,222086,7892,2549,2549,8.7,27.2,273.7,0.0,-,0,0,0.000
1790427775,s9-anytls,34707,2020,254,254,12.1,32.4,254.4,0.0,-,0,0,0.000
1790427775,s10-vless-xhttp,70130,4136,0,0,35.4,47.9,324.1,0.0,-,0,0,0.000
1790427775,s11-http-proxy,217014,9112,2352,2352,16.7,31.5,233.1,0.0,-,0,0,0.000
1790427775,s12-vmess-h3,157403,6183,2356,2356,15.5,34.0,255.1,0.0,-,0,0,0.000
1790427775,__proc__,0,0,0,0,-,-,-,972.0,6236,22598,2307147,1707.348
1790427805,s7-ss-tcp,222842,9058,2516,2516,9.4,28.4,284.8,0.0,-,0,0,0.000
1790427805,s8-tuic,223338,7892,2629,2629,8.6,27.2,285.8,0.0,-,0,0,0.000
1790427805,s9-anytls,34854,2021,309,309,12.0,32.4,263.7,0.0,-,0,0,0.000
1790427805,s10-vless-xhttp,70130,4136,0,0,35.4,47.9,324.1,0.0,-,0,0,0.000
1790427805,s11-http-proxy,218159,9112,2404,2404,17.5,31.3,259.9,0.0,-,0,0,0.000
1790427805,s12-vmess-h3,158561,6183,2432,2432,16.5,33.1,276.6,0.0,-,0,0,0.000
1790427805,__proc__,0,0,0,0,-,-,-,972.0,4840,20979,2317070,1716.717
1790427835,s7-ss-tcp,224097,9058,2636,2636,10.0,27.8,285.7,0.0,-,0,0,0.000
1790427835,s8-tuic,224594,7892,2638,2638,9.0,26.9,275.1,0.0,-,0,0,0.000
1790427835,s9-anytls,35064,2023,441,441,12.1,32.4,280.5,0.0,-,0,0,0.000
1790427835,s10-vless-xhttp,70249,4137,250,250,35.5,48.2,324.1,0.0,-,0,0,0.000
1790427835,s11-http-proxy,219311,9112,2419,2419,18.3,30.5,233.3,0.0,-,0,0,0.000
1790427835,s12-vmess-h3,159711,6183,2415,2415,17.6,31.4,277.5,0.0,-,0,0,0.000
1790427835,__proc__,0,0,0,0,-,-,-,972.0,4063,19670,2327227,1724.997
1790427865,s7-ss-tcp,225264,9058,2451,2451,10.1,28.3,286.9,0.0,-,0,0,0.000
1790427865,s8-tuic,225757,7892,2442,2442,9.7,28.2,286.5,0.0,-,0,0,0.000
1790427865,s9-anytls,35274,2025,441,441,12.2,32.4,280.8,0.0,-,0,0,0.000
1790427865,s10-vless-xhttp,70633,4139,806,806,35.5,49.3,324.2,0.0,-,0,0,0.000
1790427865,s11-http-proxy,220424,9112,2337,2337,18.6,31.1,227.9,0.0,-,0,0,0.000
1790427865,s12-vmess-h3,160822,6183,2333,2333,17.8,32.2,280.0,0.0,-,0,0,0.000
1790427865,__proc__,0,0,0,0,-,-,-,972.0,3542,18458,2338745,1735.032
1790427895,s7-ss-tcp,226497,9066,2589,2589,9.6,27.9,286.8,0.0,-,0,0,0.000
1790427895,s8-tuic,226985,7900,2579,2579,9.7,27.7,269.7,0.0,-,0,0,0.000
1790427895,s9-anytls,35502,2034,479,479,12.0,32.4,283.2,0.0,-,0,0,0.000
1790427895,s10-vless-xhttp,71166,4145,1119,1119,35.4,49.3,312.8,0.0,-,0,0,0.000
1790427895,s11-http-proxy,221544,9112,2352,2352,18.6,31.2,227.0,0.0,-,0,0,0.000
1790427895,s12-vmess-h3,161947,6188,2362,2362,18.1,32.6,289.2,0.0,-,0,0,0.000
1790427895,__proc__,0,0,0,0,-,-,-,972.0,3716,18904,2351796,1745.774
1790427925,s7-ss-tcp,227647,9098,2415,2415,9.4,27.7,282.0,0.0,-,0,0,0.000
1790427925,s8-tuic,228127,7930,2398,2398,9.5,28.0,283.6,0.0,-,0,0,0.000
1790427925,s9-anytls,35800,2046,626,626,11.8,31.4,288.0,0.0,-,0,0,0.000
1790427925,s10-vless-xhttp,71796,4164,1323,1323,35.5,49.7,290.9,0.0,-,0,0,0.000
1790427925,s11-http-proxy,222616,9144,2251,2251,18.0,31.9,224.4,0.0,-,0,0,0.000
1790427925,s12-vmess-h3,163022,6220,2258,2258,17.4,35.0,299.6,0.0,-,0,0,0.000
1790427925,__proc__,0,0,0,0,-,-,-,972.0,4828,19968,2363589,1755.776
1790427955,s7-ss-tcp,228783,9122,2386,2386,9.5,27.3,243.9,0.0,-,0,0,0.000
1790427955,s8-tuic,229263,7954,2386,2386,9.6,27.7,249.6,0.0,-,0,0,0.000
1790427955,s9-anytls,36142,2068,718,718,11.7,29.9,289.1,0.0,-,0,0,0.000
1790427955,s10-vless-xhttp,72427,4179,1325,1325,35.5,49.4,286.3,0.0,-,0,0,0.000
1790427955,s11-http-proxy,223658,9162,2188,2188,17.4,32.1,285.8,0.0,-,0,0,0.000
1790427955,s12-vmess-h3,163740,6232,1508,1508,17.0,38.5,320.5,0.0,-,0,0,0.000
1790427955,__proc__,0,0,0,0,-,-,-,972.0,5805,17508,2374390,1765.391
1790427985,s7-ss-tcp,229870,9170,2283,2283,9.5,26.2,267.2,0.0,-,0,0,0.000
1790427985,s8-tuic,230352,8002,2287,2287,9.5,27.2,269.7,0.0,-,0,0,0.000
1790427985,s9-anytls,36598,2091,958,958,11.9,29.5,288.4,0.0,-,0,0,0.000
1790427985,s10-vless-xhttp,72878,4202,947,947,35.4,49.4,294.2,0.0,-,0,0,0.000
1790427985,s11-http-proxy,224689,9204,2165,2165,16.3,31.5,286.8,0.0,-,0,0,0.000
1790427985,s12-vmess-h3,164495,6263,1586,1586,16.2,35.8,359.1,0.0,-,0,0,0.000
1790427985,__proc__,0,0,0,0,-,-,-,972.0,6720,19131,2385920,1774.225
1790428015,s7-ss-tcp,230959,9199,2287,2287,9.8,26.0,186.9,0.0,-,0,0,0.000
1790428015,s8-tuic,231510,8033,2432,2432,9.5,27.2,240.8,0.0,-,0,0,0.000
1790428015,s9-anytls,36942,2101,722,722,12.1,29.5,280.5,0.0,-,0,0,0.000
1790428015,s10-vless-xhttp,73194,4215,664,664,35.5,49.0,286.3,0.0,-,0,0,0.000
1790428015,s11-http-proxy,225756,9229,2241,2241,16.3,31.5,286.9,0.0,-,0,0,0.000
1790428015,s12-vmess-h3,165461,6292,2029,2029,15.9,35.8,357.8,0.0,-,0,0,0.000
1790428015,__proc__,0,0,0,0,-,-,-,972.1,7505,22809,2396960,1782.773
1790428045,s7-ss-tcp,231929,9234,2037,2037,10.0,25.8,268.2,0.0,-,0,0,0.000
1790428045,s8-tuic,232639,8078,2371,2371,9.6,26.4,267.6,0.0,-,0,0,0.000
1790428045,s9-anytls,37249,2105,645,645,12.7,29.9,279.6,0.0,-,0,0,0.000
1790428045,s10-vless-xhttp,73456,4227,550,550,35.4,48.5,290.9,0.0,-,0,0,0.000
1790428045,s11-http-proxy,226838,9277,2272,2272,15.8,30.6,286.6,0.0,-,0,0,0.000
1790428045,s12-vmess-h3,166222,6324,1598,1598,16.0,35.8,318.9,0.0,-,0,0,0.000
1790428045,__proc__,0,0,0,0,-,-,-,972.1,7786,20849,2405306,1791.277
1790428075,s7-ss-tcp,232956,9275,2157,2157,9.8,25.6,268.6,0.0,-,0,0,0.000
1790428075,s8-tuic,233782,8114,2400,2400,9.5,26.3,248.7,0.0,-,0,0,0.000
1790428075,s9-anytls,37569,2119,672,672,12.7,29.9,272.4,0.0,-,0,0,0.000
1790428075,s10-vless-xhttp,73811,4239,746,746,35.4,48.0,286.3,0.0,-,0,0,0.000
1790428075,s11-http-proxy,227945,9309,2325,2325,15.4,30.2,282.3,0.0,-,0,0,0.000
1790428075,s12-vmess-h3,166763,6360,1136,1136,15.8,34.3,319.9,0.0,-,0,0,0.000
1790428075,__proc__,0,0,0,0,-,-,-,972.1,8214,18935,2415099,1799.809
1790428105,s7-ss-tcp,234060,9321,2318,2318,9.8,25.9,250.5,0.0,-,0,0,0.000
1790428105,s8-tuic,234876,8148,2297,2297,9.4,27.2,265.6,0.0,-,0,0,0.000
1790428105,s9-anytls,37796,2130,477,477,12.8,29.9,280.8,0.0,-,0,0,0.000
1790428105,s10-vless-xhttp,74081,4252,567,567,35.4,47.7,281.4,0.0,-,0,0,0.000
1790428105,s11-http-proxy,228994,9348,2203,2203,15.9,32.6,307.7,0.0,-,0,0,0.000
1790428105,s12-vmess-h3,167590,6403,1737,1737,15.7,34.3,312.9,0.0,-,0,0,0.000
1790428105,__proc__,0,0,0,0,-,-,-,972.6,9156,23613,2424058,1808.558
1790428135,s7-ss-tcp,235111,9385,2207,2207,9.9,26.8,286.9,0.0,-,0,0,0.000
1790428135,s8-tuic,235818,8203,1978,1978,9.3,27.8,286.3,0.0,-,0,0,0.000
1790428135,s9-anytls,38024,2155,479,479,12.9,29.9,288.0,0.0,-,0,0,0.000
1790428135,s10-vless-xhttp,74361,4270,588,588,35.2,47.0,264.3,0.0,-,0,0,0.000
1790428135,s11-http-proxy,230003,9411,2119,2119,16.0,31.3,300.4,0.0,-,0,0,0.000
1790428135,s12-vmess-h3,168614,6457,2150,2150,16.5,34.3,305.1,0.0,-,0,0,0.000
1790428135,__proc__,0,0,0,0,-,-,-,974.4,9591,26515,2435924,1817.823
1790428165,s7-ss-tcp,236173,9458,2230,2230,9.4,26.4,265.3,0.0,-,0,0,0.000
1790428165,s8-tuic,236893,8266,2258,2258,8.8,27.8,315.9,0.0,-,0,0,0.000
1790428165,s9-anytls,38346,2179,676,676,13.5,30.0,280.8,0.0,-,0,0,0.000
1790428165,s10-vless-xhttp,74669,4296,647,647,35.2,46.5,264.3,0.0,-,0,0,0.000
1790428165,s11-http-proxy,230982,9487,2056,2056,16.1,32.6,382.6,0.0,-,0,0,0.000
1790428165,s12-vmess-h3,169393,6508,1636,1636,16.4,42.6,346.9,0.0,-,0,0,0.000
1790428165,__proc__,0,0,0,0,-,-,-,974.5,9205,23208,2447591,1826.843
1790428195,s7-ss-tcp,237324,9491,2417,2417,9.2,26.3,264.9,0.0,-,0,0,0.000
1790428195,s8-tuic,238052,8301,2434,2434,8.3,27.6,286.8,0.0,-,0,0,0.000
1790428195,s9-anytls,38463,2186,246,246,13.7,29.9,286.8,0.0,-,0,0,0.000
1790428195,s10-vless-xhttp,75055,4314,811,811,35.2,46.7,264.3,0.0,-,0,0,0.000
1790428195,s11-http-proxy,231940,9529,2012,2012,15.8,32.6,400.7,0.0,-,0,0,0.000
1790428195,s12-vmess-h3,170054,6536,1388,1388,15.7,42.1,397.9,0.0,-,0,0,0.000
1790428195,__proc__,0,0,0,0,-,-,-,974.5,8906,21359,2459950,1834.202
1790428225,s7-ss-tcp,238170,9539,1777,1777,9.8,28.0,289.1,0.0,-,0,0,0.000
1790428225,s8-tuic,239011,8355,2014,2014,9.1,28.5,314.0,0.0,-,0,0,0.000
1790428225,s9-anytls,38629,2199,349,349,14.1,30.0,286.8,0.0,-,0,0,0.000
1790428225,s10-vless-xhttp,75444,4345,817,817,35.2,46.7,261.8,0.0,-,0,0,0.000
1790428225,s11-http-proxy,232827,9574,1863,1863,17.1,36.5,428.0,0.0,-,0,0,0.000
1790428225,s12-vmess-h3,170955,6598,1892,1892,17.1,39.4,398.9,0.0,-,0,0,0.000
1790428225,__proc__,0,0,0,0,-,-,-,974.7,8573,23587,2469758,1843.748
1790428255,s7-ss-tcp,239281,9572,2333,2333,9.7,28.7,247.3,0.0,-,0,0,0.000
1790428255,s8-tuic,240164,8391,2421,2421,9.5,29.6,244.8,0.0,-,0,0,0.000
1790428255,s9-anytls,38674,2200,94,94,14.1,30.0,280.8,0.0,-,0,0,0.000
1790428255,s10-vless-xhttp,75829,4359,808,808,35.2,47.2,281.3,0.0,-,0,0,0.000
1790428255,s11-http-proxy,233946,9615,2350,2350,15.7,34.8,382.7,0.0,-,0,0,0.000
1790428255,s12-vmess-h3,171527,6615,1201,1201,16.9,37.7,355.1,0.0,-,0,0,0.000
1790428255,__proc__,0,0,0,0,-,-,-,974.9,7774,18698,2480947,1851.482
1790428285,s7-ss-tcp,240311,9662,2163,2163,9.3,28.2,245.3,0.0,-,0,0,0.000
1790428285,s8-tuic,241221,8471,2220,2220,8.9,28.8,286.1,0.0,-,0,0,0.000
1790428285,s9-anytls,38680,2202,13,13,14.1,30.0,280.8,0.0,-,0,0,0.000
1790428285,s10-vless-xhttp,76414,4425,1228,1228,35.2,47.3,281.3,0.0,-,0,0,0.000
1790428285,s11-http-proxy,234914,9700,2033,2033,15.5,33.3,383.0,0.0,-,0,0,0.000
1790428285,s12-vmess-h3,172262,6700,1544,1544,16.0,37.8,332.0,0.0,-,0,0,0.000
1790428285,__proc__,0,0,0,0,-,-,-,974.9,8247,21258,2495324,1860.079
1790428315,s7-ss-tcp,241391,9743,2268,2268,9.2,28.3,227.9,0.0,-,0,0,0.000
1790428315,s8-tuic,242306,8557,2278,2278,9.3,28.5,235.1,0.0,-,0,0,0.000
1790428315,s9-anytls,38725,2207,94,94,14.1,30.0,280.8,0.0,-,0,0,0.000
1790428315,s10-vless-xhttp,77039,4479,1312,1312,35.4,47.9,281.3,0.0,-,0,0,0.000
1790428315,s11-http-proxy,235925,9780,2123,2123,15.4,34.0,296.9,0.0,-,0,0,0.000
1790428315,s12-vmess-h3,172768,6733,1063,1063,15.5,39.2,330.7,0.0,-,0,0,0.000
1790428315,__proc__,0,0,0,0,-,-,-,975.1,8659,19300,2506437,1867.147
1790428345,s7-ss-tcp,242351,9803,2016,2016,8.9,26.6,178.1,0.0,-,0,0,0.000
1790428345,s8-tuic,243369,8620,2232,2232,8.7,26.6,256.2,0.0,-,0,0,0.000
1790428345,s9-anytls,38744,2209,40,40,14.2,30.1,280.8,0.0,-,0,0,0.000
1790428345,s10-vless-xhttp,77558,4530,1090,1090,35.5,48.1,313.6,0.0,-,0,0,0.000
1790428345,s11-http-proxy,236931,9855,2113,2113,14.5,31.6,245.4,0.0,-,0,0,0.000
1790428345,s12-vmess-h3,173478,6799,1491,1491,15.4,34.3,297.3,0.0,-,0,0,0.000
1790428345,__proc__,0,0,0,0,-,-,-,975.5,9218,22365,2517140,1874.099
1790428375,s7-ss-tcp,243313,9868,2020,2020,8.9,26.4,208.1,0.0,-,0,0,0.000
1790428375,s8-tuic,244016,8653,1359,1359,9.0,27.5,258.4,0.0,-,0,0,0.000
1790428375,s9-anytls,38744,2209,0,0,14.2,30.1,280.8,0.0,-,0,0,0.000
1790428375,s10-vless-xhttp,78192,4575,1331,1331,35.6,49.9,313.8,0.0,-,0,0,0.000
1790428375,s11-http-proxy,237901,9902,2037,2037,15.6,32.8,316.0,0.0,-,0,0,0.000
1790428375,s12-vmess-h3,174455,6847,2052,2052,16.0,36.4,297.9,0.0,-,0,0,0.000
1790428375,__proc__,0,0,0,0,-,-,-,976.8,10235,26999,2528820,1883.598
1790428405,s7-ss-tcp,244421,9923,2327,2327,9.1,26.4,212.2,0.0,-,0,0,0.000
1790428405,s8-tuic,245104,8680,2285,2285,8.9,27.4,264.1,0.0,-,0,0,0.000
1790428405,s9-anytls,38744,2209,0,0,14.2,30.1,280.8,0.0,-,0,0,0.000
1790428405,s10-vless-xhttp,78338,4588,307,307,35.6,49.9,313.7,0.0,-,0,0,0.000
1790428405,s11-http-proxy,238854,9946,2001,2001,15.6,31.0,330.3,0.0,-,0,0,0.000
1790428405,s12-vmess-h3,175151,6880,1462,1462,15.0,35.3,352.8,0.0,-,0,0,0.000
1790428405,__proc__,0,0,0,0,-,-,-,977.1,9600,22855,2539484,1891.203
1790428435,s7-ss-tcp,245642,9949,2564,2564,8.7,26.4,263.9,0.0,-,0,0,0.000
1790428435,s8-tuic,246320,8706,2554,2554,8.5,27.1,319.6,0.0,-,0,0,0.000
1790428435,s9-anytls,38744,2209,0,0,14.2,30.1,280.8,0.0,-,0,0,0.000
1790428435,s10-vless-xhttp,78466,4593,269,269,35.7,50.2,313.8,0.0,-,0,0,0.000
1790428435,s11-http-proxy,239977,9990,2358,2358,14.6,29.6,343.1,0.0,-,0,0,0.000
1790428435,s12-vmess-h3,175618,6899,981,981,14.9,39.2,352.8,0.0,-,0,0,0.000
1790428435,__proc__,0,0,0,0,-,-,-,977.1,9039,19396,2548108,1898.133
1790428465,s7-ss-tcp,246829,10001,2493,2493,7.8,24.7,216.5,0.0,-,0,0,0.000
1790428465,s8-tuic,247513,8756,2505,2505,7.7,25.5,264.2,0.0,-,0,0,0.000
1790428465,s9-anytls,38760,2212,34,34,14.2,30.1,280.8,0.0,-,0,0,0.000
1790428465,s10-vless-xhttp,78597,4600,275,275,35.7,50.4,313.8,0.0,-,0,0,0.000
1790428465,s11-http-proxy,241087,10053,2331,2331,13.3,28.1,330.3,0.0,-,0,0,0.000
1790428465,s12-vmess-h3,176401,6952,1644,1644,15.0,36.4,343.3,0.0,-,0,0,0.000
1790428465,__proc__,0,0,0,0,-,-,-,977.1,9011,22932,2559462,1904.771
1790428495,s7-ss-tcp,247919,10050,2289,2289,7.7,24.4,217.6,0.0,-,0,0,0.000
1790428495,s8-tuic,248603,8801,2289,2289,7.3,24.4,261.5,0.0,-,0,0,0.000
1790428495,s9-anytls,38829,2218,145,145,14.2,29.9,280.8,0.0,-,0,0,0.000
1790428495,s10-vless-xhttp,78719,4606,256,256,35.7,50.6,314.0,0.0,-,0,0,0.000
1790428495,s11-http-proxy,242127,10100,2184,2184,13.3,27.1,223.2,0.0,-,0,0,0.000
1790428495,s12-vmess-h3,177326,6994,1942,1942,15.5,38.5,352.0,0.0,-,0,0,0.000
1790428495,__proc__,0,0,0,0,-,-,-,977.1,8619,23977,2569542,1913.109
1790428525,s7-ss-tcp,249056,10068,2388,2388,8.1,25.1,215.8,0.0,-,0,0,0.000
1790428525,s8-tuic,249746,8817,2400,2400,7.8,24.4,215.9,0.0,-,0,0,0.000
1790428525,s9-anytls,38949,2222,252,252,14.1,30.1,280.8,0.0,-,0,0,0.000
1790428525,s10-vless-xhttp,78868,4611,313,313,35.8,50.8,316.0,0.0,-,0,0,0.000
1790428525,s11-http-proxy,243177,10108,2205,2205,14.2,28.3,223.7,0.0,-,0,0,0.000
1790428525,s12-vmess-h3,178187,7006,1808,1808,15.1,36.2,341.4,0.0,-,0,0,0.000
1790428525,__proc__,0,0,0,0,-,-,-,977.1,8098,22471,2578767,1923.470
1790428555,s7-ss-tcp,250251,10076,2510,2510,9.1,26.5,220.2,0.0,-,0,0,0.000
1790428555,s8-tuic,250949,8825,2526,2526,8.8,26.3,261.6,0.0,-,0,0,0.000
1790428555,s9-anytls,39114,2226,346,346,14.0,30.0,272.4,0.0,-,0,0,0.000
1790428555,s10-vless-xhttp,79135,4615,561,561,35.8,50.5,316.1,0.0,-,0,0,0.000
1790428555,s11-http-proxy,244287,10114,2331,2331,15.8,30.7,265.5,0.0,-,0,0,0.000
1790428555,s12-vmess-h3,178978,7014,1661,1661,15.2,35.7,321.4,0.0,-,0,0,0.000
1790428555,__proc__,0,0,0,0,-,-,-,977.1,7799,21200,2589319,1933.624
1790428585,s7-ss-tcp,251359,10084,2327,2327,9.4,28.2,223.1,0.0,-,0,0,0.000
1790428585,s8-tuic,252060,8832,2333,2333,9.0,27.8,231.1,0.0,-,0,0,0.000
1790428585,s9-anytls,39338,2230,470,470,14.0,30.1,271.8,0.0,-,0,0,0.000
1790428585,s10-vless-xhttp,79257,4616,256,256,35.8,50.4,316.2,0.0,-,0,0,0.000
1790428585,s11-http-proxy,245319,10114,2167,2167,16.7,32.7,265.0,0.0,-,0,0,0.000
1790428585,s12-vmess-h3,179889,7014,1913,1913,16.5,36.5,321.4,0.0,-,0,0,0.000
1790428585,__proc__,0,0,0,0,-,-,-,977.1,7030,21393,2598310,1945.604
1790428615,s7-ss-tcp,252517,10116,2432,2432,10.5,29.0,270.3,0.0,-,0,0,0.000
1790428615,s8-tuic,253224,8863,2444,2444,9.7,29.1,231.1,0.0,-,0,0,0.000
1790428615,s9-anytls,39620,2244,592,592,14.1,30.1,279.6,0.0,-,0,0,0.000
1790428615,s10-vless-xhttp,79463,4623,433,433,35.9,51.0,316.2,0.0,-,0,0,0.000
1790428615,s11-http-proxy,246401,10138,2272,2272,17.5,34.4,360.7,0.0,-,0,0,0.000
1790428615,s12-vmess-h3,180995,7037,2323,2323,16.8,37.1,357.0,0.0,-,0,0,0.000
1790428615,__proc__,0,0,0,0,-,-,-,977.1,6365,22664,2610481,1955.262
1790428645,s7-ss-tcp,253647,10127,2373,2373,10.8,29.6,297.7,0.0,-,0,0,0.000
1790428645,s8-tuic,254352,8872,2369,2369,10.4,29.9,296.5,0.0,-,0,0,0.000
1790428645,s9-anytls,39749,2249,271,271,14.2,30.1,278.3,0.0,-,0,0,0.000
1790428645,s10-vless-xhttp,79733,4627,567,567,35.8,50.6,316.0,0.0,-,0,0,0.000
1790428645,s11-http-proxy,247489,10154,2285,2285,18.1,34.7,356.2,0.0,-,0,0,0.000
1790428645,s12-vmess-h3,182084,7053,2287,2287,17.7,36.2,321.4,0.0,-,0,0,0.000
1790428645,__proc__,0,0,0,0,-,-,-,977.1,5835,21776,2620946,1965.667
1790428675,s7-ss-tcp,254796,10127,2413,2413,11.2,29.3,301.7,0.0,-,0,0,0.000
1790428675,s8-tuic,255498,8872,2407,2407,11.1,29.4,294.5,0.0,-,0,0,0.000
1790428675,s9-anytls,40037,2255,605,605,14.4,30.1,278.3,0.0,-,0,0,0.000
1790428675,s10-vless-xhttp,80002,4629,565,565,35.8,50.3,313.6,0.0,-,0,0,0.000
1790428675,s11-http-proxy,248569,10154,2268,2268,19.0,33.4,289.9,0.0,-,0,0,0.000
1790428675,s12-vmess-h3,183174,7053,2289,2289,18.3,34.1,285.5,0.0,-,0,0,0.000
1790428675,__proc__,0,0,0,0,-,-,-,976.9,5107,20597,2631872,1976.001
1790428705,s7-ss-tcp,255788,10199,2083,2083,10.3,28.6,321.5,0.0,-,0,0,0.000
1790428705,s8-tuic,256501,8929,2106,2106,10.3,28.8,320.7,0.0,-,0,0,0.000
1790428705,s9-anytls,40309,2281,571,571,14.5,29.9,271.4,0.0,-,0,0,0.000
1790428705,s10-vless-xhttp,80739,4686,1548,1548,35.9,50.5,316.2,0.0,-,0,0,0.000
1790428705,s11-http-proxy,249504,10217,1964,1964,19.0,32.6,297.1,0.0,-,0,0,0.000
1790428705,s12-vmess-h3,184109,7116,1964,1964,18.2,32.3,305.8,0.0,-,0,0,0.000
1790428705,__proc__,0,0,0,0,-,-,-,976.7,6139,20381,2644247,1986.111
1790428735,s7-ss-tcp,256765,10237,2052,2052,10.7,29.0,372.7,0.0,-,0,0,0.000
1790428735,s8-tuic,257360,8957,1804,1804,10.4,29.4,326.1,0.0,-,0,0,0.000
1790428735,s9-anytls,40672,2298,762,762,14.9,30.4,271.4,0.0,-,0,0,0.000
1790428735,s10-vless-xhttp,81571,4724,1747,1747,35.9,51.0,328.3,0.0,-,0,0,0.000
1790428735,s11-http-proxy,250466,10257,2020,2020,19.5,32.3,260.0,0.0,-,0,0,0.000
1790428735,s12-vmess-h3,185086,7155,2052,2052,18.9,32.5,271.2,0.0,-,0,0,0.000
1790428735,__proc__,0,0,0,0,-,-,-,976.9,7724,23332,2655635,1996.177
1790428765,s7-ss-tcp,257664,10276,1888,1888,10.1,29.3,327.2,0.0,-,0,0,0.000
1790428765,s8-tuic,258265,8989,1900,1900,10.1,29.7,327.3,0.0,-,0,0,0.000
1790428765,s9-anytls,40839,2306,351,351,14.9,30.5,280.8,0.0,-,0,0,0.000
1790428765,s10-vless-xhttp,81934,4747,762,762,35.9,51.0,328.0,0.0,-,0,0,0.000
1790428765,s11-http-proxy,251382,10295,1924,1924,19.5,33.2,261.3,0.0,-,0,0,0.000
1790428765,s12-vmess-h3,186048,7192,2020,2020,19.0,33.7,285.5,0.0,-,0,0,0.000
1790428765,__proc__,0,0,0,0,-,-,-,977.2,8148,24137,2666462,2007.053
1790428795,s7-ss-tcp,258783,10312,2350,2350,9.5,29.5,361.9,0.0,-,0,0,0.000
1790428795,s8-tuic,259381,9029,2344,2344,8.9,29.6,328.6,0.0,-,0,0,0.000
1790428795,s9-anytls,41027,2314,395,395,15.1,30.9,286.8,0.0,-,0,0,0.000
1790428795,s10-vless-xhttp,82324,4762,819,819,35.9,49.9,322.3,0.0,-,0,0,0.000
1790428795,s11-http-proxy,252319,10329,1968,1968,18.9,32.3,260.4,0.0,-,0,0,0.000
1790428795,s12-vmess-h3,187029,7213,2060,2060,18.6,33.7,279.3,0.0,-,0,0,0.000
1790428795,__proc__,0,0,0,0,-,-,-,977.5,8624,24701,2677775,2015.931
1790428825,s7-ss-tcp,259933,10366,2415,2415,9.6,29.4,361.9,0.0,-,0,0,0.000
1790428825,s8-tuic,260538,9075,2430,2430,9.1,30.6,328.6,0.0,-,0,0,0.000
1790428825,s9-anytls,41291,2341,554,554,14.8,30.8,286.8,0.0,-,0,0,0.000
1790428825,s10-vless-xhttp,82648,4776,680,680,35.8,49.4,312.9,0.0,-,0,0,0.000
1790428825,s11-http-proxy,253379,10400,2226,2226,18.0,32.3,182.7,0.0,-,0,0,0.000
1790428825,s12-vmess-h3,187619,7253,1239,1239,18.0,35.1,278.5,0.0,-,0,0,0.000
1790428825,__proc__,0,0,0,0,-,-,-,977.5,8534,20024,2689031,2023.514
1790428855,s7-ss-tcp,261152,10394,2560,2560,8.9,28.9,327.2,0.0,-,0,0,0.000
1790428855,s8-tuic,261765,9100,2577,2577,8.7,29.9,314.1,0.0,-,0,0,0.000
1790428855,s9-anytls,41446,2345,326,326,14.8,30.8,283.1,0.0,-,0,0,0.000
1790428855,s10-vless-xhttp,82783,4780,284,284,35.8,49.4,315.7,0.0,-,0,0,0.000
1790428855,s11-http-proxy,254527,10424,2411,2411,17.1,31.7,191.8,0.0,-,0,0,0.000
1790428855,s12-vmess-h3,188481,7275,1810,1810,17.3,34.3,279.6,0.0,-,0,0,0.000
1790428855,__proc__,0,0,0,0,-,-,-,977.5,8573,23247,2699381,2031.729
1790428885,s7-ss-tcp,262348,10431,2512,2512,8.9,26.5,255.2,0.0,-,0,0,0.000
1790428885,s8-tuic,262966,9138,2522,2522,8.8,27.9,257.0,0.0,-,0,0,0.000
1790428885,s9-anytls,41677,2360,485,485,14.6,30.8,278.3,0.0,-,0,0,0.000
1790428885,s10-vless-xhttp,83052,4790,565,565,35.8,49.1,309.9,0.0,-,0,0,0.000
1790428885,s11-http-proxy,255669,10461,2398,2398,15.4,31.2,232.2,0.0,-,0,0,0.000
1790428885,s12-vmess-h3,188838,7286,750,750,17.0,35.5,312.5,0.0,-,0,0,0.000
1790428885,__proc__,0,0,0,0,-,-,-,977.5,8360,17148,2709371,2039.528
1790428915,s7-ss-tcp,263414,10503,2239,2239,8.9,26.3,244.8,0.0,-,0,0,0.000
1790428915,s8-tuic,264072,9181,2323,2323,9.1,28.3,258.9,0.0,-,0,0,0.000
1790428915,s9-anytls,41921,2377,512,512,14.4,30.6,272.1,0.0,-,0,0,0.000
1790428915,s10-vless-xhttp,83253,4802,422,422,35.7,48.8,302.1,0.0,-,0,0,0.000
1790428915,s11-http-proxy,256728,10515,2224,2224,14.8,31.8,256.9,0.0,-,0,0,0.000
1790428915,s12-vmess-h3,189581,7317,1560,1560,16.6,39.0,313.7,0.0,-,0,0,0.000
1790428915,__proc__,0,0,0,0,-,-,-,977.5,8675,22036,2720035,2047.363
1790428945,s7-ss-tcp,264664,10519,2625,2625,10.0,27.9,234.0,0.0,-,0,0,0.000
1790428945,s8-tuic,265317,9197,2614,2614,9.9,31.4,255.4,0.0,-,0,0,0.000
1790428945,s9-anytls,42136,2380,452,452,14.6,30.8,267.1,0.0,-,0,0,0.000
1790428945,s10-vless-xhttp,83253,4802,0,0,35.7,48.8,302.1,0.0,-,0,0,0.000
1790428945,s11-http-proxy,257920,10539,2503,2503,15.4,34.0,246.6,0.0,-,0,0,0.000
1790428945,s12-vmess-h3,190187,7328,1273,1273,16.2,38.3,279.2,0.0,-,0,0,0.000
1790428945,__proc__,0,0,0,0,-,-,-,977.5,8042,19428,2727543,2054.630
1790428975,s7-ss-tcp,265813,10562,2413,2413,10.3,30.2,255.3,0.0,-,0,0,0.000
1790428975,s8-tuic,266498,9226,2480,2480,10.2,37.4,258.9,0.0,-,0,0,0.000
1790428975,s9-anytls,42288,2385,319,319,14.7,31.0,267.1,0.0,-,0,0,0.000
1790428975,s10-vless-xhttp,83253,4802,0,0,35.7,48.8,302.1,0.0,-,0,0,0.000
1790428975,s11-http-proxy,259016,10595,2302,2302,15.9,34.3,228.7,0.0,-,0,0,0.000
1790428975,s12-vmess-h3,191234,7381,2199,2199,15.7,40.1,267.8,0.0,-,0,0,0.000
1790428975,__proc__,0,0,0,0,-,-,-,977.6,8012,24431,2737443,2062.728
1790429005,s7-ss-tcp,266989,10598,2470,2470,10.7,31.5,238.7,0.0,-,0,0,0.000
1790429005,s8-tuic,267687,9250,2497,2497,10.5,38.5,229.3,0.0,-,0,0,0.000
1790429005,s9-anytls,42564,2398,580,580,14.9,31.6,260.0,0.0,-,0,0,0.000
1790429005,s10-vless-xhttp,83253,4802,0,0,35.7,48.8,302.1,0.0,-,0,0,0.000
1790429005,s11-http-proxy,260112,10643,2302,2302,17.2,34.4,199.7,0.0,-,0,0,0.000
1790429005,s12-vmess-h3,192340,7427,2323,2323,16.6,36.5,229.3,0.0,-,0,0,0.000
1790429005,__proc__,0,0,0,0,-,-,-,977.7,6524,22901,2747434,2070.939
1790429035,s7-ss-tcp,268231,10598,2608,2608,10.5,30.1,266.9,0.0,-,0,0,0.000
1790429035,s8-tuic,268931,9250,2612,2612,10.0,32.9,268.3,0.0,-,0,0,0.000
1790429035,s9-anytls,42759,2402,410,410,14.8,31.4,260.0,0.0,-,0,0,0.000
1790429035,s10-vless-xhttp,83253,4802,0,0,35.7,48.8,302.1,0.0,-,0,0,0.000
1790429035,s11-http-proxy,261288,10643,2470,2470,17.7,33.8,196.6,0.0,-,0,0,0.000
1790429035,s12-vmess-h3,193515,7427,2468,2468,17.3,33.8,210.6,0.0,-,0,0,0.000
1790429035,__proc__,0,0,0,0,-,-,-,977.7,4940,21318,2755674,2079.003
1790429065,s7-ss-tcp,269364,10615,2379,2379,10.5,30.3,298.3,0.0,-,0,0,0.000
1790429065,s8-tuic,270064,9266,2379,2379,10.0,31.1,305.9,0.0,-,0,0,0.000
1790429065,s9-anytls,42948,2405,397,397,14.8,31.7,272.1,0.0,-,0,0,0.000
1790429065,s10-vless-xhttp,83654,4810,842,842,35.7,48.6,278.5,0.0,-,0,0,0.000
1790429065,s11-http-proxy,262368,10659,2268,2268,18.2,33.1,202.1,0.0,-,0,0,0.000
1790429065,s12-vmess-h3,194596,7443,2270,2270,17.7,33.1,243.6,0.0,-,0,0,0.000
1790429065,__proc__,0,0,0,0,-,-,-,977.7,4931,20214,2766002,2088.951
1790429095,s7-ss-tcp,270535,10615,2459,2459,11.2,29.7,306.7,0.0,-,0,0,0.000
1790429095,s8-tuic,271238,9266,2465,2465,10.8,30.2,306.9,0.0,-,0,0,0.000
1790429095,s9-anytls,43132,2408,386,386,14.8,31.8,273.1,0.0,-,0,0,0.000
1790429095,s10-vless-xhttp,83929,4810,578,578,35.6,48.8,302.1,0.0,-,0,0,0.000
1790429095,s11-http-proxy,263472,10659,2318,2318,18.8,32.7,270.8,0.0,-,0,0,0.000
1790429095,s12-vmess-h3,195711,7443,2342,2342,18.2,32.8,284.4,0.0,-,0,0,0.000
1790429095,__proc__,0,0,0,0,-,-,-,977.7,4808,20462,2776675,2099.816
1790429125,s7-ss-tcp,271744,10615,2539,2539,10.5,29.8,342.2,0.0,-,0,0,0.000
1790429125,s8-tuic,272448,9266,2541,2541,10.1,29.6,335.7,0.0,-,0,0,0.000
1790429125,s9-anytls,43475,2411,720,720,14.9,31.5,276.3,0.0,-,0,0,0.000
1790429125,s10-vless-xhttp,84288,4812,754,754,35.6,48.6,274.1,0.0,-,0,0,0.000
1790429125,s11-http-proxy,264624,10659,2419,2419,18.5,31.9,298.3,0.0,-,0,0,0.000
1790429125,s12-vmess-h3,196868,7443,2430,2430,17.9,32.4,300.1,0.0,-,0,0,0.000
1790429125,__proc__,0,0,0,0,-,-,-,976.7,4925,21185,2789519,2110.188
1790429155,s7-ss-tcp,272862,10632,2348,2348,10.2,28.1,352.6,0.0,-,0,0,0.000
1790429155,s8-tuic,273565,9282,2346,2346,10.0,28.1,324.1,0.0,-,0,0,0.000
1790429155,s9-anytls,43657,2421,382,382,15.0,31.6,276.3,0.0,-,0,0,0.000
1790429155,s10-vless-xhttp,84793,4820,1060,1060,35.5,48.4,271.0,0.0,-,0,0,0.000
1790429155,s11-http-proxy,265656,10682,2167,2167,18.4,31.7,298.3,0.0,-,0,0,0.000
1790429155,s12-vmess-h3,197904,7463,2176,2176,17.8,32.5,313.1,0.0,-,0,0,0.000
1790429155,__proc__,0,0,0,0,-,-,-,976.7,5550,20735,2801788,2121.683
1790429185,s7-ss-tcp,273952,10632,2289,2289,10.9,29.0,329.4,0.0,-,0,0,0.000
1790429185,s8-tuic,274661,9282,2302,2302,10.6,29.9,305.9,0.0,-,0,0,0.000
1790429185,s9-anytls,43939,2428,592,592,14.9,31.9,284.6,0.0,-,0,0,0.000
1790429185,s10-vless-xhttp,85293,4820,1050,1050,35.5,47.9,278.5,0.0,-,0,0,0.000
1790429185,s11-http-proxy,266680,10682,2150,2150,18.5,32.0,278.5,0.0,-,0,0,0.000
1790429185,s12-vmess-h3,198946,7463,2188,2188,17.9,32.6,303.0,0.0,-,0,0,0.000
1790429185,__proc__,0,0,0,0,-,-,-,976.7,6103,21487,2812595,2133.506
1790429215,s7-ss-tcp,275055,10674,2316,2316,10.6,29.0,365.0,0.0,-,0,0,0.000
1790429215,s8-tuic,275760,9328,2308,2308,10.7,29.8,328.0,0.0,-,0,0,0.000
1790429215,s9-anytls,44250,2448,653,653,15.0,32.0,278.8,0.0,-,0,0,0.000
1790429215,s10-vless-xhttp,85787,4845,1037,1037,35.3,47.6,309.3,0.0,-,0,0,0.000
1790429215,s11-http-proxy,267704,10730,2150,2150,18.7,32.0,276.4,0.0,-,0,0,0.000
1790429215,s12-vmess-h3,199969,7501,2148,2148,18.1,33.1,323.8,0.0,-,0,0,0.000
1790429215,__proc__,0,0,0,0,-,-,-,976.9,6590,22105,2823823,2143.300
1790429245,s7-ss-tcp,276087,10732,2167,2167,10.6,29.4,319.0,0.0,-,0,0,0.000
1790429245,s8-tuic,276805,9381,2194,2194,10.6,29.9,328.3,0.0,-,0,0,0.000
1790429245,s9-anytls,44688,2474,920,920,14.9,31.6,278.8,0.0,-,0,0,0.000
1790429245,s10-vless-xhttp,86317,4878,1113,1113,35.3,47.6,331.9,0.0,-,0,0,0.000
1790429245,s11-http-proxy,268678,10785,2045,2045,18.3,31.7,236.1,0.0,-,0,0,0.000
1790429245,s12-vmess-h3,200751,7535,1642,1642,18.0,33.8,333.4,0.0,-,0,0,0.000
1790429245,__proc__,0,0,0,0,-,-,-,977.0,7355,20504,2834075,2153.536
1790429275,s7-ss-tcp,277213,10771,2365,2365,10.2,28.7,316.7,0.0,-,0,0,0.000
1790429275,s8-tuic,277930,9420,2362,2362,10.0,28.9,318.2,0.0,-,0,0,0.000
1790429275,s9-anytls,44998,2488,651,651,14.7,31.2,276.3,0.0,-,0,0,0.000
1790429275,s10-vless-xhttp,86714,4892,834,834,35.2,47.6,337.8,0.0,-,0,0,0.000
1790429275,s11-http-proxy,269596,10811,1928,1928,18.0,31.4,234.1,0.0,-,0,0,0.000
1790429275,s12-vmess-h3,201477,7557,1525,1525,17.2,33.4,328.5,0.0,-,0,0,0.000
1790429275,__proc__,0,0,0,0,-,-,-,977.0,8074,20898,2844641,2161.052
1790429305,s7-ss-tcp,278352,10810,2392,2392,10.0,27.7,329.8,0.0,-,0,0,0.000
1790429305,s8-tuic,279066,9458,2386,2386,9.7,27.4,344.3,0.0,-,0,0,0.000
1790429305,s9-anytls,45228,2502,483,483,14.5,31.0,277.5,0.0,-,0,0,0.000
1790429305,s10-vless-xhttp,87146,4916,907,907,35.2,47.5,332.5,0.0,-,0,0,0.000
1790429305,s11-http-proxy,270530,10842,1961,1961,16.1,31.2,283.2,0.0,-,0,0,0.000
1790429305,s12-vmess-h3,202127,7573,1365,1365,16.5,34.4,349.5,0.0,-,0,0,0.000
1790429305,__proc__,0,0,0,0,-,-,-,977.4,8860,21340,2854773,2169.135
1790429335,s7-ss-tcp,279390,10883,2180,2180,9.5,26.7,318.6,0.0,-,0,0,0.000
1790429335,s8-tuic,280093,9533,2157,2157,9.1,27.1,342.3,0.0,-,0,0,0.000
1790429335,s9-anytls,45543,2532,662,662,14.2,31.1,278.1,0.0,-,0,0,0.000
1790429335,s10-vless-xhttp,87618,4967,991,991,35.1,47.5,348.2,0.0,-,0,0,0.000
1790429335,s11-http-proxy,271493,10938,2022,2022,14.7,30.9,347.0,0.0,-,0,0,0.000
1790429335,s12-vmess-h3,202604,7609,1002,1002,15.5,36.9,365.3,0.0,-,0,0,0.000
1790429335,__proc__,0,0,0,0,-,-,-,977.4,9644,20487,2865324,2176.760
1790429365,s7-ss-tcp,280535,10954,2404,2404,8.6,25.0,306.8,0.0,-,0,0,0.000
1790429365,s8-tuic,281135,9594,2188,2188,8.2,25.1,320.4,0.0,-,0,0,0.000
1790429365,s9-anytls,45672,2540,271,271,14.1,30.9,278.1,0.0,-,0,0,0.000
1790429365,s10-vless-xhttp,88185,5012,1191,1191,35.1,48.1,329.6,0.0,-,0,0,0.000
1790429365,s11-http-proxy,272597,11005,2318,2318,13.2,30.6,347.0,0.0,-,0,0,0.000
1790429365,s12-vmess-h3,202741,7637,288,288,15.3,36.9,365.2,0.0,-,0,0,0.000
1790429365,__proc__,0,0,0,0,-,-,-,977.4,9528,16301,2876071,2182.569
1790429395,s7-ss-tcp,281220,11060,1438,1438,8.3,32.4,342.2,0.0,-,0,0,0.000
1790429395,s8-tuic,281896,9699,1598,1598,7.7,44.3,349.5,0.0,-,0,0,0.000
1790429395,s9-anytls,45702,2544,63,63,14.1,31.0,278.3,0.0,-,0,0,0.000
1790429395,s10-vless-xhttp,88572,5101,813,813,35.3,50.0,332.3,0.0,-,0,0,0.000
1790429395,s11-http-proxy,273363,11162,1609,1609,12.5,112.2,365.1,0.0,-,0,0,0.000
1790429395,s12-vmess-h3,203140,7722,838,838,15.0,61.2,400.8,0.0,-,0,0,0.000
1790429395,__proc__,0,0,0,0,-,-,-,977.6,10114,20315,2886917,2187.843
1790429425,s7-ss-tcp,282166,11095,1987,1987,7.2,33.4,319.8,0.0,-,0,0,0.000
1790429425,s8-tuic,283186,9727,2709,2709,6.4,44.3,319.2,0.0,-,0,0,0.000
1790429425,s9-anytls,45702,2544,0,0,14.1,31.0,278.3,0.0,-,0,0,0.000
1790429425,s10-vless-xhttp,88750,5109,374,374,35.5,50.8,326.3,0.0,-,0,0,0.000
1790429425,s11-http-proxy,274651,11202,2705,2705,11.1,75.8,319.7,0.0,-,0,0,0.000
1790429425,s12-vmess-h3,203525,7756,808,808,14.4,60.9,381.3,0.0,-,0,0,0.000
1790429425,__proc__,0,0,0,0,-,-,-,977.6,9710,19435,2899160,2193.106
1790429455,s7-ss-tcp,283299,11168,2379,2379,7.0,27.1,223.3,0.0,-,0,0,0.000
1790429455,s8-tuic,284335,9786,2413,2413,6.5,31.2,222.7,0.0,-,0,0,0.000
1790429455,s9-anytls,45702,2544,0,0,14.1,31.0,278.3,0.0,-,0,0,0.000
1790429455,s10-vless-xhttp,88841,5115,191,191,35.5,50.7,326.3,0.0,-,0,0,0.000
1790429455,s11-http-proxy,275714,11264,2232,2232,11.5,34.6,284.6,0.0,-,0,0,0.000
1790429455,s12-vmess-h3,204536,7810,2123,2123,14.2,54.3,365.2,0.0,-,0,0,0.000
1790429455,__proc__,0,0,0,0,-,-,-,978.7,9483,26312,2910206,2200.627
1790429485,s7-ss-tcp,284387,11168,2285,2285,8.1,30.8,320.4,0.0,-,0,0,0.000
1790429485,s8-tuic,285423,9786,2285,2285,7.3,31.0,346.1,0.0,-,0,0,0.000
1790429485,s9-anytls,45702,2544,0,0,14.1,31.0,278.3,0.0,-,0,0,0.000
1790429485,s10-vless-xhttp,88841,5115,0,0,35.5,50.7,326.3,0.0,-,0,0,0.000
1790429485,s11-http-proxy,276762,11269,2201,2201,14.4,33.7,274.7,0.0,-,0,0,0.000
1790429485,s12-vmess-h3,205584,7810,2201,2201,15.2,48.3,350.4,0.0,-,0,0,0.000
1790429485,__proc__,0,0,0,0,-,-,-,978.9,8537,25294,2917761,2211.420
1790429515,s7-ss-tcp,285595,11168,2537,2537,9.9,29.2,226.7,0.0,-,0,0,0.000
1790429515,s8-tuic,286631,9786,2537,2537,9.4,29.5,305.4,0.0,-,0,0,0.000
1790429515,s9-anytls,45702,2544,0,0,14.1,31.0,278.3,0.0,-,0,0,0.000
1790429515,s10-vless-xhttp,88902,5116,128,128,35.4,50.9,326.3,0.0,-,0,0,0.000
1790429515,s11-http-proxy,277893,11269,2375,2375,16.9,31.5,97.2,0.0,-,0,0,0.000
1790429515,s12-vmess-h3,206722,7810,2390,2390,16.9,37.2,277.9,0.0,-,0,0,0.000
1790429515,__proc__,0,0,0,0,-,-,-,978.9,7800,25224,2926816,2221.376
1790429545,s7-ss-tcp,286768,11184,2463,2463,11.4,29.2,305.2,0.0,-,0,0,0.000
1790429545,s8-tuic,287807,9802,2470,2470,10.8,29.5,321.9,0.0,-,0,0,0.000
1790429545,s9-anytls,45702,2544,0,0,14.1,31.0,278.3,0.0,-,0,0,0.000
1790429545,s10-vless-xhttp,89034,5118,277,277,35.5,51.1,329.0,0.0,-,0,0,0.000
1790429545,s11-http-proxy,279035,11285,2398,2398,17.6,32.6,224.5,0.0,-,0,0,0.000
1790429545,s12-vmess-h3,207319,7818,1254,1254,17.1,33.2,273.2,0.0,-,0,0,0.000
1790429545,__proc__,0,0,0,0,-,-,-,978.9,6445,17026,2935733,2229.940
1790429575,s7-ss-tcp,287998,11209,2583,2583,11.6,29.3,263.2,0.0,-,0,0,0.000
1790429575,s8-tuic,289035,9826,2579,2579,11.2,29.6,262.3,0.0,-,0,0,0.000
1790429575,s9-anytls,45702,2544,0,0,14.1,31.0,278.3,0.0,-,0,0,0.000
1790429575,s10-vless-xhttp,89176,5121,298,298,35.5,50.8,311.3,0.0,-,0,0,0.000
1790429575,s11-http-proxy,280193,11312,2432,2432,17.4,32.6,204.5,0.0,-,0,0,0.000
1790429575,s12-vmess-h3,208415,7848,2302,2302,17.5,32.6,262.5,0.0,-,0,0,0.000
1790429575,__proc__,0,0,0,0,-,-,-,978.9,6418,22712,2945500,2237.953
1790429605,s7-ss-tcp,289197,11209,2518,2518,10.9,27.2,262.1,0.0,-,0,0,0.000
1790429605,s8-tuic,290226,9826,2501,2501,10.5,28.4,301.9,0.0,-,0,0,0.000
1790429605,s9-anytls,45807,2546,220,220,14.2,30.8,280.4,0.0,-,0,0,0.000
1790429605,s10-vless-xhttp,89313,5121,288,288,35.5,50.5,310.6,0.0,-,0,0,0.000
1790429605,s11-http-proxy,281337,11312,2402,2402,16.5,30.7,206.6,0.0,-,0,0,0.000
1790429605,s12-vmess-h3,209160,7851,1564,1564,16.9,32.0,273.2,0.0,-,0,0,0.000
1790429605,__proc__,0,0,0,0,-,-,-,978.9,5530,17289,2954555,2247.586
1790429635,s7-ss-tcp,290465,11225,2663,2663,10.7,26.2,219.8,0.0,-,0,0,0.000
1790429635,s8-tuic,291496,9842,2667,2667,10.6,27.3,254.9,0.0,-,0,0,0.000
1790429635,s9-anytls,45996,2550,397,397,14.2,30.6,278.3,0.0,-,0,0,0.000
1790429635,s10-vless-xhttp,89485,5124,361,361,35.5,50.8,311.3,0.0,-,0,0,0.000
1790429635,s11-http-proxy,282525,11325,2495,2495,16.8,30.8,224.1,0.0,-,0,0,0.000
1790429635,s12-vmess-h3,210220,7857,2226,2226,16.4,30.5,262.2,0.0,-,0,0,0.000
1790429635,__proc__,0,0,0,0,-,-,-,978.9,5201,20493,2966013,2256.423
1790429665,s7-ss-tcp,291634,11225,2455,2455,10.4,27.2,281.5,0.0,-,0,0,0.000
1790429665,s8-tuic,292667,9842,2459,2459,10.5,28.6,292.8,0.0,-,0,0,0.000
1790429665,s9-anytls,46452,2557,958,958,14.1,30.4,290.8,0.0,-,0,0,0.000
1790429665,s10-vless-xhttp,89750,5124,556,556,35.5,50.9,310.6,0.0,-,0,0,0.000
1790429665,s11-http-proxy,283613,11325,2285,2285,17.0,31.8,248.4,0.0,-,0,0,0.000
1790429665,s12-vmess-h3,211155,7859,1964,1964,16.4,32.2,262.3,0.0,-,0,0,0.000
1790429665,__proc__,0,0,0,0,-,-,-,978.9,4507,18110,2977194,2267.601
1790429695,s7-ss-tcp,292814,11241,2478,2478,9.9,27.1,278.1,0.0,-,0,0,0.000
1790429695,s8-tuic,293851,9858,2486,2486,10.2,27.1,254.9,0.0,-,0,0,0.000
1790429695,s9-anytls,46742,2565,609,609,14.2,30.1,290.8,0.0,-,0,0,0.000
1790429695,s10-vless-xhttp,90227,5139,1002,1002,35.5,49.3,290.1,0.0,-,0,0,0.000
1790429695,s11-http-proxy,284725,11341,2335,2335,17.4,31.4,238.4,0.0,-,0,0,0.000
1790429695,s12-vmess-h3,212270,7874,2342,2342,16.9,32.5,319.9,0.0,-,0,0,0.000
1790429695,__proc__,0,0,0,0,-,-,-,978.9,4945,20696,2989983,2277.619
1790429725,s7-ss-tcp,293867,11277,2211,2211,9.4,28.1,302.1,0.0,-,0,0,0.000
1790429725,s8-tuic,294904,9893,2211,2211,9.9,27.6,300.1,0.0,-,0,0,0.000
1790429725,s9-anytls,46984,2574,508,508,14.2,29.6,292.3,0.0,-,0,0,0.000
1790429725,s10-vless-xhttp,90789,5172,1180,1180,35.6,49.3,287.7,0.0,-,0,0,0.000
1790429725,s11-http-proxy,285685,11397,2016,2016,18.2,31.9,248.9,0.0,-,0,0,0.000
1790429725,s12-vmess-h3,213239,7927,2035,2035,17.7,32.7,291.3,0.0,-,0,0,0.000
1790429725,__proc__,0,0,0,0,-,-,-,978.9,5517,19958,3001730,2287.267
1790429755,s7-ss-tcp,294937,11317,2247,2247,9.7,28.5,301.8,0.0,-,0,0,0.000
1790429755,s8-tuic,295966,9929,2230,2230,10.2,29.0,332.5,0.0,-,0,0,0.000
1790429755,s9-anytls,47383,2595,838,838,14.3,29.7,283.2,0.0,-,0,0,0.000
1790429755,s10-vless-xhttp,91441,5205,1369,1369,35.7,48.8,284.7,0.0,-,0,0,0.000
1790429755,s11-http-proxy,286702,11452,2136,2136,17.4,31.1,250.6,0.0,-,0,0,0.000
1790429755,s12-vmess-h3,213986,7948,1569,1569,17.9,32.9,299.2,0.0,-,0,0,0.000
1790429755,__proc__,0,0,0,0,-,-,-,978.2,6418,18723,3012667,2296.717
1790429785,s7-ss-tcp,295915,11352,2054,2054,10.6,28.4,331.5,0.0,-,0,0,0.000
1790429785,s8-tuic,297011,9964,2194,2194,11.2,29.3,410.5,0.0,-,0,0,0.000
1790429785,s9-anytls,47639,2615,538,538,14.0,29.6,288.1,0.0,-,0,0,0.000
1790429785,s10-vless-xhttp,92106,5238,1396,1396,35.7,48.0,290.2,0.0,-,0,0,0.000
1790429785,s11-http-proxy,287699,11498,2094,2094,17.6,30.7,250.2,0.0,-,0,0,0.000
1790429785,s12-vmess-h3,214622,7978,1336,1336,17.7,32.7,306.1,0.0,-,0,0,0.000
1790429785,__proc__,0,0,0,0,-,-,-,978.2,7541,19094,3022941,2306.460
1790429815,s7-ss-tcp,296878,11419,2022,2022,10.2,29.3,331.7,0.0,-,0,0,0.000
1790429815,s8-tuic,298061,10034,2205,2205,10.6,29.6,428.6,0.0,-,0,0,0.000
1790429815,s9-anytls,47991,2649,739,739,14.1,29.2,266.4,0.0,-,0,0,0.000
1790429815,s10-vless-xhttp,92682,5282,1210,1210,35.6,46.6,274.9,0.0,-,0,0,0.000
1790429815,s11-http-proxy,288683,11578,2066,2066,17.2,30.2,247.4,0.0,-,0,0,0.000
1790429815,s12-vmess-h3,215471,8052,1783,1783,17.7,31.4,306.1,0.0,-,0,0,0.000
1790429815,__proc__,0,0,0,0,-,-,-,978.7,8908,23573,3035321,2314.803
1790429845,s7-ss-tcp,297932,11494,2213,2213,9.4,28.5,331.8,0.0,-,0,0,0.000
1790429845,s8-tuic,299131,10102,2247,2247,9.6,29.1,341.2,0.0,-,0,0,0.000
1790429845,s9-anytls,48321,2687,693,693,13.3,29.1,275.9,0.0,-,0,0,0.000
1790429845,s10-vless-xhttp,93164,5321,1012,1012,35.5,46.6,275.5,0.0,-,0,0,0.000
1790429845,s11-http-proxy,289705,11662,2146,2146,15.6,30.3,228.4,0.0,-,0,0,0.000
1790429845,s12-vmess-h3,215658,8070,393,393,17.3,31.2,299.2,0.0,-,0,0,0.000
1790429845,__proc__,0,0,0,0,-,-,-,978.7,8876,16103,3046583,2322.342
1790429875,s7-ss-tcp,298990,11588,2222,2222,8.7,27.5,331.7,0.0,-,0,0,0.000
1790429875,s8-tuic,300186,10191,2216,2216,8.4,26.8,340.6,0.0,-,0,0,0.000
1790429875,s9-anytls,48539,2711,458,458,13.0,28.6,256.1,0.0,-,0,0,0.000
1790429875,s10-vless-xhttp,93526,5353,760,760,35.4,46.6,275.4,0.0,-,0,0,0.000
1790429875,s11-http-proxy,290705,11767,2100,2100,14.7,30.6,228.8,0.0,-,0,0,0.000
1790429875,s12-vmess-h3,216320,8156,1390,1390,16.4,32.3,299.2,0.0,-,0,0,0.000
1790429875,__proc__,0,0,0,0,-,-,-,978.8,9781,22786,3059871,2329.965
1790429905,s7-ss-tcp,300128,11654,2390,2390,8.6,27.7,275.5,0.0,-,0,0,0.000
1790429905,s8-tuic,301337,10250,2417,2417,8.1,26.1,275.6,0.0,-,0,0,0.000
1790429905,s9-anytls,48767,2732,479,479,12.9,29.1,256.1,0.0,-,0,0,0.000
1790429905,s10-vless-xhttp,93595,5360,145,145,35.4,46.5,275.4,0.0,-,0,0,0.000
1790429905,s11-http-proxy,291818,11824,2337,2337,14.7,30.0,184.8,0.0,-,0,0,0.000
1790429905,s12-vmess-h3,216958,8200,1340,1340,15.8,32.3,298.1,0.0,-,0,0,0.000
1790429905,__proc__,0,0,0,0,-,-,-,978.9,9582,22180,3068410,2336.948
1790429935,s7-ss-tcp,301185,11704,2220,2220,9.0,28.6,218.9,0.0,-,0,0,0.000
1790429935,s8-tuic,302406,10298,2245,2245,8.7,28.8,275.1,0.0,-,0,0,0.000
1790429935,s9-anytls,49031,2751,554,554,13.0,29.6,248.4,0.0,-,0,0,0.000
1790429935,s10-vless-xhttp,93717,5368,256,256,35.4,46.5,275.4,0.0,-,0,0,0.000
1790429935,s11-http-proxy,292836,11874,2138,2138,14.5,31.6,227.1,0.0,-,0,0,0.000
1790429935,s12-vmess-h3,217791,8239,1749,1749,15.2,33.3,298.6,0.0,-,0,0,0.000
1790429935,__proc__,0,0,0,0,-,-,-,979.1,9720,24633,3076881,2345.905
1790429965,s7-ss-tcp,302267,11766,2272,2272,9.9,30.7,275.1,0.0,-,0,0,0.000
1790429965,s8-tuic,303443,10355,2178,2178,9.6,31.4,275.6,0.0,-,0,0,0.000
1790429965,s9-anytls,49274,2770,510,510,13.2,29.8,247.1,0.0,-,0,0,0.000
1790429965,s10-vless-xhttp,93736,5368,40,40,35.4,46.5,275.4,0.0,-,0,0,0.000
1790429965,s11-http-proxy,293861,11932,2152,2152,16.3,31.7,206.1,0.0,-,0,0,0.000
1790429965,s12-vmess-h3,218718,8292,1947,1947,15.8,32.6,240.8,0.0,-,0,0,0.000
1790429965,__proc__,0,0,0,0,-,-,-,979.2,9345,25127,3085853,2354.305
1790429995,s7-ss-tcp,303454,11789,2493,2493,10.7,31.9,275.7,0.0,-,0,0,0.000
1790429995,s8-tuic,304518,10368,2258,2258,10.9,51.0,285.4,0.0,-,0,0,0.000
1790429995,s9-anytls,49431,2776,330,330,13.2,29.7,246.7,0.0,-,0,0,0.000
1790429995,s10-vless-xhttp,93736,5368,0,0,35.4,46.5,275.4,0.0,-,0,0,0.000
1790429995,s11-http-proxy,295004,11954,2400,2400,17.3,32.5,250.8,0.0,-,0,0,0.000
1790429995,s12-vmess-h3,219787,8307,2245,2245,16.3,33.4,274.2,0.0,-,0,0,0.000
1790429995,__proc__,0,0,0,0,-,-,-,979.3,8512,25588,3095189,2363.312
1790430025,s7-ss-tcp,304593,11837,2392,2392,10.9,31.9,291.2,0.0,-,0,0,0.000
1790430025,s8-tuic,305655,10416,2388,2388,11.0,32.7,285.4,0.0,-,0,0,0.000
1790430025,s9-anytls,49564,2784,279,279,13.4,30.0,247.1,0.0,-,0,0,0.000
1790430025,s10-vless-xhttp,93901,5383,346,346,35.4,46.5,275.5,0.0,-,0,0,0.000
1790430025,s11-http-proxy,296061,12010,2220,2220,18.3,33.2,225.2,0.0,-,0,0,0.000
1790430025,s12-vmess-h3,220789,8355,2104,2104,17.5,34.2,248.3,0.0,-,0,0,0.000
1790430025,__proc__,0,0,0,0,-,-,-,979.3,7591,23394,3105774,2371.733
1790430055,s7-ss-tcp,305752,11866,2434,2434,10.6,32.1,299.3,0.0,-,0,0,0.000
1790430055,s8-tuic,306813,10441,2432,2432,10.7,33.0,294.4,0.0,-,0,0,0.000
1790430055,s9-anytls,49736,2792,361,361,13.7,30.2,248.4,0.0,-,0,0,0.000
1790430055,s10-vless-xhttp,94117,5390,454,454,35.4,46.6,284.8,0.0,-,0,0,0.000
1790430055,s11-http-proxy,297159,12028,2306,2306,18.2,33.3,226.4,0.0,-,0,0,0.000
1790430055,s12-vmess-h3,221775,8378,2071,2071,17.8,34.1,236.2,0.0,-,0,0,0.000
1790430055,__proc__,0,0,0,0,-,-,-,979.3,6781,21968,3115951,2380.950
1790430085,s7-ss-tcp,306896,11866,2402,2402,10.5,32.1,310.0,0.0,-,0,0,0.000
1790430085,s8-tuic,307954,10441,2396,2396,10.8,32.8,311.1,0.0,-,0,0,0.000
1790430085,s9-anytls,49937,2796,422,422,13.9,30.2,248.4,0.0,-,0,0,0.000
1790430085,s10-vless-xhttp,94341,5391,470,470,35.5,46.9,314.2,0.0,-,0,0,0.000
1790430085,s11-http-proxy,298247,12028,2285,2285,18.0,33.8,226.2,0.0,-,0,0,0.000
1790430085,s12-vmess-h3,222775,8379,2100,2100,17.7,34.8,248.1,0.0,-,0,0,0.000
1790430085,__proc__,0,0,0,0,-,-,-,979.3,5948,20968,3126474,2391.591
1790430115,s7-ss-tcp,308033,11883,2388,2388,10.6,30.4,316.5,0.0,-,0,0,0.000
1790430115,s8-tuic,309100,10457,2407,2407,10.6,30.7,341.1,0.0,-,0,0,0.000
1790430115,s9-anytls,50121,2806,386,386,13.9,30.2,247.1,0.0,-,0,0,0.000
1790430115,s10-vless-xhttp,94739,5401,836,836,35.5,47.1,302.7,0.0,-,0,0,0.000
1790430115,s11-http-proxy,299303,12052,2218,2218,17.9,32.9,216.1,0.0,-,0,0,0.000
1790430115,s12-vmess-h3,223843,8395,2243,2243,17.7,34.4,226.2,0.0,-,0,0,0.000
1790430115,__proc__,0,0,0,0,-,-,-,979.3,5698,21305,3137592,2401.263
1790430145,s7-ss-tcp,309155,11899,2356,2356,10.9,30.8,337.6,0.0,-,0,0,0.000
1790430145,s8-tuic,310219,10475,2350,2350,10.5,30.5,355.8,0.0,-,0,0,0.000
1790430145,s9-anytls,50401,2812,588,588,14.1,30.4,256.3,0.0,-,0,0,0.000
1790430145,s10-vless-xhttp,95050,5409,653,653,35.5,47.4,302.7,0.0,-,0,0,0.000
1790430145,s11-http-proxy,300359,12068,2218,2218,18.1,32.5,227.6,0.0,-,0,0,0.000
1790430145,s12-vmess-h3,224904,8411,2228,2228,17.8,34.1,322.9,0.0,-,0,0,0.000
1790430145,__proc__,0,0,0,0,-,-,-,979.3,5282,20657,3148288,2412.085
1790430175,s7-ss-tcp,310306,11920,2417,2417,11.3,30.6,337.4,0.0,-,0,0,0.000
1790430175,s8-tuic,311366,10492,2409,2409,10.8,30.3,314.8,0.0,-,0,0,0.000
1790430175,s9-anytls,50668,2822,561,561,14.1,30.8,262.4,0.0,-,0,0,0.000
1790430175,s10-vless-xhttp,95547,5426,1044,1044,35.5,47.4,290.2,0.0,-,0,0,0.000
1790430175,s11-http-proxy,301455,12092,2302,2302,18.4,32.6,190.3,0.0,-,0,0,0.000
1790430175,s12-vmess-h3,226000,8435,2302,2302,17.9,33.0,322.3,0.0,-,0,0,0.000
1790430175,__proc__,0,0,0,0,-,-,-,979.3,5697,21603,3160290,2419.848
1790430205,s7-ss-tcp,311421,11962,2342,2342,10.4,30.2,321.6,0.0,-,0,0,0.000
1790430205,s8-tuic,312486,10532,2352,2352,10.1,30.0,312.8,0.0,-,0,0,0.000
1790430205,s9-anytls,50903,2834,494,494,13.8,30.9,265.6,0.0,-,0,0,0.000
1790430205,s10-vless-xhttp,96203,5459,1378,1378,35.6,47.2,275.4,0.0,-,0,0,0.000
1790430205,s11-http-proxy,302364,12126,1909,1909,18.1,32.4,227.1,0.0,-,0,0,0.000
1790430205,s12-vmess-h3,227057,8470,2220,2220,17.7,33.6,338.7,0.0,-,0,0,0.000
1790430205,__proc__,0,0,0,0,-,-,-,979.3,6759,22773,3174247,2430.241
1790430235,s7-ss-tcp,312365,12003,1982,1982,10.1,34.6,366.0,0.0,-,0,0,0.000
1790430235,s8-tuic,313354,10570,1823,1823,9.8,30.5,336.1,0.0,-,0,0,0.000
1790430235,s9-anytls,51168,2852,556,556,13.8,31.2,296.1,0.0,-,0,0,0.000
1790430235,s10-vless-xhttp,96747,5489,1142,1142,35.6,47.6,320.1,0.0,-,0,0,0.000
1790430235,s11-http-proxy,303226,12164,1810,1810,18.3,32.6,227.5,0.0,-,0,0,0.000
1790430235,s12-vmess-h3,227949,8515,1873,1873,18.0,34.7,343.9,0.0,-,0,0,0.000
1790430235,__proc__,0,0,0,0,-,-,-,979.3,7541,21999,3185237,2442.554
1790430265,s7-ss-tcp,313317,12048,1999,1999,10.1,30.8,422.5,0.0,-,0,0,0.000
1790430265,s8-tuic,314220,10608,1819,1819,10.2,29.4,344.1,0.0,-,0,0,0.000
1790430265,s9-anytls,51388,2869,462,462,13.7,31.2,328.0,0.0,-,0,0,0.000
1790430265,s10-vless-xhttp,97352,5528,1270,1270,35.6,47.6,342.8,0.0,-,0,0,0.000
1790430265,s11-http-proxy,304114,12212,1865,1865,18.4,32.1,227.1,0.0,-,0,0,0.000
1790430265,s12-vmess-h3,228837,8560,1865,1865,18.1,33.6,352.1,0.0,-,0,0,0.000
1790430265,__proc__,0,0,0,0,-,-,-,979.8,8621,23698,3196190,2454.944
1790430295,s7-ss-tcp,314281,12133,2024,2024,10.5,30.9,535.1,0.0,-,0,0,0.000
1790430295,s8-tuic,315060,10665,1764,1764,10.3,30.3,374.5,0.0,-,0,0,0.000
1790430295,s9-anytls,51531,2894,300,300,13.8,31.2,331.8,0.0,-,0,0,0.000
1790430295,s10-vless-xhttp,97900,5587,1151,1151,35.5,47.6,344.5,0.0,-,0,0,0.000
1790430295,s11-http-proxy,305016,12303,1894,1894,18.4,31.7,286.1,0.0,-,0,0,0.000
1790430295,s12-vmess-h3,229746,8646,1909,1909,18.0,34.8,393.6,0.0,-,0,0,0.000
1790430295,__proc__,0,0,0,0,-,-,-,980.3,9625,25406,3208314,2464.882
1790430325,s7-ss-tcp,315315,12200,2171,2171,9.5,30.1,538.3,0.0,-,0,0,0.000
1790430325,s8-tuic,315965,10716,1900,1900,9.7,30.9,394.6,0.0,-,0,0,0.000
1790430325,s9-anytls,51735,2903,428,428,14.0,31.2,336.1,0.0,-,0,0,0.000
1790430325,s10-vless-xhttp,98430,5619,1113,1113,35.5,47.1,301.9,0.0,-,0,0,0.000
1790430325,s11-http-proxy,305988,12369,2041,2041,17.5,31.4,337.6,0.0,-,0,0,0.000
1790430325,s12-vmess-h3,230238,8683,1033,1033,17.6,35.5,394.7,0.0,-,0,0,0.000
1790430325,__proc__,0,0,0,0,-,-,-,980.4,9923,21036,3220792,2473.742
1790430355,s7-ss-tcp,316077,12331,1600,1600,8.2,36.9,494.4,0.0,-,0,0,0.000
1790430355,s8-tuic,316966,10808,2102,2102,8.1,60.2,484.3,0.0,-,0,0,0.000
1790430355,s9-anytls,51833,2919,206,206,13.7,31.3,336.6,0.0,-,0,0,0.000
1790430355,s10-vless-xhttp,98744,5672,659,659,35.5,47.8,344.4,0.0,-,0,0,0.000
1790430355,s11-http-proxy,306866,12479,1844,1844,16.0,48.4,397.8,0.0,-,0,0,0.000
1790430355,s12-vmess-h3,230745,8747,1065,1065,16.9,42.2,398.2,0.0,-,0,0,0.000
1790430355,__proc__,0,0,0,0,-,-,-,980.4,10228,21754,3235329,2480.392
1790430385,s7-ss-tcp,316928,12338,1787,1787,8.1,35.6,360.0,0.0,-,0,0,0.000
1790430385,s8-tuic,318242,10810,2680,2680,7.5,72.0,325.3,0.0,-,0,0,0.000
1790430385,s9-anytls,51833,2919,0,0,13.7,31.3,336.6,0.0,-,0,0,0.000
1790430385,s10-vless-xhttp,98943,5675,418,418,35.6,48.4,344.5,0.0,-,0,0,0.000
1790430385,s11-http-proxy,307942,12500,2260,2260,13.2,102.6,397.8,0.0,-,0,0,0.000
1790430385,s12-vmess-h3,231173,8752,899,899,16.1,42.1,398.0,0.0,-,0,0,0.000
1790430385,__proc__,0,0,0,0,-,-,-,980.4,10088,20584,3246511,2485.787
1790430415,s7-ss-tcp,317891,12366,2022,2022,7.4,52.9,321.3,0.0,-,0,0,0.000
1790430415,s8-tuic,319441,10821,2518,2518,6.9,111.2,348.2,0.0,-,0,0,0.000
1790430415,s9-anytls,51833,2919,0,0,13.7,31.3,336.6,0.0,-,0,0,0.000
1790430415,s10-vless-xhttp,99121,5682,374,374,35.6,49.0,359.3,0.0,-,0,0,0.000
1790430415,s11-http-proxy,309050,12528,2327,2327,11.7,124.9,403.9,0.0,-,0,0,0.000
1790430415,s12-vmess-h3,231731,8759,1172,1172,15.2,53.7,398.0,0.0,-,0,0,0.000
1790430415,__proc__,0,0,0,0,-,-,-,980.4,9765,21606,3257221,2493.983
1790430445,s7-ss-tcp,318748,12366,1800,1800,7.4,71.0,311.9,0.0,-,0,0,0.000
1790430445,s8-tuic,320676,10821,2594,2594,7.6,89.6,259.0,0.0,-,0,0,0.000
1790430445,s9-anytls,51833,2919,0,0,13.7,31.3,336.6,0.0,-,0,0,0.000
1790430445,s10-vless-xhttp,99258,5682,288,288,35.6,49.5,357.4,0.0,-,0,0,0.000
1790430445,s11-http-proxy,310192,12528,2398,2398,12.5,131.7,388.9,0.0,-,0,0,0.000
1790430445,s12-vmess-h3,232657,8764,1945,1945,14.6,57.2,394.7,0.0,-,0,0,0.000
1790430445,__proc__,0,0,0,0,-,-,-,980.6,9784,25810,3267570,2503.885
1790430475,s7-ss-tcp,319853,12398,2320,2320,8.9,37.2,300.8,0.0,-,0,0,0.000
1790430475,s8-tuic,321792,10853,2344,2344,9.3,29.6,281.3,0.0,-,0,0,0.000
1790430475,s9-anytls,51833,2919,0,0,13.7,31.3,336.6,0.0,-,0,0,0.000
1790430475,s10-vless-xhttp,99404,5687,307,307,35.6,50.0,359.3,0.0,-,0,0,0.000
1790430475,s11-http-proxy,311256,12564,2234,2234,14.6,37.5,291.5,0.0,-,0,0,0.000
1790430475,s12-vmess-h3,233373,8780,1504,1504,14.5,46.9,333.0,0.0,-,0,0,0.000
1790430475,__proc__,0,0,0,0,-,-,-,983.7,8881,22091,3276088,2512.601
1790430505,s7-ss-tcp,320894,12419,2186,2186,10.4,29.4,262.7,0.0,-,0,0,0.000
1790430505,s8-tuic,322842,10874,2205,2205,10.2,28.1,300.0,0.0,-,0,0,0.000
1790430505,s9-anytls,51833,2919,0,0,13.7,31.3,336.6,0.0,-,0,0,0.000
1790430505,s10-vless-xhttp,99702,5696,626,626,35.5,50.9,359.4,0.0,-,0,0,0.000
1790430505,s11-http-proxy,312314,12591,2222,2222,16.2,34.1,306.0,0.0,-,0,0,0.000
1790430505,s12-vmess-h3,234202,8803,1741,1741,14.8,85.2,323.2,0.0,-,0,0,0.000
1790430505,__proc__,0,0,0,0,-,-,-,984.0,8342,22536,3286400,2522.410
1790430535,s7-ss-tcp,321822,12434,1949,1949,11.5,30.2,287.9,0.0,-,0,0,0.000
1790430535,s8-tuic,323769,10882,1947,1947,10.9,29.1,283.8,0.0,-,0,0,0.000
1790430535,s9-anytls,52035,2922,424,424,13.9,31.8,336.6,0.0,-,0,0,0.000
1790430535,s10-vless-xhttp,100111,5699,859,859,35.5,51.1,359.4,0.0,-,0,0,0.000
1790430535,s11-http-proxy,313421,12604,2325,2325,17.8,31.7,263.3,0.0,-,0,0,0.000
1790430535,s12-vmess-h3,235230,8806,2159,2159,16.3,41.6,329.6,0.0,-,0,0,0.000
1790430535,__proc__,0,0,0,0,-,-,-,984.7,8297,24736,3298032,2533.051
1790430565,s7-ss-tcp,322905,12457,2274,2274,11.7,30.3,310.1,0.0,-,0,0,0.000
1790430565,s8-tuic,324864,10898,2300,2300,11.0,30.1,340.2,0.0,-,0,0,0.000
1790430565,s9-anytls,52216,2928,380,380,14.3,31.8,336.6,0.0,-,0,0,0.000
1790430565,s10-vless-xhttp,100367,5704,538,538,35.5,51.3,371.6,0.0,-,0,0,0.000
1790430565,s11-http-proxy,314461,12630,2184,2184,18.2,32.5,238.7,0.0,-,0,0,0.000
1790430565,s12-vmess-h3,236278,8825,2201,2201,17.6,35.1,292.0,0.0,-,0,0,0.000
1790430565,__proc__,0,0,0,0,-,-,-,984.9,7576,23955,3308798,2544.043
1790430595,s7-ss-tcp,324076,12504,2459,2459,10.4,30.0,288.2,0.0,-,0,0,0.000
1790430595,s8-tuic,326042,10942,2474,2474,9.7,29.1,297.9,0.0,-,0,0,0.000
1790430595,s9-anytls,52491,2943,578,578,14.6,31.8,336.6,0.0,-,0,0,0.000
1790430595,s10-vless-xhttp,100633,5715,559,559,35.4,51.7,359.3,0.0,-,0,0,0.000
1790430595,s11-http-proxy,315586,12669,2362,2362,16.6,32.4,258.9,0.0,-,0,0,0.000
1790430595,s12-vmess-h3,236642,8838,764,764,17.1,35.4,295.6,0.0,-,0,0,0.000
1790430595,__proc__,0,0,0,0,-,-,-,984.9,6360,14269,3319262,2551.997
1790430625,s7-ss-tcp,325244,12524,2453,2453,10.0,29.1,303.3,0.0,-,0,0,0.000
1790430625,s8-tuic,327212,10963,2457,2457,9.3,28.4,304.8,0.0,-,0,0,0.000
1790430625,s9-anytls,52645,2952,323,323,14.7,31.8,338.6,0.0,-,0,0,0.000
1790430625,s10-vless-xhttp,100960,5722,687,687,35.4,52.3,369.8,0.0,-,0,0,0.000
1790430625,s11-http-proxy,316730,12685,2402,2402,15.5,30.0,238.4,0.0,-,0,0,0.000
1790430625,s12-vmess-h3,237299,8850,1380,1380,16.6,36.6,297.7,0.0,-,0,0,0.000
1790430625,__proc__,0,0,0,0,-,-,-,984.9,6156,17333,3329528,2561.224
1790430655,s7-ss-tcp,326390,12554,2407,2407,9.6,26.8,318.0,0.0,-,0,0,0.000
1790430655,s8-tuic,328361,10995,2413,2413,9.1,26.0,259.2,0.0,-,0,0,0.000
1790430655,s9-anytls,52938,2962,615,615,14.6,31.2,338.6,0.0,-,0,0,0.000
1790430655,s10-vless-xhttp,101544,5747,1226,1226,35.4,52.3,329.1,0.0,-,0,0,0.000
1790430655,s11-http-proxy,317844,12703,2339,2339,14.4,29.2,284.8,0.0,-,0,0,0.000
1790430655,s12-vmess-h3,237864,8866,1186,1186,16.0,36.8,326.4,0.0,-,0,0,0.000
1790430655,__proc__,0,0,0,0,-,-,-,984.9,6723,17134,3342501,2570.786
1790430685,s7-ss-tcp,327387,12644,2094,2094,9.1,25.0,336.5,0.0,-,0,0,0.000
1790430685,s8-tuic,329352,11087,2081,2081,8.7,24.5,304.8,0.0,-,0,0,0.000
1790430685,s9-anytls,53136,3000,416,416,14.6,31.2,338.8,0.0,-,0,0,0.000
1790430685,s10-vless-xhttp,102217,5823,1413,1413,35.5,53.5,319.1,0.0,-,0,0,0.000
1790430685,s11-http-proxy,318791,12801,1989,1989,13.5,28.3,333.2,0.0,-,0,0,0.000
1790430685,s12-vmess-h3,238576,8931,1495,1495,15.6,35.0,387.0,0.0,-,0,0,0.000
1790430685,__proc__,0,0,0,0,-,-,-,985.4,7628,20155,3355232,2579.224
1790430715,s7-ss-tcp,328491,12695,2318,2318,9.1,25.1,372.3,0.0,-,0,0,0.000
1790430715,s8-tuic,330454,11133,2314,2314,8.9,26.7,371.0,0.0,-,0,0,0.000
1790430715,s9-anytls,53298,3003,340,340,14.4,31.0,336.6,0.0,-,0,0,0.000
1790430715,s10-vless-xhttp,102897,5860,1428,1428,35.6,50.7,303.9,0.0,-,0,0,0.000
1790430715,s11-http-proxy,319857,12845,2239,2239,14.2,29.7,349.6,0.0,-,0,0,0.000
1790430715,s12-vmess-h3,238935,8943,754,754,14.9,34.8,389.5,0.0,-,0,0,0.000
1790430715,__proc__,0,0,0,0,-,-,-,985.5,8329,17164,3366100,2586.733
1790430745,s7-ss-tcp,329594,12753,2316,2316,8.9,24.8,335.3,0.0,-,0,0,0.000
1790430745,s8-tuic,331569,11188,2342,2342,8.7,25.4,320.7,0.0,-,0,0,0.000
1790430745,s9-anytls,53415,3014,246,246,14.3,31.0,336.6,0.0,-,0,0,0.000
1790430745,s10-vless-xhttp,103184,5886,603,603,35.5,49.8,291.7,0.0,-,0,0,0.000
1790430745,s11-http-proxy,320914,12894,2220,2220,14.0,29.6,349.6,0.0,-,0,0,0.000
1790430745,s12-vmess-h3,239569,8990,1331,1331,14.8,33.1,314.0,0.0,-,0,0,0.000
1790430745,__proc__,0,0,0,0,-,-,-,985.8,8949,21280,3376013,2593.920
1790430775,s7-ss-tcp,330674,12832,2268,2268,9.2,24.4,243.2,0.0,-,0,0,0.000
1790430775,s8-tuic,332652,11267,2274,2274,8.9,25.8,272.3,0.0,-,0,0,0.000
1790430775,s9-anytls,53622,3033,435,435,14.0,30.9,336.6,0.0,-,0,0,0.000
1790430775,s10-vless-xhttp,103619,5925,914,914,35.5,49.3,291.7,0.0,-,0,0,0.000
1790430775,s11-http-proxy,321953,12968,2182,2182,13.7,29.2,327.9,0.0,-,0,0,0.000
1790430775,s12-vmess-h3,240071,9031,1054,1054,14.0,33.0,333.8,0.0,-,0,0,0.000
1790430775,__proc__,0,0,0,0,-,-,-,985.1,9461,20445,3387759,2601.556
1790430805,s7-ss-tcp,331775,12881,2312,2312,9.5,23.7,200.9,0.0,-,0,0,0.000
1790430805,s8-tuic,333757,11310,2320,2320,9.2,25.2,272.9,0.0,-,0,0,0.000
1790430805,s9-anytls,53688,3036,139,139,14.0,30.9,338.6,0.0,-,0,0,0.000
1790430805,s10-vless-xhttp,103964,5943,724,724,35.5,49.1,283.1,0.0,-,0,0,0.000
1790430805,s11-http-proxy,322997,13012,2192,2192,14.1,28.3,315.8,0.0,-,0,0,0.000
1790430805,s12-vmess-h3,240609,9053,1130,1130,13.9,35.1,372.5,0.0,-,0,0,0.000
1790430805,__proc__,0,0,0,0,-,-,-,984.2,9554,21110,3398822,2610.096
1790430835,s7-ss-tcp,332814,12991,2182,2182,9.2,23.8,198.6,0.0,-,0,0,0.000
1790430835,s8-tuic,334788,11400,2165,2165,9.0,24.8,220.6,0.0,-,0,0,0.000
1790430835,s9-anytls,53733,3039,94,94,14.0,30.9,338.6,0.0,-,0,0,0.000
1790430835,s10-vless-xhttp,104318,5984,743,743,35.5,48.6,276.9,0.0,-,0,0,0.000
1790430835,s11-http-proxy,323971,13119,2045,2045,14.2,27.9,272.0,0.0,-,0,0,0.000
1790430835,s12-vmess-h3,241468,9145,1804,1804,13.9,36.7,354.2,0.0,-,0,0,0.000
1790430835,__proc__,0,0,0,0,-,-,-,984.5,9765,25043,3413671,2617.893
1790430865,s7-ss-tcp,333809,13082,2090,2090,9.7,24.9,197.4,0.0,-,0,0,0.000
1790430865,s8-tuic,335798,11483,2121,2121,9.7,25.9,220.6,0.0,-,0,0,0.000
1790430865,s9-anytls,53808,3045,158,158,14.0,30.9,338.6,0.0,-,0,0,0.000
1790430865,s10-vless-xhttp,104688,6025,777,777,35.5,47.6,277.9,0.0,-,0,0,0.000
1790430865,s11-http-proxy,324899,13214,1949,1949,15.1,29.2,254.0,0.0,-,0,0,0.000
1790430865,s12-vmess-h3,242316,9225,1781,1781,14.6,33.8,315.1,0.0,-,0,0,0.000
1790430865,__proc__,0,0,0,0,-,-,-,984.7,9963,25225,3425634,2626.151
1790430895,s7-ss-tcp,334879,13159,2247,2247,9.6,25.7,218.5,0.0,-,0,0,0.000
1790430895,s8-tuic,336885,11563,2283,2283,9.3,26.7,268.3,0.0,-,0,0,0.000
1790430895,s9-anytls,53946,3058,290,290,13.9,30.8,338.6,0.0,-,0,0,0.000
1790430895,s10-vless-xhttp,104969,6049,590,590,35.5,47.2,265.8,0.0,-,0,0,0.000
1790430895,s11-http-proxy,325908,13299,2119,2119,15.4,30.4,264.0,0.0,-,0,0,0.000
1790430895,s12-vmess-h3,243087,9279,1619,1619,14.5,33.1,269.5,0.0,-,0,0,0.000
1790430895,__proc__,0,0,0,0,-,-,-,984.7,9904,24237,3438129,2633.965
1790430925,s7-ss-tcp,335955,13226,2260,2260,10.0,25.9,226.5,0.0,-,0,0,0.000
1790430925,s8-tuic,337954,11630,2245,2245,9.9,26.3,220.6,0.0,-,0,0,0.000
1790430925,s9-anytls,54085,3072,292,292,13.9,30.7,336.5,0.0,-,0,0,0.000
1790430925,s10-vless-xhttp,105227,6069,542,542,35.5,46.5,249.9,0.0,-,0,0,0.000
1790430925,s11-http-proxy,326942,13360,2171,2171,15.7,30.4,241.9,0.0,-,0,0,0.000
1790430925,s12-vmess-h3,243704,9312,1296,1296,14.6,33.7,328.3,0.0,-,0,0,0.000
1790430925,__proc__,0,0,0,0,-,-,-,984.7,9664,22207,3447651,2641.489
1790430955,s7-ss-tcp,337025,13290,2247,2247,10.2,26.3,307.6,0.0,-,0,0,0.000
1790430955,s8-tuic,339031,11697,2262,2262,10.0,26.9,310.5,0.0,-,0,0,0.000
1790430955,s9-anytls,54121,3076,76,76,13.8,30.7,336.5,0.0,-,0,0,0.000
1790430955,s10-vless-xhttp,105467,6091,504,504,35.3,46.4,248.7,0.0,-,0,0,0.000
1790430955,s11-http-proxy,327942,13431,2100,2100,16.0,30.5,264.0,0.0,-,0,0,0.000
1790430955,s12-vmess-h3,244569,9384,1816,1816,15.4,32.8,284.9,0.0,-,0,0,0.000
1790430955,__proc__,0,0,0,0,-,-,-,984.7,9240,24325,3459782,2649.088
1790430985,s7-ss-tcp,338109,13352,2276,2276,9.7,26.7,323.6,0.0,-,0,0,0.000
1790430985,s8-tuic,340035,11744,2108,2108,9.5,27.5,333.6,0.0,-,0,0,0.000
1790430985,s9-anytls,54231,3087,231,231,13.7,30.8,336.1,0.0,-,0,0,0.000
1790430985,s10-vless-xhttp,105670,6103,426,426,35.3,46.8,243.7,0.0,-,0,0,0.000
1790430985,s11-http-proxy,328954,13482,2125,2125,16.0,30.5,287.0,0.0,-,0,0,0.000
1790430985,s12-vmess-h3,245530,9427,2018,2018,15.9,31.9,334.5,0.0,-,0,0,0.000
1790430985,__proc__,0,0,0,0,-,-,-,984.8,8406,24110,3471433,2657.693
1790431015,s7-ss-tcp,339247,13395,2390,2390,9.9,26.0,263.1,0.0,-,0,0,0.000
1790431015,s8-tuic,341092,11778,2220,2220,9.8,26.6,342.6,0.0,-,0,0,0.000
1790431015,s9-anytls,54475,3103,512,512,13.6,30.2,325.7,0.0,-,0,0,0.000
1790431015,s10-vless-xhttp,105952,6117,592,592,35.4,46.8,249.9,0.0,-,0,0,0.000
1790431015,s11-http-proxy,330038,13531,2276,2276,16.4,29.6,284.6,0.0,-,0,0,0.000
1790431015,s12-vmess-h3,246244,9457,1499,1499,15.5,32.8,334.5,0.0,-,0,0,0.000
1790431015,__proc__,0,0,0,0,-,-,-,984.8,7233,19724,3482021,2666.534
1790431045,s7-ss-tcp,340336,13444,2287,2287,9.8,25.9,260.6,0.0,-,0,0,0.000
1790431045,s8-tuic,342190,11823,2306,2306,9.2,26.1,360.3,0.0,-,0,0,0.000
1790431045,s9-anytls,54687,3119,445,445,13.5,29.9,325.7,0.0,-,0,0,0.000
1790431045,s10-vless-xhttp,106438,6146,1021,1021,35.4,47.0,251.5,0.0,-,0,0,0.000
1790431045,s11-http-proxy,331063,13572,2152,2152,16.9,29.4,287.0,0.0,-,0,0,0.000
1790431045,s12-vmess-h3,247017,9500,1623,1623,16.2,32.6,333.5,0.0,-,0,0,0.000
1790431045,__proc__,0,0,0,0,-,-,-,984.8,7824,21160,3492982,2675.447
1790431075,s7-ss-tcp,341340,13532,2108,2108,9.2,25.3,273.5,0.0,-,0,0,0.000
1790431075,s8-tuic,343205,11904,2132,2132,8.6,26.1,346.6,0.0,-,0,0,0.000
1790431075,s9-anytls,54913,3146,475,475,13.4,29.6,325.7,0.0,-,0,0,0.000
1790431075,s10-vless-xhttp,106784,6179,727,727,35.3,46.9,243.7,0.0,-,0,0,0.000
1790431075,s11-http-proxy,332004,13669,1976,1976,17.1,29.4,259.6,0.0,-,0,0,0.000
1790431075,s12-vmess-h3,247984,9584,2031,2031,16.5,30.8,332.9,0.0,-,0,0,0.000
1790431075,__proc__,0,0,0,0,-,-,-,984.8,7767,23287,3506252,2684.433
1790431105,s7-ss-tcp,342444,13577,2318,2318,8.6,25.6,320.2,0.0,-,0,0,0.000
1790431105,s8-tuic,344319,11948,2339,2339,8.0,26.7,344.3,0.0,-,0,0,0.000
1790431105,s9-anytls,55087,3156,365,365,13.5,29.6,325.7,0.0,-,0,0,0.000
1790431105,s10-vless-xhttp,107088,6198,638,638,35.3,46.9,243.7,0.0,-,0,0,0.000
1790431105,s11-http-proxy,333043,13716,2182,2182,16.9,29.7,259.6,0.0,-,0,0,0.000
1790431105,s12-vmess-h3,249024,9630,2184,2184,16.3,32.4,334.3,0.0,-,0,0,0.000
1790431105,__proc__,0,0,0,0,-,-,-,984.8,7892,24328,3519603,2693.211
1790431135,s7-ss-tcp,343508,13642,2234,2234,8.8,26.3,307.4,0.0,-,0,0,0.000
1790431135,s8-tuic,345394,12004,2258,2258,7.9,27.7,344.5,0.0,-,0,0,0.000
1790431135,s9-anytls,55346,3178,544,544,13.6,29.2,270.4,0.0,-,0,0,0.000
1790431135,s10-vless-xhttp,107357,6218,565,565,35.3,46.8,242.7,0.0,-,0,0,0.000
1790431135,s11-http-proxy,334039,13775,2092,2092,17.9,30.1,222.8,0.0,-,0,0,0.000
1790431135,s12-vmess-h3,250028,9688,2108,2108,17.2,32.0,306.7,0.0,-,0,0,0.000
1790431135,__proc__,0,0,0,0,-,-,-,984.9,7528,23451,3530933,2701.580
1790431165,s7-ss-tcp,344695,13664,2493,2493,9.8,26.6,301.3,0.0,-,0,0,0.000
1790431165,s8-tuic,346587,12025,2505,2505,9.2,27.1,319.6,0.0,-,0,0,0.000
1790431165,s9-anytls,55643,3193,624,624,13.6,28.7,251.3,0.0,-,0,0,0.000
1790431165,s10-vless-xhttp,107769,6227,865,865,35.4,46.8,243.6,0.0,-,0,0,0.000
1790431165,s11-http-proxy,335175,13797,2386,2386,17.6,29.9,248.4,0.0,-,0,0,0.000
1790431165,s12-vmess-h3,250745,9706,1506,1506,17.2,33.2,321.3,0.0,-,0,0,0.000
1790431165,__proc__,0,0,0,0,-,-,-,984.9,7382,19854,3542548,2711.040
1790431195,s7-ss-tcp,345654,13712,2014,2014,10.4,27.2,269.9,0.0,-,0,0,0.000
1790431195,s8-tuic,347661,12062,2255,2255,10.3,27.5,290.8,0.0,-,0,0,0.000
1790431195,s9-anytls,55874,3210,485,485,13.5,28.6,244.9,0.0,-,0,0,0.000
1790431195,s10-vless-xhttp,108113,6245,722,722,35.3,46.8,243.6,0.0,-,0,0,0.000
1790431195,s11-http-proxy,336188,13837,2127,2127,17.5,31.7,273.7,0.0,-,0,0,0.000
1790431195,s12-vmess-h3,251666,9748,1934,1934,16.8,37.1,342.5,0.0,-,0,0,0.000
1790431195,__proc__,0,0,0,0,-,-,-,984.9,7711,22715,3555395,2719.759
1790431225,s7-ss-tcp,346636,13778,2062,2062,10.8,26.2,262.8,0.0,-,0,0,0.000
1790431225,s8-tuic,348743,12129,2272,2272,10.4,26.3,265.7,0.0,-,0,0,0.000
1790431225,s9-anytls,56102,3230,479,479,13.5,28.0,238.1,0.0,-,0,0,0.000
1790431225,s10-vless-xhttp,108527,6278,869,869,35.3,47.0,245.2,0.0,-,0,0,0.000
1790431225,s11-http-proxy,337199,13900,2123,2123,17.8,31.0,265.2,0.0,-,0,0,0.000
1790431225,s12-vmess-h3,252559,9802,1875,1875,17.1,39.2,344.9,0.0,-,0,0,0.000
1790431225,__proc__,0,0,0,0,-,-,-,984.9,8001,22821,3567971,2729.240
1790431255,s7-ss-tcp,347484,13801,1781,1781,10.5,27.3,288.6,0.0,-,0,0,0.000
1790431255,s8-tuic,349872,12157,2371,2371,10.8,27.9,270.0,0.0,-,0,0,0.000
1790431255,s9-anytls,56446,3242,722,722,13.6,27.9,243.6,0.0,-,0,0,0.000
1790431255,s10-vless-xhttp,108920,6293,825,825,35.3,47.0,242.7,0.0,-,0,0,0.000
1790431255,s11-http-proxy,338263,13936,2234,2234,17.5,31.2,273.6,0.0,-,0,0,0.000
1790431255,s12-vmess-h3,253581,9839,2146,2146,17.0,37.5,344.2,0.0,-,0,0,0.000
1790431255,__proc__,0,0,0,0,-,-,-,985.2,8488,25008,3579789,2738.246
1790431285,s7-ss-tcp,348469,13829,2068,2068,11.1,28.5,302.4,0.0,-,0,0,0.000
1790431285,s8-tuic,350889,12186,2136,2136,11.3,29.9,282.1,0.0,-,0,0,0.000
1790431285,s9-anytls,56738,3256,613,613,14.1,28.5,240.6,0.0,-,0,0,0.000
1790431285,s10-vless-xhttp,109182,6305,550,550,35.4,47.5,243.6,0.0,-,0,0,0.000
1790431285,s11-http-proxy,339311,13976,2201,2201,18.0,31.9,258.2,0.0,-,0,0,0.000
1790431285,s12-vmess-h3,254634,9876,2211,2211,17.5,36.8,344.3,0.0,-,0,0,0.000
1790431285,__proc__,0,0,0,0,-,-,-,985.3,8552,25526,3590537,2747.183
1790431315,s7-ss-tcp,349504,13864,2174,2174,10.8,28.6,302.4,0.0,-,0,0,0.000
1790431315,s8-tuic,351938,12212,2203,2203,11.2,30.4,303.0,0.0,-,0,0,0.000
1790431315,s9-anytls,57117,3273,796,796,14.4,28.9,241.9,0.0,-,0,0,0.000
1790431315,s10-vless-xhttp,109352,6311,357,357,35.4,47.7,243.7,0.0,-,0,0,0.000
1790431315,s11-http-proxy,340338,14008,2157,2157,18.6,30.9,59.8,0.0,-,0,0,0.000
1790431315,s12-vmess-h3,255671,9912,2178,2178,18.1,35.4,372.9,0.0,-,0,0,0.000
1790431315,__proc__,0,0,0,0,-,-,-,985.3,8274,24879,3601048,2756.549
1790431345,s7-ss-tcp,350624,13916,2352,2352,10.5,28.7,299.7,0.0,-,0,0,0.000
1790431345,s8-tuic,353067,12259,2371,2371,10.7,30.9,305.4,0.0,-,0,0,0.000
1790431345,s9-anytls,57298,3277,380,380,14.4,28.7,242.8,0.0,-,0,0,0.000
1790431345,s10-vless-xhttp,109540,6319,395,395,35.4,47.9,248.6,0.0,-,0,0,0.000
1790431345,s11-http-proxy,341378,14049,2184,2184,18.5,31.0,327.9,0.0,-,0,0,0.000
1790431345,s12-vmess-h3,256605,9945,1961,1961,18.0,34.8,336.9,0.0,-,0,0,0.000
1790431345,__proc__,0,0,0,0,-,-,-,985.3,7671,22861,3612113,2765.285
1790431375,s7-ss-tcp,351749,13956,2362,2362,10.2,27.6,297.2,0.0,-,0,0,0.000
1790431375,s8-tuic,354192,12302,2362,2362,10.4,28.2,298.3,0.0,-,0,0,0.000
1790431375,s9-anytls,57433,3283,284,284,14.5,28.9,244.3,0.0,-,0,0,0.000
1790431375,s10-vless-xhttp,109858,6337,668,668,35.4,47.7,254.5,0.0,-,0,0,0.000
1790431375,s11-http-proxy,342399,14087,2144,2144,18.4,30.9,301.9,0.0,-,0,0,0.000
1790431375,s12-vmess-h3,257485,9982,1848,1848,17.8,34.8,342.6,0.0,-,0,0,0.000
1790431375,__proc__,0,0,0,0,-,-,-,985.3,7451,21869,3622867,2773.715
1790431405,s7-ss-tcp,352903,13990,2423,2423,10.3,26.0,276.7,0.0,-,0,0,0.000
1790431405,s8-tuic,355354,12329,2440,2440,10.0,26.1,280.7,0.0,-,0,0,0.000
1790431405,s9-anytls,57510,3283,162,162,14.6,28.8,244.9,0.0,-,0,0,0.000
1790431405,s10-vless-xhttp,110252,6351,827,827,35.4,47.6,250.0,0.0,-,0,0,0.000
1790431405,s11-http-proxy,343487,14118,2285,2285,18.1,29.9,383.6,0.0,-,0,0,0.000
1790431405,s12-vmess-h3,258312,10007,1737,1737,17.4,36.8,342.6,0.0,-,0,0,0.000
1790431405,__proc__,0,0,0,0,-,-,-,985.3,7699,21604,3633871,2782.287
1790431435,s7-ss-tcp,353797,14032,1877,1877,10.0,25.1,272.3,0.0,-,0,0,0.000
1790431435,s8-tuic,356442,12373,2285,2285,10.0,25.0,280.7,0.0,-,0,0,0.000
1790431435,s9-anytls,57628,3293,248,248,14.6,28.8,247.6,0.0,-,0,0,0.000
1790431435,s10-vless-xhttp,110735,6380,1014,1014,35.5,47.4,248.2,0.0,-,0,0,0.000
1790431435,s11-http-proxy,344493,14178,2113,2113,17.4,29.5,328.6,0.0,-,0,0,0.000
1790431435,s12-vmess-h3,259157,10036,1774,1774,17.2,34.8,380.2,0.0,-,0,0,0.000
1790431435,__proc__,0,0,0,0,-,-,-,985.3,8132,22588,3645469,2791.803
1790431465,s7-ss-tcp,354825,14062,2159,2159,10.0,24.0,236.9,0.0,-,0,0,0.000
1790431465,s8-tuic,357634,12405,2503,2503,9.8,24.0,237.0,0.0,-,0,0,0.000
1790431465,s9-anytls,57739,3294,233,233,14.6,28.7,255.2,0.0,-,0,0,0.000
1790431465,s10-vless-xhttp,111268,6395,1119,1119,35.4,47.8,254.5,0.0,-,0,0,0.000
1790431465,s11-http-proxy,345617,14210,2360,2360,16.9,29.2,276.5,0.0,-,0,0,0.000
1790431465,s12-vmess-h3,259745,10068,1235,1235,16.5,36.4,388.9,0.0,-,0,0,0.000
1790431465,__proc__,0,0,0,0,-,-,-,985.3,8106,19464,3657203,2800.099
1790431495,s7-ss-tcp,355949,14117,2360,2360,9.5,23.7,222.5,0.0,-,0,0,0.000
1790431495,s8-tuic,358763,12455,2371,2371,8.7,22.5,290.8,0.0,-,0,0,0.000
1790431495,s9-anytls,57939,3299,420,420,14.5,28.8,259.6,0.0,-,0,0,0.000
1790431495,s10-vless-xhttp,111745,6423,1002,1002,35.5,48.3,256.3,0.0,-,0,0,0.000
1790431495,s11-http-proxy,346698,14254,2270,2270,15.6,28.1,276.3,0.0,-,0,0,0.000
1790431495,s12-vmess-h3,260259,10094,1079,1079,15.8,36.4,372.2,0.0,-,0,0,0.000
1790431495,__proc__,0,0,0,0,-,-,-,985.3,8295,18969,3669883,2808.889
1790431525,s7-ss-tcp,357005,14184,2218,2218,9.2,23.7,241.3,0.0,-,0,0,0.000
1790431525,s8-tuic,359840,12516,2262,2262,8.6,22.5,295.2,0.0,-,0,0,0.000
1790431525,s9-anytls,58161,3314,466,466,14.7,28.3,259.3,0.0,-,0,0,0.000
1790431525,s10-vless-xhttp,112018,6447,573,573,35.5,48.4,257.5,0.0,-,0,0,0.000
1790431525,s11-http-proxy,347708,14311,2121,2121,15.4,28.3,347.3,0.0,-,0,0,0.000
1790431525,s12-vmess-h3,261055,10142,1672,1672,16.2,32.3,372.2,0.0,-,0,0,0.000
1790431525,__proc__,0,0,0,0,-,-,-,985.3,8278,22124,3681881,2817.947
1790431555,s7-ss-tcp,357955,14257,1995,1995,9.4,24.7,247.1,0.0,-,0,0,0.000
1790431555,s8-tuic,360875,12589,2174,2174,9.0,24.6,259.4,0.0,-,0,0,0.000
1790431555,s9-anytls,58317,3335,328,328,14.7,28.3,258.4,0.0,-,0,0,0.000
1790431555,s10-vless-xhttp,112364,6479,727,727,35.4,48.0,258.3,0.0,-,0,0,0.000
1790431555,s11-http-proxy,348688,14382,2058,2058,15.8,29.2,364.6,0.0,-,0,0,0.000
1790431555,s12-vmess-h3,262003,10204,1991,1991,16.1,33.5,346.8,0.0,-,0,0,0.000
1790431555,__proc__,0,0,0,0,-,-,-,985.6,8378,24074,3693763,2825.645
1790431585,s7-ss-tcp,359085,14276,2373,2373,9.6,25.1,266.1,0.0,-,0,0,0.000
1790431585,s8-tuic,361990,12604,2342,2342,9.5,24.8,254.5,0.0,-,0,0,0.000
1790431585,s9-anytls,58475,3340,332,332,14.7,28.5,259.6,0.0,-,0,0,0.000
1790431585,s10-vless-xhttp,112751,6486,813,813,35.5,48.3,264.6,0.0,-,0,0,0.000
1790431585,s11-http-proxy,349846,14403,2432,2432,16.2,29.1,355.0,0.0,-,0,0,0.000
1790431585,s12-vmess-h3,262685,10216,1432,1432,15.7,32.1,353.1,0.0,-,0,0,0.000
1790431585,__proc__,0,0,0,0,-,-,-,985.6,8343,20912,3704937,2833.993
1790431615,s7-ss-tcp,360274,14324,2497,2497,9.6,26.6,248.1,0.0,-,0,0,0.000
1790431615,s8-tuic,363089,12646,2308,2308,9.8,26.4,210.6,0.0,-,0,0,0.000
1790431615,s9-anytls,58666,3353,401,401,14.7,28.6,256.9,0.0,-,0,0,0.000
1790431615,s10-vless-xhttp,112760,6489,19,19,35.5,48.3,264.6,0.0,-,0,0,0.000
1790431615,s11-http-proxy,350967,14443,2354,2354,17.6,31.2,353.8,0.0,-,0,0,0.000
1790431615,s12-vmess-h3,263604,10249,1930,1930,16.1,34.0,309.3,0.0,-,0,0,0.000
1790431615,__proc__,0,0,0,0,-,-,-,985.6,8185,23498,3713900,2841.781
1790431645,s7-ss-tcp,361488,14364,2549,2549,9.0,27.6,248.1,0.0,-,0,0,0.000
1790431645,s8-tuic,364297,12694,2537,2537,8.8,27.4,233.7,0.0,-,0,0,0.000
1790431645,s9-anytls,59002,3378,706,706,14.7,29.0,251.7,0.0,-,0,0,0.000
1790431645,s10-vless-xhttp,112858,6493,206,206,35.6,48.4,265.4,0.0,-,0,0,0.000
1790431645,s11-http-proxy,352078,14474,2333,2333,17.0,31.4,202.1,0.0,-,0,0,0.000
1790431645,s12-vmess-h3,264445,10279,1766,1766,16.6,35.7,274.8,0.0,-,0,0,0.000
1790431645,__proc__,0,0,0,0,-,-,-,985.6,7940,22108,3724536,2850.285
1790431675,s7-ss-tcp,362668,14396,2478,2478,8.9,29.1,203.0,0.0,-,0,0,0.000
1790431675,s8-tuic,365477,12726,2478,2478,8.7,29.9,209.0,0.0,-,0,0,0.000
1790431675,s9-anytls,59247,3390,514,514,14.6,29.9,250.4,0.0,-,0,0,0.000
1790431675,s10-vless-xhttp,112998,6499,294,294,35.6,48.4,270.3,0.0,-,0,0,0.000
1790431675,s11-http-proxy,353073,14507,2090,2090,17.3,32.9,208.6,0.0,-,0,0,0.000
1790431675,s12-vmess-h3,265415,10303,2037,2037,17.0,35.7,229.9,0.0,-,0,0,0.000
1790431675,__proc__,0,0,0,0,-,-,-,985.8,7749,23364,3735046,2858.260
1790431705,s7-ss-tcp,363850,14429,2482,2482,9.4,30.1,208.3,0.0,-,0,0,0.000
1790431705,s8-tuic,366659,12763,2482,2482,9.3,30.5,211.0,0.0,-,0,0,0.000
1790431705,s9-anytls,59687,3410,924,924,14.2,30.0,244.3,0.0,-,0,0,0.000
1790431705,s10-vless-xhttp,113270,6508,571,571,35.6,48.3,276.1,0.0,-,0,0,0.000
1790431705,s11-http-proxy,354214,14548,2396,2396,16.7,32.4,195.1,0.0,-,0,0,0.000
1790431705,s12-vmess-h3,265793,10323,794,794,16.6,35.5,229.9,0.0,-,0,0,0.000
1790431705,__proc__,0,0,0,0,-,-,-,985.8,6932,15362,3744885,2866.150
1790431735,s7-ss-tcp,364999,14484,2413,2413,9.6,30.8,218.6,0.0,-,0,0,0.000
1790431735,s8-tuic,367818,12811,2434,2434,9.5,31.3,218.7,0.0,-,0,0,0.000
1790431735,s9-anytls,60014,3445,687,687,14.2,30.5,241.7,0.0,-,0,0,0.000
1790431735,s10-vless-xhttp,113531,6526,548,548,35.5,47.8,264.6,0.0,-,0,0,0.000
1790431735,s11-http-proxy,355281,14606,2241,2241,16.4,32.4,196.4,0.0,-,0,0,0.000
1790431735,s12-vmess-h3,266781,10384,2075,2075,16.9,36.0,215.5,0.0,-,0,0,0.000
1790431735,__proc__,0,0,0,0,-,-,-,985.8,7064,22501,3758711,2874.441
1790431765,s7-ss-tcp,366184,14519,2488,2488,9.9,31.3,221.7,0.0,-,0,0,0.000
1790431765,s8-tuic,369027,12836,2539,2539,9.8,32.1,226.3,0.0,-,0,0,0.000
1790431765,s9-anytls,60309,3460,620,620,14.3,31.0,240.6,0.0,-,0,0,0.000
1790431765,s10-vless-xhttp,113689,6531,332,332,35.5,47.6,258.3,0.0,-,0,0,0.000
1790431765,s11-http-proxy,356398,14642,2346,2346,17.0,32.7,219.9,0.0,-,0,0,0.000
1790431765,s12-vmess-h3,267791,10405,2121,2121,17.6,35.4,229.5,0.0,-,0,0,0.000
1790431765,__proc__,0,0,0,0,-,-,-,985.8,6377,21793,3770260,2883.676
1790431795,s7-ss-tcp,367423,14536,2602,2602,9.7,31.1,234.3,0.0,-,0,0,0.000
1790431795,s8-tuic,370276,12852,2623,2623,9.7,30.7,235.0,0.0,-,0,0,0.000
1790431795,s9-anytls,60638,3473,691,691,14.1,31.0,233.4,0.0,-,0,0,0.000
1790431795,s10-vless-xhttp,113829,6533,294,294,35.5,47.7,259.7,0.0,-,0,0,0.000
1790431795,s11-http-proxy,357550,14658,2419,2419,17.6,32.1,87.6,0.0,-,0,0,0.000
1790431795,s12-vmess-h3,268929,10420,2390,2390,17.9,34.4,229.7,0.0,-,0,0,0.000
1790431795,__proc__,0,0,0,0,-,-,-,985.8,5792,22303,3781048,2892.529
1790431825,s7-ss-tcp,368596,14562,2463,2463,9.6,30.9,247.7,0.0,-,0,0,0.000
1790431825,s8-tuic,371446,12870,2457,2457,9.8,30.9,247.9,0.0,-,0,0,0.000
1790431825,s9-anytls,60938,3481,630,630,14.1,31.1,236.3,0.0,-,0,0,0.000
1790431825,s10-vless-xhttp,114175,6539,727,727,35.6,47.8,260.0,0.0,-,0,0,0.000
1790431825,s11-http-proxy,358678,14682,2369,2369,18.6,32.9,221.5,0.0,-,0,0,0.000
1790431825,s12-vmess-h3,270065,10434,2386,2386,18.1,35.2,238.6,0.0,-,0,0,0.000
1790431825,__proc__,0,0,0,0,-,-,-,985.8,5996,22620,3793269,2901.962
1790431855,s7-ss-tcp,369613,14601,2136,2136,9.8,30.5,246.3,0.0,-,0,0,0.000
1790431855,s8-tuic,372594,12916,2411,2411,10.1,30.3,235.6,0.0,-,0,0,0.000
1790431855,s9-anytls,61272,3504,701,701,13.9,31.6,236.3,0.0,-,0,0,0.000
1790431855,s10-vless-xhttp,114691,6563,1084,1084,35.6,47.6,264.1,0.0,-,0,0,0.000
1790431855,s11-http-proxy,359755,14725,2262,2262,18.6,32.4,235.7,0.0,-,0,0,0.000
1790431855,s12-vmess-h3,270836,10467,1619,1619,18.5,35.3,248.8,0.0,-,0,0,0.000
1790431855,__proc__,0,0,0,0,-,-,-,985.8,5970,18405,3804771,2911.555
1790431885,s7-ss-tcp,370741,14653,2369,2369,9.4,29.1,247.7,0.0,-,0,0,0.000
1790431885,s8-tuic,373761,12963,2451,2451,10.0,29.5,241.4,0.0,-,0,0,0.000
1790431885,s9-anytls,61617,3521,724,724,13.4,32.0,236.3,0.0,-,0,0,0.000
1790431885,s10-vless-xhttp,115304,6600,1287,1287,35.6,46.7,258.3,0.0,-,0,0,0.000
1790431885,s11-http-proxy,360843,14766,2285,2285,16.7,32.4,238.8,0.0,-,0,0,0.000
1790431885,s12-vmess-h3,271240,10494,848,848,18.0,35.8,245.8,0.0,-,0,0,0.000
1790431885,__proc__,0,0,0,0,-,-,-,985.8,6055,14450,3816709,2919.501
1790431915,s7-ss-tcp,371832,14726,2291,2291,9.3,29.8,247.9,0.0,-,0,0,0.000
1790431915,s8-tuic,374820,13033,2224,2224,9.5,29.8,246.7,0.0,-,0,0,0.000
1790431915,s9-anytls,61932,3547,662,662,13.6,32.1,232.1,0.0,-,0,0,0.000
1790431915,s10-vless-xhttp,115976,6654,1411,1411,35.4,46.1,263.0,0.0,-,0,0,0.000
1790431915,s11-http-proxy,361856,14845,2127,2127,16.2,33.2,238.2,0.0,-,0,0,0.000
1790431915,s12-vmess-h3,271848,10557,1277,1277,17.5,35.7,244.0,0.0,-,0,0,0.000
1790431915,__proc__,0,0,0,0,-,-,-,985.8,7607,18957,3829006,2927.295
1790431945,s7-ss-tcp,372809,14839,2052,2052,8.6,27.6,231.5,0.0,-,0,0,0.000
1790431945,s8-tuic,375608,13113,1655,1655,8.6,28.2,246.6,0.0,-,0,0,0.000
1790431945,s9-anytls,62153,3575,464,464,13.5,32.2,230.3,0.0,-,0,0,0.000
1790431945,s10-vless-xhttp,116487,6714,1073,1073,35.6,45.7,264.4,0.0,-,0,0,0.000
1790431945,s11-http-proxy,362782,14949,1945,1945,16.3,32.0,238.0,0.0,-,0,0,0.000
1790431945,s12-vmess-h3,272679,10648,1745,1745,17.3,34.5,243.1,0.0,-,0,0,0.000
1790431945,__proc__,0,0,0,0,-,-,-,986.2,8705,23240,3840724,2934.740
1790431975,s7-ss-tcp,373843,14933,2171,2171,8.8,27.3,237.1,0.0,-,0,0,0.000
1790431975,s8-tuic,376442,13187,1751,1751,8.6,28.3,256.9,0.0,-,0,0,0.000
1790431975,s9-anytls,62269,3585,244,244,13.3,32.3,231.3,0.0,-,0,0,0.000
1790431975,s10-vless-xhttp,117078,6776,1241,1241,35.4,45.0,260.0,0.0,-,0,0,0.000
1790431975,s11-http-proxy,363784,15034,2104,2104,15.6,32.1,236.9,0.0,-,0,0,0.000
1790431975,s12-vmess-h3,273313,10718,1331,1331,16.7,34.6,236.9,0.0,-,0,0,0.000
1790431975,__proc__,0,0,0,0,-,-,-,986.2,9406,22072,3853327,2942.289
1790432005,s7-ss-tcp,374923,15015,2268,2268,8.8,27.9,230.9,0.0,-,0,0,0.000
1790432005,s8-tuic,377525,13268,2274,2274,8.5,29.3,236.5,0.0,-,0,0,0.000
1790432005,s9-anytls,62293,3585,50,50,13.3,32.4,231.3,0.0,-,0,0,0.000
1790432005,s10-vless-xhttp,117437,6798,754,754,35.4,45.0,252.9,0.0,-,0,0,0.000
1790432005,s11-http-proxy,364826,15109,2188,2188,15.9,31.4,226.2,0.0,-,0,0,0.000
1790432005,s12-vmess-h3,274066,10779,1581,1581,16.1,33.6,236.5,0.0,-,0,0,0.000
1790432005,__proc__,0,0,0,0,-,-,-,986.4,9518,23520,3864446,2949.582
1790432035,s7-ss-tcp,376088,15063,2446,2446,9.2,28.0,219.3,0.0,-,0,0,0.000
1790432035,s8-tuic,378682,13314,2430,2430,8.6,29.4,226.8,0.0,-,0,0,0.000
1790432035,s9-anytls,62293,3585,0,0,13.3,32.4,231.3,0.0,-,0,0,0.000
1790432035,s10-vless-xhttp,117670,6806,489,489,35.4,45.0,263.0,0.0,-,0,0,0.000
1790432035,s11-http-proxy,365736,15139,1911,1911,16.7,31.4,219.0,0.0,-,0,0,0.000
1790432035,s12-vmess-h3,275059,10819,2085,2085,15.9,32.0,213.7,0.0,-,0,0,0.000
1790432035,__proc__,0,0,0,0,-,-,-,986.6,9806,26700,3875647,2956.970
1790432065,s7-ss-tcp,377210,15143,2356,2356,9.2,27.1,211.3,0.0,-,0,0,0.000
1790432065,s8-tuic,379678,13376,2092,2092,9.0,29.8,215.9,0.0,-,0,0,0.000
1790432065,s9-anytls,62348,3592,116,116,13.2,32.2,230.3,0.0,-,0,0,0.000
1790432065,s10-vless-xhttp,117989,6840,670,670,35.3,45.0,258.3,0.0,-,0,0,0.000
1790432065,s11-http-proxy,366638,15219,1894,1894,15.8,31.5,295.9,0.0,-,0,0,0.000
1790432065,s12-vmess-h3,275812,10884,1581,1581,16.1,32.4,208.6,0.0,-,0,0,0.000
1790432065,__proc__,0,0,0,0,-,-,-,986.8,9809,24070,3888578,2964.326
1790432095,s7-ss-tcp,378401,15202,2501,2501,8.9,26.7,183.1,0.0,-,0,0,0.000
1790432095,s8-tuic,380877,13430,2518,2518,9.0,28.8,160.5,0.0,-,0,0,0.000
1790432095,s9-anytls,62414,3593,139,139,13.2,32.2,230.3,0.0,-,0,0,0.000
1790432095,s10-vless-xhttp,118226,6854,498,498,35.2,45.2,250.7,0.0,-,0,0,0.000
1790432095,s11-http-proxy,367715,15270,2262,2262,16.2,31.3,201.6,0.0,-,0,0,0.000
1790432095,s12-vmess-h3,276549,10933,1548,1548,15.4,33.4,198.4,0.0,-,0,0,0.000
1790432095,__proc__,0,0,0,0,-,-,-,986.9,10019,24093,3900688,2971.793
1790432125,s7-ss-tcp,379552,15265,2417,2417,8.8,25.8,203.7,0.0,-,0,0,0.000
1790432125,s8-tuic,382021,13471,2402,2402,8.7,29.5,195.7,0.0,-,0,0,0.000
1790432125,s9-anytls,62477,3599,132,132,13.2,32.3,230.3,0.0,-,0,0,0.000
1790432125,s10-vless-xhttp,118490,6869,554,554,35.2,45.8,236.1,0.0,-,0,0,0.000
1790432125,s11-http-proxy,368707,15333,2083,2083,15.7,31.2,201.6,0.0,-,0,0,0.000
1790432125,s12-vmess-h3,276878,10954,691,691,15.1,34.8,205.5,0.0,-,0,0,0.000
1790432125,__proc__,0,0,0,0,-,-,-,987.8,9492,18649,3911875,2978.024
1790432155,s7-ss-tcp,380698,15323,2407,2407,8.9,26.6,195.1,0.0,-,0,0,0.000
1790432155,s8-tuic,383049,13514,2159,2159,8.1,27.8,207.9,0.0,-,0,0,0.000
1790432155,s9-anytls,62526,3604,103,103,13.2,32.2,229.6,0.0,-,0,0,0.000
1790432155,s10-vless-xhttp,118619,6876,271,271,35.3,46.5,236.1,0.0,-,0,0,0.000
1790432155,s11-http-proxy,369771,15399,2234,2234,15.0,31.8,201.3,0.0,-,0,0,0.000
1790432155,s12-vmess-h3,277651,11007,1623,1623,15.1,36.0,205.3,0.0,-,0,0,0.000
1790432155,__proc__,0,0,0,0,-,-,-,987.8,9106,23068,3924534,2986.480
1790432185,s7-ss-tcp,381841,15391,2400,2400,8.6,27.6,198.9,0.0,-,0,0,0.000
1790432185,s8-tuic,384185,13584,2386,2386,8.0,28.5,215.4,0.0,-,0,0,0.000
1790432185,s9-anytls,62717,3617,401,401,13.2,32.2,229.4,0.0,-,0,0,0.000
1790432185,s10-vless-xhttp,118724,6880,220,220,35.3,46.5,222.4,0.0,-,0,0,0.000
1790432185,s11-http-proxy,370851,15467,2268,2268,14.9,31.2,195.6,0.0,-,0,0,0.000
1790432185,s12-vmess-h3,278636,11067,2068,2068,14.9,36.2,198.1,0.0,-,0,0,0.000
1790432185,__proc__,0,0,0,0,-,-,-,987.8,8316,24380,3935940,2993.492
1790432215,s7-ss-tcp,383092,15425,2627,2627,9.0,27.4,197.4,0.0,-,0,0,0.000
1790432215,s8-tuic,385436,13621,2627,2627,8.7,27.5,207.9,0.0,-,0,0,0.000
1790432215,s9-anytls,62903,3622,391,391,13.1,32.0,229.0,0.0,-,0,0,0.000
1790432215,s10-vless-xhttp,118724,6880,0,0,35.3,46.5,222.4,0.0,-,0,0,0.000
1790432215,s11-http-proxy,372012,15503,2438,2438,15.0,31.1,205.3,0.0,-,0,0,0.000
1790432215,s12-vmess-h3,279573,11094,1968,1968,14.8,38.9,207.5,0.0,-,0,0,0.000
1790432215,__proc__,0,0,0,0,-,-,-,987.8,6926,21798,3946136,3000.935
1790432245,s7-ss-tcp,384393,15441,2732,2732,8.4,26.2,190.5,0.0,-,0,0,0.000
1790432245,s8-tuic,386736,13637,2730,2730,8.2,26.2,204.4,0.0,-,0,0,0.000
1790432245,s9-anytls,63049,3625,307,307,13.2,32.2,227.8,0.0,-,0,0,0.000
1790432245,s10-vless-xhttp,118811,6881,183,183,35.3,46.7,222.4,0.0,-,0,0,0.000
1790432245,s11-http-proxy,373222,15510,2541,2541,15.4,29.8,204.7,0.0,-,0,0,0.000
1790432245,s12-vmess-h3,280648,11104,2258,2258,15.1,38.2,210.3,0.0,-,0,0,0.000
1790432245,__proc__,0,0,0,0,-,-,-,987.8,6201,22215,3956051,3008.580
1790432275,s7-ss-tcp,385631,15458,2600,2600,8.7,26.0,202.5,0.0,-,0,0,0.000
1790432275,s8-tuic,387982,13652,2617,2617,8.5,26.4,210.3,0.0,-,0,0,0.000
1790432275,s9-anytls,63463,3635,869,869,13.3,32.0,229.6,0.0,-,0,0,0.000
1790432275,s10-vless-xhttp,118818,6882,15,15,35.3,46.7,222.4,0.0,-,0,0,0.000
1790432275,s11-http-proxy,374372,15521,2415,2415,16.1,30.1,205.8,0.0,-,0,0,0.000
1790432275,s12-vmess-h3,281806,11118,2432,2432,16.5,38.2,223.4,0.0,-,0,0,0.000
1790432275,__proc__,0,0,0,0,-,-,-,987.8,5148,21600,3965710,3017.570
1790432305,s7-ss-tcp,386815,15498,2486,2486,9.1,28.5,235.6,0.0,-,0,0,0.000
1790432305,s8-tuic,389160,13680,2474,2474,8.7,29.4,236.9,0.0,-,0,0,0.000
1790432305,s9-anytls,63809,3647,727,727,13.6,32.2,230.3,0.0,-,0,0,0.000
1790432305,s10-vless-xhttp,119120,6891,634,634,35.3,46.5,222.4,0.0,-,0,0,0.000
1790432305,s11-http-proxy,375368,15547,2092,2092,17.6,33.3,205.8,0.0,-,0,0,0.000
1790432305,s12-vmess-h3,282936,11143,2373,2373,17.1,38.0,232.4,0.0,-,0,0,0.000
1790432305,__proc__,0,0,0,0,-,-,-,987.9,5009,21071,3978141,3027.124
1790432335,s7-ss-tcp,388010,15527,2510,2510,9.9,32.4,236.8,0.0,-,0,0,0.000
1790432335,s8-tuic,390360,13705,2520,2520,9.5,33.6,255.0,0.0,-,0,0,0.000
1790432335,s9-anytls,64053,3668,512,512,13.8,33.1,232.5,0.0,-,0,0,0.000
1790432335,s10-vless-xhttp,119529,6904,859,859,35.2,46.1,221.0,0.0,-,0,0,0.000
1790432335,s11-http-proxy,376416,15583,2201,2201,18.5,34.9,221.2,0.0,-,0,0,0.000
1790432335,s12-vmess-h3,284063,11159,2367,2367,18.6,38.8,277.9,0.0,-,0,0,0.000
1790432335,__proc__,0,0,0,0,-,-,-,987.9,5432,21698,3991188,3036.626
1790432365,s7-ss-tcp,389225,15549,2552,2552,10.1,32.1,247.0,0.0,-,0,0,0.000
1790432365,s8-tuic,391574,13729,2549,2549,9.8,33.0,250.6,0.0,-,0,0,0.000
1790432365,s9-anytls,64315,3680,550,550,14.0,33.0,234.5,0.0,-,0,0,0.000
1790432365,s10-vless-xhttp,119898,6911,775,775,35.4,46.2,217.2,0.0,-,0,0,0.000
1790432365,s11-http-proxy,377553,15606,2388,2388,18.6,34.4,206.2,0.0,-,0,0,0.000
1790432365,s12-vmess-h3,284943,11167,1848,1848,18.6,38.1,277.5,0.0,-,0,0,0.000
1790432365,__proc__,0,0,0,0,-,-,-,987.7,5217,18562,4002336,3045.685
1790432395,s7-ss-tcp,390423,15581,2516,2516,9.5,29.4,234.3,0.0,-,0,0,0.000
1790432395,s8-tuic,392791,13754,2556,2556,9.3,29.8,253.5,0.0,-,0,0,0.000
1790432395,s9-anytls,64617,3693,634,634,13.7,32.7,236.5,0.0,-,0,0,0.000
1790432395,s10-vless-xhttp,120308,6923,861,861,35.3,46.4,201.3,0.0,-,0,0,0.000
1790432395,s11-http-proxy,378699,15630,2407,2407,18.4,33.9,238.6,0.0,-,0,0,0.000
1790432395,s12-vmess-h3,285767,11187,1730,1730,18.6,36.4,272.2,0.0,-,0,0,0.000
1790432395,__proc__,0,0,0,0,-,-,-,987.7,5514,18318,4013702,3054.145
1790432425,s7-ss-tcp,391610,15621,2493,2493,9.2,26.2,240.8,0.0,-,0,0,0.000
1790432425,s8-tuic,393988,13792,2514,2514,9.0,26.0,244.3,0.0,-,0,0,0.000
1790432425,s9-anytls,64883,3702,559,559,13.3,32.6,237.0,0.0,-,0,0,0.000
1790432425,s10-vless-xhttp,120789,6944,1010,1010,35.2,46.4,202.2,0.0,-,0,0,0.000
1790432425,s11-http-proxy,379799,15670,2310,2310,17.1,32.3,240.6,0.0,-,0,0,0.000
1790432425,s12-vmess-h3,286299,11199,1117,1117,18.0,36.7,272.2,0.0,-,0,0,0.000
1790432425,__proc__,0,0,0,0,-,-,-,987.7,5687,15299,4024807,3062.491
1790432455,s7-ss-tcp,392749,15663,2392,2392,9.4,25.2,245.8,0.0,-,0,0,0.000
1790432455,s8-tuic,395123,13824,2384,2384,9.1,25.8,259.4,0.0,-,0,0,0.000
1790432455,s9-anytls,65096,3724,447,447,13.3,32.2,236.6,0.0,-,0,0,0.000
1790432455,s10-vless-xhttp,121341,6976,1159,1159,35.3,45.9,198.0,0.0,-,0,0,0.000
1790432455,s11-http-proxy,380890,15720,2291,2291,16.3,31.2,237.3,0.0,-,0,0,0.000
1790432455,s12-vmess-h3,287154,11247,1796,1796,17.6,38.1,260.0,0.0,-,0,0,0.000
1790432455,__proc__,0,0,0,0,-,-,-,987.7,6724,20497,4036413,3070.670
1790432485,s7-ss-tcp,393843,15731,2297,2297,8.9,26.2,258.9,0.0,-,0,0,0.000
1790432485,s8-tuic,396237,13884,2339,2339,8.6,27.6,267.5,0.0,-,0,0,0.000
1790432485,s9-anytls,65354,3740,542,542,13.3,32.3,232.1,0.0,-,0,0,0.000
1790432485,s10-vless-xhttp,121879,7013,1130,1130,35.2,45.6,202.2,0.0,-,0,0,0.000
1790432485,s11-http-proxy,381813,15762,1938,1938,16.1,31.4,245.1,0.0,-,0,0,0.000
1790432485,s12-vmess-h3,288154,11303,2100,2100,17.0,33.8,241.6,0.0,-,0,0,0.000
1790432485,__proc__,0,0,0,0,-,-,-,988.0,7935,23950,4049134,3079.197
1790432515,s7-ss-tcp,394904,15808,2228,2228,9.3,29.6,259.5,0.0,-,0,0,0.000
1790432515,s8-tuic,397154,13941,1926,1926,9.2,29.2,265.0,0.0,-,0,0,0.000
1790432515,s9-anytls,65581,3758,477,477,13.5,32.3,231.3,0.0,-,0,0,0.000
1790432515,s10-vless-xhttp,122249,7045,777,777,35.2,45.4,198.0,0.0,-,0,0,0.000
1790432515,s11-http-proxy,382786,15836,2043,2043,16.5,31.8,235.5,0.0,-,0,0,0.000
1790432515,s12-vmess-h3,289037,11371,1854,1854,16.7,34.3,238.9,0.0,-,0,0,0.000
1790432515,__proc__,0,0,0,0,-,-,-,988.1,8494,23596,4060807,3087.564
1790432545,s7-ss-tcp,395983,15893,2266,2266,8.9,30.3,256.1,0.0,-,0,0,0.000
1790432545,s8-tuic,398069,14006,1922,1922,9.0,31.0,265.8,0.0,-,0,0,0.000
1790432545,s9-anytls,65820,3783,502,502,13.5,32.1,220.1,0.0,-,0,0,0.000
1790432545,s10-vless-xhttp,122607,7083,752,752,35.2,44.7,188.3,0.0,-,0,0,0.000
1790432545,s11-http-proxy,383757,15939,2039,2039,16.8,32.3,215.0,0.0,-,0,0,0.000
1790432545,s12-vmess-h3,289928,11450,1871,1871,16.7,35.8,239.0,0.0,-,0,0,0.000
1790432545,__proc__,0,0,0,0,-,-,-,988.2,9099,24526,4073496,3095.582
1790432575,s7-ss-tcp,396998,15994,2132,2132,8.6,29.2,230.8,0.0,-,0,0,0.000
1790432575,s8-tuic,399097,14097,2159,2159,8.5,28.7,264.9,0.0,-,0,0,0.000
1790432575,s9-anytls,66016,3803,412,412,13.6,32.0,221.9,0.0,-,0,0,0.000
1790432575,s10-vless-xhttp,123068,7141,968,968,35.1,44.2,184.4,0.0,-,0,0,0.000
1790432575,s11-http-proxy,384704,16048,1989,1989,17.5,32.6,215.1,0.0,-,0,0,0.000
1790432575,s12-vmess-h3,290725,11531,1674,1674,17.1,34.6,236.2,0.0,-,0,0,0.000
1790432575,__proc__,0,0,0,0,-,-,-,988.3,9789,24425,4085842,3103.594
1790432605,s7-ss-tcp,398066,16088,2243,2243,8.1,28.8,213.2,0.0,-,0,0,0.000
1790432605,s8-tuic,400163,14187,2239,2239,8.4,30.0,245.5,0.0,-,0,0,0.000
1790432605,s9-anytls,66218,3822,424,424,13.6,32.2,222.7,0.0,-,0,0,0.000
1790432605,s10-vless-xhttp,123282,7159,449,449,35.1,44.2,184.4,0.0,-,0,0,0.000
1790432605,s11-http-proxy,385708,16148,2108,2108,17.1,33.4,205.4,0.0,-,0,0,0.000
1790432605,s12-vmess-h3,291673,11623,1991,1991,16.8,34.7,223.9,0.0,-,0,0,0.000
1790432605,__proc__,0,0,0,0,-,-,-,988.5,9762,26147,4098318,3111.686
1790432635,s7-ss-tcp,399160,16163,2297,2297,8.4,28.7,212.6,0.0,-,0,0,0.000
1790432635,s8-tuic,401132,14254,2035,2035,8.5,30.1,223.6,0.0,-,0,0,0.000
1790432635,s9-anytls,66504,3843,601,601,13.7,32.1,218.1,0.0,-,0,0,0.000
1790432635,s10-vless-xhttp,123522,7177,504,504,35.1,44.3,184.4,0.0,-,0,0,0.000
1790432635,s11-http-proxy,386732,16224,2150,2150,16.9,33.4,205.7,0.0,-,0,0,0.000
1790432635,s12-vmess-h3,292437,11677,1604,1604,16.6,35.4,224.0,0.0,-,0,0,0.000
1790432635,__proc__,0,0,0,0,-,-,-,988.5,9285,23344,4110324,3119.652
1790432665,s7-ss-tcp,400192,16241,2167,2167,9.1,29.8,211.4,0.0,-,0,0,0.000
1790432665,s8-tuic,402130,14330,2096,2096,9.1,30.8,222.5,0.0,-,0,0,0.000
1790432665,s9-anytls,66740,3866,496,496,14.0,32.7,218.8,0.0,-,0,0,0.000
1790432665,s10-vless-xhttp,123766,7203,512,512,35.1,44.5,184.3,0.0,-,0,0,0.000
1790432665,s11-http-proxy,387727,16289,2090,2090,17.3,33.1,209.4,0.0,-,0,0,0.000
1790432665,s12-vmess-h3,293226,11746,1657,1657,16.6,36.2,222.2,0.0,-,0,0,0.000
1790432665,__proc__,0,0,0,0,-,-,-,988.5,9061,23299,4120265,3127.988
1790432695,s7-ss-tcp,401247,16284,2216,2216,9.8,31.0,208.9,0.0,-,0,0,0.000
1790432695,s8-tuic,403304,14368,2465,2465,9.7,32.1,222.3,0.0,-,0,0,0.000
1790432695,s9-anytls,66934,3872,407,407,14.1,32.8,218.8,0.0,-,0,0,0.000
1790432695,s10-vless-xhttp,123928,7210,340,340,35.1,44.5,186.9,0.0,-,0,0,0.000
1790432695,s11-http-proxy,388832,16340,2320,2320,17.2,34.1,199.9,0.0,-,0,0,0.000
1790432695,s12-vmess-h3,294131,11782,1900,1900,16.7,35.8,222.0,0.0,-,0,0,0.000
1790432695,__proc__,0,0,0,0,-,-,-,988.5,8654,23993,4131648,3136.028
1790432725,s7-ss-tcp,402360,16326,2337,2337,9.9,31.9,223.1,0.0,-,0,0,0.000
1790432725,s8-tuic,404474,14411,2457,2457,9.7,33.4,228.3,0.0,-,0,0,0.000
1790432725,s9-anytls,67198,3889,554,554,13.9,32.8,221.9,0.0,-,0,0,0.000
1790432725,s10-vless-xhttp,124035,7216,225,225,35.1,44.6,192.1,0.0,-,0,0,0.000
1790432725,s11-http-proxy,389939,16386,2325,2325,17.1,34.5,233.5,0.0,-,0,0,0.000
1790432725,s12-vmess-h3,295039,11810,1907,1907,16.4,37.4,243.1,0.0,-,0,0,0.000
1790432725,__proc__,0,0,0,0,-,-,-,988.5,7968,23011,4143318,3144.156
1790432755,s7-ss-tcp,403698,16326,2810,2810,9.3,31.4,207.3,0.0,-,0,0,0.000
1790432755,s8-tuic,405810,14411,2806,2806,9.1,31.3,209.8,0.0,-,0,0,0.000
1790432755,s9-anytls,67478,3894,588,588,14.0,33.0,220.3,0.0,-,0,0,0.000
1790432755,s10-vless-xhttp,124035,7216,0,0,35.1,44.6,192.1,0.0,-,0,0,0.000
1790432755,s11-http-proxy,391211,16386,2671,2671,16.2,33.6,214.3,0.0,-,0,0,0.000
1790432755,s12-vmess-h3,295658,11815,1300,1300,16.1,37.8,243.1,0.0,-,0,0,0.000
1790432755,__proc__,0,0,0,0,-,-,-,988.5,6517,17458,4152073,3151.526
1790432785,s7-ss-tcp,404876,16350,2474,2474,9.1,28.4,223.0,0.0,-,0,0,0.000
1790432785,s8-tuic,407001,14435,2501,2501,9.0,29.8,222.8,0.0,-,0,0,0.000
1790432785,s9-anytls,67610,3902,277,277,14.0,32.8,218.8,0.0,-,0,0,0.000
1790432785,s10-vless-xhttp,124149,7224,239,239,35.1,44.5,184.4,0.0,-,0,0,0.000
1790432785,s11-http-proxy,392355,16410,2402,2402,16.5,30.6,221.1,0.0,-,0,0,0.000
1790432785,s12-vmess-h3,296550,11821,1873,1873,16.8,36.2,233.4,0.0,-,0,0,0.000
1790432785,__proc__,0,0,0,0,-,-,-,988.5,5970,19947,4160708,3160.100
1790432815,s7-ss-tcp,406188,16352,2755,2755,9.5,28.1,213.0,0.0,-,0,0,0.000
1790432815,s8-tuic,408317,14435,2764,2764,9.4,27.5,209.1,0.0,-,0,0,0.000
1790432815,s9-anytls,67903,3911,615,615,13.9,32.7,216.8,0.0,-,0,0,0.000
1790432815,s10-vless-xhttp,124445,7226,622,622,35.1,44.6,200.9,0.0,-,0,0,0.000
1790432815,s11-http-proxy,393588,16418,2589,2589,16.4,30.8,209.1,0.0,-,0,0,0.000
1790432815,s12-vmess-h3,297230,11831,1428,1428,16.6,35.3,232.3,0.0,-,0,0,0.000
1790432815,__proc__,0,0,0,0,-,-,-,988.5,5571,16765,4170867,3168.133
1790432845,s7-ss-tcp,407422,16376,2591,2591,9.8,26.0,215.3,0.0,-,0,0,0.000
1790432845,s8-tuic,409551,14459,2591,2591,9.7,25.7,214.7,0.0,-,0,0,0.000
1790432845,s9-anytls,68105,3922,424,424,13.6,31.9,216.6,0.0,-,0,0,0.000
1790432845,s10-vless-xhttp,124727,7232,592,592,35.1,44.8,200.9,0.0,-,0,0,0.000
1790432845,s11-http-proxy,394771,16442,2484,2484,16.2,31.5,221.0,0.0,-,0,0,0.000
1790432845,s12-vmess-h3,297733,11837,1056,1056,16.2,36.2,238.5,0.0,-,0,0,0.000
1790432845,__proc__,0,0,0,0,-,-,-,988.5,5275,14360,4180914,3176.024
1790432875,s7-ss-tcp,408635,16409,2547,2547,9.5,23.9,212.1,0.0,-,0,0,0.000
1790432875,s8-tuic,410767,14490,2554,2554,9.4,23.9,214.6,0.0,-,0,0,0.000
1790432875,s9-anytls,68459,3935,743,743,13.6,31.6,219.0,0.0,-,0,0,0.000
1790432875,s10-vless-xhttp,125001,7242,575,575,35.1,44.8,196.4,0.0,-,0,0,0.000
1790432875,s11-http-proxy,395881,16466,2331,2331,16.4,30.8,220.6,0.0,-,0,0,0.000
1790432875,s12-vmess-h3,298741,11869,2117,2117,16.8,31.8,211.2,0.0,-,0,0,0.000
1790432875,__proc__,0,0,0,0,-,-,-,988.5,5387,20307,4191446,3184.697
1790432905,s7-ss-tcp,409747,16455,2335,2335,9.5,25.5,228.5,0.0,-,0,0,0.000
1790432905,s8-tuic,411883,14537,2344,2344,9.4,26.5,229.0,0.0,-,0,0,0.000
1790432905,s9-anytls,68828,3951,775,775,13.9,31.4,216.8,0.0,-,0,0,0.000
1790432905,s10-vless-xhttp,125458,7277,960,960,35.1,44.8,203.5,0.0,-,0,0,0.000
1790432905,s11-http-proxy,396934,16511,2211,2211,16.5,31.3,243.1,0.0,-,0,0,0.000
1790432905,s12-vmess-h3,299558,11903,1716,1716,16.9,31.8,223.6,0.0,-,0,0,0.000
1790432905,__proc__,0,0,0,0,-,-,-,988.5,5768,18653,4202111,3193.253
1790432935,s7-ss-tcp,410832,16497,2278,2278,9.4,25.4,230.3,0.0,-,0,0,0.000
1790432935,s8-tuic,413065,14570,2482,2482,9.3,25.9,229.0,0.0,-,0,0,0.000
1790432935,s9-anytls,69186,3967,752,752,14.0,31.5,218.8,0.0,-,0,0,0.000
1790432935,s10-vless-xhttp,126041,7303,1224,1224,35.2,44.9,203.5,0.0,-,0,0,0.000
1790432935,s11-http-proxy,398014,16567,2268,2268,16.5,31.4,225.4,0.0,-,0,0,0.000
1790432935,s12-vmess-h3,300269,11932,1493,1493,16.5,32.6,237.1,0.0,-,0,0,0.000
1790432935,__proc__,0,0,0,0,-,-,-,988.5,6341,18323,4213788,3201.251
1790432965,s7-ss-tcp,411898,16543,2239,2239,8.9,25.6,244.6,0.0,-,0,0,0.000
1790432965,s8-tuic,414231,14612,2449,2449,8.9,26.7,243.7,0.0,-,0,0,0.000
1790432965,s9-anytls,69451,3984,556,556,13.9,31.2,220.5,0.0,-,0,0,0.000
1790432965,s10-vless-xhttp,126620,7334,1216,1216,35.3,45.1,211.4,0.0,-,0,0,0.000
1790432965,s11-http-proxy,399103,16623,2287,2287,16.5,32.0,248.6,0.0,-,0,0,0.000
1790432965,s12-vmess-h3,300938,11975,1405,1405,16.2,32.6,243.8,0.0,-,0,0,0.000
1790432965,__proc__,0,0,0,0,-,-,-,988.5,6968,18759,4226428,3210.122
1790432995,s7-ss-tcp,412869,16618,2039,2039,9.3,26.9,260.9,0.0,-,0,0,0.000
1790432995,s8-tuic,415058,14671,1737,1737,9.1,27.8,253.3,0.0,-,0,0,0.000
1790432995,s9-anytls,69641,4009,399,399,13.9,31.2,220.3,0.0,-,0,0,0.000
1790432995,s10-vless-xhttp,127200,7405,1218,1218,35.3,45.3,214.1,0.0,-,0,0,0.000
1790432995,s11-http-proxy,400010,16721,1905,1905,16.2,32.6,248.7,0.0,-,0,0,0.000
1790432995,s12-vmess-h3,301823,12053,1858,1858,16.7,33.7,248.2,0.0,-,0,0,0.000
1790432995,__proc__,0,0,0,0,-,-,-,988.7,8033,22851,4238034,3218.244
1790433025,s7-ss-tcp,413871,16668,2104,2104,9.0,25.8,253.8,0.0,-,0,0,0.000
1790433025,s8-tuic,415751,14704,1455,1455,8.8,27.0,253.3,0.0,-,0,0,0.000
1790433025,s9-anytls,69839,4019,416,416,14.0,31.0,221.8,0.0,-,0,0,0.000
1790433025,s10-vless-xhttp,127854,7447,1373,1373,35.3,44.5,213.3,0.0,-,0,0,0.000
1790433025,s11-http-proxy,400953,16776,1980,1980,16.3,31.8,242.2,0.0,-,0,0,0.000
1790433025,s12-vmess-h3,302650,12089,1737,1737,16.3,37.1,252.4,0.0,-,0,0,0.000
1790433025,__proc__,0,0,0,0,-,-,-,988.9,8908,23495,4250325,3226.657
1790433055,s7-ss-tcp,415003,16742,2377,2377,8.5,25.0,244.3,0.0,-,0,0,0.000
1790433055,s8-tuic,416804,14757,2211,2211,8.2,26.3,252.5,0.0,-,0,0,0.000
1790433055,s9-anytls,70000,4030,338,338,14.0,30.8,223.5,0.0,-,0,0,0.000
1790433055,s10-vless-xhttp,128399,7475,1144,1144,35.3,44.4,214.1,0.0,-,0,0,0.000
1790433055,s11-http-proxy,402019,16850,2239,2239,16.1,31.5,242.2,0.0,-,0,0,0.000
1790433055,s12-vmess-h3,303217,12126,1191,1191,16.0,38.0,254.1,0.0,-,0,0,0.000
1790433055,__proc__,0,0,0,0,-,-,-,988.9,9759,21764,4262179,3235.096
1790433085,s7-ss-tcp,416147,16792,2402,2402,8.4,25.5,228.1,0.0,-,0,0,0.000
1790433085,s8-tuic,417910,14792,2323,2323,8.3,28.7,244.1,0.0,-,0,0,0.000
1790433085,s9-anytls,70239,4045,502,502,13.9,30.8,227.4,0.0,-,0,0,0.000
1790433085,s10-vless-xhttp,128567,7484,353,353,35.4,44.7,221.4,0.0,-,0,0,0.000
1790433085,s11-http-proxy,403107,16908,2285,2285,16.2,30.9,217.6,0.0,-,0,0,0.000
1790433085,s12-vmess-h3,303975,12155,1592,1592,15.8,37.7,253.9,0.0,-,0,0,0.000
1790433085,__proc__,0,0,0,0,-,-,-,989.1,10149,24561,4273429,3242.244
1790433115,s7-ss-tcp,417123,16909,2050,2050,7.7,25.2,226.1,0.0,-,0,0,0.000
1790433115,s8-tuic,418906,14894,2092,2092,7.4,28.7,265.1,0.0,-,0,0,0.000
1790433115,s9-anytls,70285,4057,97,97,13.9,30.8,227.3,0.0,-,0,0,0.000
1790433115,s10-vless-xhttp,128891,7534,680,680,35.4,45.4,217.8,0.0,-,0,0,0.000
1790433115,s11-http-proxy,404042,17010,1964,1964,15.5,35.7,244.7,0.0,-,0,0,0.000
1790433115,s12-vmess-h3,304696,12221,1514,1514,15.8,105.9,282.0,0.0,-,0,0,0.000
1790433115,__proc__,0,0,0,0,-,-,-,989.1,10190,24212,4288190,3249.433
1790433145,s7-ss-tcp,418067,16933,1982,1982,7.6,27.0,225.7,0.0,-,0,0,0.000
1790433145,s8-tuic,419727,14910,1724,1724,7.1,29.4,234.2,0.0,-,0,0,0.000
1790433145,s9-anytls,70292,4057,15,15,13.9,30.8,227.4,0.0,-,0,0,0.000
1790433145,s10-vless-xhttp,129055,7539,344,344,35.5,45.8,223.3,0.0,-,0,0,0.000
1790433145,s11-http-proxy,405226,17040,2486,2486,14.9,103.5,231.8,0.0,-,0,0,0.000
1790433145,s12-vmess-h3,305401,12228,1480,1480,15.3,108.8,276.0,0.0,-,0,0,0.000
1790433145,__proc__,0,0,0,0,-,-,-,989.2,9897,23601,4299411,3256.272
1790433175,s7-ss-tcp,419125,16990,2222,2222,7.9,32.2,219.5,0.0,-,0,0,0.000
1790433175,s8-tuic,420816,14963,2287,2287,7.6,33.5,231.4,0.0,-,0,0,0.000
1790433175,s9-anytls,70292,4057,0,0,13.9,30.8,227.4,0.0,-,0,0,0.000
1790433175,s10-vless-xhttp,129186,7547,275,275,35.5,46.0,223.3,0.0,-,0,0,0.000
1790433175,s11-http-proxy,406324,17106,2306,2306,15.6,65.2,232.1,0.0,-,0,0,0.000
1790433175,s12-vmess-h3,306491,12282,2289,2289,15.7,105.3,316.0,0.0,-,0,0,0.000
1790433175,__proc__,0,0,0,0,-,-,-,991.4,10128,28316,4310500,3263.826
1790433205,s7-ss-tcp,420278,17047,2421,2421,8.1,29.7,209.0,0.0,-,0,0,0.000
1790433205,s8-tuic,421969,15019,2421,2421,7.9,30.0,221.6,0.0,-,0,0,0.000
1790433205,s9-anytls,70292,4057,0,0,13.9,30.8,227.4,0.0,-,0,0,0.000
1790433205,s10-vless-xhttp,129310,7557,260,260,35.5,46.0,223.3,0.0,-,0,0,0.000
1790433205,s11-http-proxy,407389,17175,2236,2236,16.0,55.7,231.1,0.0,-,0,0,0.000
1790433205,s12-vmess-h3,307187,12325,1462,1462,15.8,100.2,244.5,0.0,-,0,0,0.000
1790433205,__proc__,0,0,0,0,-,-,-,991.7,8898,22084,4320826,3271.675
1790433235,s7-ss-tcp,421552,17066,2675,2675,9.3,27.2,208.5,0.0,-,0,0,0.000
1790433235,s8-tuic,423245,15040,2680,2680,9.0,27.4,261.3,0.0,-,0,0,0.000
1790433235,s9-anytls,70414,4059,256,256,13.8,30.7,227.4,0.0,-,0,0,0.000
1790433235,s10-vless-xhttp,129450,7560,294,294,35.6,46.4,223.7,0.0,-,0,0,0.000
1790433235,s11-http-proxy,408605,17199,2554,2554,16.3,31.7,189.0,0.0,-,0,0,0.000
1790433235,s12-vmess-h3,307642,12335,956,956,15.9,72.9,228.6,0.0,-,0,0,0.000
1790433235,__proc__,0,0,0,0,-,-,-,991.7,7792,17626,4329226,3278.582
1790433265,s7-ss-tcp,422804,17088,2629,2629,8.8,26.0,220.1,0.0,-,0,0,0.000
1790433265,s8-tuic,424503,15059,2642,2642,8.6,26.2,225.4,0.0,-,0,0,0.000
1790433265,s9-anytls,70574,4059,336,336,13.6,30.6,227.4,0.0,-,0,0,0.000
1790433265,s10-vless-xhttp,129588,7564,290,290,35.7,46.3,223.7,0.0,-,0,0,0.000
1790433265,s11-http-proxy,409810,17231,2530,2530,14.4,30.7,194.6,0.0,-,0,0,0.000
1790433265,s12-vmess-h3,308093,12357,947,947,15.9,76.2,227.8,0.0,-,0,0,0.000
1790433265,__proc__,0,0,0,0,-,-,-,991.7,6917,16197,4338092,3285.220
1790433295,s7-ss-tcp,424045,17123,2606,2606,9.1,24.9,224.8,0.0,-,0,0,0.000
1790433295,s8-tuic,425696,15090,2505,2505,8.6,24.1,225.1,0.0,-,0,0,0.000
1790433295,s9-anytls,70816,4069,508,508,13.3,29.9,227.3,0.0,-,0,0,0.000
1790433295,s10-vless-xhttp,129726,7569,290,290,35.7,46.3,224.4,0.0,-,0,0,0.000
1790433295,s11-http-proxy,410955,17263,2404,2404,14.7,30.2,210.4,0.0,-,0,0,0.000
1790433295,s12-vmess-h3,308945,12385,1789,1789,16.5,36.5,204.6,0.0,-,0,0,0.000
1790433295,__proc__,0,0,0,0,-,-,-,991.7,6402,19999,4348169,3292.987
1790433325,s7-ss-tcp,425356,17131,2753,2753,8.8,26.9,220.6,0.0,-,0,0,0.000
1790433325,s8-tuic,426884,15098,2495,2495,8.5,26.4,221.5,0.0,-,0,0,0.000
1790433325,s9-anytls,71054,4074,500,500,13.4,29.8,227.4,0.0,-,0,0,0.000
1790433325,s10-vless-xhttp,129785,7572,124,124,35.7,46.2,223.7,0.0,-,0,0,0.000
1790433325,s11-http-proxy,412152,17271,2514,2514,15.6,32.5,212.8,0.0,-,0,0,0.000
1790433325,s12-vmess-h3,310149,12393,2528,2528,16.5,36.7,218.3,0.0,-,0,0,0.000
1790433325,__proc__,0,0,0,0,-,-,-,991.8,5579,22822,4359394,3301.819
1790433355,s7-ss-tcp,426467,17169,2333,2333,9.1,29.1,224.5,0.0,-,0,0,0.000
1790433355,s8-tuic,428001,15136,2346,2346,8.9,28.1,221.0,0.0,-,0,0,0.000
1790433355,s9-anytls,71220,4082,349,349,13.4,29.9,227.7,0.0,-,0,0,0.000
1790433355,s10-vless-xhttp,130172,7593,813,813,35.7,46.5,224.4,0.0,-,0,0,0.000
1790433355,s11-http-proxy,413264,17295,2335,2335,17.4,33.3,211.2,0.0,-,0,0,0.000
1790433355,s12-vmess-h3,311263,12416,2339,2339,17.3,36.4,227.2,0.0,-,0,0,0.000
1790433355,__proc__,0,0,0,0,-,-,-,991.8,5244,21295,4371440,3311.294
1790433385,s7-ss-tcp,427569,17186,2314,2314,9.1,29.5,231.6,0.0,-,0,0,0.000
1790433385,s8-tuic,429110,15149,2329,2329,9.1,29.5,229.2,0.0,-,0,0,0.000
1790433385,s9-anytls,71387,4089,351,351,13.5,29.9,228.7,0.0,-,0,0,0.000
1790433385,s10-vless-xhttp,130548,7597,790,790,35.7,46.4,224.4,0.0,-,0,0,0.000
1790433385,s11-http-proxy,414421,17314,2430,2430,18.4,33.1,219.8,0.0,-,0,0,0.000
1790433385,s12-vmess-h3,312428,12436,2446,2446,18.2,35.4,241.5,0.0,-,0,0,0.000
1790433385,__proc__,0,0,0,0,-,-,-,991.8,5655,22493,4383168,3320.723
1790433415,s7-ss-tcp,428830,17209,2648,2648,9.5,29.3,231.6,0.0,-,0,0,0.000
1790433415,s8-tuic,430366,15172,2638,2638,9.3,29.5,227.2,0.0,-,0,0,0.000
1790433415,s9-anytls,71630,4098,510,510,13.3,29.8,229.5,0.0,-,0,0,0.000
1790433415,s10-vless-xhttp,130748,7603,420,420,35.7,46.5,228.9,0.0,-,0,0,0.000
1790433415,s11-http-proxy,415557,17344,2386,2386,18.7,32.8,220.9,0.0,-,0,0,0.000
1790433415,s12-vmess-h3,313578,12455,2415,2415,18.2,35.3,233.9,0.0,-,0,0,0.000
1790433415,__proc__,0,0,0,0,-,-,-,991.8,5364,21921,4394997,3329.941
1790433445,s7-ss-tcp,430023,17230,2505,2505,9.7,27.6,239.1,0.0,-,0,0,0.000
1790433445,s8-tuic,431555,15193,2497,2497,9.6,27.7,239.1,0.0,-,0,0,0.000
1790433445,s9-anytls,72014,4117,806,806,13.3,29.6,234.6,0.0,-,0,0,0.000
1790433445,s10-vless-xhttp,131365,7620,1296,1296,35.9,47.2,245.0,0.0,-,0,0,0.000
1790433445,s11-http-proxy,416674,17363,2346,2346,17.7,31.5,223.6,0.0,-,0,0,0.000
1790433445,s12-vmess-h3,314146,12469,1193,1193,17.5,35.4,249.9,0.0,-,0,0,0.000
1790433445,__proc__,0,0,0,0,-,-,-,991.8,5786,15850,4406566,3339.523
1790433475,s7-ss-tcp,431169,17269,2407,2407,9.9,27.9,235.3,0.0,-,0,0,0.000
1790433475,s8-tuic,432725,15226,2457,2457,9.7,27.7,241.3,0.0,-,0,0,0.000
1790433475,s9-anytls,72213,4122,418,418,13.4,29.7,230.5,0.0,-,0,0,0.000
1790433475,s10-vless-xhttp,131926,7641,1178,1178,35.9,47.2,238.9,0.0,-,0,0,0.000
1790433475,s11-http-proxy,417616,17396,1978,1978,17.5,31.9,235.0,0.0,-,0,0,0.000
1790433475,s12-vmess-h3,315094,12503,1991,1991,17.5,35.0,247.5,0.0,-,0,0,0.000
1790433475,__proc__,0,0,0,0,-,-,-,991.8,7021,22067,4417751,3348.001
1790433505,s7-ss-tcp,432246,17357,2262,2262,9.4,28.1,234.8,0.0,-,0,0,0.000
1790433505,s8-tuic,433707,15310,2062,2062,9.4,27.9,236.6,0.0,-,0,0,0.000
1790433505,s9-anytls,72490,4160,582,582,13.0,30.1,235.3,0.0,-,0,0,0.000
1790433505,s10-vless-xhttp,132339,7691,867,867,35.8,47.6,259.5,0.0,-,0,0,0.000
1790433505,s11-http-proxy,418576,17478,2016,2016,17.1,32.6,264.1,0.0,-,0,0,0.000
1790433505,s12-vmess-h3,316084,12593,2079,2079,17.0,36.7,251.8,0.0,-,0,0,0.000
1790433505,__proc__,0,0,0,0,-,-,-,990.7,7619,23442,4433299,3356.533
1790433535,s7-ss-tcp,433348,17432,2314,2314,9.1,28.9,222.9,0.0,-,0,0,0.000
1790433535,s8-tuic,434648,15359,1976,1976,9.0,29.1,236.4,0.0,-,0,0,0.000
1790433535,s9-anytls,72733,4184,510,510,12.8,30.1,231.2,0.0,-,0,0,0.000
1790433535,s10-vless-xhttp,132720,7717,800,800,35.8,47.0,253.1,0.0,-,0,0,0.000
1790433535,s11-http-proxy,419612,17550,2176,2176,16.9,33.4,265.5,0.0,-,0,0,0.000
1790433535,s12-vmess-h3,317134,12657,2205,2205,16.8,36.7,265.0,0.0,-,0,0,0.000
1790433535,__proc__,0,0,0,0,-,-,-,990.9,8164,24951,4447283,3364.746
1790433565,s7-ss-tcp,434364,17497,2134,2134,8.8,28.7,211.6,0.0,-,0,0,0.000
1790433565,s8-tuic,435705,15419,2220,2220,8.5,29.1,223.8,0.0,-,0,0,0.000
1790433565,s9-anytls,73038,4207,640,640,12.7,30.2,229.8,0.0,-,0,0,0.000
1790433565,s10-vless-xhttp,133092,7745,781,781,35.8,46.4,254.4,0.0,-,0,0,0.000
1790433565,s11-http-proxy,420667,17621,2216,2216,16.8,33.7,240.9,0.0,-,0,0,0.000
1790433565,s12-vmess-h3,317827,12705,1455,1455,16.7,36.9,250.5,0.0,-,0,0,0.000
1790433565,__proc__,0,0,0,0,-,-,-,990.9,8267,21064,4460389,3372.619
1790433595,s7-ss-tcp,435420,17561,2218,2218,8.4,28.0,222.1,0.0,-,0,0,0.000
1790433595,s8-tuic,436839,15478,2381,2381,8.2,28.9,236.4,0.0,-,0,0,0.000
1790433595,s9-anytls,73179,4221,296,296,12.6,30.2,229.5,0.0,-,0,0,0.000
1790433595,s10-vless-xhttp,133452,7769,756,756,35.6,46.4,254.8,0.0,-,0,0,0.000
1790433595,s11-http-proxy,421757,17698,2289,2289,15.3,33.0,195.6,0.0,-,0,0,0.000
1790433595,s12-vmess-h3,318491,12758,1394,1394,16.4,35.7,246.5,0.0,-,0,0,0.000
1790433595,__proc__,0,0,0,0,-,-,-,990.9,8584,21143,4471729,3379.710
1790433625,s7-ss-tcp,436555,17614,2384,2384,8.9,27.8,213.2,0.0,-,0,0,0.000
1790433625,s8-tuic,437989,15533,2415,2415,8.7,27.9,226.1,0.0,-,0,0,0.000
1790433625,s9-anytls,73411,4233,487,487,12.7,30.3,227.5,0.0,-,0,0,0.000
1790433625,s10-vless-xhttp,133646,7778,407,407,35.5,46.3,254.4,0.0,-,0,0,0.000
1790433625,s11-http-proxy,422808,17761,2207,2207,16.1,31.8,195.6,0.0,-,0,0,0.000
1790433625,s12-vmess-h3,319493,12811,2104,2104,16.6,34.1,233.2,0.0,-,0,0,0.000
1790433625,__proc__,0,0,0,0,-,-,-,991.1,9255,26034,4482195,3387.703
1790433655,s7-ss-tcp,437651,17690,2302,2302,8.8,27.5,216.4,0.0,-,0,0,0.000
1790433655,s8-tuic,439069,15603,2268,2268,8.6,28.1,255.4,0.0,-,0,0,0.000
1790433655,s9-anytls,73564,4244,321,321,12.9,30.3,225.9,0.0,-,0,0,0.000
1790433655,s10-vless-xhttp,133767,7789,254,254,35.5,46.2,254.8,0.0,-,0,0,0.000
1790433655,s11-http-proxy,423825,17845,2136,2136,16.1,30.7,194.9,0.0,-,0,0,0.000
1790433655,s12-vmess-h3,320516,12896,2148,2148,16.6,32.8,222.1,0.0,-,0,0,0.000
1790433655,__proc__,0,0,0,0,-,-,-,991.2,8776,25555,4494207,3395.479
1790433685,s7-ss-tcp,438770,17756,2350,2350,9.0,28.5,213.2,0.0,-,0,0,0.000
1790433685,s8-tuic,440189,15658,2352,2352,9.0,29.7,287.2,0.0,-,0,0,0.000
1790433685,s9-anytls,73697,4250,279,279,12.8,30.5,225.9,0.0,-,0,0,0.000
1790433685,s10-vless-xhttp,133990,7805,468,468,35.5,46.2,258.1,0.0,-,0,0,0.000
1790433685,s11-http-proxy,424896,17897,2249,2249,16.9,31.5,209.9,0.0,-,0,0,0.000
1790433685,s12-vmess-h3,321491,12947,2048,2048,16.8,32.3,216.7,0.0,-,0,0,0.000
1790433685,__proc__,0,0,0,0,-,-,-,991.2,8392,24512,4504738,3403.847
1790433715,s7-ss-tcp,439811,17804,2186,2186,9.1,29.2,214.4,0.0,-,0,0,0.000
1790433715,s8-tuic,441141,15699,1999,1999,9.0,31.7,255.4,0.0,-,0,0,0.000
1790433715,s9-anytls,73925,4262,479,479,12.6,30.5,223.0,0.0,-,0,0,0.000
1790433715,s10-vless-xhttp,134197,7821,435,435,35.5,46.1,257.8,0.0,-,0,0,0.000
1790433715,s11-http-proxy,425971,17953,2258,2258,18.2,33.4,209.3,0.0,-,0,0,0.000
1790433715,s12-vmess-h3,322547,12997,2218,2218,17.8,34.5,217.5,0.0,-,0,0,0.000
1790433715,__proc__,0,0,0,0,-,-,-,991.2,8503,25586,4516292,3412.247
1790433745,s7-ss-tcp,440930,17835,2350,2350,9.1,29.7,214.7,0.0,-,0,0,0.000
1790433745,s8-tuic,442215,15717,2255,2255,9.4,33.0,235.9,0.0,-,0,0,0.000
1790433745,s9-anytls,74036,4270,233,233,12.7,30.7,222.3,0.0,-,0,0,0.000
1790433745,s10-vless-xhttp,134305,7825,227,227,35.5,46.3,256.1,0.0,-,0,0,0.000
1790433745,s11-http-proxy,427129,17991,2432,2432,18.3,33.3,186.2,0.0,-,0,0,0.000
1790433745,s12-vmess-h3,323730,13026,2484,2484,17.9,34.4,207.6,0.0,-,0,0,0.000
1790433745,__proc__,0,0,0,0,-,-,-,991.8,7608,25627,4528201,3420.366
1790433775,s7-ss-tcp,442136,17870,2533,2533,9.8,30.6,221.7,0.0,-,0,0,0.000
1790433775,s8-tuic,443442,15745,2577,2577,9.5,31.8,223.6,0.0,-,0,0,0.000
1790433775,s9-anytls,74272,4281,496,496,12.8,30.8,221.0,0.0,-,0,0,0.000
1790433775,s10-vless-xhttp,134305,7825,0,0,35.5,46.3,256.1,0.0,-,0,0,0.000
1790433775,s11-http-proxy,428257,18031,2369,2369,18.7,33.4,184.9,0.0,-,0,0,0.000
1790433775,s12-vmess-h3,324876,13060,2407,2407,18.2,33.7,216.2,0.0,-,0,0,0.000
1790433775,__proc__,0,0,0,0,-,-,-,991.9,6509,23504,4539303,3428.559
1790433805,s7-ss-tcp,443360,17889,2570,2570,9.8,30.5,223.5,0.0,-,0,0,0.000
1790433805,s8-tuic,444635,15765,2505,2505,9.4,30.6,223.2,0.0,-,0,0,0.000
1790433805,s9-anytls,74435,4288,342,342,13.1,31.1,220.7,0.0,-,0,0,0.000
1790433805,s10-vless-xhttp,134432,7831,267,267,35.5,46.1,256.1,0.0,-,0,0,0.000
1790433805,s11-http-proxy,429417,18055,2436,2436,19.4,33.4,135.9,0.0,-,0,0,0.000
1790433805,s12-vmess-h3,326042,13084,2449,2449,18.5,33.2,202.8,0.0,-,0,0,0.000
1790433805,__proc__,0,0,0,0,-,-,-,991.9,5953,23059,4549845,3436.643
1790433835,s7-ss-tcp,444612,17901,2629,2629,10.0,30.6,229.3,0.0,-,0,0,0.000
1790433835,s8-tuic,445743,15776,2327,2327,9.5,31.2,227.6,0.0,-,0,0,0.000
1790433835,s9-anytls,74626,4293,401,401,13.4,31.3,223.0,0.0,-,0,0,0.000
1790433835,s10-vless-xhttp,134717,7835,598,598,35.5,45.9,254.2,0.0,-,0,0,0.000
1790433835,s11-http-proxy,430561,18071,2402,2402,19.7,33.6,45.5,0.0,-,0,0,0.000
1790433835,s12-vmess-h3,327189,13098,2409,2409,19.1,33.3,216.4,0.0,-,0,0,0.000
1790433835,__proc__,0,0,0,0,-,-,-,991.9,5727,22488,4561230,3445.099
1790433865,s7-ss-tcp,445783,17932,2459,2459,9.6,30.2,232.6,0.0,-,0,0,0.000
1790433865,s8-tuic,446916,15808,2463,2463,9.5,30.6,230.4,0.0,-,0,0,0.000
1790433865,s9-anytls,74768,4299,298,298,13.5,31.5,225.3,0.0,-,0,0,0.000
1790433865,s10-vless-xhttp,134950,7842,489,489,35.5,45.9,254.2,0.0,-,0,0,0.000
1790433865,s11-http-proxy,431642,18099,2270,2270,19.9,34.3,216.3,0.0,-,0,0,0.000
1790433865,s12-vmess-h3,328281,13131,2293,2293,19.1,34.0,228.8,0.0,-,0,0,0.000
1790433865,__proc__,0,0,0,0,-,-,-,992.0,5351,21246,4572126,3454.171
1790433895,s7-ss-tcp,447045,17953,2650,2650,9.3,29.9,233.4,0.0,-,0,0,0.000
1790433895,s8-tuic,448185,15827,2665,2665,9.0,30.9,232.1,0.0,-,0,0,0.000
1790433895,s9-anytls,75078,4318,651,651,13.5,31.7,225.3,0.0,-,0,0,0.000
1790433895,s10-vless-xhttp,135146,7851,412,412,35.5,45.7,242.0,0.0,-,0,0,0.000
1790433895,s11-http-proxy,432816,18115,2465,2465,19.3,33.9,227.3,0.0,-,0,0,0.000
1790433895,s12-vmess-h3,329459,13156,2474,2474,18.6,34.5,229.4,0.0,-,0,0,0.000
1790433895,__proc__,0,0,0,0,-,-,-,992.1,5135,21889,4585322,3462.911
1790433925,s7-ss-tcp,448155,17971,2331,2331,10.0,29.7,233.4,0.0,-,0,0,0.000
1790433925,s8-tuic,449304,15843,2350,2350,9.7,30.4,232.1,0.0,-,0,0,0.000
1790433925,s9-anytls,75373,4325,620,620,13.5,31.5,225.5,0.0,-,0,0,0.000
1790433925,s10-vless-xhttp,135753,7866,1275,1275,35.5,45.7,236.0,0.0,-,0,0,0.000
1790433925,s11-http-proxy,433771,18137,2006,2006,19.1,33.9,242.9,0.0,-,0,0,0.000
1790433925,s12-vmess-h3,330415,13178,2008,2008,18.4,34.7,230.6,0.0,-,0,0,0.000
1790433925,__proc__,0,0,0,0,-,-,-,992.1,5790,20326,4596749,3471.887
1790433955,s7-ss-tcp,449205,17999,2205,2205,10.2,28.7,223.3,0.0,-,0,0,0.000
1790433955,s8-tuic,450348,15871,2192,2192,9.9,29.7,233.4,0.0,-,0,0,0.000
1790433955,s9-anytls,75551,4336,374,374,13.5,31.5,225.5,0.0,-,0,0,0.000
1790433955,s10-vless-xhttp,136296,7891,1140,1140,35.5,46.3,236.3,0.0,-,0,0,0.000
1790433955,s11-http-proxy,434842,18178,2249,2249,18.5,33.6,243.3,0.0,-,0,0,0.000
1790433955,s12-vmess-h3,331394,13208,2056,2056,18.1,35.6,240.7,0.0,-,0,0,0.000
1790433955,__proc__,0,0,0,0,-,-,-,992.5,6556,21755,4608210,3480.532
1790433985,s7-ss-tcp,450335,18061,2373,2373,10.0,28.5,231.0,0.0,-,0,0,0.000
1790433985,s8-tuic,451489,15931,2396,2396,9.4,28.8,232.8,0.0,-,0,0,0.000
1790433985,s9-anytls,75836,4352,598,598,13.6,31.8,225.3,0.0,-,0,0,0.000
1790433985,s10-vless-xhttp,136757,7916,968,968,35.4,46.2,234.2,0.0,-,0,0,0.000
1790433985,s11-http-proxy,435914,18215,2251,2251,17.7,33.5,241.1,0.0,-,0,0,0.000
1790433985,s12-vmess-h3,332232,13248,1760,1760,17.3,35.5,243.1,0.0,-,0,0,0.000
1790433985,__proc__,0,0,0,0,-,-,-,992.6,6962,20753,4621636,3489.201
1790434015,s7-ss-tcp,451396,18125,2228,2228,9.9,28.5,231.0,0.0,-,0,0,0.000
1790434015,s8-tuic,452547,15996,2222,2222,9.9,30.6,240.6,0.0,-,0,0,0.000
1790434015,s9-anytls,76084,4376,521,521,13.7,32.0,225.4,0.0,-,0,0,0.000
1790434015,s10-vless-xhttp,137272,7959,1082,1082,35.5,45.8,234.2,0.0,-,0,0,0.000
1790434015,s11-http-proxy,436917,18287,2106,2106,17.4,33.6,239.3,0.0,-,0,0,0.000
1790434015,s12-vmess-h3,332855,13299,1308,1308,17.0,34.9,245.7,0.0,-,0,0,0.000
1790434015,__proc__,0,0,0,0,-,-,-,992.6,7534,19179,4632603,3497.601
1790434045,s7-ss-tcp,452491,18197,2300,2300,9.4,28.8,237.1,0.0,-,0,0,0.000
1790434045,s8-tuic,453597,16053,2205,2205,9.4,31.9,249.4,0.0,-,0,0,0.000
1790434045,s9-anytls,76401,4404,666,666,13.8,32.2,228.0,0.0,-,0,0,0.000
1790434045,s10-vless-xhttp,137786,7995,1079,1079,35.5,45.4,228.8,0.0,-,0,0,0.000
1790434045,s11-http-proxy,437960,18354,2190,2190,16.8,34.3,241.1,0.0,-,0,0,0.000
1790434045,s12-vmess-h3,333507,13350,1369,1369,16.7,35.8,246.5,0.0,-,0,0,0.000
1790434045,__proc__,0,0,0,0,-,-,-,992.8,8211,20473,4642438,3505.779
1790434075,s7-ss-tcp,453584,18274,2295,2295,8.4,27.0,232.6,0.0,-,0,0,0.000
1790434075,s8-tuic,454582,16121,2068,2068,8.5,30.2,249.1,0.0,-,0,0,0.000
1790434075,s9-anytls,76557,4417,328,328,13.7,31.8,226.5,0.0,-,0,0,0.000
1790434075,s10-vless-xhttp,138162,8023,790,790,35.4,45.4,229.1,0.0,-,0,0,0.000
1790434075,s11-http-proxy,439014,18415,2213,2213,15.7,34.8,257.0,0.0,-,0,0,0.000
1790434075,s12-vmess-h3,334185,13394,1424,1424,16.1,36.9,252.7,0.0,-,0,0,0.000
1790434075,__proc__,0,0,0,0,-,-,-,993.3,9050,22033,4654671,3513.461
1790434105,s7-ss-tcp,454717,18331,2379,2379,8.7,27.4,226.3,0.0,-,0,0,0.000
1790434105,s8-tuic,455663,16166,2270,2270,8.8,31.7,249.3,0.0,-,0,0,0.000
1790434105,s9-anytls,76675,4422,248,248,13.7,31.9,225.4,0.0,-,0,0,0.000
1790434105,s10-vless-xhttp,138594,8051,907,907,35.3,45.4,227.1,0.0,-,0,0,0.000
1790434105,s11-http-proxy,440116,18467,2314,2314,14.9,34.1,256.7,0.0,-,0,0,0.000
1790434105,s12-vmess-h3,334638,13421,951,951,15.7,36.6,243.7,0.0,-,0,0,0.000
1790434105,__proc__,0,0,0,0,-,-,-,993.3,9381,19986,4665634,3520.948
1790434135,s7-ss-tcp,455867,18400,2415,2415,8.6,25.4,213.3,0.0,-,0,0,0.000
1790434135,s8-tuic,456542,16210,1846,1846,8.8,29.6,237.7,0.0,-,0,0,0.000
1790434135,s9-anytls,76716,4426,86,86,13.8,31.9,224.4,0.0,-,0,0,0.000
1790434135,s10-vless-xhttp,138911,8072,666,666,35.4,45.5,233.4,0.0,-,0,0,0.000
1790434135,s11-http-proxy,441197,18540,2270,2270,14.8,32.4,242.8,0.0,-,0,0,0.000
1790434135,s12-vmess-h3,335174,13456,1126,1126,15.0,37.5,242.8,0.0,-,0,0,0.000
1790434135,__proc__,0,0,0,0,-,-,-,992.3,9507,21168,4675884,3527.322
1790434165,s7-ss-tcp,457046,18450,2476,2476,8.5,24.6,210.3,0.0,-,0,0,0.000
1790434165,s8-tuic,457724,16258,2482,2482,8.5,27.7,218.7,0.0,-,0,0,0.000
1790434165,s9-anytls,76765,4428,103,103,13.7,31.9,224.4,0.0,-,0,0,0.000
1790434165,s10-vless-xhttp,139044,8079,279,279,35.4,45.7,227.2,0.0,-,0,0,0.000
1790434165,s11-http-proxy,442330,18594,2379,2379,14.3,31.1,223.3,0.0,-,0,0,0.000
1790434165,s12-vmess-h3,335903,13504,1531,1531,15.0,38.5,242.4,0.0,-,0,0,0.000
1790434165,__proc__,0,0,0,0,-,-,-,992.5,9465,23252,4685973,3534.734
1790434195,s7-ss-tcp,458276,18487,2583,2583,8.8,25.2,191.9,0.0,-,0,0,0.000
1790434195,s8-tuic,458954,16296,2583,2583,8.9,26.4,194.0,0.0,-,0,0,0.000
1790434195,s9-anytls,76784,4430,40,40,13.7,31.9,224.4,0.0,-,0,0,0.000
1790434195,s10-vless-xhttp,139179,8084,284,284,35.5,45.8,233.4,0.0,-,0,0,0.000
1790434195,s11-http-proxy,443467,18631,2388,2388,15.6,30.9,202.1,0.0,-,0,0,0.000
1790434195,s12-vmess-h3,336762,13527,1804,1804,15.3,45.2,233.8,0.0,-,0,0,0.000
1790434195,__proc__,0,0,0,0,-,-,-,992.7,9471,24761,4695652,3542.510
1790434225,s7-ss-tcp,459328,18521,2209,2209,8.8,26.8,192.4,0.0,-,0,0,0.000
1790434225,s8-tuic,460011,16332,2220,2220,8.8,26.5,193.3,0.0,-,0,0,0.000
1790434225,s9-anytls,76784,4430,0,0,13.7,31.9,224.4,0.0,-,0,0,0.000
1790434225,s10-vless-xhttp,139311,8089,277,277,35.5,46.0,228.9,0.0,-,0,0,0.000
1790434225,s11-http-proxy,444571,18671,2318,2318,16.8,31.2,185.0,0.0,-,0,0,0.000
1790434225,s12-vmess-h3,337864,13569,2314,2314,16.1,38.2,216.4,0.0,-,0,0,0.000
1790434225,__proc__,0,0,0,0,-,-,-,992.7,8907,26677,4705538,3550.241
1790434255,s7-ss-tcp,460454,18579,2365,2365,8.8,27.6,197.9,0.0,-,0,0,0.000
1790434255,s8-tuic,461129,16377,2348,2348,8.8,27.2,199.3,0.0,-,0,0,0.000
1790434255,s9-anytls,76866,4445,172,172,13.7,31.8,224.4,0.0,-,0,0,0.000
1790434255,s10-vless-xhttp,139559,8102,521,521,35.5,46.3,233.4,0.0,-,0,0,0.000
1790434255,s11-http-proxy,445658,18727,2283,2283,17.5,31.5,196.3,0.0,-,0,0,0.000
1790434255,s12-vmess-h3,338728,13611,1814,1814,16.6,33.9,212.0,0.0,-,0,0,0.000
1790434255,__proc__,0,0,0,0,-,-,-,993.0,7961,22573,4718254,3557.812
1790434285,s7-ss-tcp,461575,18640,2354,2354,8.7,27.9,208.5,0.0,-,0,0,0.000
1790434285,s8-tuic,462261,16431,2377,2377,8.7,27.9,219.9,0.0,-,0,0,0.000
1790434285,s9-anytls,76978,4448,235,235,13.6,31.6,224.4,0.0,-,0,0,0.000
1790434285,s10-vless-xhttp,139786,8116,477,477,35.4,46.3,228.9,0.0,-,0,0,0.000
1790434285,s11-http-proxy,446714,18797,2218,2218,17.8,31.8,194.7,0.0,-,0,0,0.000
1790434285,s12-vmess-h3,339736,13680,2117,2117,17.5,34.1,219.3,0.0,-,0,0,0.000
1790434285,__proc__,0,0,0,0,-,-,-,993.0,7662,23740,4731364,3566.299
1790434315,s7-ss-tcp,462685,18711,2331,2331,8.7,27.9,213.9,0.0,-,0,0,0.000
1790434315,s8-tuic,463380,16492,2350,2350,8.7,28.1,222.2,0.0,-,0,0,0.000
1790434315,s9-anytls,77164,4466,391,391,13.7,31.9,224.4,0.0,-,0,0,0.000
1790434315,s10-vless-xhttp,140022,8128,496,496,35.4,46.2,223.5,0.0,-,0,0,0.000
1790434315,s11-http-proxy,447767,18863,2211,2211,17.1,32.5,211.1,0.0,-,0,0,0.000
1790434315,s12-vmess-h3,340625,13728,1867,1867,17.0,34.5,216.9,0.0,-,0,0,0.000
1790434315,__proc__,0,0,0,0,-,-,-,993.0,6998,21574,4743426,3574.537
1790434345,s7-ss-tcp,463869,18758,2486,2486,9.1,28.0,222.6,0.0,-,0,0,0.000
1790434345,s8-tuic,464488,16527,2327,2327,9.3,29.2,229.0,0.0,-,0,0,0.000
1790434345,s9-anytls,77292,4471,269,269,13.7,31.9,224.5,0.0,-,0,0,0.000
1790434345,s10-vless-xhttp,140361,8143,712,712,35.4,46.2,232.2,0.0,-,0,0,0.000
1790434345,s11-http-proxy,448880,18916,2337,2337,16.3,32.5,221.0,0.0,-,0,0,0.000
1790434345,s12-vmess-h3,341340,13748,1502,1502,16.5,34.5,222.7,0.0,-,0,0,0.000
1790434345,__proc__,0,0,0,0,-,-,-,993.0,6469,18648,4754904,3582.811
1790434375,s7-ss-tcp,465079,18795,2541,2541,8.7,27.2,222.1,0.0,-,0,0,0.000
1790434375,s8-tuic,465598,16559,2331,2331,9.0,28.0,222.0,0.0,-,0,0,0.000
1790434375,s9-anytls,77347,4476,116,116,13.5,31.9,224.5,0.0,-,0,0,0.000
1790434375,s10-vless-xhttp,140794,8156,909,909,35.4,46.2,230.8,0.0,-,0,0,0.000
1790434375,s11-http-proxy,450041,18959,2438,2438,15.6,32.9,223.9,0.0,-,0,0,0.000
1790434375,s12-vmess-h3,342032,13778,1453,1453,15.7,33.7,232.6,0.0,-,0,0,0.000
1790434375,__proc__,0,0,0,0,-,-,-,993.0,6536,18503,4766974,3590.460
1790434405,s7-ss-tcp,466374,18803,2720,2720,9.6,26.2,224.2,0.0,-,0,0,0.000
1790434405,s8-tuic,466891,16567,2715,2715,9.5,26.6,224.3,0.0,-,0,0,0.000
1790434405,s9-anytls,77462,4482,242,242,13.5,31.8,225.3,0.0,-,0,0,0.000
1790434405,s10-vless-xhttp,141116,8159,676,676,35.3,46.4,230.8,0.0,-,0,0,0.000
1790434405,s11-http-proxy,451299,18963,2642,2642,14.8,31.6,226.2,0.0,-,0,0,0.000
1790434405,s12-vmess-h3,342522,13791,1029,1029,15.5,33.3,223.7,0.0,-,0,0,0.000
1790434405,__proc__,0,0,0,0,-,-,-,993.0,6131,15523,4776964,3597.987
1790434435,s7-ss-tcp,467411,18845,2178,2178,9.2,24.3,220.0,0.0,-,0,0,0.000
1790434435,s8-tuic,468081,16608,2499,2499,9.2,24.6,222.0,0.0,-,0,0,0.000
1790434435,s9-anytls,77652,4491,399,399,13.6,32.0,225.5,0.0,-,0,0,0.000
1790434435,s10-vless-xhttp,141659,8185,1140,1140,35.3,46.5,230.1,0.0,-,0,0,0.000
1790434435,s11-http-proxy,452415,18995,2344,2344,14.4,31.0,249.1,0.0,-,0,0,0.000
1790434435,s12-vmess-h3,343147,13811,1312,1312,15.5,33.7,231.3,0.0,-,0,0,0.000
1790434435,__proc__,0,0,0,0,-,-,-,993.0,6725,18024,4787524,3605.542
1790434465,s7-ss-tcp,468486,18898,2258,2258,9.5,25.2,223.6,0.0,-,0,0,0.000
1790434465,s8-tuic,469083,16657,2104,2104,9.4,24.5,216.2,0.0,-,0,0,0.000
1790434465,s9-anytls,77784,4494,277,277,13.6,32.1,228.0,0.0,-,0,0,0.000
1790434465,s10-vless-xhttp,142298,8218,1342,1342,35.3,46.5,231.8,0.0,-,0,0,0.000
1790434465,s11-http-proxy,453464,19041,2203,2203,14.7,31.1,251.3,0.0,-,0,0,0.000
1790434465,s12-vmess-h3,343817,13843,1407,1407,15.0,34.0,231.6,0.0,-,0,0,0.000
1790434465,__proc__,0,0,0,0,-,-,-,993.0,7820,20178,4797984,3614.319
1790434495,s7-ss-tcp,469562,18978,2260,2260,9.5,25.7,231.3,0.0,-,0,0,0.000
1790434495,s8-tuic,470103,16724,2142,2142,9.4,25.1,230.8,0.0,-,0,0,0.000
1790434495,s9-anytls,77953,4510,355,355,13.5,31.9,228.0,0.0,-,0,0,0.000
1790434495,s10-vless-xhttp,142796,8257,1046,1046,35.4,46.8,232.8,0.0,-,0,0,0.000
1790434495,s11-http-proxy,454512,19121,2201,2201,14.7,30.7,249.4,0.0,-,0,0,0.000
1790434495,s12-vmess-h3,344510,13903,1455,1455,14.5,32.0,233.9,0.0,-,0,0,0.000
1790434495,__proc__,0,0,0,0,-,-,-,993.0,8530,21491,4809662,3621.797
1790434525,s7-ss-tcp,470575,19062,2127,2127,9.2,28.3,231.3,0.0,-,0,0,0.000
1790434525,s8-tuic,471126,16782,2148,2148,9.4,28.5,231.5,0.0,-,0,0,0.000
1790434525,s9-anytls,78167,4524,449,449,13.5,31.9,228.2,0.0,-,0,0,0.000
1790434525,s10-vless-xhttp,142988,8274,403,403,35.4,46.8,232.2,0.0,-,0,0,0.000
1790434525,s11-http-proxy,455494,19206,2062,2062,15.5,31.9,229.9,0.0,-,0,0,0.000
1790434525,s12-vmess-h3,345475,13969,2026,2026,14.8,33.9,251.9,0.0,-,0,0,0.000
1790434525,__proc__,0,0,0,0,-,-,-,993.0,8907,25159,4820309,3628.896
1790434555,s7-ss-tcp,471681,19089,2323,2323,9.1,28.8,230.4,0.0,-,0,0,0.000
1790434555,s8-tuic,472067,16795,1976,1976,9.5,29.5,230.8,0.0,-,0,0,0.000
1790434555,s9-anytls,78302,4525,284,284,13.6,32.1,228.0,0.0,-,0,0,0.000
1790434555,s10-vless-xhttp,143306,8286,668,668,35.2,46.5,232.2,0.0,-,0,0,0.000
1790434555,s11-http-proxy,456642,19244,2411,2411,16.4,32.2,221.9,0.0,-,0,0,0.000
1790434555,s12-vmess-h3,346375,13994,1890,1890,15.5,36.1,246.9,0.0,-,0,0,0.000
1790434555,__proc__,0,0,0,0,-,-,-,993.0,9005,24583,4831327,3636.495
1790434585,s7-ss-tcp,472919,19109,2600,2600,9.1,28.9,220.1,0.0,-,0,0,0.000
1790434585,s8-tuic,473156,16807,2287,2287,8.9,28.9,230.8,0.0,-,0,0,0.000
1790434585,s9-anytls,78489,4528,393,393,13.5,31.9,228.0,0.0,-,0,0,0.000
1790434585,s10-vless-xhttp,143443,8289,288,288,35.3,46.3,232.9,0.0,-,0,0,0.000
1790434585,s11-http-proxy,457823,19260,2480,2480,16.7,32.1,205.2,0.0,-,0,0,0.000
1790434585,s12-vmess-h3,347126,14002,1577,1577,15.7,38.5,246.9,0.0,-,0,0,0.000
1790434585,__proc__,0,0,0,0,-,-,-,993.0,8633,22334,4840864,3644.068
1790434615,s7-ss-tcp,474110,19141,2501,2501,8.9,28.1,212.4,0.0,-,0,0,0.000
1790434615,s8-tuic,474338,16838,2482,2482,8.9,28.2,216.7,0.0,-,0,0,0.000
1790434615,s9-anytls,78658,4538,355,355,13.3,31.4,225.4,0.0,-,0,0,0.000
1790434615,s10-vless-xhttp,143692,8297,523,523,35.2,46.1,232.8,0.0,-,0,0,0.000
1790434615,s11-http-proxy,458966,19305,2400,2400,15.8,31.5,208.3,0.0,-,0,0,0.000
1790434615,s12-vmess-h3,347714,14024,1235,1235,15.4,38.0,233.8,0.0,-,0,0,0.000
1790434615,__proc__,0,0,0,0,-,-,-,993.0,8500,20217,4850359,3651.489
1790434645,s7-ss-tcp,475199,19205,2287,2287,9.5,27.1,218.4,0.0,-,0,0,0.000
1790434645,s8-tuic,475447,16889,2329,2329,9.3,26.3,218.0,0.0,-,0,0,0.000
1790434645,s9-anytls,78842,4553,386,386,13.5,31.1,222.4,0.0,-,0,0,0.000
1790434645,s10-vless-xhttp,143948,8316,538,538,35.2,45.9,232.2,0.0,-,0,0,0.000
1790434645,s11-http-proxy,459995,19381,2161,2161,15.7,29.9,212.7,0.0,-,0,0,0.000
1790434645,s12-vmess-h3,348409,14073,1460,1460,15.9,39.2,228.3,0.0,-,0,0,0.000
1790434645,__proc__,0,0,0,0,-,-,-,993.0,8402,21364,4861592,3658.947
1790434675,s7-ss-tcp,476418,19258,2560,2560,9.3,26.8,215.7,0.0,-,0,0,0.000
1790434675,s8-tuic,476670,16941,2568,2568,9.1,25.6,216.7,0.0,-,0,0,0.000
1790434675,s9-anytls,79106,4564,554,554,13.0,30.5,220.4,0.0,-,0,0,0.000
1790434675,s10-vless-xhttp,144072,8319,260,260,35.2,46.0,230.9,0.0,-,0,0,0.000
1790434675,s11-http-proxy,461151,19429,2428,2428,14.2,29.3,209.7,0.0,-,0,0,0.000
1790434675,s12-vmess-h3,348667,14097,542,542,15.8,43.8,245.6,0.0,-,0,0,0.000
1790434675,__proc__,0,0,0,0,-,-,-,993.0,7365,14776,4869617,3664.961
1790434705,s7-ss-tcp,477699,19274,2690,2690,9.0,27.1,207.7,0.0,-,0,0,0.000
1790434705,s8-tuic,477890,16955,2562,2562,9.0,26.7,203.6,0.0,-,0,0,0.000
1790434705,s9-anytls,79304,4571,416,416,13.0,30.6,216.1,0.0,-,0,0,0.000
1790434705,s10-vless-xhttp,144211,8321,292,292,35.3,46.2,232.2,0.0,-,0,0,0.000
1790434705,s11-http-proxy,462375,19446,2570,2570,14.1,30.9,213.1,0.0,-,0,0,0.000
1790434705,s12-vmess-h3,349364,14120,1464,1464,15.7,43.8,221.6,0.0,-,0,0,0.000
1790434705,__proc__,0,0,0,0,-,-,-,993.0,7468,19877,4878396,3671.586
1790434735,s7-ss-tcp,479012,19291,2757,2757,7.8,25.4,205.5,0.0,-,0,0,0.000
1790434735,s8-tuic,479074,16970,2486,2486,7.9,24.7,203.3,0.0,-,0,0,0.000
1790434735,s9-anytls,79510,4575,433,433,12.4,30.6,216.3,0.0,-,0,0,0.000
1790434735,s10-vless-xhttp,144410,8325,418,418,35.4,46.5,230.2,0.0,-,0,0,0.000
1790434735,s11-http-proxy,463369,19460,2087,2087,13.1,30.4,215.0,0.0,-,0,0,0.000
1790434735,s12-vmess-h3,349516,14128,319,319,15.6,40.2,216.3,0.0,-,0,0,0.000
1790434735,__proc__,0,0,0,0,-,-,-,993.0,6247,11899,4886110,3676.666
1790434765,s7-ss-tcp,480287,19318,2678,2678,7.9,25.2,203.2,0.0,-,0,0,0.000
1790434765,s8-tuic,480350,16995,2680,2680,7.9,25.1,204.0,0.0,-,0,0,0.000
1790434765,s9-anytls,79710,4583,420,420,12.2,30.2,216.0,0.0,-,0,0,0.000
1790434765,s10-vless-xhttp,144694,8333,596,596,35.4,46.6,230.1,0.0,-,0,0,0.000
1790434765,s11-http-proxy,464447,19490,2264,2264,12.9,30.8,214.6,0.0,-,0,0,0.000
1790434765,s12-vmess-h3,350414,14161,1886,1886,15.6,34.0,215.1,0.0,-,0,0,0.000
1790434765,__proc__,0,0,0,0,-,-,-,993.0,6312,20487,4897480,3683.887
1790434795,s7-ss-tcp,481435,19367,2411,2411,8.1,25.7,216.3,0.0,-,0,0,0.000
1790434795,s8-tuic,481525,17037,2468,2468,7.9,26.7,219.4,0.0,-,0,0,0.000
1790434795,s9-anytls,79968,4602,542,542,12.2,30.1,215.6,0.0,-,0,0,0.000
1790434795,s10-vless-xhttp,145008,8354,659,659,35.4,46.4,224.6,0.0,-,0,0,0.000
1790434795,s11-http-proxy,465508,19543,2228,2228,14.5,30.6,212.9,0.0,-,0,0,0.000
1790434795,s12-vmess-h3,351365,14198,1997,1997,16.1,34.1,227.4,0.0,-,0,0,0.000
1790434795,__proc__,0,0,0,0,-,-,-,993.0,6020,20814,4912001,3692.745
1790434825,s7-ss-tcp,482590,19402,2426,2426,8.6,25.7,216.7,0.0,-,0,0,0.000
1790434825,s8-tuic,482533,17065,2117,2117,8.3,25.9,219.0,0.0,-,0,0,0.000
1790434825,s9-anytls,80177,4612,439,439,12.3,29.8,214.8,0.0,-,0,0,0.000
1790434825,s10-vless-xhttp,145405,8367,834,834,35.3,46.1,222.1,0.0,-,0,0,0.000
1790434825,s11-http-proxy,466589,19576,2270,2270,15.1,30.3,213.7,0.0,-,0,0,0.000
1790434825,s12-vmess-h3,352317,14225,1999,1999,16.5,34.1,254.3,0.0,-,0,0,0.000
1790434825,__proc__,0,0,0,0,-,-,-,993.0,6403,21264,4922352,3701.630
1790434855,s7-ss-tcp,483837,19434,2619,2619,8.9,26.4,235.6,0.0,-,0,0,0.000
1790434855,s8-tuic,483587,17091,2213,2213,8.9,27.3,235.5,0.0,-,0,0,0.000
1790434855,s9-anytls,80512,4623,704,704,12.4,29.8,214.1,0.0,-,0,0,0.000
1790434855,s10-vless-xhttp,145826,8382,884,884,35.4,45.9,210.0,0.0,-,0,0,0.000
1790434855,s11-http-proxy,467749,19607,2436,2436,17.0,31.2,217.4,0.0,-,0,0,0.000
1790434855,s12-vmess-h3,353026,14235,1489,1489,16.8,33.2,229.2,0.0,-,0,0,0.000
1790434855,__proc__,0,0,0,0,-,-,-,993.0,6342,18435,4933701,3709.333
1790434885,s7-ss-tcp,484852,19473,2132,2132,9.2,26.4,236.7,0.0,-,0,0,0.000
1790434885,s8-tuic,484475,17120,1865,1865,8.7,27.1,238.7,0.0,-,0,0,0.000
1790434885,s9-anytls,80823,4632,653,653,12.3,29.6,214.1,0.0,-,0,0,0.000
1790434885,s10-vless-xhttp,146471,8412,1354,1354,35.5,46.4,224.6,0.0,-,0,0,0.000
1790434885,s11-http-proxy,468834,19644,2278,2278,16.7,31.1,233.2,0.0,-,0,0,0.000
1790434885,s12-vmess-h3,353729,14270,1476,1476,16.7,34.4,235.2,0.0,-,0,0,0.000
1790434885,__proc__,0,0,0,0,-,-,-,993.0,7418,19901,4945962,3718.162
1790434915,s7-ss-tcp,485855,19550,2106,2106,9.7,28.0,237.6,0.0,-,0,0,0.000
1790434915,s8-tuic,485432,17187,2010,2010,9.1,27.3,234.9,0.0,-,0,0,0.000
1790434915,s9-anytls,80939,4661,244,244,12.5,29.8,214.1,0.0,-,0,0,0.000
1790434915,s10-vless-xhttp,146951,8464,1008,1008,35.3,46.1,224.1,0.0,-,0,0,0.000
1790434915,s11-http-proxy,469789,19751,2006,2006,17.0,32.1,233.3,0.0,-,0,0,0.000
1790434915,s12-vmess-h3,354686,14360,2010,2010,16.7,33.2,235.0,0.0,-,0,0,0.000
1790434915,__proc__,0,0,0,0,-,-,-,993.0,8055,23815,4958169,3726.104
1790434945,s7-ss-tcp,486979,19609,2360,2360,9.6,27.3,228.5,0.0,-,0,0,0.000
1790434945,s8-tuic,486234,17214,1684,1684,9.3,27.6,237.5,0.0,-,0,0,0.000
1790434945,s9-anytls,81150,4670,443,443,12.6,29.8,214.1,0.0,-,0,0,0.000
1790434945,s10-vless-xhttp,147518,8495,1191,1191,35.2,46.3,222.1,0.0,-,0,0,0.000
1790434945,s11-http-proxy,470869,19807,2268,2268,16.5,31.2,233.3,0.0,-,0,0,0.000
1790434945,s12-vmess-h3,355513,14403,1737,1737,16.6,33.7,236.8,0.0,-,0,0,0.000
1790434945,__proc__,0,0,0,0,-,-,-,993.0,8606,23092,4970182,3734.748
1790434975,s7-ss-tcp,488038,19683,2224,2224,9.3,28.3,237.5,0.0,-,0,0,0.000
1790434975,s8-tuic,487186,17275,1999,1999,9.0,28.0,254.1,0.0,-,0,0,0.000
1790434975,s9-anytls,81299,4683,313,313,12.6,29.7,211.4,0.0,-,0,0,0.000
1790434975,s10-vless-xhttp,147850,8529,697,697,35.2,46.0,219.9,0.0,-,0,0,0.000
1790434975,s11-http-proxy,471875,19893,2113,2113,16.5,32.2,232.2,0.0,-,0,0,0.000
1790434975,s12-vmess-h3,356455,14481,1978,1978,16.2,31.9,234.9,0.0,-,0,0,0.000
1790434975,__proc__,0,0,0,0,-,-,-,993.0,9118,25225,4983986,3742.860
1790435005,s7-ss-tcp,489160,19752,2356,2356,9.1,28.5,224.7,0.0,-,0,0,0.000
1790435005,s8-tuic,488127,17336,1976,1976,8.7,29.1,254.1,0.0,-,0,0,0.000
1790435005,s9-anytls,81462,4700,342,342,12.6,29.8,212.0,0.0,-,0,0,0.000
1790435005,s10-vless-xhttp,148192,8551,718,718,35.2,46.0,218.9,0.0,-,0,0,0.000
1790435005,s11-http-proxy,472928,19960,2211,2211,16.5,31.8,156.0,0.0,-,0,0,0.000
1790435005,s12-vmess-h3,357293,14521,1760,1760,16.1,34.1,253.8,0.0,-,0,0,0.000
1790435005,__proc__,0,0,0,0,-,-,-,993.0,9406,24485,4996904,3750.998
1790435035,s7-ss-tcp,490301,19815,2396,2396,8.7,27.5,215.2,0.0,-,0,0,0.000
1790435035,s8-tuic,489128,17387,2102,2102,9.0,29.5,253.5,0.0,-,0,0,0.000
1790435035,s9-anytls,81641,4712,376,376,12.5,29.7,211.4,0.0,-,0,0,0.000
1790435035,s10-vless-xhttp,148447,8567,536,536,35.1,45.9,219.5,0.0,-,0,0,0.000
1790435035,s11-http-proxy,473993,20018,2236,2236,16.1,31.8,217.3,0.0,-,0,0,0.000
1790435035,s12-vmess-h3,358035,14564,1558,1558,16.0,33.6,249.6,0.0,-,0,0,0.000
1790435035,__proc__,0,0,0,0,-,-,-,993.0,9422,23406,5007499,3758.675
1790435065,s7-ss-tcp,491429,19874,2369,2369,8.5,27.5,213.0,0.0,-,0,0,0.000
1790435065,s8-tuic,490263,17443,2384,2384,8.5,31.8,252.7,0.0,-,0,0,0.000
1790435065,s9-anytls,81703,4719,130,130,12.5,29.8,211.4,0.0,-,0,0,0.000
1790435065,s10-vless-xhttp,148700,8587,531,531,35.1,45.7,224.1,0.0,-,0,0,0.000
1790435065,s11-http-proxy,474991,20082,2096,2096,15.3,32.8,215.5,0.0,-,0,0,0.000
1790435065,s12-vmess-h3,358652,14614,1296,1296,15.3,38.5,249.6,0.0,-,0,0,0.000
1790435065,__proc__,0,0,0,0,-,-,-,993.0,9237,21710,5018412,3766.161
1790435095,s7-ss-tcp,492555,19940,2365,2365,8.6,28.0,212.8,0.0,-,0,0,0.000
1790435095,s8-tuic,491386,17511,2358,2358,8.5,29.4,212.8,0.0,-,0,0,0.000
1790435095,s9-anytls,81890,4731,393,393,12.3,29.8,206.0,0.0,-,0,0,0.000
1790435095,s10-vless-xhttp,148937,8603,498,498,35.1,45.7,220.8,0.0,-,0,0,0.000
1790435095,s11-http-proxy,475952,20151,2018,2018,15.1,33.2,215.5,0.0,-,0,0,0.000
1790435095,s12-vmess-h3,359403,14664,1577,1577,15.2,45.2,226.2,0.0,-,0,0,0.000
1790435095,__proc__,0,0,0,0,-,-,-,993.0,9215,23164,5030295,3773.419
1790435125,s7-ss-tcp,493654,20005,2308,2308,9.2,29.5,212.4,0.0,-,0,0,0.000
1790435125,s8-tuic,492509,17573,2358,2358,9.1,33.9,212.0,0.0,-,0,0,0.000
1790435125,s9-anytls,82053,4743,342,342,12.5,29.9,204.3,0.0,-,0,0,0.000
1790435125,s10-vless-xhttp,149079,8616,298,298,35.1,45.9,221.9,0.0,-,0,0,0.000
1790435125,s11-http-proxy,476982,20225,2163,2163,15.6,33.2,215.7,0.0,-,0,0,0.000
1790435125,s12-vmess-h3,360313,14720,1911,1911,15.6,43.6,226.3,0.0,-,0,0,0.000
1790435125,__proc__,0,0,0,0,-,-,-,993.0,8865,24474,5041658,3781.578
1790435155,s7-ss-tcp,494793,20063,2392,2392,9.5,29.6,208.3,0.0,-,0,0,0.000
1790435155,s8-tuic,493540,17624,2165,2165,9.3,31.4,210.5,0.0,-,0,0,0.000
1790435155,s9-anytls,82367,4770,659,659,12.3,29.7,204.3,0.0,-,0,0,0.000
1790435155,s10-vless-xhttp,149225,8626,307,307,35.1,45.7,221.9,0.0,-,0,0,0.000
1790435155,s11-http-proxy,478064,20275,2272,2272,15.6,34.2,222.7,0.0,-,0,0,0.000
1790435155,s12-vmess-h3,361318,14771,2110,2110,15.6,38.4,216.3,0.0,-,0,0,0.000
1790435155,__proc__,0,0,0,0,-,-,-,993.0,8386,24824,5053056,3789.824
1790435185,s7-ss-tcp,495934,20127,2396,2396,9.2,29.3,200.0,0.0,-,0,0,0.000
1790435185,s8-tuic,494637,17682,2304,2304,9.2,31.1,207.5,0.0,-,0,0,0.000
1790435185,s9-anytls,82520,4784,321,321,12.2,29.7,204.3,0.0,-,0,0,0.000
1790435185,s10-vless-xhttp,149447,8642,466,466,35.1,45.7,224.9,0.0,-,0,0,0.000
1790435185,s11-http-proxy,479120,20332,2218,2218,16.3,34.0,276.1,0.0,-,0,0,0.000
1790435185,s12-vmess-h3,362398,14839,2268,2268,16.2,35.1,229.1,0.0,-,0,0,0.000
1790435185,__proc__,0,0,0,0,-,-,-,993.0,7649,24603,5066352,3798.396
1790435215,s7-ss-tcp,497096,20169,2440,2440,9.0,28.5,214.9,0.0,-,0,0,0.000
1790435215,s8-tuic,495807,17718,2457,2457,8.8,30.2,230.6,0.0,-,0,0,0.000
1790435215,s9-anytls,82710,4795,399,399,12.3,29.8,203.1,0.0,-,0,0,0.000
1790435215,s10-vless-xhttp,149706,8656,544,544,35.1,45.9,224.9,0.0,-,0,0,0.000
1790435215,s11-http-proxy,480171,20397,2207,2207,16.7,33.6,234.8,0.0,-,0,0,0.000
1790435215,s12-vmess-h3,363290,14873,1873,1873,16.8,35.4,234.7,0.0,-,0,0,0.000
1790435215,__proc__,0,0,0,0,-,-,-,993.0,7030,21533,5078203,3807.056
1790435245,s7-ss-tcp,498271,20212,2468,2468,8.8,29.2,237.9,0.0,-,0,0,0.000
1790435245,s8-tuic,496975,17766,2453,2453,8.5,30.3,238.2,0.0,-,0,0,0.000
1790435245,s9-anytls,82862,4808,319,319,12.3,30.0,204.6,0.0,-,0,0,0.000
1790435245,s10-vless-xhttp,150003,8673,624,624,35.1,45.8,229.9,0.0,-,0,0,0.000
1790435245,s11-http-proxy,481288,20437,2346,2346,17.1,33.8,283.4,0.0,-,0,0,0.000
1790435245,s12-vmess-h3,364214,14914,1940,1940,16.3,34.6,234.7,0.0,-,0,0,0.000
1790435245,__proc__,0,0,0,0,-,-,-,993.0,6570,21208,5090515,3814.801
1790435275,s7-ss-tcp,499426,20259,2426,2426,8.7,27.6,238.2,0.0,-,0,0,0.000
1790435275,s8-tuic,498048,17808,2253,2253,8.5,30.1,240.2,0.0,-,0,0,0.000
1790435275,s9-anytls,83213,4824,737,737,12.5,30.0,207.8,0.0,-,0,0,0.000
1790435275,s10-vless-xhttp,150395,8698,823,823,35.1,45.6,219.5,0.0,-,0,0,0.000
1790435275,s11-http-proxy,482372,20484,2276,2276,16.4,33.6,343.7,0.0,-,0,0,0.000
1790435275,s12-vmess-h3,364881,14942,1401,1401,16.4,34.8,252.7,0.0,-,0,0,0.000
1790435275,__proc__,0,0,0,0,-,-,-,993.0,6360,18039,5102373,3822.993
1790435305,s7-ss-tcp,500630,20292,2528,2528,9.0,26.3,228.9,0.0,-,0,0,0.000
1790435305,s8-tuic,498975,17835,1947,1947,8.5,28.4,238.5,0.0,-,0,0,0.000
1790435305,s9-anytls,83420,4837,435,435,12.6,30.0,216.2,0.0,-,0,0,0.000
1790435305,s10-vless-xhttp,150896,8729,1052,1052,35.1,45.7,221.9,0.0,-,0,0,0.000
1790435305,s11-http-proxy,483498,20513,2365,2365,16.1,33.0,258.0,0.0,-,0,0,0.000
1790435305,s12-vmess-h3,365626,14963,1564,1564,16.0,33.8,238.7,0.0,-,0,0,0.000
1790435305,__proc__,0,0,0,0,-,-,-,993.0,6905,19689,5113849,3830.912
1790435335,s7-ss-tcp,501700,20349,2247,2247,9.0,25.2,219.2,0.0,-,0,0,0.000
1790435335,s8-tuic,500081,17896,2323,2323,8.6,29.4,242.4,0.0,-,0,0,0.000
1790435335,s9-anytls,83785,4866,766,766,12.7,30.0,217.1,0.0,-,0,0,0.000
1790435335,s10-vless-xhttp,151517,8774,1304,1304,35.2,45.9,232.0,0.0,-,0,0,0.000
1790435335,s11-http-proxy,484541,20577,2190,2190,15.4,34.0,275.2,0.0,-,0,0,0.000
1790435335,s12-vmess-h3,365881,14996,536,536,16.0,33.5,234.9,0.0,-,0,0,0.000
1790435335,__proc__,0,0,0,0,-,-,-,993.0,6985,14105,5123835,3838.255
1790435365,s7-ss-tcp,502523,20403,1728,1728,8.9,25.4,226.3,0.0,-,0,0,0.000
1790435365,s8-tuic,501181,17957,2310,2310,8.6,28.2,246.8,0.0,-,0,0,0.000
1790435365,s9-anytls,84130,4890,724,724,12.7,30.0,217.6,0.0,-,0,0,0.000
1790435365,s10-vless-xhttp,152002,8806,1018,1018,35.2,46.1,233.7,0.0,-,0,0,0.000
1790435365,s11-http-proxy,485571,20651,2163,2163,15.0,32.3,281.5,0.0,-,0,0,0.000
1790435365,s12-vmess-h3,366907,15069,2155,2155,15.6,32.5,259.5,0.0,-,0,0,0.000
1790435365,__proc__,0,0,0,0,-,-,-,993.0,8247,24878,5138313,3846.785
1790435395,s7-ss-tcp,503609,20472,2281,2281,8.7,28.3,236.3,0.0,-,0,0,0.000
1790435395,s8-tuic,502020,18011,1762,1762,8.5,28.9,246.7,0.0,-,0,0,0.000
1790435395,s9-anytls,84394,4915,554,554,12.5,30.4,218.8,0.0,-,0,0,0.000
1790435395,s10-vless-xhttp,152452,8834,945,945,35.3,45.9,239.3,0.0,-,0,0,0.000
1790435395,s11-http-proxy,486597,20722,2155,2155,15.5,33.1,229.7,0.0,-,0,0,0.000
1790435395,s12-vmess-h3,367892,15135,2068,2068,16.1,33.3,249.9,0.0,-,0,0,0.000
1790435395,__proc__,0,0,0,0,-,-,-,993.0,8710,25154,5151115,3855.370
1790435425,s7-ss-tcp,504634,20553,2152,2152,8.9,28.4,242.4,0.0,-,0,0,0.000
1790435425,s8-tuic,503009,18087,2077,2077,8.6,29.8,254.0,0.0,-,0,0,0.000
1790435425,s9-anytls,84639,4945,514,514,12.6,30.3,218.7,0.0,-,0,0,0.000
1790435425,s10-vless-xhttp,152769,8870,666,666,35.2,45.6,244.0,0.0,-,0,0,0.000
1790435425,s11-http-proxy,487573,20809,2050,2050,15.7,32.7,229.8,0.0,-,0,0,0.000
1790435425,s12-vmess-h3,368624,15195,1537,1537,15.9,33.9,249.4,0.0,-,0,0,0.000
1790435425,__proc__,0,0,0,0,-,-,-,993.0,8703,22216,5162530,3862.867
1790435455,s7-ss-tcp,505573,20580,1972,1972,8.9,29.5,249.3,0.0,-,0,0,0.000
1790435455,s8-tuic,503872,18106,1812,1812,8.6,30.1,259.3,0.0,-,0,0,0.000
1790435455,s9-anytls,84945,4952,643,643,12.7,30.3,218.7,0.0,-,0,0,0.000
1790435455,s10-vless-xhttp,153015,8877,517,517,35.3,46.0,244.6,0.0,-,0,0,0.000
1790435455,s11-http-proxy,488594,20834,2144,2144,16.5,32.4,248.9,0.0,-,0,0,0.000
1790435455,s12-vmess-h3,369282,15217,1382,1382,16.1,33.7,248.4,0.0,-,0,0,0.000
1790435455,__proc__,0,0,0,0,-,-,-,993.0,8835,21537,5173063,3873.749
1790435485,s7-ss-tcp,506670,20609,2304,2304,9.2,31.4,253.6,0.0,-,0,0,0.000
1790435485,s8-tuic,504888,18142,2134,2134,8.7,31.8,276.0,0.0,-,0,0,0.000
1790435485,s9-anytls,85120,4965,368,368,12.6,30.4,219.1,0.0,-,0,0,0.000
1790435485,s10-vless-xhttp,153278,8887,552,552,35.2,46.3,247.1,0.0,-,0,0,0.000
1790435485,s11-http-proxy,489650,20870,2218,2218,16.8,34.0,255.9,0.0,-,0,0,0.000
1790435485,s12-vmess-h3,370200,15249,1928,1928,15.9,35.4,255.6,0.0,-,0,0,0.000
1790435485,__proc__,0,0,0,0,-,-,-,993.0,9186,25080,5183789,3882.815
1790435515,s7-ss-tcp,507834,20635,2444,2444,9.9,29.2,258.5,0.0,-,0,0,0.000
1790435515,s8-tuic,506050,18168,2440,2440,9.5,31.5,307.7,0.0,-,0,0,0.000
1790435515,s9-anytls,85311,4976,401,401,12.6,30.3,219.7,0.0,-,0,0,0.000
1790435515,s10-vless-xhttp,153312,8889,71,71,35.2,46.3,247.1,0.0,-,0,0,0.000
1790435515,s11-http-proxy,490755,20896,2320,2320,15.9,33.3,367.6,0.0,-,0,0,0.000
1790435515,s12-vmess-h3,370695,15263,1040,1040,15.8,34.5,301.2,0.0,-,0,0,0.000
1790435515,__proc__,0,0,0,0,-,-,-,993.0,8264,18868,5191652,3890.670
1790435545,s7-ss-tcp,509028,20659,2507,2507,9.6,29.2,274.9,0.0,-,0,0,0.000
1790435545,s8-tuic,507188,18186,2390,2390,9.4,29.9,290.8,0.0,-,0,0,0.000
1790435545,s9-anytls,85521,4980,441,441,12.7,30.4,219.7,0.0,-,0,0,0.000
1790435545,s10-vless-xhttp,153312,8889,0,0,35.2,46.3,247.1,0.0,-,0,0,0.000
1790435545,s11-http-proxy,491851,20920,2302,2302,16.1,34.0,337.0,0.0,-,0,0,0.000
1790435545,s12-vmess-h3,371647,15288,1999,1999,15.7,36.1,302.8,0.0,-,0,0,0.000
1790435545,__proc__,0,0,0,0,-,-,-,993.0,8165,24056,5199916,3899.655
1790435575,s7-ss-tcp,510230,20693,2524,2524,10.1,27.6,256.1,0.0,-,0,0,0.000
1790435575,s8-tuic,508285,18210,2304,2304,9.8,28.2,257.0,0.0,-,0,0,0.000
1790435575,s9-anytls,85801,4989,588,588,12.7,30.5,219.7,0.0,-,0,0,0.000
1790435575,s10-vless-xhttp,153398,8896,181,181,35.2,46.2,244.3,0.0,-,0,0,0.000
1790435575,s11-http-proxy,492952,20957,2312,2312,16.2,32.1,300.1,0.0,-,0,0,0.000
1790435575,s12-vmess-h3,372564,15299,1926,1926,16.2,38.1,303.4,0.0,-,0,0,0.000
1790435575,__proc__,0,0,0,0,-,-,-,993.0,7510,22626,5209845,3908.049
1790435605,s7-ss-tcp,511506,20693,2680,2680,9.0,26.7,220.4,0.0,-,0,0,0.000
1790435605,s8-tuic,509557,18210,2671,2671,8.6,25.9,238.6,0.0,-,0,0,0.000
1790435605,s9-anytls,85915,4990,239,239,12.6,30.5,222.8,0.0,-,0,0,0.000
1790435605,s10-vless-xhttp,153536,8896,290,290,35.3,46.5,247.3,0.0,-,0,0,0.000
1790435605,s11-http-proxy,494184,20957,2587,2587,14.7,32.2,241.1,0.0,-,0,0,0.000
1790435605,s12-vmess-h3,372868,15306,638,638,16.1,36.4,302.2,0.0,-,0,0,0.000
1790435605,__proc__,0,0,0,0,-,-,-,993.0,6233,13584,5218547,3913.984
1790435635,s7-ss-tcp,512682,20741,2470,2470,8.5,26.5,209.3,0.0,-,0,0,0.000
1790435635,s8-tuic,510730,18258,2463,2463,8.4,26.3,220.9,0.0,-,0,0,0.000
1790435635,s9-anytls,86103,4999,395,395,12.5,30.3,226.2,0.0,-,0,0,0.000
1790435635,s10-vless-xhttp,153788,8909,529,529,35.3,46.5,247.3,0.0,-,0,0,0.000
1790435635,s11-http-proxy,495284,20994,2310,2310,15.0,30.9,225.3,0.0,-,0,0,0.000
1790435635,s12-vmess-h3,373805,15338,1968,1968,15.8,35.0,271.9,0.0,-,0,0,0.000
1790435635,__proc__,0,0,0,0,-,-,-,993.0,6108,20683,5229522,3921.302
1790435665,s7-ss-tcp,513890,20757,2537,2537,8.4,25.6,207.5,0.0,-,0,0,0.000
1790435665,s8-tuic,511942,18270,2545,2545,8.1,25.9,217.8,0.0,-,0,0,0.000
1790435665,s9-anytls,86225,5005,256,256,12.5,30.1,227.2,0.0,-,0,0,0.000
1790435665,s10-vless-xhttp,154135,8916,729,729,35.3,47.0,244.6,0.0,-,0,0,0.000
1790435665,s11-http-proxy,496396,21010,2335,2335,14.7,30.2,229.0,0.0,-,0,0,0.000
1790435665,s12-vmess-h3,374799,15355,2087,2087,16.5,35.8,249.8,0.0,-,0,0,0.000
1790435665,__proc__,0,0,0,0,-,-,-,993.0,5968,21090,5240895,3930.654
1790435695,s7-ss-tcp,515041,20771,2417,2417,8.9,27.2,210.4,0.0,-,0,0,0.000
1790435695,s8-tuic,513094,18278,2419,2419,8.8,27.3,212.4,0.0,-,0,0,0.000
1790435695,s9-anytls,86459,5014,491,491,12.7,30.4,235.8,0.0,-,0,0,0.000
1790435695,s10-vless-xhttp,154537,8923,844,844,35.3,46.8,247.1,0.0,-,0,0,0.000
1790435695,s11-http-proxy,497484,21034,2285,2285,16.2,31.7,231.8,0.0,-,0,0,0.000
1790435695,s12-vmess-h3,375883,15376,2276,2276,16.6,34.0,257.2,0.0,-,0,0,0.000
1790435695,__proc__,0,0,0,0,-,-,-,993.0,5929,22188,5252535,3940.263
1790435725,s7-ss-tcp,515983,20809,1978,1978,9.6,28.0,253.6,0.0,-,0,0,0.000
1790435725,s8-tuic,514164,18325,2247,2247,9.7,29.3,246.4,0.0,-,0,0,0.000
1790435725,s9-anytls,86712,5023,531,531,12.9,30.3,241.1,0.0,-,0,0,0.000
1790435725,s10-vless-xhttp,155042,8954,1060,1060,35.3,46.6,236.0,0.0,-,0,0,0.000
1790435725,s11-http-proxy,498484,21086,2100,2100,17.3,32.6,229.9,0.0,-,0,0,0.000
1790435725,s12-vmess-h3,376763,15411,1848,1848,16.6,33.6,258.6,0.0,-,0,0,0.000
1790435725,__proc__,0,0,0,0,-,-,-,993.0,6176,20197,5262865,3949.484
1790435755,s7-ss-tcp,517210,20809,2577,2577,9.8,29.2,282.5,0.0,-,0,0,0.000
1790435755,s8-tuic,515420,18325,2638,2638,9.8,30.5,299.0,0.0,-,0,0,0.000
1790435755,s9-anytls,86880,5026,353,353,12.8,30.3,246.8,0.0,-,0,0,0.000
1790435755,s10-vless-xhttp,155486,8954,932,932,35.2,46.8,244.3,0.0,-,0,0,0.000
1790435755,s11-http-proxy,499692,21086,2537,2537,16.3,33.7,277.8,0.0,-,0,0,0.000
1790435755,s12-vmess-h3,377350,15416,1233,1233,16.3,34.2,276.4,0.0,-,0,0,0.000
1790435755,__proc__,0,0,0,0,-,-,-,993.0,6183,16758,5273596,3958.481
1790435785,s7-ss-tcp,518251,20852,2186,2186,9.6,29.3,311.1,0.0,-,0,0,0.000
1790435785,s8-tuic,516484,18369,2234,2234,9.5,30.4,311.0,0.0,-,0,0,0.000
1790435785,s9-anytls,87059,5041,376,376,12.7,30.3,257.5,0.0,-,0,0,0.000
1790435785,s10-vless-xhttp,156014,8984,1109,1109,35.2,46.8,254.1,0.0,-,0,0,0.000
1790435785,s11-http-proxy,500667,21119,2048,2048,16.2,34.1,306.6,0.0,-,0,0,0.000
1790435785,s12-vmess-h3,378324,15461,2045,2045,16.3,34.9,304.0,0.0,-,0,0,0.000
1790435785,__proc__,0,0,0,0,-,-,-,993.0,7092,22588,5285639,3968.843
1790435815,s7-ss-tcp,519183,20899,1957,1957,9.0,27.9,348.0,0.0,-,0,0,0.000
1790435815,s8-tuic,517516,18417,2167,2167,8.9,27.7,311.1,0.0,-,0,0,0.000
1790435815,s9-anytls,87320,5059,548,548,12.9,30.4,276.2,0.0,-,0,0,0.000
1790435815,s10-vless-xhttp,156587,9019,1203,1203,35.2,47.2,244.2,0.0,-,0,0,0.000
1790435815,s11-http-proxy,501684,21159,2136,2136,16.1,32.5,351.7,0.0,-,0,0,0.000
1790435815,s12-vmess-h3,379342,15506,2138,2138,16.3,34.1,353.7,0.0,-,0,0,0.000
1790435815,__proc__,0,0,0,0,-,-,-,993.0,8295,24863,5298249,3979.064
1790435845,s7-ss-tcp,520241,20920,2222,2222,8.8,26.2,327.6,0.0,-,0,0,0.000
1790435845,s8-tuic,518447,18436,1955,1955,8.7,26.2,311.2,0.0,-,0,0,0.000
1790435845,s9-anytls,87595,5067,578,578,13.1,30.3,283.0,0.0,-,0,0,0.000
1790435845,s10-vless-xhttp,156768,9021,380,380,35.2,47.2,244.3,0.0,-,0,0,0.000
1790435845,s11-http-proxy,502747,21183,2232,2232,16.5,31.2,379.6,0.0,-,0,0,0.000
1790435845,s12-vmess-h3,380407,15530,2236,2236,16.3,33.8,361.8,0.0,-,0,0,0.000
1790435845,__proc__,0,0,0,0,-,-,-,993.0,8728,26142,5308541,3989.060
1790435875,s7-ss-tcp,521317,20934,2260,2260,8.9,26.9,347.6,0.0,-,0,0,0.000
1790435875,s8-tuic,519530,18449,2274,2274,8.8,27.2,343.5,0.0,-,0,0,0.000
1790435875,s9-anytls,87795,5080,420,420,13.2,30.6,285.0,0.0,-,0,0,0.000
1790435875,s10-vless-xhttp,156897,9024,271,271,35.3,47.7,252.9,0.0,-,0,0,0.000
1790435875,s11-http-proxy,503835,21211,2285,2285,17.6,30.8,378.9,0.0,-,0,0,0.000
1790435875,s12-vmess-h3,381497,15554,2289,2289,16.7,33.5,375.5,0.0,-,0,0,0.000
1790435875,__proc__,0,0,0,0,-,-,-,993.1,8666,26277,5319070,3998.376
1790435905,s7-ss-tcp,522392,20963,2258,2258,9.0,27.3,315.2,0.0,-,0,0,0.000
1790435905,s8-tuic,520605,18478,2258,2258,9.1,27.6,320.3,0.0,-,0,0,0.000
1790435905,s9-anytls,88150,5088,746,746,13.5,30.7,283.1,0.0,-,0,0,0.000
1790435905,s10-vless-xhttp,157028,9028,275,275,35.4,47.1,252.9,0.0,-,0,0,0.000
1790435905,s11-http-proxy,504913,21241,2264,2264,17.6,30.3,210.5,0.0,-,0,0,0.000
1790435905,s12-vmess-h3,382582,15579,2278,2278,16.9,32.4,361.5,0.0,-,0,0,0.000
1790435905,__proc__,0,0,0,0,-,-,-,993.5,8667,26207,5329771,4007.432
1790435935,s7-ss-tcp,523455,21005,2232,2232,9.2,26.7,293.7,0.0,-,0,0,0.000
1790435935,s8-tuic,521604,18523,2098,2098,9.2,27.2,289.8,0.0,-,0,0,0.000
1790435935,s9-anytls,88508,5107,752,752,13.5,30.3,283.1,0.0,-,0,0,0.000
1790435935,s10-vless-xhttp,157146,9035,248,248,35.4,46.9,252.3,0.0,-,0,0,0.000
1790435935,s11-http-proxy,505912,21289,2098,2098,17.1,30.1,223.9,0.0,-,0,0,0.000
1790435935,s12-vmess-h3,383295,15605,1497,1497,16.7,33.2,372.8,0.0,-,0,0,0.000
1790435935,__proc__,0,0,0,0,-,-,-,993.5,8164,21191,5338878,4017.148
1790435965,s7-ss-tcp,524591,21021,2386,2386,9.6,27.1,287.2,0.0,-,0,0,0.000
1790435965,s8-tuic,522656,18538,2209,2209,9.2,27.9,287.1,0.0,-,0,0,0.000
1790435965,s9-anytls,88864,5115,748,748,13.7,30.3,297.7,0.0,-,0,0,0.000
1790435965,s10-vless-xhttp,157273,9037,267,267,35.5,47.1,266.8,0.0,-,0,0,0.000
1790435965,s11-http-proxy,506984,21305,2251,2251,17.0,30.3,219.1,0.0,-,0,0,0.000
1790435965,s12-vmess-h3,384280,15624,2068,2068,16.8,33.2,373.1,0.0,-,0,0,0.000
1790435965,__proc__,0,0,0,0,-,-,-,993.5,7874,23879,5348569,4026.132
1790435995,s7-ss-tcp,525722,21021,2375,2375,9.9,27.8,377.4,0.0,-,0,0,0.000
1790435995,s8-tuic,523786,18538,2373,2373,9.7,29.0,377.7,0.0,-,0,0,0.000
1790435995,s9-anytls,89223,5130,754,754,13.8,30.1,297.9,0.0,-,0,0,0.000
1790435995,s10-vless-xhttp,157399,9037,265,265,35.5,47.2,288.6,0.0,-,0,0,0.000
1790435995,s11-http-proxy,508056,21313,2251,2251,17.4,30.7,184.0,0.0,-,0,0,0.000
1790435995,s12-vmess-h3,385352,15632,2251,2251,17.5,32.3,357.8,0.0,-,0,0,0.000
1790435995,__proc__,0,0,0,0,-,-,-,993.5,7344,24073,5358988,4037.586
1790436025,s7-ss-tcp,526818,21045,2302,2302,10.9,28.6,433.2,0.0,-,0,0,0.000
1790436025,s8-tuic,524774,18560,2075,2075,10.3,29.7,416.4,0.0,-,0,0,0.000
1790436025,s9-anytls,89736,5159,1077,1077,14.1,29.8,304.2,0.0,-,0,0,0.000
1790436025,s10-vless-xhttp,157490,9038,191,191,35.5,47.7,292.2,0.0,-,0,0,0.000
1790436025,s11-http-proxy,509088,21343,2167,2167,17.5,30.5,190.0,0.0,-,0,0,0.000
1790436025,s12-vmess-h3,386277,15662,1942,1942,17.6,33.4,393.8,0.0,-,0,0,0.000
1790436025,__proc__,0,0,0,0,-,-,-,993.5,6431,21017,5368053,4047.975
1790436055,s7-ss-tcp,527941,21045,2358,2358,10.0,29.4,497.6,0.0,-,0,0,0.000
1790436055,s8-tuic,525845,18560,2249,2249,10.1,32.4,493.3,0.0,-,0,0,0.000
1790436055,s9-anytls,90108,5167,781,781,14.5,29.8,306.9,0.0,-,0,0,0.000
1790436055,s10-vless-xhttp,157611,9038,254,254,35.5,47.7,300.3,0.0,-,0,0,0.000
1790436055,s11-http-proxy,510144,21343,2218,2218,18.4,30.8,185.0,0.0,-,0,0,0.000
1790436055,s12-vmess-h3,387314,15663,2178,2178,18.0,33.3,434.1,0.0,-,0,0,0.000
1790436055,__proc__,0,0,0,0,-,-,-,993.5,5931,21554,5378996,4059.041
1790436085,s7-ss-tcp,529026,21045,2278,2278,9.7,30.2,524.5,0.0,-,0,0,0.000
1790436085,s8-tuic,526933,18560,2285,2285,9.5,30.3,493.3,0.0,-,0,0,0.000
1790436085,s9-anytls,90431,5177,678,678,14.5,29.8,324.4,0.0,-,0,0,0.000
1790436085,s10-vless-xhttp,157730,9038,250,250,35.6,48.0,320.4,0.0,-,0,0,0.000
1790436085,s11-http-proxy,511152,21343,2117,2117,18.2,30.3,57.5,0.0,-,0,0,0.000
1790436085,s12-vmess-h3,388328,15663,2129,2129,18.0,34.8,466.6,0.0,-,0,0,0.000
1790436085,__proc__,0,0,0,0,-,-,-,993.5,5091,20185,5388199,4070.798
1790436115,s7-ss-tcp,530169,21045,2400,2400,9.0,28.8,482.2,0.0,-,0,0,0.000
1790436115,s8-tuic,528069,18560,2386,2386,9.2,28.3,480.5,0.0,-,0,0,0.000
1790436115,s9-anytls,90891,5187,966,966,14.6,29.7,388.9,0.0,-,0,0,0.000
1790436115,s10-vless-xhttp,158008,9040,584,584,35.6,48.6,330.5,0.0,-,0,0,0.000
1790436115,s11-http-proxy,512208,21343,2218,2218,18.4,30.9,137.7,0.0,-,0,0,0.000
1790436115,s12-vmess-h3,389386,15663,2222,2222,18.1,35.3,388.3,0.0,-,0,0,0.000
1790436115,__proc__,0,0,0,0,-,-,-,993.5,4581,19779,5400078,4081.434
1790436145,s7-ss-tcp,531165,21077,2092,2092,8.1,31.8,526.8,0.0,-,0,0,0.000
1790436145,s8-tuic,529073,18592,2108,2108,8.2,31.6,574.4,0.0,-,0,0,0.000
1790436145,s9-anytls,91237,5208,727,727,14.6,30.1,388.9,0.0,-,0,0,0.000
1790436145,s10-vless-xhttp,158713,9082,1480,1480,35.5,50.4,346.1,0.0,-,0,0,0.000
1790436145,s11-http-proxy,513122,21391,1919,1919,18.2,34.4,315.7,0.0,-,0,0,0.000
1790436145,s12-vmess-h3,390316,15710,1953,1953,17.6,37.8,470.8,0.0,-,0,0,0.000
1790436145,__proc__,0,0,0,0,-,-,-,993.5,5562,19906,5412456,4093.790
1790436175,s7-ss-tcp,532200,21133,2174,2174,8.2,28.8,402.3,0.0,-,0,0,0.000
1790436175,s8-tuic,530094,18639,2144,2144,8.1,29.3,338.3,0.0,-,0,0,0.000
1790436175,s9-anytls,91519,5225,592,592,14.7,30.0,400.9,0.0,-,0,0,0.000
1790436175,s10-vless-xhttp,159402,9123,1447,1447,35.6,51.6,348.7,0.0,-,0,0,0.000
1790436175,s11-http-proxy,514091,21447,2035,2035,17.9,32.4,134.4,0.0,-,0,0,0.000
1790436175,s12-vmess-h3,391240,15740,1940,1940,17.3,36.6,343.1,0.0,-,0,0,0.000
1790436175,__proc__,0,0,0,0,-,-,-,993.4,6464,21121,5423969,4104.167
1790436205,s7-ss-tcp,533393,21172,2505,2505,7.9,28.9,341.3,0.0,-,0,0,0.000
1790436205,s8-tuic,531138,18667,2192,2192,7.8,30.2,338.4,0.0,-,0,0,0.000
1790436205,s9-anytls,91900,5240,800,800,14.0,29.7,372.8,0.0,-,0,0,0.000
1790436205,s10-vless-xhttp,160044,9155,1348,1348,35.7,52.8,335.8,0.0,-,0,0,0.000
1790436205,s11-http-proxy,515251,21486,2436,2436,15.3,32.8,276.7,0.0,-,0,0,0.000
1790436205,s12-vmess-h3,391401,15752,338,338,16.9,36.8,343.5,0.0,-,0,0,0.000
1790436205,__proc__,0,0,0,0,-,-,-,993.4,6885,12964,5435583,4111.428
1790436235,s7-ss-tcp,534533,21235,2394,2394,8.0,27.3,291.9,0.0,-,0,0,0.000
1790436235,s8-tuic,532146,18718,2117,2117,7.8,28.3,290.0,0.0,-,0,0,0.000
1790436235,s9-anytls,92043,5252,300,300,13.8,29.9,372.8,0.0,-,0,0,0.000
1790436235,s10-vless-xhttp,160491,9186,939,939,35.6,52.9,346.1,0.0,-,0,0,0.000
1790436235,s11-http-proxy,516333,21534,2272,2272,14.6,31.7,280.3,0.0,-,0,0,0.000
1790436235,s12-vmess-h3,392246,15796,1774,1774,16.2,35.8,340.8,0.0,-,0,0,0.000
1790436235,__proc__,0,0,0,0,-,-,-,992.7,8087,22589,5448037,4119.520
1790436265,s7-ss-tcp,535591,21309,2222,2222,8.4,26.1,251.6,0.0,-,0,0,0.000
1790436265,s8-tuic,533204,18786,2222,2222,8.1,27.3,250.6,0.0,-,0,0,0.000
1790436265,s9-anytls,92413,5295,777,777,13.8,29.6,372.8,0.0,-,0,0,0.000
1790436265,s10-vless-xhttp,161013,9230,1096,1096,35.6,53.7,334.6,0.0,-,0,0,0.000
1790436265,s11-http-proxy,517365,21623,2167,2167,13.8,31.0,277.6,0.0,-,0,0,0.000
1790436265,s12-vmess-h3,392777,15839,1115,1115,15.5,36.6,344.2,0.0,-,0,0,0.000
1790436265,__proc__,0,0,0,0,-,-,-,992.7,8705,19961,5459783,4127.584
1790436295,s7-ss-tcp,536616,21411,2152,2152,8.1,25.2,241.6,0.0,-,0,0,0.000
1790436295,s8-tuic,534147,18875,1980,1980,7.9,27.6,242.0,0.0,-,0,0,0.000
1790436295,s9-anytls,92670,5337,540,540,13.3,29.1,355.3,0.0,-,0,0,0.000
1790436295,s10-vless-xhttp,161474,9288,968,968,35.4,52.5,307.3,0.0,-,0,0,0.000
1790436295,s11-http-proxy,518310,21743,1984,1984,13.1,31.2,276.8,0.0,-,0,0,0.000
1790436295,s12-vmess-h3,393541,15929,1604,1604,14.4,36.8,359.2,0.0,-,0,0,0.000
1790436295,__proc__,0,0,0,0,-,-,-,992.7,9519,23867,5474677,4135.284
1790436325,s7-ss-tcp,537549,21496,1959,1959,7.7,26.9,241.7,0.0,-,0,0,0.000
1790436325,s8-tuic,535015,18938,1823,1823,7.7,29.0,242.3,0.0,-,0,0,0.000
1790436325,s9-anytls,92960,5372,609,609,12.9,29.9,348.0,0.0,-,0,0,0.000
1790436325,s10-vless-xhttp,161827,9328,741,741,35.2,50.4,287.1,0.0,-,0,0,0.000
1790436325,s11-http-proxy,519242,21869,1957,1957,13.7,31.8,277.2,0.0,-,0,0,0.000
1790436325,s12-vmess-h3,394353,16018,1705,1705,14.0,36.3,340.3,0.0,-,0,0,0.000
1790436325,__proc__,0,0,0,0,-,-,-,992.7,10177,25390,5490331,4143.522
1790436355,s7-ss-tcp,538651,21544,2314,2314,7.8,28.7,242.2,0.0,-,0,0,0.000
1790436355,s8-tuic,536177,18980,2440,2440,7.7,31.8,242.0,0.0,-,0,0,0.000
1790436355,s9-anytls,93017,5377,120,120,12.8,29.9,342.2,0.0,-,0,0,0.000
1790436355,s10-vless-xhttp,162097,9342,567,567,35.1,50.2,278.1,0.0,-,0,0,0.000
1790436355,s11-http-proxy,520181,21904,1972,1972,13.4,33.4,231.6,0.0,-,0,0,0.000
1790436355,s12-vmess-h3,394709,16032,748,748,13.5,38.3,334.2,0.0,-,0,0,0.000
1790436355,__proc__,0,0,0,0,-,-,-,992.7,9966,19903,5500125,4150.015
1790436385,s7-ss-tcp,539576,21628,1942,1942,7.3,30.2,300.5,0.0,-,0,0,0.000
1790436385,s8-tuic,537349,19017,2461,2461,7.0,84.4,252.6,0.0,-,0,0,0.000
1790436385,s9-anytls,93083,5384,139,139,12.6,29.9,342.2,0.0,-,0,0,0.000
1790436385,s10-vless-xhttp,162293,9356,412,412,35.1,50.8,287.3,0.0,-,0,0,0.000
1790436385,s11-http-proxy,521080,21983,1888,1888,12.5,108.2,242.4,0.0,-,0,0,0.000
1790436385,s12-vmess-h3,395148,16051,922,922,12.9,86.0,340.5,0.0,-,0,0,0.000
1790436385,__proc__,0,0,0,0,-,-,-,992.7,10153,21112,5512131,4155.719
1790436415,s7-ss-tcp,540608,21630,2167,2167,7.3,29.3,299.0,0.0,-,0,0,0.000
1790436415,s8-tuic,538475,19021,2365,2365,7.2,50.0,223.3,0.0,-,0,0,0.000
1790436415,s9-anytls,93092,5384,19,19,12.6,29.9,342.2,0.0,-,0,0,0.000
1790436415,s10-vless-xhttp,162293,9356,0,0,35.1,50.8,287.3,0.0,-,0,0,0.000
1790436415,s11-http-proxy,522265,21988,2488,2488,12.4,108.8,317.0,0.0,-,0,0,0.000
1790436415,s12-vmess-h3,396041,16056,1875,1875,13.4,106.2,319.4,0.0,-,0,0,0.000
1790436415,__proc__,0,0,0,0,-,-,-,992.7,10093,26163,5521840,4161.721
1790436445,s7-ss-tcp,541763,21668,2426,2426,8.0,26.7,228.1,0.0,-,0,0,0.000
1790436445,s8-tuic,539655,19057,2478,2478,7.9,27.5,194.2,0.0,-,0,0,0.000
1790436445,s9-anytls,93092,5384,0,0,12.6,29.9,342.2,0.0,-,0,0,0.000
1790436445,s10-vless-xhttp,162314,9357,44,44,35.1,50.5,287.3,0.0,-,0,0,0.000
1790436445,s11-http-proxy,523411,22031,2407,2407,13.4,107.6,229.8,0.0,-,0,0,0.000
1790436445,s12-vmess-h3,397018,16092,2052,2052,13.5,78.3,247.0,0.0,-,0,0,0.000
1790436445,__proc__,0,0,0,0,-,-,-,996.7,8816,25241,5531716,4169.043
1790436475,s7-ss-tcp,542819,21699,2218,2218,8.0,27.4,238.0,0.0,-,0,0,0.000
1790436475,s8-tuic,540632,19074,2052,2052,7.6,28.8,235.9,0.0,-,0,0,0.000
1790436475,s9-anytls,93092,5384,0,0,12.6,29.9,342.2,0.0,-,0,0,0.000
1790436475,s10-vless-xhttp,162447,9360,279,279,35.2,50.5,287.3,0.0,-,0,0,0.000
1790436475,s11-http-proxy,524546,22064,2384,2384,14.5,31.9,220.6,0.0,-,0,0,0.000
1790436475,s12-vmess-h3,398037,16120,2140,2140,15.2,78.2,231.8,0.0,-,0,0,0.000
1790436475,__proc__,0,0,0,0,-,-,-,995.2,7734,24066,5542639,4177.533
1790436505,s7-ss-tcp,544036,21731,2556,2556,8.1,27.5,214.9,0.0,-,0,0,0.000
1790436505,s8-tuic,541751,19098,2350,2350,8.2,28.0,222.2,0.0,-,0,0,0.000
1790436505,s9-anytls,93156,5385,134,134,12.5,30.2,342.2,0.0,-,0,0,0.000
1790436505,s10-vless-xhttp,162582,9364,284,284,35.3,50.2,287.3,0.0,-,0,0,0.000
1790436505,s11-http-proxy,525707,22092,2438,2438,16.7,31.5,213.4,0.0,-,0,0,0.000
1790436505,s12-vmess-h3,399218,16138,2480,2480,15.6,36.3,224.9,0.0,-,0,0,0.000
1790436505,__proc__,0,0,0,0,-,-,-,995.3,6918,24702,5554876,4186.365
1790436535,s7-ss-tcp,545167,21784,2375,2375,8.6,28.4,223.8,0.0,-,0,0,0.000
1790436535,s8-tuic,542890,19151,2392,2392,8.8,29.5,235.9,0.0,-,0,0,0.000
1790436535,s9-anytls,93244,5390,185,185,12.5,30.3,337.0,0.0,-,0,0,0.000
1790436535,s10-vless-xhttp,162799,9376,456,456,35.3,49.1,285.3,0.0,-,0,0,0.000
1790436535,s11-http-proxy,526786,22125,2266,2266,17.3,32.2,219.3,0.0,-,0,0,0.000
1790436535,s12-vmess-h3,400293,16175,2258,2258,16.6,35.4,227.7,0.0,-,0,0,0.000
1790436535,__proc__,0,0,0,0,-,-,-,995.3,6386,22836,5566129,4195.296
1790436565,s7-ss-tcp,546429,21794,2650,2650,9.0,29.2,223.4,0.0,-,0,0,0.000
1790436565,s8-tuic,544152,19159,2650,2650,8.9,29.9,222.8,0.0,-,0,0,0.000
1790436565,s9-anytls,93244,5390,0,0,12.5,30.3,337.0,0.0,-,0,0,0.000
1790436565,s10-vless-xhttp,163087,9380,605,605,35.2,47.3,275.9,0.0,-,0,0,0.000
1790436565,s11-http-proxy,527962,22141,2470,2470,17.5,32.9,226.4,0.0,-,0,0,0.000
1790436565,s12-vmess-h3,401345,16192,2209,2209,16.8,36.3,229.4,0.0,-,0,0,0.000
1790436565,__proc__,0,0,0,0,-,-,-,995.3,5844,21623,5577354,4203.854
1790436595,s7-ss-tcp,547589,21834,2436,2436,8.9,28.2,210.7,0.0,-,0,0,0.000
1790436595,s8-tuic,545320,19198,2453,2453,8.8,28.5,206.4,0.0,-,0,0,0.000
1790436595,s9-anytls,93332,5394,185,185,12.5,30.3,325.6,0.0,-,0,0,0.000
1790436595,s10-vless-xhttp,163479,9398,823,823,35.2,47.1,275.9,0.0,-,0,0,0.000
1790436595,s11-http-proxy,529044,22179,2272,2272,17.5,32.9,249.2,0.0,-,0,0,0.000
1790436595,s12-vmess-h3,402443,16229,2306,2306,16.7,34.0,249.4,0.0,-,0,0,0.000
1790436595,__proc__,0,0,0,0,-,-,-,995.3,5838,22135,5590490,4212.986
1790436625,s7-ss-tcp,548770,21866,2480,2480,9.0,27.8,234.6,0.0,-,0,0,0.000
1790436625,s8-tuic,546499,19224,2476,2476,9.0,28.1,234.4,0.0,-,0,0,0.000
1790436625,s9-anytls,93488,5398,328,328,12.2,30.3,320.3,0.0,-,0,0,0.000
1790436625,s10-vless-xhttp,163905,9414,895,895,35.0,46.7,257.6,0.0,-,0,0,0.000
1790436625,s11-http-proxy,530124,22223,2268,2268,17.5,32.6,260.4,0.0,-,0,0,0.000
1790436625,s12-vmess-h3,403528,16263,2278,2278,16.9,33.2,271.4,0.0,-,0,0,0.000
1790436625,__proc__,0,0,0,0,-,-,-,995.3,5901,22103,5603451,4222.407
1790436655,s7-ss-tcp,549924,21905,2423,2423,8.8,28.1,261.5,0.0,-,0,0,0.000
1790436655,s8-tuic,547665,19254,2449,2449,8.8,28.3,256.4,0.0,-,0,0,0.000
1790436655,s9-anytls,93663,5413,368,368,12.1,30.3,292.9,0.0,-,0,0,0.000
1790436655,s10-vless-xhttp,164411,9435,1063,1063,35.1,46.1,256.7,0.0,-,0,0,0.000
1790436655,s11-http-proxy,531196,22263,2251,2251,17.1,32.4,217.6,0.0,-,0,0,0.000
1790436655,s12-vmess-h3,404503,16293,2048,2048,16.4,33.4,274.4,0.0,-,0,0,0.000
1790436655,__proc__,0,0,0,0,-,-,-,995.3,6407,21567,5614848,4231.846
1790436685,s7-ss-tcp,551001,21936,2262,2262,9.1,27.9,256.4,0.0,-,0,0,0.000
1790436685,s8-tuic,548851,19286,2491,2491,9.1,27.2,256.9,0.0,-,0,0,0.000
1790436685,s9-anytls,93914,5423,527,527,12.0,30.3,310.1,0.0,-,0,0,0.000
1790436685,s10-vless-xhttp,164793,9449,802,802,35.1,46.0,250.6,0.0,-,0,0,0.000
1790436685,s11-http-proxy,532345,22298,2413,2413,16.0,31.8,210.7,0.0,-,0,0,0.000
1790436685,s12-vmess-h3,404919,16306,874,874,16.1,33.0,285.9,0.0,-,0,0,0.000
1790436685,__proc__,0,0,0,0,-,-,-,995.3,6095,14808,5624411,4240.256
1790436715,s7-ss-tcp,552081,21987,2268,2268,9.2,28.1,256.4,0.0,-,0,0,0.000
1790436715,s8-tuic,550014,19333,2442,2442,8.9,27.7,267.5,0.0,-,0,0,0.000
1790436715,s9-anytls,94149,5443,494,494,11.9,30.3,278.0,0.0,-,0,0,0.000
1790436715,s10-vless-xhttp,165309,9480,1084,1084,35.1,45.7,248.9,0.0,-,0,0,0.000
1790436715,s11-http-proxy,533433,22352,2285,2285,15.6,31.9,214.4,0.0,-,0,0,0.000
1790436715,s12-vmess-h3,405729,16344,1701,1701,15.8,33.5,306.8,0.0,-,0,0,0.000
1790436715,__proc__,0,0,0,0,-,-,-,995.3,7520,21434,5636306,4247.961
1790436745,s7-ss-tcp,553108,22047,2157,2157,9.3,27.8,237.1,0.0,-,0,0,0.000
1790436745,s8-tuic,550928,19378,1919,1919,9.1,27.5,229.1,0.0,-,0,0,0.000
1790436745,s9-anytls,94417,5466,563,563,11.7,30.1,250.2,0.0,-,0,0,0.000
1790436745,s10-vless-xhttp,165807,9512,1046,1046,35.2,46.1,248.9,0.0,-,0,0,0.000
1790436745,s11-http-proxy,534481,22416,2201,2201,15.2,31.4,195.4,0.0,-,0,0,0.000
1790436745,s12-vmess-h3,406430,16394,1472,1472,15.5,33.5,307.0,0.0,-,0,0,0.000
1790436745,__proc__,0,0,0,0,-,-,-,995.3,8373,21408,5647435,4255.974
1790436775,s7-ss-tcp,554102,22084,2087,2087,9.2,27.6,248.4,0.0,-,0,0,0.000
1790436775,s8-tuic,551735,19402,1695,1695,8.9,27.3,268.0,0.0,-,0,0,0.000
1790436775,s9-anytls,94631,5474,449,449,11.6,30.2,251.0,0.0,-,0,0,0.000
1790436775,s10-vless-xhttp,166251,9525,932,932,35.2,45.5,245.5,0.0,-,0,0,0.000
1790436775,s11-http-proxy,535509,22444,2159,2159,15.1,32.2,251.2,0.0,-,0,0,0.000
1790436775,s12-vmess-h3,407351,16421,1934,1934,14.9,35.0,473.1,0.0,-,0,0,0.000
1790436775,__proc__,0,0,0,0,-,-,-,1001.8,9222,25324,5659986,4266.698
1790436805,s7-ss-tcp,555130,22084,2159,2159,8.9,28.9,364.7,0.0,-,0,0,0.000
1790436805,s8-tuic,552765,19402,2163,2163,8.6,29.9,442.9,0.0,-,0,0,0.000
1790436805,s9-anytls,94805,5475,365,365,11.6,30.4,251.0,0.0,-,0,0,0.000
1790436805,s10-vless-xhttp,166490,9525,502,502,35.2,45.5,233.3,0.0,-,0,0,0.000
1790436805,s11-http-proxy,536469,22444,2016,2016,16.4,32.6,214.4,0.0,-,0,0,0.000
1790436805,s12-vmess-h3,408318,16421,2031,2031,15.7,35.6,309.5,0.0,-,0,0,0.000
1790436805,__proc__,0,0,0,0,-,-,-,1001.8,9532,26146,5669955,4279.937
1790436835,s7-ss-tcp,556108,22121,2054,2054,8.6,29.9,409.8,0.0,-,0,0,0.000
1790436835,s8-tuic,553764,19429,2098,2098,8.2,34.4,496.4,0.0,-,0,0,0.000
1790436835,s9-anytls,95021,5485,454,454,11.7,30.5,250.2,0.0,-,0,0,0.000
1790436835,s10-vless-xhttp,166721,9534,485,485,35.1,45.7,222.1,0.0,-,0,0,0.000
1790436835,s11-http-proxy,537389,22483,1932,1932,17.0,33.1,187.4,0.0,-,0,0,0.000
1790436835,s12-vmess-h3,409241,16461,1938,1938,16.6,37.4,365.2,0.0,-,0,0,0.000
1790436835,__proc__,0,0,0,0,-,-,-,1001.8,9385,25491,5679893,4290.916
1790436865,s7-ss-tcp,557175,22168,2241,2241,9.0,33.1,376.2,0.0,-,0,0,0.000
1790436865,s8-tuic,554665,19455,1892,1892,8.6,36.3,581.9,0.0,-,0,0,0.000
1790436865,s9-anytls,95331,5499,651,651,11.7,30.0,242.3,0.0,-,0,0,0.000
1790436865,s10-vless-xhttp,166961,9546,504,504,35.1,46.2,240.9,0.0,-,0,0,0.000
1790436865,s11-http-proxy,538406,22507,2136,2136,17.4,36.1,306.1,0.0,-,0,0,0.000
1790436865,s12-vmess-h3,409782,16470,1136,1136,16.7,38.5,376.6,0.0,-,0,0,0.000
1790436865,__proc__,0,0,0,0,-,-,-,1002.0,8912,20437,5689122,4300.467
1790436895,s7-ss-tcp,558361,22215,2491,2491,9.8,30.9,340.1,0.0,-,0,0,0.000
1790436895,s8-tuic,555683,19492,2138,2138,9.0,35.3,484.3,0.0,-,0,0,0.000
1790436895,s9-anytls,95530,5505,418,418,11.7,30.0,235.4,0.0,-,0,0,0.000
1790436895,s10-vless-xhttp,167229,9557,563,563,35.1,46.3,245.2,0.0,-,0,0,0.000
1790436895,s11-http-proxy,539560,22544,2423,2423,17.1,35.6,305.5,0.0,-,0,0,0.000
1790436895,s12-vmess-h3,410415,16498,1329,1329,16.9,39.2,465.9,0.0,-,0,0,0.000
1790436895,__proc__,0,0,0,0,-,-,-,1001.8,8774,21263,5700986,4307.460
1790436925,s7-ss-tcp,559560,22238,2518,2518,10.0,29.0,255.4,0.0,-,0,0,0.000
1790436925,s8-tuic,556877,19521,2507,2507,9.3,30.2,305.1,0.0,-,0,0,0.000
1790436925,s9-anytls,95741,5514,443,443,11.8,29.9,229.7,0.0,-,0,0,0.000
1790436925,s10-vless-xhttp,167609,9562,798,798,35.1,47.0,250.0,0.0,-,0,0,0.000
1790436925,s11-http-proxy,540585,22565,2152,2152,15.6,34.0,325.7,0.0,-,0,0,0.000
1790436925,s12-vmess-h3,410759,16507,722,722,16.7,38.8,423.2,0.0,-,0,0,0.000
1790436925,__proc__,0,0,0,0,-,-,-,1001.8,8439,17433,5711645,4315.631
1790436955,s7-ss-tcp,560729,22278,2455,2455,9.7,25.0,241.1,0.0,-,0,0,0.000
1790436955,s8-tuic,558038,19572,2438,2438,9.2,25.7,260.1,0.0,-,0,0,0.000
1790436955,s9-anytls,95994,5528,531,531,11.9,29.8,226.9,0.0,-,0,0,0.000
1790436955,s10-vless-xhttp,167767,9569,332,332,35.2,47.2,256.7,0.0,-,0,0,0.000
1790436955,s11-http-proxy,541683,22618,2306,2306,13.5,28.7,322.7,0.0,-,0,0,0.000
1790436955,s12-vmess-h3,411237,16549,1004,1004,16.4,37.6,376.6,0.0,-,0,0,0.000
1790436955,__proc__,0,0,0,0,-,-,-,1000.7,7953,18199,5722042,4323.020
1790436985,s7-ss-tcp,561872,22339,2400,2400,9.4,26.1,212.3,0.0,-,0,0,0.000
1790436985,s8-tuic,559204,19623,2449,2449,8.9,26.2,243.7,0.0,-,0,0,0.000
1790436985,s9-anytls,96128,5543,281,281,12.0,29.8,224.9,0.0,-,0,0,0.000
1790436985,s10-vless-xhttp,168070,9593,636,636,35.1,46.9,245.5,0.0,-,0,0,0.000
1790436985,s11-http-proxy,542746,22692,2232,2232,13.5,28.6,238.7,0.0,-,0,0,0.000
1790436985,s12-vmess-h3,411896,16607,1384,1384,15.6,39.0,366.2,0.0,-,0,0,0.000
1790436985,__proc__,0,0,0,0,-,-,-,1000.7,7822,20112,5733000,4330.551
1790437015,s7-ss-tcp,562994,22394,2356,2356,10.0,28.0,208.9,0.0,-,0,0,0.000
1790437015,s8-tuic,560317,19668,2337,2337,9.7,28.5,216.5,0.0,-,0,0,0.000
1790437015,s9-anytls,96340,5555,445,445,12.4,30.5,220.6,0.0,-,0,0,0.000
1790437015,s10-vless-xhttp,168331,9606,548,548,35.1,47.2,244.2,0.0,-,0,0,0.000
1790437015,s11-http-proxy,543813,22747,2241,2241,14.7,31.3,225.1,0.0,-,0,0,0.000
1790437015,s12-vmess-h3,412888,16663,2083,2083,15.9,37.9,352.9,0.0,-,0,0,0.000
1790437015,__proc__,0,0,0,0,-,-,-,1000.7,7726,23774,5743504,4338.897
1790437045,s7-ss-tcp,564126,22439,2377,2377,9.9,29.8,209.5,0.0,-,0,0,0.000
1790437045,s8-tuic,561181,19694,1814,1814,9.6,30.2,210.2,0.0,-,0,0,0.000
1790437045,s9-anytls,96679,5570,712,712,12.5,31.0,220.6,0.0,-,0,0,0.000
1790437045,s10-vless-xhttp,168547,9616,454,454,35.2,47.3,245.5,0.0,-,0,0,0.000
1790437045,s11-http-proxy,544870,22795,2220,2220,15.2,32.7,204.7,0.0,-,0,0,0.000
1790437045,s12-vmess-h3,413696,16689,1697,1697,15.4,35.9,345.6,0.0,-,0,0,0.000
1790437045,__proc__,0,0,0,0,-,-,-,1000.7,6942,20649,5753823,4346.721
1790437075,s7-ss-tcp,565417,22455,2711,2711,9.5,28.5,229.1,0.0,-,0,0,0.000
1790437075,s8-tuic,562417,19710,2596,2596,9.5,30.2,241.3,0.0,-,0,0,0.000
1790437075,s9-anytls,96948,5583,565,565,12.7,30.8,241.5,0.0,-,0,0,0.000
1790437075,s10-vless-xhttp,168751,9620,428,428,35.2,48.0,249.6,0.0,-,0,0,0.000
1790437075,s11-http-proxy,546113,22811,2610,2610,15.9,32.6,240.0,0.0,-,0,0,0.000
1790437075,s12-vmess-h3,414243,16707,1149,1149,15.6,35.5,285.6,0.0,-,0,0,0.000
1790437075,__proc__,0,0,0,0,-,-,-,1000.7,6238,16439,5764966,4353.774
1790437105,s7-ss-tcp,566540,22516,2358,2358,9.2,28.1,237.0,0.0,-,0,0,0.000
1790437105,s8-tuic,563565,19766,2411,2411,9.2,30.0,236.2,0.0,-,0,0,0.000
1790437105,s9-anytls,97148,5596,420,420,12.7,30.5,241.8,0.0,-,0,0,0.000
1790437105,s10-vless-xhttp,169115,9634,764,764,35.3,48.1,249.6,0.0,-,0,0,0.000
1790437105,s11-http-proxy,547145,22896,2167,2167,15.5,32.5,242.1,0.0,-,0,0,0.000
1790437105,s12-vmess-h3,415168,16771,1942,1942,15.9,34.8,252.1,0.0,-,0,0,0.000
1790437105,__proc__,0,0,0,0,-,-,-,1000.7,6800,21637,5777229,4362.602
1790437135,s7-ss-tcp,567747,22516,2535,2535,9.7,28.8,240.6,0.0,-,0,0,0.000
1790437135,s8-tuic,564774,19766,2539,2539,9.7,30.1,236.3,0.0,-,0,0,0.000
1790437135,s9-anytls,97458,5600,651,651,13.1,30.6,246.7,0.0,-,0,0,0.000
1790437135,s10-vless-xhttp,169115,9634,0,0,35.3,48.1,249.6,0.0,-,0,0,0.000
1790437135,s11-http-proxy,548305,22896,2436,2436,16.4,32.0,235.9,0.0,-,0,0,0.000
1790437135,s12-vmess-h3,416331,16771,2442,2442,17.4,33.2,241.7,0.0,-,0,0,0.000
1790437135,__proc__,0,0,0,0,-,-,-,1000.7,6577,24009,5785299,4371.253
1790437165,s7-ss-tcp,568988,22524,2606,2606,10.0,29.7,260.9,0.0,-,0,0,0.000
1790437165,s8-tuic,566014,19774,2604,2604,9.7,31.0,246.3,0.0,-,0,0,0.000
1790437165,s9-anytls,97635,5603,372,372,13.2,31.2,245.0,0.0,-,0,0,0.000
1790437165,s10-vless-xhttp,169115,9634,0,0,35.3,48.1,249.6,0.0,-,0,0,0.000
1790437165,s11-http-proxy,549473,22896,2453,2453,17.4,32.0,198.4,0.0,-,0,0,0.000
1790437165,s12-vmess-h3,417502,16771,2459,2459,17.1,32.7,269.6,0.0,-,0,0,0.000
1790437165,__proc__,0,0,0,0,-,-,-,1000.7,6107,23394,5794447,4380.763
1790437195,s7-ss-tcp,570213,22524,2572,2572,11.0,30.1,261.8,0.0,-,0,0,0.000
1790437195,s8-tuic,567240,19774,2575,2575,10.9,30.6,260.6,0.0,-,0,0,0.000
1790437195,s9-anytls,97892,5611,540,540,13.3,31.2,246.7,0.0,-,0,0,0.000
1790437195,s10-vless-xhttp,169120,9635,10,10,35.3,48.1,249.6,0.0,-,0,0,0.000
1790437195,s11-http-proxy,550631,22896,2432,2432,18.1,32.4,234.4,0.0,-,0,0,0.000
1790437195,s12-vmess-h3,418665,16771,2442,2442,17.8,32.8,271.0,0.0,-,0,0,0.000
1790437195,__proc__,0,0,0,0,-,-,-,1000.7,5614,22541,5803616,4390.448
1790437225,s7-ss-tcp,571404,22524,2501,2501,10.0,30.1,283.0,0.0,-,0,0,0.000
1790437225,s8-tuic,568444,19774,2528,2528,10.0,30.9,283.5,0.0,-,0,0,0.000
1790437225,s9-anytls,98266,5619,785,785,13.5,32.2,254.5,0.0,-,0,0,0.000
1790437225,s10-vless-xhttp,169255,9635,284,284,35.3,48.3,256.7,0.0,-,0,0,0.000
1790437225,s11-http-proxy,551743,22896,2335,2335,18.5,32.4,101.9,0.0,-,0,0,0.000
1790437225,s12-vmess-h3,419780,16771,2342,2342,18.2,33.5,286.3,0.0,-,0,0,0.000
1790437225,__proc__,0,0,0,0,-,-,-,1000.7,5053,21223,5813927,4401.308
1790437255,s7-ss-tcp,572602,22524,2516,2516,9.8,29.2,327.7,0.0,-,0,0,0.000
1790437255,s8-tuic,569630,19774,2491,2491,10.0,30.2,343.3,0.0,-,0,0,0.000
1790437255,s9-anytls,98587,5625,674,674,13.7,33.3,263.4,0.0,-,0,0,0.000
1790437255,s10-vless-xhttp,169635,9637,798,798,35.4,48.2,256.7,0.0,-,0,0,0.000
1790437255,s11-http-proxy,552839,22896,2302,2302,18.1,31.6,281.4,0.0,-,0,0,0.000
1790437255,s12-vmess-h3,420882,16771,2314,2314,17.8,32.8,305.2,0.0,-,0,0,0.000
1790437255,__proc__,0,0,0,0,-,-,-,1000.7,5546,21868,5825673,4412.035
1790437285,s7-ss-tcp,573707,22540,2320,2320,10.3,29.9,356.2,0.0,-,0,0,0.000
1790437285,s8-tuic,570744,19786,2339,2339,10.3,31.5,331.6,0.0,-,0,0,0.000
1790437285,s9-anytls,98888,5635,632,632,13.9,33.8,267.9,0.0,-,0,0,0.000
1790437285,s10-vless-xhttp,170019,9644,806,806,35.4,48.7,262.1,0.0,-,0,0,0.000
1790437285,s11-http-proxy,553887,22912,2201,2201,18.1,31.8,236.6,0.0,-,0,0,0.000
1790437285,s12-vmess-h3,421934,16786,2209,2209,17.8,33.3,322.9,0.0,-,0,0,0.000
1790437285,__proc__,0,0,0,0,-,-,-,1000.7,5616,21320,5836523,4422.955
1790437315,s7-ss-tcp,574774,22556,2241,2241,11.0,30.8,417.5,0.0,-,0,0,0.000
1790437315,s8-tuic,571817,19800,2253,2253,10.7,32.1,402.6,0.0,-,0,0,0.000
1790437315,s9-anytls,99272,5650,806,806,14.1,33.1,269.2,0.0,-,0,0,0.000
1790437315,s10-vless-xhttp,170481,9651,970,970,35.5,48.9,262.5,0.0,-,0,0,0.000
1790437315,s11-http-proxy,554887,22928,2100,2100,18.7,31.5,45.0,0.0,-,0,0,0.000
1790437315,s12-vmess-h3,422938,16802,2108,2108,18.2,32.5,353.6,0.0,-,0,0,0.000
1790437315,__proc__,0,0,0,0,-,-,-,1000.7,6039,21565,5847450,4433.540
1790437345,s7-ss-tcp,575905,22573,2375,2375,10.9,29.1,403.2,0.0,-,0,0,0.000
1790437345,s8-tuic,572886,19816,2245,2245,10.6,30.6,402.8,0.0,-,0,0,0.000
1790437345,s9-anytls,99548,5657,580,580,14.6,33.3,270.9,0.0,-,0,0,0.000
1790437345,s10-vless-xhttp,170879,9661,836,836,35.6,48.5,265.8,0.0,-,0,0,0.000
1790437345,s11-http-proxy,555935,22952,2201,2201,18.8,30.8,236.3,0.0,-,0,0,0.000
1790437345,s12-vmess-h3,423950,16808,2125,2125,18.3,31.8,365.7,0.0,-,0,0,0.000
1790437345,__proc__,0,0,0,0,-,-,-,1000.7,6351,22008,5858141,4442.845
1790437375,s7-ss-tcp,577146,22573,2606,2606,10.3,27.7,321.1,0.0,-,0,0,0.000
1790437375,s8-tuic,574130,19816,2612,2612,10.1,28.5,342.0,0.0,-,0,0,0.000
1790437375,s9-anytls,100014,5667,979,979,14.5,33.6,304.6,0.0,-,0,0,0.000
1790437375,s10-vless-xhttp,171312,9661,909,909,35.6,48.9,266.2,0.0,-,0,0,0.000
1790437375,s11-http-proxy,557136,22952,2522,2522,17.2,31.0,283.0,0.0,-,0,0,0.000
1790437375,s12-vmess-h3,424300,16814,735,735,18.1,32.2,370.2,0.0,-,0,0,0.000
1790437375,__proc__,0,0,0,0,-,-,-,1000.7,6204,14134,5868044,4451.344
1790437405,s7-ss-tcp,578192,22657,2197,2197,9.9,26.6,288.0,0.0,-,0,0,0.000
1790437405,s8-tuic,575162,19889,2167,2167,9.3,27.4,333.1,0.0,-,0,0,0.000
1790437405,s9-anytls,100340,5699,685,685,14.3,33.9,307.5,0.0,-,0,0,0.000
1790437405,s10-vless-xhttp,171800,9709,1025,1025,35.5,48.8,292.2,0.0,-,0,0,0.000
1790437405,s11-http-proxy,558099,23044,2022,2022,16.5,31.3,290.6,0.0,-,0,0,0.000
1790437405,s12-vmess-h3,424988,16871,1445,1445,17.6,32.8,368.4,0.0,-,0,0,0.000
1790437405,__proc__,0,0,0,0,-,-,-,1000.7,6779,18951,5881931,4459.388
1790437435,s7-ss-tcp,579261,22724,2245,2245,8.9,25.5,232.7,0.0,-,0,0,0.000
1790437435,s8-tuic,576107,19950,1984,1984,8.6,26.4,281.3,0.0,-,0,0,0.000
1790437435,s9-anytls,100672,5723,697,697,14.0,31.9,317.2,0.0,-,0,0,0.000
1790437435,s10-vless-xhttp,172416,9757,1294,1294,35.5,48.7,310.6,0.0,-,0,0,0.000
1790437435,s11-http-proxy,559030,23116,1955,1955,14.7,31.6,304.0,0.0,-,0,0,0.000
1790437435,s12-vmess-h3,425781,16923,1665,1665,16.5,33.9,394.1,0.0,-,0,0,0.000
1790437435,__proc__,0,0,0,0,-,-,-,1001.1,8041,22034,5894391,4467.575
1790437465,s7-ss-tcp,580399,22778,2390,2390,8.1,25.7,267.5,0.0,-,0,0,0.000
1790437465,s8-tuic,577243,19998,2386,2386,7.7,26.4,295.1,0.0,-,0,0,0.000
1790437465,s9-anytls,100890,5734,458,458,13.8,31.8,317.2,0.0,-,0,0,0.000
1790437465,s10-vless-xhttp,172924,9781,1067,1067,35.4,48.8,310.6,0.0,-,0,0,0.000
1790437465,s11-http-proxy,560081,23158,2207,2207,12.8,30.5,305.5,0.0,-,0,0,0.000
1790437465,s12-vmess-h3,426207,16943,895,895,15.6,32.9,352.2,0.0,-,0,0,0.000
1790437465,__proc__,0,0,0,0,-,-,-,1001.9,8689,18797,5905520,4473.819
1790437495,s7-ss-tcp,581443,22864,2192,2192,7.7,23.9,245.4,0.0,-,0,0,0.000
1790437495,s8-tuic,578293,20080,2205,2205,7.2,27.1,294.5,0.0,-,0,0,0.000
1790437495,s9-anytls,101129,5759,502,502,13.8,31.8,317.2,0.0,-,0,0,0.000
1790437495,s10-vless-xhttp,173291,9820,771,771,35.4,49.0,315.4,0.0,-,0,0,0.000
1790437495,s11-http-proxy,561049,23251,2033,2033,12.8,29.3,266.5,0.0,-,0,0,0.000
1790437495,s12-vmess-h3,426665,16985,962,962,15.1,33.5,328.6,0.0,-,0,0,0.000
1790437495,__proc__,0,0,0,0,-,-,-,1002.3,9482,20400,5915694,4481.426
1790437525,s7-ss-tcp,582573,22941,2373,2373,7.1,25.9,243.6,0.0,-,0,0,0.000
1790437525,s8-tuic,579428,20151,2384,2384,7.0,27.5,264.6,0.0,-,0,0,0.000
1790437525,s9-anytls,101134,5760,10,10,13.8,31.8,317.2,0.0,-,0,0,0.000
1790437525,s10-vless-xhttp,173745,9861,953,953,35.3,49.6,315.4,0.0,-,0,0,0.000
1790437525,s11-http-proxy,562006,23316,2010,2010,12.1,28.0,289.8,0.0,-,0,0,0.000
1790437525,s12-vmess-h3,427123,17054,962,962,13.8,33.5,307.1,0.0,-,0,0,0.000
1790437525,__proc__,0,0,0,0,-,-,-,1002.8,10072,21210,5927781,4488.080
1790437555,s7-ss-tcp,583680,23014,2325,2325,7.2,24.0,243.6,0.0,-,0,0,0.000
1790437555,s8-tuic,580299,20191,1829,1829,7.0,27.7,267.4,0.0,-,0,0,0.000
1790437555,s9-anytls,101134,5760,0,0,13.8,31.8,317.2,0.0,-,0,0,0.000
1790437555,s10-vless-xhttp,174046,9885,632,632,35.2,50.3,310.7,0.0,-,0,0,0.000
1790437555,s11-http-proxy,563007,23383,2102,2102,12.0,28.4,254.8,0.0,-,0,0,0.000
1790437555,s12-vmess-h3,427487,17086,764,764,13.4,37.0,325.7,0.0,-,0,0,0.000
1790437555,__proc__,0,0,0,0,-,-,-,1004.5,9877,19882,5939186,4493.881
1790437585,s7-ss-tcp,584804,23085,2360,2360,7.7,26.4,203.2,0.0,-,0,0,0.000
1790437585,s8-tuic,581369,20256,2247,2247,7.6,27.7,243.4,0.0,-,0,0,0.000
1790437585,s9-anytls,101134,5760,0,0,13.8,31.8,317.2,0.0,-,0,0,0.000
1790437585,s10-vless-xhttp,174211,9898,346,346,35.2,50.1,310.6,0.0,-,0,0,0.000
1790437585,s11-http-proxy,563957,23455,1995,1995,13.0,30.1,252.8,0.0,-,0,0,0.000
1790437585,s12-vmess-h3,428381,17163,1877,1877,13.2,37.8,293.8,0.0,-,0,0,0.000
1790437585,__proc__,0,0,0,0,-,-,-,1005.6,9881,25927,5950988,4501.041
1790437615,s7-ss-tcp,585877,23109,2253,2253,9.3,29.1,220.3,0.0,-,0,0,0.000
1790437615,s8-tuic,582316,20274,1989,1989,8.5,30.5,235.4,0.0,-,0,0,0.000
1790437615,s9-anytls,101134,5760,0,0,13.8,31.8,317.2,0.0,-,0,0,0.000
1790437615,s10-vless-xhttp,174372,9902,338,338,35.2,50.2,310.7,0.0,-,0,0,0.000
1790437615,s11-http-proxy,564988,23476,2165,2165,15.8,32.7,243.8,0.0,-,0,0,0.000
1790437615,s12-vmess-h3,429413,17187,2167,2167,15.2,35.0,257.3,0.0,-,0,0,0.000
1790437615,__proc__,0,0,0,0,-,-,-,1007.0,9542,26958,5960224,4511.489
1790437645,s7-ss-tcp,586910,23154,2169,2169,10.2,28.9,208.1,0.0,-,0,0,0.000
1790437645,s8-tuic,583256,20315,1974,1974,9.5,31.8,329.3,0.0,-,0,0,0.000
1790437645,s9-anytls,101134,5760,0,0,13.8,31.8,317.2,0.0,-,0,0,0.000
1790437645,s10-vless-xhttp,174620,9919,521,521,35.2,49.3,310.6,0.0,-,0,0,0.000
1790437645,s11-http-proxy,566023,23532,2174,2174,17.5,33.1,156.3,0.0,-,0,0,0.000
1790437645,s12-vmess-h3,430449,17239,2176,2176,16.5,35.1,244.7,0.0,-,0,0,0.000
1790437645,__proc__,0,0,0,0,-,-,-,1007.3,9162,26483,5970223,4519.811
1790437675,s7-ss-tcp,587946,23154,2176,2176,10.8,30.1,278.4,0.0,-,0,0,0.000
1790437675,s8-tuic,584213,20315,2010,2010,10.2,31.8,379.2,0.0,-,0,0,0.000
1790437675,s9-anytls,101134,5760,0,0,13.8,31.8,317.2,0.0,-,0,0,0.000
1790437675,s10-vless-xhttp,174883,9919,552,552,35.2,50.3,310.7,0.0,-,0,0,0.000
1790437675,s11-http-proxy,567087,23532,2234,2234,19.1,32.7,135.6,0.0,-,0,0,0.000
1790437675,s12-vmess-h3,431515,17239,2239,2239,18.0,33.4,211.1,0.0,-,0,0,0.000
1790437675,__proc__,0,0,0,0,-,-,-,1008.5,8895,26416,5980252,4529.957
1790437705,s7-ss-tcp,589033,23220,2283,2283,10.8,30.1,307.5,0.0,-,0,0,0.000
1790437705,s8-tuic,585303,20382,2289,2289,10.7,32.1,335.9,0.0,-,0,0,0.000
1790437705,s9-anytls,101134,5760,0,0,13.8,31.8,317.2,0.0,-,0,0,0.000
1790437705,s10-vless-xhttp,175091,9935,437,437,35.2,49.1,317.8,0.0,-,0,0,0.000
1790437705,s11-http-proxy,568097,23596,2121,2121,18.9,32.8,135.6,0.0,-,0,0,0.000
1790437705,s12-vmess-h3,432535,17302,2142,2142,18.3,34.2,253.0,0.0,-,0,0,0.000
1790437705,__proc__,0,0,0,0,-,-,-,1008.7,8317,25020,5991167,4537.523
1790437735,s7-ss-tcp,590085,23250,2209,2209,11.0,29.8,368.1,0.0,-,0,0,0.000
1790437735,s8-tuic,586311,20401,2117,2117,10.6,30.9,387.4,0.0,-,0,0,0.000
1790437735,s9-anytls,101152,5763,38,38,13.8,31.9,332.0,0.0,-,0,0,0.000
1790437735,s10-vless-xhttp,175428,9954,708,708,35.2,48.6,315.4,0.0,-,0,0,0.000
1790437735,s11-http-proxy,569105,23628,2117,2117,19.0,32.4,169.4,0.0,-,0,0,0.000
1790437735,s12-vmess-h3,433544,17334,2119,2119,18.7,32.7,291.2,0.0,-,0,0,0.000
1790437735,__proc__,0,0,0,0,-,-,-,1009.0,7717,24004,6001796,4547.803
1790437765,s7-ss-tcp,591172,23258,2283,2283,11.7,31.5,365.9,0.0,-,0,0,0.000
1790437765,s8-tuic,587132,20408,1724,1724,11.5,31.7,399.3,0.0,-,0,0,0.000
1790437765,s9-anytls,101335,5766,384,384,14.0,32.2,342.7,0.0,-,0,0,0.000
1790437765,s10-vless-xhttp,175935,9957,1065,1065,35.4,50.2,310.6,0.0,-,0,0,0.000
1790437765,s11-http-proxy,570129,23633,2150,2150,19.9,32.4,87.6,0.0,-,0,0,0.000
1790437765,s12-vmess-h3,434574,17338,2163,2163,19.5,32.6,329.1,0.0,-,0,0,0.000
1790437765,__proc__,0,0,0,0,-,-,-,1009.1,7776,24368,6013318,4559.306
1790437795,s7-ss-tcp,592236,23266,2234,2234,12.1,31.3,357.2,0.0,-,0,0,0.000
1790437795,s8-tuic,588062,20415,1953,1953,11.5,30.9,366.7,0.0,-,0,0,0.000
1790437795,s9-anytls,101672,5776,708,708,13.8,31.7,343.9,0.0,-,0,0,0.000
1790437795,s10-vless-xhttp,176183,9961,521,521,35.4,50.6,310.7,0.0,-,0,0,0.000
1790437795,s11-http-proxy,571148,23646,2140,2140,19.0,32.0,183.4,0.0,-,0,0,0.000
1790437795,s12-vmess-h3,435216,17341,1348,1348,18.8,32.1,375.9,0.0,-,0,0,0.000
1790437795,__proc__,0,0,0,0,-,-,-,1009.1,7137,18894,6022648,4570.171
1790437825,s7-ss-tcp,593315,23282,2266,2266,12.9,31.1,400.6,0.0,-,0,0,0.000
1790437825,s8-tuic,589124,20432,2230,2230,12.7,31.6,398.6,0.0,-,0,0,0.000
1790437825,s9-anytls,101957,5789,598,598,13.9,31.5,351.0,0.0,-,0,0,0.000
1790437825,s10-vless-xhttp,176543,9970,756,756,35.4,50.8,310.7,0.0,-,0,0,0.000
1790437825,s11-http-proxy,572180,23670,2167,2167,20.1,32.1,40.1,0.0,-,0,0,0.000
1790437825,s12-vmess-h3,436194,17365,2054,2054,19.6,32.1,376.4,0.0,-,0,0,0.000
1790437825,__proc__,0,0,0,0,-,-,-,1009.1,7254,22951,6033691,4580.991
1790437855,s7-ss-tcp,594296,23320,2060,2060,12.3,30.6,401.7,0.0,-,0,0,0.000
1790437855,s8-tuic,590101,20471,2052,2052,12.3,32.3,409.4,0.0,-,0,0,0.000
1790437855,s9-anytls,102346,5808,817,817,14.0,31.5,370.5,0.0,-,0,0,0.000
1790437855,s10-vless-xhttp,177025,10007,1012,1012,35.5,50.7,310.7,0.0,-,0,0,0.000
1790437855,s11-http-proxy,573094,23725,1919,1919,19.6,32.7,41.0,0.0,-,0,0,0.000
1790437855,s12-vmess-h3,437001,17403,1695,1695,19.8,32.9,382.5,0.0,-,0,0,0.000
1790437855,__proc__,0,0,0,0,-,-,-,1009.1,7467,21309,6044835,4592.418
1790437885,s7-ss-tcp,595302,23365,2113,2113,12.1,29.9,413.5,0.0,-,0,0,0.000
1790437885,s8-tuic,591119,20513,2138,2138,12.0,30.5,404.0,0.0,-,0,0,0.000
1790437885,s9-anytls,102661,5837,662,662,14.1,31.1,370.5,0.0,-,0,0,0.000
1790437885,s10-vless-xhttp,177641,10030,1294,1294,35.7,50.2,409.8,0.0,-,0,0,0.000
1790437885,s11-http-proxy,574049,23767,2006,2006,19.0,32.1,379.8,0.0,-,0,0,0.000
1790437885,s12-vmess-h3,437734,17437,1539,1539,18.9,32.9,410.0,0.0,-,0,0,0.000
1790437885,__proc__,0,0,0,0,-,-,-,1009.1,8254,21722,6055816,4603.300
1790437915,s7-ss-tcp,596405,23381,2316,2316,11.7,29.2,413.5,0.0,-,0,0,0.000
1790437915,s8-tuic,592211,20529,2293,2293,11.5,29.1,395.1,0.0,-,0,0,0.000
1790437915,s9-anytls,103077,5852,874,874,14.0,30.7,360.5,0.0,-,0,0,0.000
1790437915,s10-vless-xhttp,178163,10038,1096,1096,35.7,50.0,441.4,0.0,-,0,0,0.000
1790437915,s11-http-proxy,575113,23783,2234,2234,18.7,31.8,273.6,0.0,-,0,0,0.000
1790437915,s12-vmess-h3,438054,17444,672,672,18.3,32.5,414.9,0.0,-,0,0,0.000
1790437915,__proc__,0,0,0,0,-,-,-,1009.1,8651,17529,6066093,4614.187
1790437945,s7-ss-tcp,597275,23478,1827,1827,11.5,29.2,413.5,0.0,-,0,0,0.000
1790437945,s8-tuic,593095,20597,1856,1856,11.2,29.6,468.0,0.0,-,0,0,0.000
1790437945,s9-anytls,103344,5879,561,561,14.0,30.6,351.0,0.0,-,0,0,0.000
1790437945,s10-vless-xhttp,178574,10092,863,863,35.8,49.8,442.9,0.0,-,0,0,0.000
1790437945,s11-http-proxy,575952,23855,1762,1762,18.5,32.3,364.2,0.0,-,0,0,0.000
1790437945,s12-vmess-h3,438890,17519,1756,1756,18.3,32.8,383.0,0.0,-,0,0,0.000
1790437945,__proc__,0,0,0,0,-,-,-,1009.0,9546,24681,6076929,4623.703
1790437975,s7-ss-tcp,598340,23518,2236,2236,11.4,29.5,361.5,0.0,-,0,0,0.000
1790437975,s8-tuic,594165,20637,2247,2247,10.9,29.5,432.0,0.0,-,0,0,0.000
1790437975,s9-anytls,103614,5888,567,567,13.8,30.6,350.7,0.0,-,0,0,0.000
1790437975,s10-vless-xhttp,179075,10112,1052,1052,35.8,51.2,456.5,0.0,-,0,0,0.000
1790437975,s11-http-proxy,576982,23887,2163,2163,17.3,32.8,439.5,0.0,-,0,0,0.000
1790437975,s12-vmess-h3,439290,17528,840,840,18.3,32.8,382.5,0.0,-,0,0,0.000
1790437975,__proc__,0,0,0,0,-,-,-,1009.2,9521,19787,6087330,4632.295
1790438005,s7-ss-tcp,599153,23650,1707,1707,10.2,28.9,360.2,0.0,-,0,0,0.000
1790438005,s8-tuic,594988,20756,1728,1728,9.7,30.2,451.6,0.0,-,0,0,0.000
1790438005,s9-anytls,103744,5920,273,273,13.9,30.6,339.5,0.0,-,0,0,0.000
1790438005,s10-vless-xhttp,179512,10181,918,918,35.7,51.5,479.0,0.0,-,0,0,0.000
1790438005,s11-http-proxy,577783,24011,1682,1682,16.0,32.9,450.9,0.0,-,0,0,0.000
1790438005,s12-vmess-h3,439941,17621,1367,1367,17.3,35.6,452.2,0.0,-,0,0,0.000
1790438005,__proc__,0,0,0,0,-,-,-,1009.2,10240,23712,6100455,4641.352
1790438035,s7-ss-tcp,599980,23697,1737,1737,9.2,30.2,360.2,0.0,-,0,0,0.000
1790438035,s8-tuic,596151,20787,2442,2442,8.2,36.9,475.9,0.0,-,0,0,0.000
1790438035,s9-anytls,103763,5922,40,40,13.9,30.7,343.9,0.0,-,0,0,0.000
1790438035,s10-vless-xhttp,179901,10196,817,817,35.7,53.5,474.2,0.0,-,0,0,0.000
1790438035,s11-http-proxy,578665,24057,1852,1852,14.0,38.4,451.0,0.0,-,0,0,0.000
1790438035,s12-vmess-h3,440138,17636,414,414,16.9,37.0,452.2,0.0,-,0,0,0.000
1790438035,__proc__,0,0,0,0,-,-,-,1008.7,9866,17915,6112933,4647.125
1790438065,s7-ss-tcp,600906,23713,1945,1945,8.4,32.6,354.8,0.0,-,0,0,0.000
1790438065,s8-tuic,597189,20795,2180,2180,7.4,59.7,402.0,0.0,-,0,0,0.000
1790438065,s9-anytls,103763,5922,0,0,13.9,30.7,343.9,0.0,-,0,0,0.000
1790438065,s10-vless-xhttp,180227,10202,685,685,35.7,54.5,470.8,0.0,-,0,0,0.000
1790438065,s11-http-proxy,579621,24100,2008,2008,13.1,118.6,458.6,0.0,-,0,0,0.000
1790438065,s12-vmess-h3,440939,17643,1682,1682,16.0,74.3,443.0,0.0,-,0,0,0.000
1790438065,__proc__,0,0,0,0,-,-,-,1008.9,10055,25199,6126235,4654.853
1790438095,s7-ss-tcp,601968,23731,2230,2230,8.5,26.6,306.9,0.0,-,0,0,0.000
1790438095,s8-tuic,598254,20809,2236,2236,7.5,26.9,322.1,0.0,-,0,0,0.000
1790438095,s9-anytls,103763,5922,0,0,13.9,30.7,343.9,0.0,-,0,0,0.000
1790438095,s10-vless-xhttp,180465,10206,500,500,35.6,55.1,474.2,0.0,-,0,0,0.000
1790438095,s11-http-proxy,580733,24116,2335,2335,13.3,113.9,460.5,0.0,-,0,0,0.000
1790438095,s12-vmess-h3,441618,17662,1426,1426,15.5,57.1,382.2,0.0,-,0,0,0.000
1790438095,__proc__,0,0,0,0,-,-,-,1008.9,9894,23470,6135718,4664.389
1790438125,s7-ss-tcp,602744,23748,1630,1630,8.5,45.8,343.3,0.0,-,0,0,0.000
1790438125,s8-tuic,599028,20824,1625,1625,8.0,53.2,320.5,0.0,-,0,0,0.000
1790438125,s9-anytls,103763,5922,0,0,13.9,30.7,343.9,0.0,-,0,0,0.000
1790438125,s10-vless-xhttp,180465,10206,0,0,35.6,55.1,474.2,0.0,-,0,0,0.000
1790438125,s11-http-proxy,581475,24132,1558,1558,14.3,116.3,438.8,0.0,-,0,0,0.000
1790438125,s12-vmess-h3,442368,17678,1575,1575,15.7,91.2,443.0,0.0,-,0,0,0.000
1790438125,__proc__,0,0,0,0,-,-,-,1009.0,9251,23324,6142498,4680.630
1790438155,s7-ss-tcp,603808,23843,2234,2234,8.6,30.1,286.8,0.0,-,0,0,0.000
1790438155,s8-tuic,600108,20904,2268,2268,8.3,31.0,238.7,0.0,-,0,0,0.000
1790438155,s9-anytls,103763,5922,0,0,13.9,30.7,343.9,0.0,-,0,0,0.000
1790438155,s10-vless-xhttp,180695,10227,483,483,35.6,57.7,501.1,0.0,-,0,0,0.000
1790438155,s11-http-proxy,582477,24220,2104,2104,15.5,46.9,512.2,0.0,-,0,0,0.000
1790438155,s12-vmess-h3,443364,17749,2092,2092,15.0,91.4,448.5,0.0,-,0,0,0.000
1790438155,__proc__,0,0,0,0,-,-,-,1010.1,9076,25983,6156778,4687.839
1790438185,s7-ss-tcp,604965,23865,2430,2430,9.2,29.4,286.8,0.0,-,0,0,0.000
1790438185,s8-tuic,601271,20933,2442,2442,9.1,31.3,253.6,0.0,-,0,0,0.000
1790438185,s9-anytls,103763,5922,0,0,13.9,30.7,343.9,0.0,-,0,0,0.000
1790438185,s10-vless-xhttp,180958,10237,552,552,35.5,57.9,470.6,0.0,-,0,0,0.000
1790438185,s11-http-proxy,583555,24240,2264,2264,17.2,35.3,404.5,0.0,-,0,0,0.000
1790438185,s12-vmess-h3,444282,17759,1928,1928,16.2,46.8,358.6,0.0,-,0,0,0.000
1790438185,__proc__,0,0,0,0,-,-,-,1010.1,8241,23829,6167478,4696.524
1790438215,s7-ss-tcp,606199,23893,2591,2591,8.8,30.1,262.3,0.0,-,0,0,0.000
1790438215,s8-tuic,602517,20956,2617,2617,8.5,31.5,286.6,0.0,-,0,0,0.000
1790438215,s9-anytls,103763,5922,0,0,13.9,30.7,343.9,0.0,-,0,0,0.000
1790438215,s10-vless-xhttp,181240,10244,592,592,35.4,59.8,460.5,0.0,-,0,0,0.000
1790438215,s11-http-proxy,584764,24270,2539,2539,15.6,39.0,355.9,0.0,-,0,0,0.000
1790438215,s12-vmess-h3,444525,17770,510,510,16.1,45.6,358.6,0.0,-,0,0,0.000
1790438215,__proc__,0,0,0,0,-,-,-,1010.1,7115,14301,6177437,4703.088
1790438245,s7-ss-tcp,607363,23922,2444,2444,8.3,26.5,238.3,0.0,-,0,0,0.000
1790438245,s8-tuic,603686,20986,2455,2455,8.3,27.5,237.0,0.0,-,0,0,0.000
1790438245,s9-anytls,103855,5925,193,193,14.0,30.8,326.4,0.0,-,0,0,0.000
1790438245,s10-vless-xhttp,181505,10254,556,556,35.2,59.8,450.9,0.0,-,0,0,0.000
1790438245,s11-http-proxy,585844,24310,2268,2268,15.1,30.1,221.8,0.0,-,0,0,0.000
1790438245,s12-vmess-h3,445362,17800,1758,1758,16.6,39.4,330.3,0.0,-,0,0,0.000
1790438245,__proc__,0,0,0,0,-,-,-,1010.1,7400,21571,6188081,4711.740
1790438275,s7-ss-tcp,608543,23954,2478,2478,9.0,25.7,217.5,0.0,-,0,0,0.000
1790438275,s8-tuic,604867,21017,2480,2480,8.9,25.8,189.7,0.0,-,0,0,0.000
1790438275,s9-anytls,103982,5927,267,267,14.1,30.8,326.4,0.0,-,0,0,0.000
1790438275,s10-vless-xhttp,181834,10267,691,691,35.1,58.0,428.9,0.0,-,0,0,0.000
1790438275,s11-http-proxy,586943,24339,2308,2308,15.1,30.1,249.9,0.0,-,0,0,0.000
1790438275,s12-vmess-h3,446241,17823,1846,1846,16.0,39.5,297.5,0.0,-,0,0,0.000
1790438275,__proc__,0,0,0,0,-,-,-,1010.1,7101,21685,6198781,4720.704
1790438305,s7-ss-tcp,609773,23977,2583,2583,9.1,25.2,237.0,0.0,-,0,0,0.000
1790438305,s8-tuic,606105,21041,2600,2600,8.9,25.5,235.8,0.0,-,0,0,0.000
1790438305,s9-anytls,104166,5933,386,386,14.1,30.7,326.4,0.0,-,0,0,0.000
1790438305,s10-vless-xhttp,182126,10276,613,613,35.0,56.6,369.7,0.0,-,0,0,0.000
1790438305,s11-http-proxy,588122,24362,2476,2476,14.6,29.3,248.9,0.0,-,0,0,0.000
1790438305,s12-vmess-h3,446771,17832,1113,1113,15.3,39.3,265.3,0.0,-,0,0,0.000
1790438305,__proc__,0,0,0,0,-,-,-,1010.1,6456,16686,6209021,4728.468
1790438335,s7-ss-tcp,610822,24050,2203,2203,9.1,26.4,223.3,0.0,-,0,0,0.000
1790438335,s8-tuic,607165,21114,2226,2226,8.7,25.9,211.9,0.0,-,0,0,0.000
1790438335,s9-anytls,104530,5958,764,764,14.2,30.7,325.8,0.0,-,0,0,0.000
1790438335,s10-vless-xhttp,182598,10322,991,991,34.9,55.1,340.9,0.0,-,0,0,0.000
1790438335,s11-http-proxy,589123,24447,2102,2102,14.8,30.2,256.4,0.0,-,0,0,0.000
1790438335,s12-vmess-h3,447332,17881,1178,1178,15.2,39.1,297.9,0.0,-,0,0,0.000
1790438335,__proc__,0,0,0,0,-,-,-,1010.1,6720,17465,6221812,4736.509
1790438365,s7-ss-tcp,611894,24098,2251,2251,9.3,25.4,222.8,0.0,-,0,0,0.000
1790438365,s8-tuic,608260,21156,2300,2300,8.8,25.2,212.2,0.0,-,0,0,0.000
1790438365,s9-anytls,104849,5987,670,670,14.3,30.7,325.3,0.0,-,0,0,0.000
1790438365,s10-vless-xhttp,183065,10347,981,981,34.8,51.5,318.4,0.0,-,0,0,0.000
1790438365,s11-http-proxy,590237,24501,2339,2339,14.3,30.4,320.7,0.0,-,0,0,0.000
1790438365,s12-vmess-h3,447913,17918,1220,1220,15.1,33.4,263.1,0.0,-,0,0,0.000
1790438365,__proc__,0,0,0,0,-,-,-,1010.1,7022,18081,6233244,4745.099
1790438395,s7-ss-tcp,612797,24137,1896,1896,9.0,24.6,232.6,0.0,-,0,0,0.000
1790438395,s8-tuic,609308,21193,2201,2201,8.5,24.6,234.1,0.0,-,0,0,0.000
1790438395,s9-anytls,105207,6001,752,752,14.7,30.7,325.8,0.0,-,0,0,0.000
1790438395,s10-vless-xhttp,183657,10378,1243,1243,34.9,48.6,254.6,0.0,-,0,0,0.000
1790438395,s11-http-proxy,591280,24547,2190,2190,14.7,31.4,264.1,0.0,-,0,0,0.000
1790438395,s12-vmess-h3,448771,17962,1802,1802,15.0,33.8,321.9,0.0,-,0,0,0.000
1790438395,__proc__,0,0,0,0,-,-,-,1010.1,8004,22725,6245012,4754.755
1790438425,s7-ss-tcp,613791,24225,2087,2087,8.8,26.1,228.9,0.0,-,0,0,0.000
1790438425,s8-tuic,610316,21270,2117,2117,8.5,27.0,269.6,0.0,-,0,0,0.000
1790438425,s9-anytls,105453,6025,517,517,14.3,30.5,325.3,0.0,-,0,0,0.000
1790438425,s10-vless-xhttp,184129,10420,991,991,34.8,47.4,254.6,0.0,-,0,0,0.000
1790438425,s11-http-proxy,592261,24642,2060,2060,15.0,32.1,249.4,0.0,-,0,0,0.000
1790438425,s12-vmess-h3,449645,18020,1835,1835,14.6,35.6,338.7,0.0,-,0,0,0.000
1790438425,__proc__,0,0,0,0,-,-,-,1010.4,8930,24349,6259045,4763.579
1790438455,s7-ss-tcp,614826,24269,2174,2174,8.8,26.8,230.9,0.0,-,0,0,0.000
1790438455,s8-tuic,611196,21302,1848,1848,8.5,27.4,268.3,0.0,-,0,0,0.000
1790438455,s9-anytls,105747,6033,617,617,14.1,30.5,289.9,0.0,-,0,0,0.000
1790438455,s10-vless-xhttp,184655,10440,1105,1105,34.8,45.8,251.6,0.0,-,0,0,0.000
1790438455,s11-http-proxy,593391,24678,2373,2373,15.0,33.1,234.4,0.0,-,0,0,0.000
1790438455,s12-vmess-h3,449994,18044,733,733,14.5,35.6,324.0,0.0,-,0,0,0.000
1790438455,__proc__,0,0,0,0,-,-,-,1009.5,8949,18310,6269974,4770.910
1790438485,s7-ss-tcp,615833,24346,2115,2115,9.0,28.2,281.8,0.0,-,0,0,0.000
1790438485,s8-tuic,612192,21377,2092,2092,8.8,28.6,318.4,0.0,-,0,0,0.000
1790438485,s9-anytls,106031,6073,596,596,13.8,30.4,236.2,0.0,-,0,0,0.000
1790438485,s10-vless-xhttp,185086,10479,905,905,35.0,45.5,256.8,0.0,-,0,0,0.000
1790438485,s11-http-proxy,594342,24751,1997,1997,15.6,33.0,223.0,0.0,-,0,0,0.000
1790438485,s12-vmess-h3,450769,18111,1628,1628,14.9,35.6,324.0,0.0,-,0,0,0.000
1790438485,__proc__,0,0,0,0,-,-,-,1009.6,9752,24398,6280611,4779.311
1790438515,s7-ss-tcp,616798,24443,2026,2026,9.1,32.4,330.1,0.0,-,0,0,0.000
1790438515,s8-tuic,613170,21470,2054,2054,8.9,33.2,359.2,0.0,-,0,0,0.000
1790438515,s9-anytls,106160,6104,271,271,13.6,30.4,236.2,0.0,-,0,0,0.000
1790438515,s10-vless-xhttp,185516,10543,903,903,35.1,45.1,261.5,0.0,-,0,0,0.000
1790438515,s11-http-proxy,595242,24861,1890,1890,15.0,33.1,251.8,0.0,-,0,0,0.000
1790438515,s12-vmess-h3,451326,18181,1170,1170,15.1,37.7,304.9,0.0,-,0,0,0.000
1790438515,__proc__,0,0,0,0,-,-,-,1009.9,9891,22159,6291999,4786.288
1790438545,s7-ss-tcp,617878,24505,2268,2268,9.5,33.3,331.5,0.0,-,0,0,0.000
1790438545,s8-tuic,614259,21520,2287,2287,9.2,34.5,343.1,0.0,-,0,0,0.000
1790438545,s9-anytls,106291,6116,275,275,13.3,30.2,231.6,0.0,-,0,0,0.000
1790438545,s10-vless-xhttp,185913,10580,834,834,35.1,45.2,243.6,0.0,-,0,0,0.000
1790438545,s11-http-proxy,596290,24929,2201,2201,14.1,31.6,301.8,0.0,-,0,0,0.000
1790438545,s12-vmess-h3,451658,18215,697,697,14.9,38.1,328.5,0.0,-,0,0,0.000
1790438545,__proc__,0,0,0,0,-,-,-,1009.9,9871,19545,6302164,4794.053
1790438575,s7-ss-tcp,618883,24598,2110,2110,9.5,33.3,331.3,0.0,-,0,0,0.000
1790438575,s8-tuic,615275,21604,2134,2134,9.5,38.6,331.7,0.0,-,0,0,0.000
1790438575,s9-anytls,106474,6138,384,384,13.3,30.1,227.3,0.0,-,0,0,0.000
1790438575,s10-vless-xhttp,186312,10624,838,838,35.1,45.5,256.8,0.0,-,0,0,0.000
1790438575,s11-http-proxy,597256,25024,2029,2029,14.5,31.4,291.5,0.0,-,0,0,0.000
1790438575,s12-vmess-h3,452056,18259,836,836,14.9,40.6,328.9,0.0,-,0,0,0.000
1790438575,__proc__,0,0,0,0,-,-,-,1009.9,10090,20622,6312905,4801.387
1790438605,s7-ss-tcp,619737,24638,1793,1793,9.3,58.2,362.2,0.0,-,0,0,0.000
1790438605,s8-tuic,616413,21630,2390,2390,9.2,53.2,340.1,0.0,-,0,0,0.000
1790438605,s9-anytls,106557,6140,174,174,13.2,30.2,228.5,0.0,-,0,0,0.000
1790438605,s10-vless-xhttp,186581,10643,565,565,35.2,46.6,303.4,0.0,-,0,0,0.000
1790438605,s11-http-proxy,598258,25072,2104,2104,14.0,75.6,311.5,0.0,-,0,0,0.000
1790438605,s12-vmess-h3,452530,18265,995,995,14.5,60.2,329.3,0.0,-,0,0,0.000
1790438605,__proc__,0,0,0,0,-,-,-,1009.9,10131,21595,6324684,4809.152
1790438635,s7-ss-tcp,620588,24660,1787,1787,9.7,51.0,327.0,0.0,-,0,0,0.000
1790438635,s8-tuic,617541,21654,2369,2369,9.4,45.9,316.3,0.0,-,0,0,0.000
1790438635,s9-anytls,106642,6140,178,178,13.0,30.1,228.2,0.0,-,0,0,0.000
1790438635,s10-vless-xhttp,186883,10654,634,634,35.3,46.9,303.4,0.0,-,0,0,0.000
1790438635,s11-http-proxy,599271,25108,2127,2127,14.6,105.1,338.5,0.0,-,0,0,0.000
1790438635,s12-vmess-h3,453381,18280,1787,1787,15.0,96.1,331.0,0.0,-,0,0,0.000
1790438635,__proc__,0,0,0,0,-,-,-,1010.1,10208,25921,6335191,4817.747
1790438665,s7-ss-tcp,621484,24698,1882,1882,9.9,69.5,320.3,0.0,-,0,0,0.000
1790438665,s8-tuic,618734,21680,2505,2505,9.2,68.3,317.4,0.0,-,0,0,0.000
1790438665,s9-anytls,106642,6140,0,0,13.0,30.1,228.2,0.0,-,0,0,0.000
1790438665,s10-vless-xhttp,187117,10671,491,491,35.3,47.3,285.5,0.0,-,0,0,0.000
1790438665,s11-http-proxy,600357,25152,2281,2281,15.3,111.6,335.5,0.0,-,0,0,0.000
1790438665,s12-vmess-h3,454391,18288,2121,2121,15.9,116.0,346.9,0.0,-,0,0,0.000
1790438665,__proc__,0,0,0,0,-,-,-,1011.1,9858,27281,6346865,4825.721
1790438695,s7-ss-tcp,622581,24744,2304,2304,9.2,55.0,318.8,0.0,-,0,0,0.000
1790438695,s8-tuic,619901,21734,2451,2451,9.0,31.5,263.0,0.0,-,0,0,0.000
1790438695,s9-anytls,106642,6140,0,0,13.0,30.1,228.2,0.0,-,0,0,0.000
1790438695,s10-vless-xhttp,187452,10685,704,704,35.3,48.8,285.8,0.0,-,0,0,0.000
1790438695,s11-http-proxy,601410,25199,2211,2211,14.5,80.3,335.5,0.0,-,0,0,0.000
1790438695,s12-vmess-h3,454911,18328,1092,1092,15.6,115.1,371.9,0.0,-,0,0,0.000
1790438695,__proc__,0,0,0,0,-,-,-,1011.2,8867,20312,6359724,4833.518
1790438725,s7-ss-tcp,623721,24791,2394,2394,9.0,33.1,265.8,0.0,-,0,0,0.000
1790438725,s8-tuic,620952,21772,2207,2207,8.9,33.7,285.7,0.0,-,0,0,0.000
1790438725,s9-anytls,106642,6140,0,0,13.0,30.1,228.2,0.0,-,0,0,0.000
1790438725,s10-vless-xhttp,187889,10707,918,918,35.2,49.2,292.9,0.0,-,0,0,0.000
1790438725,s11-http-proxy,602426,25246,2134,2134,14.4,36.1,321.0,0.0,-,0,0,0.000
1790438725,s12-vmess-h3,455497,18363,1231,1231,15.6,114.1,339.7,0.0,-,0,0,0.000
1790438725,__proc__,0,0,0,0,-,-,-,1011.1,8877,20940,6370903,4841.390
1790438755,s7-ss-tcp,624726,24842,2110,2110,8.6,31.7,283.9,0.0,-,0,0,0.000
1790438755,s8-tuic,621900,21813,1991,1991,8.5,31.1,279.8,0.0,-,0,0,0.000
1790438755,s9-anytls,106642,6140,0,0,13.0,30.1,228.2,0.0,-,0,0,0.000
1790438755,s10-vless-xhttp,188378,10739,1027,1027,35.4,49.4,282.0,0.0,-,0,0,0.000
1790438755,s11-http-proxy,603423,25298,2094,2094,14.8,33.8,256.2,0.0,-,0,0,0.000
1790438755,s12-vmess-h3,456343,18399,1777,1777,16.3,112.1,346.3,0.0,-,0,0,0.000
1790438755,__proc__,0,0,0,0,-,-,-,1011.1,9062,24276,6382388,4851.239
1790438785,s7-ss-tcp,625736,24881,2121,2121,8.5,29.8,294.8,0.0,-,0,0,0.000
1790438785,s8-tuic,622915,21844,2132,2132,8.3,29.3,329.4,0.0,-,0,0,0.000
1790438785,s9-anytls,106642,6140,0,0,13.0,30.1,228.2,0.0,-,0,0,0.000
1790438785,s10-vless-xhttp,188982,10774,1268,1268,35.3,51.8,302.9,0.0,-,0,0,0.000
1790438785,s11-http-proxy,604467,25341,2192,2192,13.8,31.8,256.1,0.0,-,0,0,0.000
1790438785,s12-vmess-h3,456666,18407,678,678,16.2,112.8,381.0,0.0,-,0,0,0.000
1790438785,__proc__,0,0,0,0,-,-,-,1011.1,8920,18082,6392674,4860.608
1790438815,s7-ss-tcp,626787,24939,2207,2207,8.9,32.4,326.6,0.0,-,0,0,0.000
1790438815,s8-tuic,623977,21907,2230,2230,8.5,33.6,329.4,0.0,-,0,0,0.000
1790438815,s9-anytls,106825,6154,384,384,12.9,30.2,225.7,0.0,-,0,0,0.000
1790438815,s10-vless-xhttp,189389,10798,855,855,35.4,53.6,303.5,0.0,-,0,0,0.000
1790438815,s11-http-proxy,605444,25412,2052,2052,14.3,34.0,295.0,0.0,-,0,0,0.000
1790438815,s12-vmess-h3,457279,18462,1287,1287,15.6,113.8,346.9,0.0,-,0,0,0.000
1790438815,__proc__,0,0,0,0,-,-,-,1011.1,9154,21669,6404118,4869.306
1790438845,s7-ss-tcp,627865,24996,2264,2264,9.0,32.4,390.3,0.0,-,0,0,0.000
1790438845,s8-tuic,624975,21963,2096,2096,9.0,33.7,329.4,0.0,-,0,0,0.000
1790438845,s9-anytls,107023,6173,416,416,12.7,30.3,223.9,0.0,-,0,0,0.000
1790438845,s10-vless-xhttp,189642,10813,531,531,35.4,54.4,315.1,0.0,-,0,0,0.000
1790438845,s11-http-proxy,606438,25492,2087,2087,15.3,34.2,296.5,0.0,-,0,0,0.000
1790438845,s12-vmess-h3,458153,18522,1835,1835,15.5,39.3,390.2,0.0,-,0,0,0.000
1790438845,__proc__,0,0,0,0,-,-,-,1011.1,9096,24572,6415538,4877.546
1790438875,s7-ss-tcp,629042,25026,2472,2472,9.3,27.6,347.0,0.0,-,0,0,0.000
1790438875,s8-tuic,626074,21992,2308,2308,9.3,30.8,278.6,0.0,-,0,0,0.000
1790438875,s9-anytls,107089,6174,139,139,12.7,30.2,217.8,0.0,-,0,0,0.000
1790438875,s10-vless-xhttp,189770,10818,269,269,35.4,54.8,315.1,0.0,-,0,0,0.000
1790438875,s11-http-proxy,607526,25536,2285,2285,15.0,32.3,292.4,0.0,-,0,0,0.000
1790438875,s12-vmess-h3,459079,18543,1945,1945,16.0,35.6,345.3,0.0,-,0,0,0.000
1790438875,__proc__,0,0,0,0,-,-,-,1011.3,8519,24333,6425503,4886.522
1790438905,s7-ss-tcp,630186,25075,2402,2402,10.0,27.7,329.9,0.0,-,0,0,0.000
1790438905,s8-tuic,627226,22034,2419,2419,10.0,30.8,278.3,0.0,-,0,0,0.000
1790438905,s9-anytls,107249,6180,336,336,12.9,30.3,216.8,0.0,-,0,0,0.000
1790438905,s10-vless-xhttp,189932,10834,340,340,35.4,53.6,315.1,0.0,-,0,0,0.000
1790438905,s11-http-proxy,608612,25582,2281,2281,17.5,32.4,243.5,0.0,-,0,0,0.000
1790438905,s12-vmess-h3,460059,18589,2058,2058,17.1,35.0,343.1,0.0,-,0,0,0.000
1790438905,__proc__,0,0,0,0,-,-,-,1011.3,8422,24786,6435442,4894.906
1790438935,s7-ss-tcp,631292,25147,2323,2323,9.8,28.6,279.8,0.0,-,0,0,0.000
1790438935,s8-tuic,628333,22103,2325,2325,9.5,29.9,277.3,0.0,-,0,0,0.000
1790438935,s9-anytls,107445,6194,412,412,12.6,30.2,217.8,0.0,-,0,0,0.000
1790438935,s10-vless-xhttp,190186,10852,533,533,35.4,53.1,283.5,0.0,-,0,0,0.000
1790438935,s11-http-proxy,609662,25632,2205,2205,17.4,32.7,243.7,0.0,-,0,0,0.000
1790438935,s12-vmess-h3,460611,18614,1159,1159,17.1,36.1,316.6,0.0,-,0,0,0.000
1790438935,__proc__,0,0,0,0,-,-,-,1011.3,7894,19137,6446539,4902.392
1790438965,s7-ss-tcp,632404,25190,2335,2335,9.4,27.6,262.4,0.0,-,0,0,0.000
1790438965,s8-tuic,629449,22147,2344,2344,9.2,28.9,272.4,0.0,-,0,0,0.000
1790438965,s9-anytls,107601,6195,328,328,12.5,30.0,219.1,0.0,-,0,0,0.000
1790438965,s10-vless-xhttp,190534,10873,731,731,35.5,51.8,274.5,0.0,-,0,0,0.000
1790438965,s11-http-proxy,610734,25674,2251,2251,16.4,32.3,244.9,0.0,-,0,0,0.000
1790438965,s12-vmess-h3,461339,18652,1529,1529,17.0,35.4,339.0,0.0,-,0,0,0.000
1790438965,__proc__,0,0,0,0,-,-,-,1011.3,8367,21784,6458528,4910.479
1790438995,s7-ss-tcp,633441,25228,2178,2178,9.0,27.7,272.7,0.0,-,0,0,0.000
1790438995,s8-tuic,630391,22178,1978,1978,8.9,29.4,274.9,0.0,-,0,0,0.000
1790438995,s9-anytls,107805,6205,428,428,12.5,30.2,223.9,0.0,-,0,0,0.000
1790438995,s10-vless-xhttp,190936,10890,844,844,35.4,51.3,270.4,0.0,-,0,0,0.000
1790438995,s11-http-proxy,611854,25722,2352,2352,16.6,32.1,235.1,0.0,-,0,0,0.000
1790438995,s12-vmess-h3,462198,18694,1804,1804,16.6,34.9,256.2,0.0,-,0,0,0.000
1790438995,__proc__,0,0,0,0,-,-,-,1010.6,8462,23486,6470545,4918.522
1790439025,s7-ss-tcp,634536,25285,2300,2300,8.7,27.3,273.2,0.0,-,0,0,0.000
1790439025,s8-tuic,631288,22213,1884,1884,9.0,29.6,281.6,0.0,-,0,0,0.000
1790439025,s9-anytls,107937,6215,277,277,12.6,30.0,216.8,0.0,-,0,0,0.000
1790439025,s10-vless-xhttp,191261,10907,682,682,35.2,49.6,262.5,0.0,-,0,0,0.000
1790439025,s11-http-proxy,612904,25768,2205,2205,16.2,31.5,264.1,0.0,-,0,0,0.000
1790439025,s12-vmess-h3,463196,18735,2096,2096,16.7,35.0,256.5,0.0,-,0,0,0.000
1790439025,__proc__,0,0,0,0,-,-,-,1010.7,8465,25076,6482650,4927.620
1790439055,s7-ss-tcp,635636,25329,2310,2310,9.1,30.5,266.2,0.0,-,0,0,0.000
1790439055,s8-tuic,632366,22261,2264,2264,9.4,31.7,283.5,0.0,-,0,0,0.000
1790439055,s9-anytls,108073,6220,286,286,12.6,30.2,217.2,0.0,-,0,0,0.000
1790439055,s10-vless-xhttp,191518,10923,540,540,35.2,48.9,257.0,0.0,-,0,0,0.000
1790439055,s11-http-proxy,613974,25807,2247,2247,16.6,32.1,234.6,0.0,-,0,0,0.000
1790439055,s12-vmess-h3,464193,18775,2094,2094,16.0,36.6,264.4,0.0,-,0,0,0.000
1790439055,__proc__,0,0,0,0,-,-,-,1010.8,8002,24359,6492611,4936.263
1790439085,s7-ss-tcp,636731,25393,2300,2300,9.7,31.4,262.7,0.0,-,0,0,0.000
1790439085,s8-tuic,633434,22321,2243,2243,9.4,33.7,283.6,0.0,-,0,0,0.000
1790439085,s9-anytls,108204,6228,275,275,12.7,30.4,217.2,0.0,-,0,0,0.000
1790439085,s10-vless-xhttp,191731,10936,447,447,35.2,48.8,241.3,0.0,-,0,0,0.000
1790439085,s11-http-proxy,615005,25864,2165,2165,17.1,32.8,222.4,0.0,-,0,0,0.000
1790439085,s12-vmess-h3,465164,18830,2039,2039,16.4,34.1,258.5,0.0,-,0,0,0.000
1790439085,__proc__,0,0,0,0,-,-,-,1010.8,7172,22814,6504294,4944.299
1790439115,s7-ss-tcp,637915,25393,2486,2486,9.9,31.0,245.8,0.0,-,0,0,0.000
1790439115,s8-tuic,634469,22321,2174,2174,9.8,32.4,281.7,0.0,-,0,0,0.000
1790439115,s9-anytls,108296,6228,193,193,12.8,30.5,219.0,0.0,-,0,0,0.000
1790439115,s10-vless-xhttp,192047,10939,664,664,35.3,49.4,238.6,0.0,-,0,0,0.000
1790439115,s11-http-proxy,616077,25864,2251,2251,17.5,33.3,222.3,0.0,-,0,0,0.000
1790439115,s12-vmess-h3,466186,18831,2146,2146,17.1,34.1,268.4,0.0,-,0,0,0.000
1790439115,__proc__,0,0,0,0,-,-,-,1010.8,7166,23500,6514432,4953.987
1790439145,s7-ss-tcp,639078,25410,2442,2442,9.7,29.7,270.3,0.0,-,0,0,0.000
1790439145,s8-tuic,635637,22337,2453,2453,9.4,31.0,281.7,0.0,-,0,0,0.000
1790439145,s9-anytls,108524,6235,479,479,13.0,30.5,228.2,0.0,-,0,0,0.000
1790439145,s10-vless-xhttp,192559,10949,1075,1075,35.3,49.8,286.5,0.0,-,0,0,0.000
1790439145,s11-http-proxy,617053,25877,2050,2050,17.0,34.6,263.3,0.0,-,0,0,0.000
1790439145,s12-vmess-h3,466736,18839,1155,1155,16.7,36.4,319.9,0.0,-,0,0,0.000
1790439145,__proc__,0,0,0,0,-,-,-,1010.8,7193,18045,6524906,4964.256
1790439175,s7-ss-tcp,640029,25452,1997,1997,9.2,26.6,306.7,0.0,-,0,0,0.000
1790439175,s8-tuic,636703,22392,2239,2239,8.9,27.9,306.6,0.0,-,0,0,0.000
1790439175,s9-anytls,108793,6252,565,565,12.9,30.5,231.1,0.0,-,0,0,0.000
1790439175,s10-vless-xhttp,193124,11004,1186,1186,35.4,47.9,265.3,0.0,-,0,0,0.000
1790439175,s11-http-proxy,617981,25946,1949,1949,16.7,34.0,305.7,0.0,-,0,0,0.000
1790439175,s12-vmess-h3,467476,18883,1554,1554,16.1,36.6,319.9,0.0,-,0,0,0.000
1790439175,__proc__,0,0,0,0,-,-,-,1010.8,8099,21543,6537056,4974.310
1790439205,s7-ss-tcp,640915,25479,1861,1861,8.8,25.5,328.3,0.0,-,0,0,0.000
1790439205,s8-tuic,637850,22423,2409,2409,8.1,24.9,376.4,0.0,-,0,0,0.000
1790439205,s9-anytls,109021,6274,479,479,12.8,30.5,234.9,0.0,-,0,0,0.000
1790439205,s10-vless-xhttp,193865,11040,1556,1556,35.4,47.9,295.9,0.0,-,0,0,0.000
1790439205,s11-http-proxy,619067,25986,2281,2281,15.1,34.1,311.8,0.0,-,0,0,0.000
1790439205,s12-vmess-h3,467963,18909,1023,1023,15.4,36.0,319.9,0.0,-,0,0,0.000
1790439205,__proc__,0,0,0,0,-,-,-,1010.8,9165,20266,6550899,4982.691
1790439235,s7-ss-tcp,641677,25544,1600,1600,8.9,24.6,329.4,0.0,-,0,0,0.000
1790439235,s8-tuic,638831,22500,2060,2060,8.6,25.0,386.3,0.0,-,0,0,0.000
1790439235,s9-anytls,109247,6291,475,475,12.9,30.5,246.0,0.0,-,0,0,0.000
1790439235,s10-vless-xhttp,194413,11099,1151,1151,35.4,47.6,313.1,0.0,-,0,0,0.000
1790439235,s11-http-proxy,619995,26074,1949,1949,14.7,30.5,307.4,0.0,-,0,0,0.000
1790439235,s12-vmess-h3,468696,18979,1539,1539,15.1,34.8,338.2,0.0,-,0,0,0.000
1790439235,__proc__,0,0,0,0,-,-,-,1011.3,9937,24255,6562831,4991.297
1790439265,s7-ss-tcp,642485,25615,1697,1697,9.2,24.8,366.9,0.0,-,0,0,0.000
1790439265,s8-tuic,639809,22575,2054,2054,8.4,25.9,426.8,0.0,-,0,0,0.000
1790439265,s9-anytls,109452,6310,430,430,13.0,30.2,246.0,0.0,-,0,0,0.000
1790439265,s10-vless-xhttp,194857,11148,932,932,35.4,47.5,295.9,0.0,-,0,0,0.000
1790439265,s11-http-proxy,620922,26174,1947,1947,14.6,30.3,305.2,0.0,-,0,0,0.000
1790439265,s12-vmess-h3,469320,19035,1310,1310,15.2,36.7,381.0,0.0,-,0,0,0.000
1790439265,__proc__,0,0,0,0,-,-,-,1011.5,10040,23168,6575372,4998.887
1790439295,s7-ss-tcp,643509,25650,2150,2150,8.5,25.0,296.0,0.0,-,0,0,0.000
1790439295,s8-tuic,640685,22608,1840,1840,8.3,26.4,397.8,0.0,-,0,0,0.000
1790439295,s9-anytls,109605,6326,321,321,12.9,29.9,241.4,0.0,-,0,0,0.000
1790439295,s10-vless-xhttp,195303,11178,937,937,35.5,47.6,317.6,0.0,-,0,0,0.000
1790439295,s11-http-proxy,622022,26220,2310,2310,13.7,29.5,305.2,0.0,-,0,0,0.000
1790439295,s12-vmess-h3,469674,19057,743,743,14.9,38.2,387.9,0.0,-,0,0,0.000
1790439295,__proc__,0,0,0,0,-,-,-,1011.5,9821,19791,6586074,5005.974
1790439325,s7-ss-tcp,644572,25721,2232,2232,9.0,26.8,278.1,0.0,-,0,0,0.000
1790439325,s8-tuic,641754,22680,2245,2245,8.8,26.4,295.2,0.0,-,0,0,0.000
1790439325,s9-anytls,109773,6343,353,353,12.9,30.1,246.0,0.0,-,0,0,0.000
1790439325,s10-vless-xhttp,195589,11192,601,601,35.5,48.1,326.5,0.0,-,0,0,0.000
1790439325,s11-http-proxy,623038,26285,2134,2134,14.2,30.5,280.4,0.0,-,0,0,0.000
1790439325,s12-vmess-h3,469979,19109,640,640,14.5,38.0,389.5,0.0,-,0,0,0.000
1790439325,__proc__,0,0,0,0,-,-,-,1011.5,9665,18953,6595659,5013.058
1790439355,s7-ss-tcp,645750,25753,2474,2474,9.4,25.9,291.3,0.0,-,0,0,0.000
1790439355,s8-tuic,642935,22712,2480,2480,9.2,26.0,294.4,0.0,-,0,0,0.000
1790439355,s9-anytls,109963,6347,399,399,12.9,29.4,254.6,0.0,-,0,0,0.000
1790439355,s10-vless-xhttp,195747,11200,332,332,35.6,48.3,326.5,0.0,-,0,0,0.000
1790439355,s11-http-proxy,624039,26306,2102,2102,13.7,30.1,296.5,0.0,-,0,0,0.000
1790439355,s12-vmess-h3,470475,19132,1042,1042,14.0,36.8,359.3,0.0,-,0,0,0.000
1790439355,__proc__,0,0,0,0,-,-,-,1011.5,9699,21142,6604440,5020.399
1790439385,s7-ss-tcp,646783,25763,2169,2169,9.9,25.2,292.2,0.0,-,0,0,0.000
1790439385,s8-tuic,643970,22724,2174,2174,9.5,24.2,288.8,0.0,-,0,0,0.000
1790439385,s9-anytls,110074,6352,233,233,12.8,29.9,264.3,0.0,-,0,0,0.000
1790439385,s10-vless-xhttp,196043,11207,622,622,35.6,48.0,326.5,0.0,-,0,0,0.000
1790439385,s11-http-proxy,624984,26320,1984,1984,14.0,30.9,438.7,0.0,-,0,0,0.000
1790439385,s12-vmess-h3,471182,19139,1485,1485,14.1,36.2,405.2,0.0,-,0,0,0.000
1790439385,__proc__,0,0,0,0,-,-,-,1011.6,10066,24140,6614968,5030.624
1790439415,s7-ss-tcp,647715,25819,1957,1957,9.7,26.1,292.1,0.0,-,0,0,0.000
1790439415,s8-tuic,645033,22749,2232,2232,9.2,25.2,288.8,0.0,-,0,0,0.000
1790439415,s9-anytls,110112,6358,80,80,12.8,30.2,280.5,0.0,-,0,0,0.000
1790439415,s10-vless-xhttp,196162,11223,250,250,35.6,48.4,327.4,0.0,-,0,0,0.000
1790439415,s11-http-proxy,625995,26377,2123,2123,13.8,57.7,435.3,0.0,-,0,0,0.000
1790439415,s12-vmess-h3,471698,19165,1084,1084,14.0,40.6,424.9,0.0,-,0,0,0.000
1790439415,__proc__,0,0,0,0,-,-,-,1011.7,9442,21063,6624938,5038.250
1790439445,s7-ss-tcp,648847,25849,2377,2377,9.3,25.3,240.5,0.0,-,0,0,0.000
1790439445,s8-tuic,646262,22777,2581,2581,8.6,26.6,234.4,0.0,-,0,0,0.000
1790439445,s9-anytls,110236,6362,260,260,12.9,30.2,286.2,0.0,-,0,0,0.000
1790439445,s10-vless-xhttp,196162,11223,0,0,35.6,48.4,327.4,0.0,-,0,0,0.000
1790439445,s11-http-proxy,627181,26409,2491,2491,14.6,29.6,296.8,0.0,-,0,0,0.000
1790439445,s12-vmess-h3,472587,19188,1867,1867,14.2,43.5,424.9,0.0,-,0,0,0.000
1790439445,__proc__,0,0,0,0,-,-,-,1011.7,8796,24340,6634689,5045.935
1790439475,s7-ss-tcp,650056,25865,2539,2539,9.7,27.5,224.8,0.0,-,0,0,0.000
1790439475,s8-tuic,647478,22793,2554,2554,8.8,27.8,224.4,0.0,-,0,0,0.000
1790439475,s9-anytls,110302,6364,139,139,12.9,29.9,292.3,0.0,-,0,0,0.000
1790439475,s10-vless-xhttp,196162,11223,0,0,35.6,48.4,327.4,0.0,-,0,0,0.000
1790439475,s11-http-proxy,628349,26417,2453,2453,15.2,31.1,315.8,0.0,-,0,0,0.000
1790439475,s12-vmess-h3,473250,19193,1392,1392,14.5,43.5,370.7,0.0,-,0,0,0.000
1790439475,__proc__,0,0,0,0,-,-,-,1011.7,7423,19682,6642695,5053.549
1790439505,s7-ss-tcp,651310,25882,2633,2633,9.9,27.4,220.0,0.0,-,0,0,0.000
1790439505,s8-tuic,648739,22810,2648,2648,9.2,27.4,207.1,0.0,-,0,0,0.000
1790439505,s9-anytls,110435,6369,279,279,12.9,30.2,292.3,0.0,-,0,0,0.000
1790439505,s10-vless-xhttp,196162,11223,0,0,35.6,48.4,327.4,0.0,-,0,0,0.000
1790439505,s11-http-proxy,629509,26441,2436,2436,16.2,30.7,226.4,0.0,-,0,0,0.000
1790439505,s12-vmess-h3,474260,19215,2121,2121,15.5,36.9,281.7,0.0,-,0,0,0.000
1790439505,__proc__,0,0,0,0,-,-,-,1011.7,6412,22127,6651874,5061.653
1790439535,s7-ss-tcp,652602,25882,2713,2713,10.4,27.9,204.7,0.0,-,0,0,0.000
1790439535,s8-tuic,650045,22810,2743,2743,9.9,27.4,202.5,0.0,-,0,0,0.000
1790439535,s9-anytls,110581,6373,307,307,13.0,30.2,292.3,0.0,-,0,0,0.000
1790439535,s10-vless-xhttp,196195,11224,69,69,35.6,48.3,326.5,0.0,-,0,0,0.000
1790439535,s11-http-proxy,630717,26441,2537,2537,17.2,31.3,197.5,0.0,-,0,0,0.000
1790439535,s12-vmess-h3,475462,19215,2524,2524,16.1,33.1,226.2,0.0,-,0,0,0.000
1790439535,__proc__,0,0,0,0,-,-,-,1011.7,5557,23148,6661651,5069.532
1790439565,s7-ss-tcp,653789,25898,2493,2493,10.2,27.7,247.0,0.0,-,0,0,0.000
1790439565,s8-tuic,651237,22826,2503,2503,9.8,27.1,221.8,0.0,-,0,0,0.000
1790439565,s9-anytls,110761,6376,378,378,13.1,29.9,286.2,0.0,-,0,0,0.000
1790439565,s10-vless-xhttp,196445,11225,525,525,35.5,48.3,325.0,0.0,-,0,0,0.000
1790439565,s11-http-proxy,631869,26455,2419,2419,16.9,31.1,196.3,0.0,-,0,0,0.000
1790439565,s12-vmess-h3,476210,19220,1571,1571,16.5,32.2,234.6,0.0,-,0,0,0.000
1790439565,__proc__,0,0,0,0,-,-,-,1011.7,4674,16582,6671426,5079.304
1790439595,s7-ss-tcp,655038,25903,2623,2623,10.2,27.7,235.3,0.0,-,0,0,0.000
1790439595,s8-tuic,652491,22826,2633,2633,9.9,27.1,211.9,0.0,-,0,0,0.000
1790439595,s9-anytls,111023,6383,550,550,13.2,29.6,280.5,0.0,-,0,0,0.000
1790439595,s10-vless-xhttp,196795,11226,735,735,35.5,48.0,322.6,0.0,-,0,0,0.000
1790439595,s11-http-proxy,633029,26455,2436,2436,17.0,31.1,197.3,0.0,-,0,0,0.000
1790439595,s12-vmess-h3,477334,19223,2360,2360,17.0,33.4,251.2,0.0,-,0,0,0.000
1790439595,__proc__,0,0,0,0,-,-,-,1011.7,4897,21177,6683571,5088.643
1790439625,s7-ss-tcp,656053,25927,2132,2132,10.1,28.1,255.4,0.0,-,0,0,0.000
1790439625,s8-tuic,653508,22849,2136,2136,9.9,27.7,277.2,0.0,-,0,0,0.000
1790439625,s9-anytls,111354,6394,695,695,13.2,29.9,280.5,0.0,-,0,0,0.000
1790439625,s10-vless-xhttp,197208,11240,867,867,35.5,48.5,324.1,0.0,-,0,0,0.000
1790439625,s11-http-proxy,633991,26471,2020,2020,17.2,31.6,249.2,0.0,-,0,0,0.000
1790439625,s12-vmess-h3,478302,19247,2033,2033,17.1,33.1,255.0,0.0,-,0,0,0.000
1790439625,__proc__,0,0,0,0,-,-,-,1011.7,4845,19330,6694540,5097.911
1790439655,s7-ss-tcp,656053,25927,0,0,10.1,28.1,255.4,0.0,-,0,0,0.000
1790439655,s8-tuic,653508,22849,0,0,9.9,27.7,277.2,0.0,-,0,0,0.000
1790439655,s9-anytls,111354,6396,0,0,13.2,29.9,280.5,0.0,-,0,0,0.000
1790439655,s10-vless-xhttp,197208,11240,0,0,35.5,48.5,324.1,0.0,-,0,0,0.000
1790439655,s11-http-proxy,633991,26471,0,0,17.2,31.6,249.2,0.0,-,0,0,0.000
1790439655,s12-vmess-h3,478302,19247,0,0,17.1,33.1,255.0,0.0,-,0,0,0.000
1790439655,__drain__,0,0,0,0,-,-,-,1011.7,3545,6181,6695163,5098.330
1790439685,s7-ss-tcp,656053,25927,0,0,10.1,28.1,255.4,0.0,-,0,0,0.000
1790439685,s8-tuic,653508,22849,0,0,9.9,27.7,277.2,0.0,-,0,0,0.000
1790439685,s9-anytls,111354,6396,0,0,13.2,29.9,280.5,0.0,-,0,0,0.000
1790439685,s10-vless-xhttp,197208,11240,0,0,35.5,48.5,324.1,0.0,-,0,0,0.000
1790439685,s11-http-proxy,633991,26471,0,0,17.2,31.6,249.2,0.0,-,0,0,0.000
1790439685,s12-vmess-h3,478302,19247,0,0,17.1,33.1,255.0,0.0,-,0,0,0.000
1790439685,__drain__,0,0,0,0,-,-,-,1011.7,2941,5269,6695633,5098.391
1790439715,s7-ss-tcp,656053,25927,0,0,10.1,28.1,255.4,0.0,-,0,0,0.000
1790439715,s8-tuic,653508,22849,0,0,9.9,27.7,277.2,0.0,-,0,0,0.000
1790439715,s9-anytls,111354,6396,0,0,13.2,29.9,280.5,0.0,-,0,0,0.000
1790439715,s10-vless-xhttp,197208,11240,0,0,35.5,48.5,324.1,0.0,-,0,0,0.000
1790439715,s11-http-proxy,633991,26471,0,0,17.2,31.6,249.2,0.0,-,0,0,0.000
1790439715,s12-vmess-h3,478302,19247,0,0,17.1,33.1,255.0,0.0,-,0,0,0.000
1790439715,__drain__,0,0,0,0,-,-,-,1011.7,2697,4903,6695851,5098.426
1790439745,s7-ss-tcp,656053,25927,0,0,10.1,28.1,255.4,0.0,-,0,0,0.000
1790439745,s8-tuic,653508,22849,0,0,9.9,27.7,277.2,0.0,-,0,0,0.000
1790439745,s9-anytls,111354,6396,0,0,13.2,29.9,280.5,0.0,-,0,0,0.000
1790439745,s10-vless-xhttp,197208,11240,0,0,35.5,48.5,324.1,0.0,-,0,0,0.000
1790439745,s11-http-proxy,633991,26471,0,0,17.2,31.6,249.2,0.0,-,0,0,0.000
1790439745,s12-vmess-h3,478302,19247,0,0,17.1,33.1,255.0,0.0,-,0,0,0.000
1790439745,__drain__,0,0,0,0,-,-,-,1011.7,2697,4903,6695881,5098.427
1790439775,s7-ss-tcp,656053,25927,0,0,10.1,28.1,255.4,0.0,-,0,0,0.000
1790439775,s8-tuic,653508,22849,0,0,9.9,27.7,277.2,0.0,-,0,0,0.000
1790439775,s9-anytls,111354,6396,0,0,13.2,29.9,280.5,0.0,-,0,0,0.000
1790439775,s10-vless-xhttp,197208,11240,0,0,35.5,48.5,324.1,0.0,-,0,0,0.000
1790439775,s11-http-proxy,633991,26471,0,0,17.2,31.6,249.2,0.0,-,0,0,0.000
1790439775,s12-vmess-h3,478302,19247,0,0,17.1,33.1,255.0,0.0,-,0,0,0.000
1790439775,__drain__,0,0,0,0,-,-,-,1011.7,2697,4903,6695937,5098.430
1790439805,s7-ss-tcp,656053,25927,0,0,10.1,28.1,255.4,0.0,-,0,0,0.000
1790439805,s8-tuic,653508,22849,0,0,9.9,27.7,277.2,0.0,-,0,0,0.000
1790439805,s9-anytls,111354,6396,0,0,13.2,29.9,280.5,0.0,-,0,0,0.000
1790439805,s10-vless-xhttp,197208,11240,0,0,35.5,48.5,324.1,0.0,-,0,0,0.000
1790439805,s11-http-proxy,633991,26471,0,0,17.2,31.6,249.2,0.0,-,0,0,0.000
1790439805,s12-vmess-h3,478302,19247,0,0,17.1,33.1,255.0,0.0,-,0,0,0.000
1790439805,__drain__,0,0,0,0,-,-,-,1011.7,2697,4903,6695984,5098.431
1790439835,s7-ss-tcp,656053,25927,0,0,10.1,28.1,255.4,0.0,-,0,0,0.000
1790439835,s8-tuic,653508,22849,0,0,9.9,27.7,277.2,0.0,-,0,0,0.000
1790439835,s9-anytls,111354,6396,0,0,13.2,29.9,280.5,0.0,-,0,0,0.000
1790439835,s10-vless-xhttp,197208,11240,0,0,35.5,48.5,324.1,0.0,-,0,0,0.000
1790439835,s11-http-proxy,633991,26471,0,0,17.2,31.6,249.2,0.0,-,0,0,0.000
1790439835,s12-vmess-h3,478302,19247,0,0,17.1,33.1,255.0,0.0,-,0,0,0.000
1790439835,__drain__,0,0,0,0,-,-,-,1011.7,2633,4807,6696090,5098.453
1790439865,s7-ss-tcp,656053,25927,0,0,10.1,28.1,255.4,0.0,-,0,0,0.000
1790439865,s8-tuic,653508,22849,0,0,9.9,27.7,277.2,0.0,-,0,0,0.000
1790439865,s9-anytls,111354,6396,0,0,13.2,29.9,280.5,0.0,-,0,0,0.000
1790439865,s10-vless-xhttp,197208,11240,0,0,35.5,48.5,324.1,0.0,-,0,0,0.000
1790439865,s11-http-proxy,633991,26471,0,0,17.2,31.6,249.2,0.0,-,0,0,0.000
1790439865,s12-vmess-h3,478302,19247,0,0,17.1,33.1,255.0,0.0,-,0,0,0.000
1790439865,__drain__,0,0,0,0,-,-,-,1011.7,2135,4060,6696532,5098.521
1790439895,s7-ss-tcp,656053,25927,0,0,10.1,28.1,255.4,0.0,-,0,0,0.000
1790439895,s8-tuic,653508,22849,0,0,9.9,27.7,277.2,0.0,-,0,0,0.000
1790439895,s9-anytls,111354,6396,0,0,13.2,29.9,280.5,0.0,-,0,0,0.000
1790439895,s10-vless-xhttp,197208,11240,0,0,35.5,48.5,324.1,0.0,-,0,0,0.000
1790439895,s11-http-proxy,633991,26471,0,0,17.2,31.6,249.2,0.0,-,0,0,0.000
1790439895,s12-vmess-h3,478302,19247,0,0,17.1,33.1,255.0,0.0,-,0,0,0.000
1790439895,__drain__,0,0,0,0,-,-,-,1011.7,1439,3016,6697061,5098.591
1790439925,s7-ss-tcp,656053,25927,0,0,10.1,28.1,255.4,0.0,-,0,0,0.000
1790439925,s8-tuic,653508,22849,0,0,9.9,27.7,277.2,0.0,-,0,0,0.000
1790439925,s9-anytls,111354,6396,0,0,13.2,29.9,280.5,0.0,-,0,0,0.000
1790439925,s10-vless-xhttp,197208,11240,0,0,35.5,48.5,324.1,0.0,-,0,0,0.000
1790439925,s11-http-proxy,633991,26471,0,0,17.2,31.6,249.2,0.0,-,0,0,0.000
1790439925,s12-vmess-h3,478302,19247,0,0,17.1,33.1,255.0,0.0,-,0,0,0.000
1790439925,__drain__,0,0,0,0,-,-,-,1011.7,605,1765,6697665,5098.668
1790439955,s7-ss-tcp,656053,25927,0,0,10.1,28.1,255.4,0.0,-,0,0,0.000
1790439955,s8-tuic,653508,22849,0,0,9.9,27.7,277.2,0.0,-,0,0,0.000
1790439955,s9-anytls,111354,6396,0,0,13.2,29.9,280.5,0.0,-,0,0,0.000
1790439955,s10-vless-xhttp,197208,11240,0,0,35.5,48.5,324.1,0.0,-,0,0,0.000
1790439955,s11-http-proxy,633991,26471,0,0,17.2,31.6,249.2,0.0,-,0,0,0.000
1790439955,s12-vmess-h3,478302,19247,0,0,17.1,33.1,255.0,0.0,-,0,0,0.000
1790439955,__drain__,0,0,0,0,-,-,-,1011.7,605,1765,6697666,5098.668
1790439985,s7-ss-tcp,656053,25927,0,0,10.1,28.1,255.4,0.0,-,0,0,0.000
1790439985,s8-tuic,653508,22849,0,0,9.9,27.7,277.2,0.0,-,0,0,0.000
1790439985,s9-anytls,111354,6396,0,0,13.2,29.9,280.5,0.0,-,0,0,0.000
1790439985,s10-vless-xhttp,197208,11240,0,0,35.5,48.5,324.1,0.0,-,0,0,0.000
1790439985,s11-http-proxy,633991,26471,0,0,17.2,31.6,249.2,0.0,-,0,0,0.000
1790439985,s12-vmess-h3,478302,19247,0,0,17.1,33.1,255.0,0.0,-,0,0,0.000
1790439985,__drain__,0,0,0,0,-,-,-,1011.7,605,1765,6697673,5098.668
1790440015,s7-ss-tcp,656053,25927,0,0,10.1,28.1,255.4,0.0,-,0,0,0.000
1790440015,s8-tuic,653508,22849,0,0,9.9,27.7,277.2,0.0,-,0,0,0.000
1790440015,s9-anytls,111354,6396,0,0,13.2,29.9,280.5,0.0,-,0,0,0.000
1790440015,s10-vless-xhttp,197208,11240,0,0,35.5,48.5,324.1,0.0,-,0,0,0.000
1790440015,s11-http-proxy,633991,26471,0,0,17.2,31.6,249.2,0.0,-,0,0,0.000
1790440015,s12-vmess-h3,478302,19247,0,0,17.1,33.1,255.0,0.0,-,0,0,0.000
1790440015,__drain__,0,0,0,0,-,-,-,1011.7,605,1765,6697729,5098.670
